-- MySQL dump 10.13  Distrib 8.0.25, for Linux (x86_64)
--
-- Host: localhost    Database: e_sapp
-- ------------------------------------------------------
-- Server version	8.0.25-0ubuntu0.21.04.1

/*!40101 SET @OLD_CHARACTER_SET_CLIENT=@@CHARACTER_SET_CLIENT */;
/*!40101 SET @OLD_CHARACTER_SET_RESULTS=@@CHARACTER_SET_RESULTS */;
/*!40101 SET @OLD_COLLATION_CONNECTION=@@COLLATION_CONNECTION */;
/*!50503 SET NAMES utf8 */;
/*!40103 SET @OLD_TIME_ZONE=@@TIME_ZONE */;
/*!40103 SET TIME_ZONE='+00:00' */;
/*!40014 SET @OLD_UNIQUE_CHECKS=@@UNIQUE_CHECKS, UNIQUE_CHECKS=0 */;
/*!40014 SET @OLD_FOREIGN_KEY_CHECKS=@@FOREIGN_KEY_CHECKS, FOREIGN_KEY_CHECKS=0 */;
/*!40101 SET @OLD_SQL_MODE=@@SQL_MODE, SQL_MODE='NO_AUTO_VALUE_ON_ZERO' */;
/*!40111 SET @OLD_SQL_NOTES=@@SQL_NOTES, SQL_NOTES=0 */;

--
-- Table structure for table `audit_trail`
--

DROP TABLE IF EXISTS `audit_trail`;
/*!40101 SET @saved_cs_client     = @@character_set_client */;
/*!50503 SET character_set_client = utf8mb4 */;
CREATE TABLE `audit_trail` (
  `id` int unsigned NOT NULL AUTO_INCREMENT,
  `user` int NOT NULL,
  `action` text NOT NULL,
  `date` int unsigned NOT NULL,
  `ip_address` varchar(255) NOT NULL DEFAULT '',
  `user_agent` varchar(255) NOT NULL DEFAULT '',
  PRIMARY KEY (`id`),
  KEY `fk_audit_trail_1_idx` (`user`),
  CONSTRAINT `fk_audit_trail_1` FOREIGN KEY (`user`) REFERENCES `users` (`id`)
) ENGINE=InnoDB AUTO_INCREMENT=42 DEFAULT CHARSET=utf8mb3;
/*!40101 SET character_set_client = @saved_cs_client */;


--
-- Table structure for table `awpb_activity`
--

DROP TABLE IF EXISTS `awpb_activity`;
/*!40101 SET @saved_cs_client     = @@character_set_client */;
/*!50503 SET character_set_client = utf8mb4 */;
CREATE TABLE `awpb_activity` (
  `id` int NOT NULL AUTO_INCREMENT,
  `activity_code` varchar(10) COLLATE utf8mb4_unicode_ci NOT NULL,
  `parent_activity_id` int DEFAULT NULL,
  `component_id` int NOT NULL,
  `outcome_id` int DEFAULT NULL,
  `output_id` int DEFAULT NULL,
  `commodity_type_id` int unsigned DEFAULT NULL,
  `type` int NOT NULL COMMENT '0 Main activity, 1 Subactivity',
  `activity_type` varchar(255) COLLATE utf8mb4_unicode_ci DEFAULT NULL,
  `awpb_template_id` int DEFAULT NULL,
  `description` varchar(255) COLLATE utf8mb4_unicode_ci NOT NULL,
  `name` varchar(40) COLLATE utf8mb4_unicode_ci NOT NULL,
  `unit_of_measure_id` int DEFAULT NULL,
  `programme_target` double DEFAULT NULL,
  `cumulative_planned` double NOT NULL,
  `cumulative_actual` double NOT NULL,
  `indicator_id` int DEFAULT NULL,
  `funder_id` int DEFAULT NULL,
  `gl_account_code` varchar(4) COLLATE utf8mb4_unicode_ci DEFAULT NULL,
  `quarter_one_budget` double DEFAULT NULL,
  `quarter_two_budget` double DEFAULT NULL,
  `quarter_three_budget` double DEFAULT NULL,
  `quarter_four_budget` double DEFAULT NULL,
  `total_budget` double DEFAULT NULL,
  `expense_category_id` int DEFAULT NULL,
  `created_at` int unsigned NOT NULL,
  `updated_at` int unsigned NOT NULL,
  `created_by` int DEFAULT NULL,
  `updated_by` int DEFAULT NULL,
  PRIMARY KEY (`id`),
  UNIQUE KEY `name` (`name`),
  UNIQUE KEY `description` (`description`),
  KEY `component_id` (`component_id`),
  KEY `commodity_id` (`commodity_type_id`),
  KEY `output_id` (`output_id`),
  KEY `outcome_id` (`outcome_id`),
  KEY `indicator_id` (`indicator_id`),
  KEY `funder_id` (`funder_id`),
  KEY `activity_code` (`activity_code`),
  KEY `unit_of_measure_id` (`unit_of_measure_id`),
  KEY `awpb_template_id` (`awpb_template_id`),
  KEY `expense_category_id` (`expense_category_id`),
  CONSTRAINT `awpb_activity_ibfk_1` FOREIGN KEY (`component_id`) REFERENCES `awpb_component` (`id`) ON DELETE RESTRICT ON UPDATE RESTRICT,
  CONSTRAINT `awpb_activity_ibfk_2` FOREIGN KEY (`expense_category_id`) REFERENCES `awpb_expense_category` (`id`) ON DELETE RESTRICT ON UPDATE RESTRICT,
  CONSTRAINT `awpb_activity_ibfk_3` FOREIGN KEY (`awpb_template_id`) REFERENCES `awpb_template` (`id`) ON DELETE RESTRICT ON UPDATE RESTRICT,
  CONSTRAINT `awpb_activity_ibfk_4` FOREIGN KEY (`unit_of_measure_id`) REFERENCES `awpb_unit_of_measure` (`id`) ON DELETE RESTRICT ON UPDATE RESTRICT,
  CONSTRAINT `awpb_activity_ibfk_5` FOREIGN KEY (`funder_id`) REFERENCES `awpb_funder` (`id`) ON DELETE RESTRICT ON UPDATE RESTRICT,
  CONSTRAINT `awpb_activity_ibfk_6` FOREIGN KEY (`indicator_id`) REFERENCES `awpb_indicator` (`id`) ON DELETE RESTRICT ON UPDATE RESTRICT,
  CONSTRAINT `awpb_activity_ibfk_7` FOREIGN KEY (`outcome_id`) REFERENCES `awpb_outcome` (`id`) ON DELETE RESTRICT ON UPDATE RESTRICT,
  CONSTRAINT `awpb_activity_ibfk_8` FOREIGN KEY (`output_id`) REFERENCES `awpb_output` (`id`) ON DELETE RESTRICT ON UPDATE RESTRICT,
  CONSTRAINT `awpb_activity_ibfk_9` FOREIGN KEY (`commodity_type_id`) REFERENCES `awpb_commodity_type` (`id`) ON DELETE RESTRICT ON UPDATE RESTRICT
) ENGINE=InnoDB AUTO_INCREMENT=102 DEFAULT CHARSET=utf8mb4 COLLATE=utf8mb4_unicode_ci;
/*!40101 SET character_set_client = @saved_cs_client */;

--
-- Dumping data for table `awpb_activity`
--

LOCK TABLES `awpb_activity` WRITE;
/*!40000 ALTER TABLE `awpb_activity` DISABLE KEYS */;
INSERT INTO `awpb_activity` VALUES (90,'1.1.A',NULL,42,1,1,1,0,'Main',32,'Policy related activities','Policy related activities',1,500,0,0,NULL,NULL,NULL,NULL,NULL,NULL,NULL,NULL,NULL,14,14,14,14),(95,'1.1.A2',90,42,NULL,1,12,1,'Subactivity',NULL,'Provincial Validation of the ZNAD','Provincial Validation of the ZNAD',1,500,0,1965,NULL,2,'2000',NULL,NULL,NULL,NULL,NULL,1,1621278447,1621278447,14,14),(96,'1.1.A2',90,42,NULL,1,12,1,'Subactivity',NULL,'Drafting of the ZNADS','Drafting of the ZNADS',NULL,500,0,0,NULL,1,'2000',NULL,NULL,NULL,NULL,NULL,1,1621281291,1621281291,14,14),(98,'1.1.B',NULL,42,NULL,NULL,NULL,0,'Main Activity',NULL,' ZNADS implementation activities ',' ZNADS implementation activities ',NULL,NULL,0,0,NULL,NULL,NULL,NULL,NULL,NULL,NULL,NULL,NULL,1621282942,1621282942,14,14),(99,'1.1.B1',98,43,NULL,1,12,1,'Subactivity',NULL,'Dissemination of the Strategy    ','Dissemination of the Strategy    ',1,300,0,50,NULL,2,'2000',NULL,NULL,NULL,NULL,NULL,1,1621283049,1625594530,14,14),(100,'2.1.A',NULL,44,NULL,2,NULL,0,'Main Activity',NULL,'Activities related to strengthening of organizations/cooperatives/marketing groups  and creation of formal partnerships/agreements','Activity 2.1.A',NULL,NULL,0,0,NULL,NULL,NULL,NULL,NULL,NULL,NULL,NULL,NULL,1622381978,1622381978,14,14),(101,'2.1.A1',100,44,NULL,2,12,1,'Subactivity',NULL,'Stakeholder Engagement for Phase 2 and 3 Cat. A farmers\r\n','Activity 2.1.A1',NULL,500,0,0,NULL,2,'0760',NULL,NULL,NULL,NULL,NULL,1,1622386805,1622386805,14,14);
/*!40000 ALTER TABLE `awpb_activity` ENABLE KEYS */;
UNLOCK TABLES;

--
-- Table structure for table `awpb_activity_funder`
--

DROP TABLE IF EXISTS `awpb_activity_funder`;
/*!40101 SET @saved_cs_client     = @@character_set_client */;
/*!50503 SET character_set_client = utf8mb4 */;
CREATE TABLE `awpb_activity_funder` (
  `id` int NOT NULL AUTO_INCREMENT,
  `activity_id` int NOT NULL,
  `funder_id` int NOT NULL,
  `amount` double NOT NULL,
  `percentage` double NOT NULL,
  PRIMARY KEY (`id`),
  KEY `funder_id` (`funder_id`),
  KEY `activity_id` (`activity_id`),
  CONSTRAINT `awpb_activity_funder_ibfk_1` FOREIGN KEY (`funder_id`) REFERENCES `awpb_funder` (`id`) ON DELETE RESTRICT ON UPDATE RESTRICT,
  CONSTRAINT `awpb_activity_funder_ibfk_2` FOREIGN KEY (`activity_id`) REFERENCES `awpb_activity` (`id`) ON DELETE RESTRICT ON UPDATE RESTRICT
) ENGINE=InnoDB DEFAULT CHARSET=utf8mb4 COLLATE=utf8mb4_unicode_ci;
/*!40101 SET character_set_client = @saved_cs_client */;

--
-- Dumping data for table `awpb_activity_funder`
--

LOCK TABLES `awpb_activity_funder` WRITE;
/*!40000 ALTER TABLE `awpb_activity_funder` DISABLE KEYS */;
/*!40000 ALTER TABLE `awpb_activity_funder` ENABLE KEYS */;
UNLOCK TABLES;

--
-- Table structure for table `awpb_activity_line`
--

DROP TABLE IF EXISTS `awpb_activity_line`;
/*!40101 SET @saved_cs_client     = @@character_set_client */;
/*!50503 SET character_set_client = utf8mb4 */;
CREATE TABLE `awpb_activity_line` (
  `id` int NOT NULL AUTO_INCREMENT,
  `activity_id` int NOT NULL,
  `awpb_template_id` int NOT NULL,
  `name` varchar(255) COLLATE utf8mb4_unicode_ci NOT NULL,
  `unit_cost` double NOT NULL,
  `mo_1` double DEFAULT NULL,
  `mo_2` double DEFAULT NULL,
  `mo_3` double DEFAULT NULL,
  `mo_4` double DEFAULT NULL,
  `mo_5` double DEFAULT NULL,
  `mo_6` double DEFAULT NULL,
  `mo_7` double DEFAULT NULL,
  `mo_8` double DEFAULT NULL,
  `mo_9` double DEFAULT NULL,
  `mo_10` double DEFAULT NULL,
  `mo_11` double DEFAULT NULL,
  `mo_12` double DEFAULT NULL,
  `quarter_one_quantity` double DEFAULT NULL,
  `quarter_two_quantity` double DEFAULT NULL,
  `quarter_three_quantity` double DEFAULT NULL,
  `quarter_four_quantity` double DEFAULT NULL,
  `total_quantity` double NOT NULL,
  `mo_1_amount` double DEFAULT NULL,
  `mo_2_amount` double DEFAULT NULL,
  `mo_3_amount` double DEFAULT NULL,
  `mo_4_amount` double DEFAULT NULL,
  `mo_5_amount` double DEFAULT NULL,
  `mo_6_amount` double DEFAULT NULL,
  `mo_7_amount` double DEFAULT NULL,
  `mo_8_amount` double DEFAULT NULL,
  `mo_9_amount` double DEFAULT NULL,
  `mo_10_amount` double DEFAULT NULL,
  `mo_11_amount` double DEFAULT NULL,
  `mo_12_amount` double DEFAULT NULL,
  `quarter_one_amount` double DEFAULT NULL,
  `quarter_two_amount` double DEFAULT NULL,
  `quarter_three_amount` double DEFAULT NULL,
  `quarter_four_amount` double DEFAULT NULL,
  `total_amount` double NOT NULL,
  `mo_1_actual` double DEFAULT NULL,
  `mo_2_actual` double DEFAULT NULL,
  `mo_3_actual` double DEFAULT NULL,
  `mo_4_actual` double DEFAULT NULL,
  `mo_5_actual` double DEFAULT NULL,
  `mo_6_actual` double DEFAULT NULL,
  `mo_7_actual` double DEFAULT NULL,
  `mo_8_actual` double DEFAULT NULL,
  `mo_9_actual` double DEFAULT NULL,
  `mo_10_actual` double DEFAULT NULL,
  `mo_11_actual` double DEFAULT NULL,
  `mo_12_actual` double DEFAULT NULL,
  `status` int NOT NULL,
  `district_id` int unsigned DEFAULT NULL,
  `province_id` int unsigned DEFAULT NULL,
  `created_at` int unsigned NOT NULL,
  `updated_at` int unsigned NOT NULL,
  `created_by` int DEFAULT NULL,
  `updated_by` int DEFAULT NULL,
  PRIMARY KEY (`id`),
  KEY `province_id` (`province_id`),
  KEY `district_id` (`district_id`),
  KEY `activity_id` (`activity_id`),
  KEY `awpb_template_id` (`awpb_template_id`),
  CONSTRAINT `awpb_activity_line_ibfk_3` FOREIGN KEY (`activity_id`) REFERENCES `awpb_activity` (`id`) ON DELETE RESTRICT ON UPDATE RESTRICT,
  CONSTRAINT `awpb_activity_line_ibfk_4` FOREIGN KEY (`awpb_template_id`) REFERENCES `awpb_template` (`id`) ON DELETE RESTRICT ON UPDATE RESTRICT
) ENGINE=InnoDB AUTO_INCREMENT=2 DEFAULT CHARSET=utf8mb4 COLLATE=utf8mb4_unicode_ci;
/*!40101 SET character_set_client = @saved_cs_client */;

--
-- Dumping data for table `awpb_activity_line`
--

LOCK TABLES `awpb_activity_line` WRITE;
/*!40000 ALTER TABLE `awpb_activity_line` DISABLE KEYS */;
/*!40000 ALTER TABLE `awpb_activity_line` ENABLE KEYS */;
UNLOCK TABLES;

--
-- Table structure for table `awpb_budget`
--

DROP TABLE IF EXISTS `awpb_budget`;
/*!40101 SET @saved_cs_client     = @@character_set_client */;
/*!50503 SET character_set_client = utf8mb4 */;
CREATE TABLE `awpb_budget` (
  `id` int NOT NULL AUTO_INCREMENT,
  `component_id` int NOT NULL,
  `output_id` int NOT NULL,
  `activity_id` int NOT NULL,
  `awpb_template_id` int NOT NULL,
  `indicator_id` int NOT NULL,
  `name` varchar(255) DEFAULT NULL,
  `unit_cost` double DEFAULT NULL,
  `mo_1` double DEFAULT NULL,
  `mo_2` double DEFAULT NULL,
  `mo_3` double DEFAULT NULL,
  `mo_4` double DEFAULT NULL,
  `mo_5` double DEFAULT NULL,
  `mo_6` double DEFAULT NULL,
  `mo_7` double DEFAULT NULL,
  `mo_8` double DEFAULT NULL,
  `mo_9` double DEFAULT NULL,
  `mo_10` double DEFAULT NULL,
  `mo_11` double DEFAULT NULL,
  `mo_12` double DEFAULT NULL,
  `quarter_one_quantity` double DEFAULT NULL,
  `quarter_two_quantity` double DEFAULT NULL,
  `quarter_three_quantity` double DEFAULT NULL,
  `quarter_four_quantity` double DEFAULT NULL,
  `total_quantity` double NOT NULL,
  `mo_1_amount` double DEFAULT NULL,
  `mo_2_amount` double DEFAULT NULL,
  `mo_3_amount` double DEFAULT NULL,
  `mo_4_amount` double DEFAULT NULL,
  `mo_5_amount` double DEFAULT NULL,
  `mo_6_amount` double DEFAULT NULL,
  `mo_7_amount` double DEFAULT NULL,
  `mo_8_amount` double DEFAULT NULL,
  `mo_9_amount` double DEFAULT NULL,
  `mo_10_amount` double DEFAULT NULL,
  `mo_11_amount` double DEFAULT NULL,
  `mo_12_amount` double DEFAULT NULL,
  `quarter_one_amount` double DEFAULT NULL,
  `quarter_two_amount` double DEFAULT NULL,
  `quarter_three_amount` double DEFAULT NULL,
  `quarter_four_amount` double DEFAULT NULL,
  `total_amount` double DEFAULT NULL,
  `mo_1_actual` double DEFAULT NULL,
  `mo_2_actual` double DEFAULT NULL,
  `mo_3_actual` double DEFAULT NULL,
  `mo_4_actual` double DEFAULT NULL,
  `mo_5_actual` double DEFAULT NULL,
  `mo_6_actual` double DEFAULT NULL,
  `mo_7_actual` double DEFAULT NULL,
  `mo_8_actual` double DEFAULT NULL,
  `mo_9_actual` double DEFAULT NULL,
  `mo_10_actual` double DEFAULT NULL,
  `mo_11_actual` double DEFAULT NULL,
  `mo_12_actual` double DEFAULT NULL,
  `quarter_one_actual` double DEFAULT NULL,
  `quarter_two_actual` double DEFAULT NULL,
  `quarter_three_actual` double DEFAULT NULL,
  `quarter_four_actual` double DEFAULT NULL,
  `status` int NOT NULL,
  `number_of_females` int DEFAULT NULL,
  `number_of_males` int DEFAULT NULL,
  `number_of_young_people` int DEFAULT NULL,
  `number_of_not_young_people` int DEFAULT NULL,
  `number_of_women_headed_households` int DEFAULT NULL,
  `number_of_non_women_headed_households` int DEFAULT NULL,
  `number_of_household_members` int DEFAULT NULL,
  `number_of_females_actual` double DEFAULT NULL,
  `number_of_males_actual` double DEFAULT NULL,
  `number_of_young_people_actual` double DEFAULT NULL,
  `number_of_not_young_people_actual` double DEFAULT NULL,
  `number_of_women_headed_households_actual` double DEFAULT NULL,
  `number_of_non_women_headed_households_actual` double DEFAULT NULL,
  `number_of_household_members_actual` double DEFAULT NULL,
  `camp_id` int unsigned DEFAULT NULL,
  `district_id` int unsigned DEFAULT NULL,
  `province_id` int unsigned DEFAULT NULL,
  `created_at` int unsigned NOT NULL,
  `updated_at` int unsigned NOT NULL,
  `created_by` int DEFAULT NULL,
  `updated_by` int DEFAULT NULL,
  PRIMARY KEY (`id`),
  KEY `activity_id` (`activity_id`),
  KEY `district_id` (`district_id`),
  KEY `province_id` (`province_id`),
  KEY `awpb_template_id` (`awpb_template_id`),
  KEY `indicator_id` (`indicator_id`),
  KEY `component_id` (`component_id`),
  KEY `output_id` (`output_id`),
  KEY `camp_id` (`camp_id`),
  CONSTRAINT `awpb_budget_ibfk_1` FOREIGN KEY (`awpb_template_id`) REFERENCES `awpb_template` (`id`),
  CONSTRAINT `awpb_budget_ibfk_2` FOREIGN KEY (`component_id`) REFERENCES `awpb_component` (`id`),
  CONSTRAINT `awpb_budget_ibfk_3` FOREIGN KEY (`output_id`) REFERENCES `awpb_output` (`id`),
  CONSTRAINT `awpb_budget_ibfk_4` FOREIGN KEY (`activity_id`) REFERENCES `awpb_activity` (`id`),
  CONSTRAINT `awpb_budget_ibfk_5` FOREIGN KEY (`indicator_id`) REFERENCES `awpb_indicator` (`id`),
  CONSTRAINT `awpb_budget_ibfk_6` FOREIGN KEY (`district_id`) REFERENCES `district` (`id`),
  CONSTRAINT `awpb_budget_ibfk_7` FOREIGN KEY (`province_id`) REFERENCES `province` (`id`),
  CONSTRAINT `awpb_budget_ibfk_8` FOREIGN KEY (`camp_id`) REFERENCES `camp` (`id`)
) ENGINE=InnoDB AUTO_INCREMENT=64 DEFAULT CHARSET=utf8mb4 COLLATE=utf8mb4_unicode_ci;
/*!40101 SET character_set_client = @saved_cs_client */;

--
-- Dumping data for table `awpb_budget`
--

LOCK TABLES `awpb_budget` WRITE;
/*!40000 ALTER TABLE `awpb_budget` DISABLE KEYS */;
INSERT INTO `awpb_budget` VALUES (59,42,2,98,31,14,'Number of Category A farmers mobilised',NULL,1,0,0,2,0,0,0,0,0,0,0,0,1,2,0,0,3,0,0,0,0,0,0,0,0,0,0,0,0,0,0,0,0,0,NULL,NULL,NULL,NULL,NULL,NULL,NULL,NULL,NULL,NULL,NULL,NULL,NULL,NULL,NULL,NULL,1,4,5,3,6,5,0,0,NULL,NULL,NULL,NULL,NULL,NULL,NULL,NULL,2,1,0,1624269646,14,14),(60,43,2,99,31,15,'Number of Category A female farmers Mobi',NULL,5,4,58,89,96,96,99,98,77,22,11,23,67,281,274,56,678,0,0,0,0,0,0,0,0,0,0,0,0,0,0,0,0,0,NULL,NULL,NULL,NULL,NULL,NULL,50,NULL,NULL,NULL,NULL,NULL,NULL,NULL,50,NULL,1,10,2,9,3,6,0,0,18,NULL,2,NULL,7,NULL,NULL,NULL,2,1,1623538161,1624269646,14,14),(61,44,2,100,31,17,'Number of Category A Female Headed House',NULL,5,5,8,8,8,8,7,8,8,8,8,48,18,24,23,64,129,0,0,0,0,0,0,0,0,0,0,0,0,0,0,0,0,0,NULL,NULL,NULL,NULL,NULL,NULL,NULL,NULL,NULL,NULL,NULL,NULL,NULL,NULL,NULL,NULL,1,5,5,5,5,5,5,0,NULL,NULL,NULL,NULL,NULL,NULL,NULL,6,42,5,1623546812,1625003653,18,18),(62,44,2,101,31,14,'Number of Category A farmers mobilised',NULL,15,5,5,5,5,5,5,5,5,5,5,5,25,15,15,15,70,0,0,0,0,0,0,0,0,0,0,0,0,3833.25,3833.25,3833.25,3833.25,15333,NULL,NULL,NULL,NULL,NULL,NULL,NULL,NULL,NULL,NULL,NULL,NULL,NULL,NULL,NULL,NULL,1,6,6,5,5,5,5,0,NULL,NULL,NULL,NULL,NULL,NULL,NULL,7,42,5,1624609480,1625004156,18,18),(63,44,2,101,29,14,'Number of Category A farmers mobilised',NULL,2,2,2,2,2,2,2,2,2,2,2,2,6,6,6,6,24,NULL,NULL,NULL,NULL,NULL,NULL,NULL,NULL,NULL,NULL,NULL,NULL,15000,15000,10000,45000,85000,NULL,NULL,NULL,NULL,NULL,NULL,NULL,NULL,NULL,NULL,NULL,NULL,NULL,NULL,NULL,NULL,1,2,2,2,2,2,2,NULL,NULL,NULL,NULL,NULL,NULL,NULL,NULL,7,42,5,1624633310,1625004157,18,18);
/*!40000 ALTER TABLE `awpb_budget` ENABLE KEYS */;
UNLOCK TABLES;

--
-- Table structure for table `awpb_comment`
--

DROP TABLE IF EXISTS `awpb_comment`;
/*!40101 SET @saved_cs_client     = @@character_set_client */;
/*!50503 SET character_set_client = utf8mb4 */;
CREATE TABLE `awpb_comment` (
  `id` int NOT NULL AUTO_INCREMENT,
  `awpb_template_id` int NOT NULL,
  `district_id` int DEFAULT NULL,
  `province_id` int DEFAULT NULL,
  `description` text COLLATE utf8mb4_unicode_ci NOT NULL,
  `created_at` int unsigned NOT NULL,
  `updated_at` int unsigned NOT NULL,
  `created_by` int DEFAULT NULL,
  `updated_by` int DEFAULT NULL,
  PRIMARY KEY (`id`)
) ENGINE=InnoDB DEFAULT CHARSET=utf8mb4 COLLATE=utf8mb4_unicode_ci;
/*!40101 SET character_set_client = @saved_cs_client */;

--
-- Dumping data for table `awpb_comment`
--

LOCK TABLES `awpb_comment` WRITE;
/*!40000 ALTER TABLE `awpb_comment` DISABLE KEYS */;
/*!40000 ALTER TABLE `awpb_comment` ENABLE KEYS */;
UNLOCK TABLES;

--
-- Table structure for table `awpb_commodity_type`
--

DROP TABLE IF EXISTS `awpb_commodity_type`;
/*!40101 SET @saved_cs_client     = @@character_set_client */;
/*!50503 SET character_set_client = utf8mb4 */;
CREATE TABLE `awpb_commodity_type` (
  `id` int unsigned NOT NULL AUTO_INCREMENT,
  `category_id` int unsigned DEFAULT NULL,
  `name` varchar(255) COLLATE utf8mb4_unicode_ci NOT NULL,
  `created_at` int unsigned NOT NULL,
  `updated_at` int unsigned NOT NULL,
  `created_by` int DEFAULT NULL,
  `updated_by` int DEFAULT NULL,
  PRIMARY KEY (`id`),
  KEY `fk_commodity_type_1_idx` (`category_id`)
) ENGINE=InnoDB AUTO_INCREMENT=21 DEFAULT CHARSET=utf8mb4 COLLATE=utf8mb4_unicode_ci;
/*!40101 SET character_set_client = @saved_cs_client */;

--
-- Dumping data for table `awpb_commodity_type`
--

LOCK TABLES `awpb_commodity_type` WRITE;
/*!40000 ALTER TABLE `awpb_commodity_type` DISABLE KEYS */;
INSERT INTO `awpb_commodity_type` VALUES (1,1,'comodity 1',1,1,NULL,NULL),(2,3,'Soya beans',1607447814,1607447814,1,1),(3,3,'Groundnuts',1607447827,1607447827,1,1),(4,3,'Rice',1607447871,1607447871,1,1),(5,4,'Mealie meal',1607447890,1607447952,1,1),(6,4,'Roller meal',1607447902,1607447956,1,1),(7,2,'Maize Seed',1607447971,1607447971,1,1),(8,2,'Groundnut seed',1607447992,1607447992,1,1),(9,2,'Rice seed',1607448004,1607448004,1,1),(10,2,'D-Compound',1607448021,1607448021,1,1),(11,2,'Urea',1607448041,1607448041,1,1),(12,NULL,'Multiple',1607182013,1607362711,14,14),(20,3,'Maize',1607446739,1607447798,1,1);
/*!40000 ALTER TABLE `awpb_commodity_type` ENABLE KEYS */;
UNLOCK TABLES;

--
-- Table structure for table `awpb_component`
--

DROP TABLE IF EXISTS `awpb_component`;
/*!40101 SET @saved_cs_client     = @@character_set_client */;
/*!50503 SET character_set_client = utf8mb4 */;
CREATE TABLE `awpb_component` (
  `id` int NOT NULL AUTO_INCREMENT,
  `code` varchar(10) COLLATE utf8mb4_unicode_ci NOT NULL,
  `parent_component_id` int DEFAULT NULL,
  `name` varchar(255) COLLATE utf8mb4_unicode_ci NOT NULL,
  `description` varchar(255) COLLATE utf8mb4_unicode_ci NOT NULL,
  `outcome` text COLLATE utf8mb4_unicode_ci,
  `output` text COLLATE utf8mb4_unicode_ci,
  `type` int NOT NULL DEFAULT '0' COMMENT '0 Main component, 1 Subcomponent,',
  `access_level` int DEFAULT '0' COMMENT '0 All.1 District, 2 Programme,',
  `subcomponent` varchar(255) COLLATE utf8mb4_unicode_ci DEFAULT NULL,
  `funder_id` int DEFAULT NULL,
  `expense_category_id` int DEFAULT NULL,
  `gl_account_code` varchar(4) COLLATE utf8mb4_unicode_ci DEFAULT NULL,
  `access_level_district` int DEFAULT NULL,
  `access_level_programme` int DEFAULT NULL,
  `access_level_province` int DEFAULT NULL,
  `created_at` int unsigned NOT NULL,
  `updated_at` int unsigned NOT NULL,
  `created_by` int NOT NULL,
  `updated_by` int NOT NULL,
  PRIMARY KEY (`id`),
  UNIQUE KEY `description` (`description`),
  UNIQUE KEY `component_description` (`name`),
  UNIQUE KEY `component_code` (`code`),
  KEY `funder_id` (`funder_id`),
  KEY `expense_category_id` (`expense_category_id`),
  KEY `parent_component_id` (`parent_component_id`),
  CONSTRAINT `awpb_component_ibfk_1` FOREIGN KEY (`expense_category_id`) REFERENCES `awpb_expense_category` (`id`) ON DELETE RESTRICT ON UPDATE RESTRICT,
  CONSTRAINT `awpb_component_ibfk_2` FOREIGN KEY (`funder_id`) REFERENCES `awpb_funder` (`id`) ON DELETE RESTRICT ON UPDATE RESTRICT
) ENGINE=InnoDB AUTO_INCREMENT=45 DEFAULT CHARSET=utf8mb4 COLLATE=utf8mb4_unicode_ci;
/*!40101 SET character_set_client = @saved_cs_client */;

--
-- Dumping data for table `awpb_component`
--

LOCK TABLES `awpb_component` WRITE;
/*!40000 ALTER TABLE `awpb_component` DISABLE KEYS */;
INSERT INTO `awpb_component` VALUES (41,'2.3',43,'Facilitating Pro-Smallholder Market-Pull Agribusiness Partnerships','Facilitating Pro-Smallholder Market-Pull Agribusiness Partnerships','','',1,2,'Subcomponent',NULL,NULL,NULL,1,NULL,1,0,0,14,14),(42,'2.2',43,'Enhancing Agro-Micro, Small & Medium Enterprises','Enhancing Agro-Micro, Small & Medium Enterprises','dd','dd',1,2,'Subcomponent',NULL,NULL,'0700',1,0,1,0,0,14,14),(43,'2',NULL,'Sustainable Agribusiness Partnerships	','COMPONENT 2: Sustainable Agribusiness Partnerships	\r\n',NULL,NULL,0,0,'Component',NULL,NULL,NULL,1,0,0,0,0,14,14),(44,'2.1',43,'Strategic Linkages of Graduating Subsistence Farmers to Markets','Sub-Component 2.1 Strategic Linkages of Graduating Subsistence Farmers to Markets',NULL,NULL,1,0,'Subcomponent',NULL,NULL,'0900',1,0,0,0,0,14,14);
/*!40000 ALTER TABLE `awpb_component` ENABLE KEYS */;
UNLOCK TABLES;

--
-- Table structure for table `awpb_consolidated`
--

DROP TABLE IF EXISTS `awpb_consolidated`;
/*!40101 SET @saved_cs_client     = @@character_set_client */;
/*!50503 SET character_set_client = utf8mb4 */;
CREATE TABLE `awpb_consolidated` (
  `id` int NOT NULL,
  `created_at` int unsigned NOT NULL,
  `updated_at` int unsigned NOT NULL,
  `created_by` int DEFAULT NULL,
  `updated_by` int DEFAULT NULL
) ENGINE=InnoDB DEFAULT CHARSET=utf8mb4 COLLATE=utf8mb4_unicode_ci;
/*!40101 SET character_set_client = @saved_cs_client */;

--
-- Dumping data for table `awpb_consolidated`
--

LOCK TABLES `awpb_consolidated` WRITE;
/*!40000 ALTER TABLE `awpb_consolidated` DISABLE KEYS */;
/*!40000 ALTER TABLE `awpb_consolidated` ENABLE KEYS */;
UNLOCK TABLES;

--
-- Table structure for table `awpb_expense_category`
--

DROP TABLE IF EXISTS `awpb_expense_category`;
/*!40101 SET @saved_cs_client     = @@character_set_client */;
/*!50503 SET character_set_client = utf8mb4 */;
CREATE TABLE `awpb_expense_category` (
  `id` int NOT NULL AUTO_INCREMENT,
  `code` varchar(6) COLLATE utf8mb4_unicode_ci NOT NULL,
  `status` int NOT NULL,
  `name` varchar(255) COLLATE utf8mb4_unicode_ci NOT NULL,
  `created_at` int unsigned NOT NULL,
  `updated_at` int unsigned NOT NULL,
  `created_by` int DEFAULT NULL,
  `updated_by` int DEFAULT NULL,
  PRIMARY KEY (`id`)
) ENGINE=InnoDB AUTO_INCREMENT=21 DEFAULT CHARSET=utf8mb4 COLLATE=utf8mb4_unicode_ci;
/*!40101 SET character_set_client = @saved_cs_client */;

--
-- Dumping data for table `awpb_expense_category`
--

LOCK TABLES `awpb_expense_category` WRITE;
/*!40000 ALTER TABLE `awpb_expense_category` DISABLE KEYS */;
INSERT INTO `awpb_expense_category` VALUES (1,'e1',1,'exp one',1,1,1,1),(2,'II',1,'Equipment and Material',0,0,14,14),(3,'I',1,'Consultancy',0,0,14,14),(8,'IV',1,'Labour',0,0,NULL,11);
/*!40000 ALTER TABLE `awpb_expense_category` ENABLE KEYS */;
UNLOCK TABLES;

--
-- Table structure for table `awpb_funder`
--

DROP TABLE IF EXISTS `awpb_funder`;
/*!40101 SET @saved_cs_client     = @@character_set_client */;
/*!50503 SET character_set_client = utf8mb4 */;
CREATE TABLE `awpb_funder` (
  `id` int NOT NULL AUTO_INCREMENT,
  `code` varchar(6) COLLATE utf8mb4_unicode_ci NOT NULL,
  `name` varchar(40) COLLATE utf8mb4_unicode_ci NOT NULL,
  `description` varchar(255) COLLATE utf8mb4_unicode_ci NOT NULL,
  `status` int NOT NULL,
  `created_at` int unsigned NOT NULL,
  `updated_at` int unsigned NOT NULL,
  `created_by` int DEFAULT NULL,
  `updated_by` int DEFAULT NULL,
  PRIMARY KEY (`id`)
) ENGINE=InnoDB AUTO_INCREMENT=4 DEFAULT CHARSET=utf8mb4 COLLATE=utf8mb4_unicode_ci;
/*!40101 SET character_set_client = @saved_cs_client */;

--
-- Dumping data for table `awpb_funder`
--

LOCK TABLES `awpb_funder` WRITE;
/*!40000 ALTER TABLE `awpb_funder` DISABLE KEYS */;
INSERT INTO `awpb_funder` VALUES (1,'F1','funder one','desc',1,1,1,1,1),(2,'2','GRZ','GRZ',1,1612810868,1612810868,14,14),(3,'1','IFAD','IFAD',1,1612809613,1612809613,14,14);
/*!40000 ALTER TABLE `awpb_funder` ENABLE KEYS */;
UNLOCK TABLES;

--
-- Table structure for table `awpb_funding_type`
--

DROP TABLE IF EXISTS `awpb_funding_type`;
/*!40101 SET @saved_cs_client     = @@character_set_client */;
/*!50503 SET character_set_client = utf8mb4 */;
CREATE TABLE `awpb_funding_type` (
  `id` int NOT NULL AUTO_INCREMENT,
  `funding_type_code` varchar(6) COLLATE utf8mb4_unicode_ci NOT NULL,
  `funding_type_name` varchar(255) COLLATE utf8mb4_unicode_ci NOT NULL,
  `created_at` int unsigned NOT NULL,
  `updated_at` int unsigned NOT NULL,
  `created_by` int DEFAULT NULL,
  `updated_by` int DEFAULT NULL,
  PRIMARY KEY (`id`),
  UNIQUE KEY `funding_type_code` (`funding_type_code`)
) ENGINE=InnoDB AUTO_INCREMENT=2 DEFAULT CHARSET=utf8mb4 COLLATE=utf8mb4_unicode_ci;
/*!40101 SET character_set_client = @saved_cs_client */;

--
-- Dumping data for table `awpb_funding_type`
--

LOCK TABLES `awpb_funding_type` WRITE;
/*!40000 ALTER TABLE `awpb_funding_type` DISABLE KEYS */;
INSERT INTO `awpb_funding_type` VALUES (1,'f1','Funder one',1,1,1,1);
/*!40000 ALTER TABLE `awpb_funding_type` ENABLE KEYS */;
UNLOCK TABLES;

--
-- Table structure for table `awpb_indicator`
--

DROP TABLE IF EXISTS `awpb_indicator`;
/*!40101 SET @saved_cs_client     = @@character_set_client */;
/*!50503 SET character_set_client = utf8mb4 */;
CREATE TABLE `awpb_indicator` (
  `id` int NOT NULL AUTO_INCREMENT,
  `activity_id` int DEFAULT NULL,
  `component_id` int NOT NULL,
  `outcome_id` int NOT NULL,
  `output_id` int DEFAULT NULL,
  `name` varchar(40) COLLATE utf8mb4_unicode_ci NOT NULL,
  `description` varchar(255) COLLATE utf8mb4_unicode_ci NOT NULL,
  `unit_of_measure_id` int DEFAULT NULL,
  `created_at` int unsigned NOT NULL,
  `updated_at` int unsigned NOT NULL,
  `created_by` int DEFAULT NULL,
  `updated_by` int DEFAULT NULL,
  PRIMARY KEY (`id`)
) ENGINE=InnoDB AUTO_INCREMENT=18 DEFAULT CHARSET=utf8mb4 COLLATE=utf8mb4_unicode_ci;
/*!40101 SET character_set_client = @saved_cs_client */;

--
-- Dumping data for table `awpb_indicator`
--

LOCK TABLES `awpb_indicator` WRITE;
/*!40000 ALTER TABLE `awpb_indicator` DISABLE KEYS */;
INSERT INTO `awpb_indicator` VALUES (14,101,44,0,2,'Number of Category A farmers mobilised','Number of Category A farmers mobilised\r\n',1,0,0,NULL,NULL),(15,101,44,0,2,'Number of Category A female farmers Mobi','Number of Category A female farmers Mobilised\r\n',1,0,0,NULL,NULL),(16,101,44,0,2,'Number of Category A Youth Farmers Mobil','Number of Category A Youth Farmers Mobilised\r\n',1,0,0,NULL,NULL),(17,101,44,0,2,'Number of Category A Female Headed House','Number of Category A Female Headed Households Mobilised\r\n',1,0,0,NULL,NULL);
/*!40000 ALTER TABLE `awpb_indicator` ENABLE KEYS */;
UNLOCK TABLES;

--
-- Table structure for table `awpb_input`
--

DROP TABLE IF EXISTS `awpb_input`;
/*!40101 SET @saved_cs_client     = @@character_set_client */;
/*!50503 SET character_set_client = utf8mb4 */;
CREATE TABLE `awpb_input` (
  `id` int NOT NULL AUTO_INCREMENT,
  `activity_id` int NOT NULL,
  `awpb_template_id` int NOT NULL,
  `indicator_id` int NOT NULL,
  `budget_id` int NOT NULL,
  `name` varchar(255) NOT NULL,
  `unit_cost` double NOT NULL,
  `mo_1` double DEFAULT NULL,
  `mo_2` double DEFAULT NULL,
  `mo_3` double DEFAULT NULL,
  `mo_4` double DEFAULT NULL,
  `mo_5` double DEFAULT NULL,
  `mo_6` double DEFAULT NULL,
  `mo_7` double DEFAULT NULL,
  `mo_8` double DEFAULT NULL,
  `mo_9` double DEFAULT NULL,
  `mo_10` double DEFAULT NULL,
  `mo_11` double DEFAULT NULL,
  `mo_12` double DEFAULT NULL,
  `quarter_one_quantity` double DEFAULT NULL,
  `quarter_two_quantity` double DEFAULT NULL,
  `quarter_three_quantity` double DEFAULT NULL,
  `quarter_four_quantity` double DEFAULT NULL,
  `total_quantity` double DEFAULT NULL,
  `mo_1_amount` double DEFAULT NULL,
  `mo_2_amount` double DEFAULT NULL,
  `mo_3_amount` double DEFAULT NULL,
  `mo_4_amount` double DEFAULT NULL,
  `mo_5_amount` double DEFAULT NULL,
  `mo_6_amount` double DEFAULT NULL,
  `mo_7_amount` double DEFAULT NULL,
  `mo_8_amount` double DEFAULT NULL,
  `mo_9_amount` double DEFAULT NULL,
  `mo_10_amount` double DEFAULT NULL,
  `mo_11_amount` double DEFAULT NULL,
  `mo_12_amount` double DEFAULT NULL,
  `quarter_one_amount` double DEFAULT NULL,
  `quarter_two_amount` double DEFAULT NULL,
  `quarter_three_amount` double DEFAULT NULL,
  `quarter_four_amount` double DEFAULT NULL,
  `total_amount` double DEFAULT NULL,
  `mo_1_actual` double DEFAULT NULL,
  `mo_2_actual` double DEFAULT NULL,
  `mo_3_actual` double DEFAULT NULL,
  `mo_4_actual` double DEFAULT NULL,
  `mo_5_actual` double DEFAULT NULL,
  `mo_6_actual` double DEFAULT NULL,
  `mo_7_actual` double DEFAULT NULL,
  `mo_8_actual` double DEFAULT NULL,
  `mo_9_actual` double DEFAULT NULL,
  `mo_10_actual` double DEFAULT NULL,
  `mo_11_actual` double DEFAULT NULL,
  `mo_12_actual` double DEFAULT NULL,
  `status` int NOT NULL,
  `camp_id` int DEFAULT NULL,
  `district_id` int unsigned DEFAULT NULL,
  `province_id` int unsigned DEFAULT NULL,
  `created_at` int unsigned NOT NULL,
  `updated_at` int unsigned NOT NULL,
  `created_by` int DEFAULT NULL,
  `updated_by` int DEFAULT NULL,
  PRIMARY KEY (`id`),
  KEY `activity_id` (`activity_id`),
  KEY `district_id` (`district_id`),
  KEY `province_id` (`province_id`),
  KEY `awpb_template_id` (`awpb_template_id`),
  KEY `indicator_id` (`indicator_id`),
  KEY `created_by` (`created_by`),
  KEY `updated_by` (`updated_by`),
  KEY `awpb_input_ibfk_1` (`budget_id`),
  CONSTRAINT `awpb_input_ibfk_1` FOREIGN KEY (`budget_id`) REFERENCES `awpb_budget` (`id`),
  CONSTRAINT `awpb_input_ibfk_2` FOREIGN KEY (`awpb_template_id`) REFERENCES `awpb_template` (`id`),
  CONSTRAINT `awpb_input_ibfk_3` FOREIGN KEY (`activity_id`) REFERENCES `awpb_activity` (`id`),
  CONSTRAINT `awpb_input_ibfk_4` FOREIGN KEY (`indicator_id`) REFERENCES `awpb_indicator` (`id`),
  CONSTRAINT `awpb_input_ibfk_5` FOREIGN KEY (`district_id`) REFERENCES `district` (`id`),
  CONSTRAINT `awpb_input_ibfk_6` FOREIGN KEY (`province_id`) REFERENCES `province` (`id`),
  CONSTRAINT `awpb_input_ibfk_7` FOREIGN KEY (`created_by`) REFERENCES `users` (`id`),
  CONSTRAINT `awpb_input_ibfk_8` FOREIGN KEY (`updated_by`) REFERENCES `users` (`id`)
) ENGINE=InnoDB AUTO_INCREMENT=12 DEFAULT CHARSET=utf8mb4 COLLATE=utf8mb4_unicode_ci;
/*!40101 SET character_set_client = @saved_cs_client */;

--
-- Dumping data for table `awpb_input`
--

LOCK TABLES `awpb_input` WRITE;
/*!40000 ALTER TABLE `awpb_input` DISABLE KEYS */;
/*!40000 ALTER TABLE `awpb_input` ENABLE KEYS */;
UNLOCK TABLES;

--
-- Table structure for table `awpb_outcome`
--

DROP TABLE IF EXISTS `awpb_outcome`;
/*!40101 SET @saved_cs_client     = @@character_set_client */;
/*!50503 SET character_set_client = utf8mb4 */;
CREATE TABLE `awpb_outcome` (
  `id` int NOT NULL AUTO_INCREMENT,
  `outcome_code` varchar(10) COLLATE utf8mb4_unicode_ci NOT NULL,
  `component_id` int DEFAULT NULL,
  `name` varchar(40) COLLATE utf8mb4_unicode_ci NOT NULL,
  `outcome_description` varchar(255) COLLATE utf8mb4_unicode_ci NOT NULL,
  `created_at` int unsigned NOT NULL,
  `updated_at` int unsigned NOT NULL,
  `created_by` int DEFAULT NULL,
  `updated_by` int DEFAULT NULL,
  PRIMARY KEY (`id`),
  UNIQUE KEY `outcome_code` (`outcome_code`)
) ENGINE=InnoDB AUTO_INCREMENT=2 DEFAULT CHARSET=utf8mb4 COLLATE=utf8mb4_unicode_ci;
/*!40101 SET character_set_client = @saved_cs_client */;

--
-- Dumping data for table `awpb_outcome`
--

LOCK TABLES `awpb_outcome` WRITE;
/*!40000 ALTER TABLE `awpb_outcome` DISABLE KEYS */;
INSERT INTO `awpb_outcome` VALUES (1,'',42,'Policy and institutional environment enh','Policy and institutional environment enhanced for agribusiness development',14,14,14,14);
/*!40000 ALTER TABLE `awpb_outcome` ENABLE KEYS */;
UNLOCK TABLES;

--
-- Table structure for table `awpb_output`
--

DROP TABLE IF EXISTS `awpb_output`;
/*!40101 SET @saved_cs_client     = @@character_set_client */;
/*!50503 SET character_set_client = utf8mb4 */;
CREATE TABLE `awpb_output` (
  `id` int NOT NULL AUTO_INCREMENT,
  `code` varchar(10) COLLATE utf8mb4_unicode_ci DEFAULT NULL,
  `component_id` int NOT NULL,
  `outcome_id` int DEFAULT NULL,
  `name` varchar(40) COLLATE utf8mb4_unicode_ci NOT NULL,
  `description` varchar(255) COLLATE utf8mb4_unicode_ci NOT NULL,
  `created_at` int unsigned NOT NULL,
  `updated_at` int unsigned NOT NULL,
  `created_by` int DEFAULT NULL,
  `updated_by` int DEFAULT NULL,
  PRIMARY KEY (`id`)
) ENGINE=InnoDB AUTO_INCREMENT=3 DEFAULT CHARSET=utf8mb4 COLLATE=utf8mb4_unicode_ci;
/*!40101 SET character_set_client = @saved_cs_client */;

--
-- Dumping data for table `awpb_output`
--

LOCK TABLES `awpb_output` WRITE;
/*!40000 ALTER TABLE `awpb_output` DISABLE KEYS */;
INSERT INTO `awpb_output` VALUES (1,'',42,1,'Strategic framework that supports agribu','Strategic framework that supports agribusiness developed and implementated',14,14,14,14),(2,'2.1',44,NULL,'Output 2.1','Output 2.1 Capacity of  smallholder farmers to produce a surplus for the market increased',0,0,NULL,NULL);
/*!40000 ALTER TABLE `awpb_output` ENABLE KEYS */;
UNLOCK TABLES;

--
-- Table structure for table `awpb_template`
--

DROP TABLE IF EXISTS `awpb_template`;
/*!40101 SET @saved_cs_client     = @@character_set_client */;
/*!50503 SET character_set_client = utf8mb4 */;
CREATE TABLE `awpb_template` (
  `id` int NOT NULL AUTO_INCREMENT,
  `fiscal_year` int NOT NULL,
  `budget_theme` text COLLATE utf8mb4_unicode_ci NOT NULL,
  `comment` text COLLATE utf8mb4_unicode_ci NOT NULL,
  `guideline_file` varchar(255) COLLATE utf8mb4_unicode_ci DEFAULT NULL,
  `status` int NOT NULL COMMENT '0 Closed, 1 open, 2 Blockedsed',
  `status_activities` int DEFAULT NULL,
  `status_users` int DEFAULT NULL,
  `preparation_deadline_first_draft` date DEFAULT NULL,
  `submission_deadline` date DEFAULT NULL,
  `consolidation_deadline` date DEFAULT NULL,
  `review_deadline` date DEFAULT NULL,
  `preparation_deadline_second_draft` date DEFAULT NULL,
  `review_deadline_pco` date DEFAULT NULL,
  `finalisation_deadline_pco` date DEFAULT NULL,
  `submission_deadline_moa_mfl` date DEFAULT NULL,
  `approval_deadline_jpsc` date DEFAULT NULL,
  `incorpation_deadline_pco_moa_mfl` date DEFAULT NULL,
  `submission_deadline_ifad` date DEFAULT NULL,
  `comment_deadline_ifad` date DEFAULT NULL,
  `distribution_deadline` date DEFAULT NULL,
  `created_at` int unsigned NOT NULL,
  `updated_at` int unsigned NOT NULL,
  `created_by` int DEFAULT NULL,
  `updated_by` int DEFAULT NULL,
  PRIMARY KEY (`id`),
  UNIQUE KEY `fiscal_year` (`fiscal_year`)
) ENGINE=InnoDB AUTO_INCREMENT=34 DEFAULT CHARSET=utf8mb4 COLLATE=utf8mb4_unicode_ci;
/*!40101 SET character_set_client = @saved_cs_client */;

--
-- Dumping data for table `awpb_template`
--

LOCK TABLES `awpb_template` WRITE;
/*!40000 ALTER TABLE `awpb_template` DISABLE KEYS */;
INSERT INTO `awpb_template` VALUES (1,2001,'nnnn 56666','Hi Hi Googogo',NULL,3,NULL,NULL,'2021-07-20','2021-07-20','2021-07-20','2021-07-20','2021-07-20','2021-07-20','2021-07-20','2021-07-20','2021-07-20','2021-07-20','2021-07-20','2021-07-20','2021-07-20',1609964565,1621939468,14,14),(2,2000,'Tetstst','Testst7778',NULL,3,NULL,NULL,'2021-07-20','2021-07-20','2021-07-20','2021-07-20','2021-07-20','2021-07-20','2021-07-20','2021-07-20','2021-07-20','2021-07-20','2021-07-20','2021-07-20','2021-07-20',1609964703,1621939469,14,14),(3,2004,'2002','2002','',3,NULL,NULL,'2021-07-20','2021-07-20','2021-07-20','2021-07-20','2021-07-20','2021-07-20','2021-07-20','2021-07-20','2021-07-20','2021-07-20','2021-07-20','2021-07-20','2021-07-20',1609965221,1621939469,14,14),(4,2003,'bb','bb',NULL,3,NULL,NULL,'2021-07-20','2021-07-20','2021-07-20','2021-07-20','2021-07-20','2021-07-20','2021-07-20','2021-07-20','2021-07-20','2021-07-20','2021-07-20','2021-07-20','2021-07-20',1609968491,1621939469,14,14),(5,2005,'bb','bb',NULL,3,NULL,NULL,'2021-07-20','2021-07-20','2021-07-20','2021-07-20','2021-07-20','2021-07-20','2021-07-20','2021-07-20','2021-07-20','2021-07-20','2021-07-20','2021-07-20','2021-07-20',1609968527,1621939469,14,14),(6,2006,'ffff','fff',NULL,3,NULL,NULL,'2021-07-20','2021-07-20','2021-07-20','2021-07-20','2021-07-20','2021-07-20','2021-07-20','2021-07-20','2021-07-20','2021-07-20','2021-07-20','2021-07-20','2021-07-20',1609968637,1621939469,14,14),(7,1980,'ttt','gg',NULL,3,NULL,NULL,'2021-07-20','2021-07-20','2021-07-20','2021-07-20','2021-07-20','2021-07-20','2021-07-20','2021-07-20','2021-07-20','2021-07-20','2021-07-20','2021-07-20','2021-07-20',1610000838,1621939469,14,14),(8,1981,'ttt','gg',NULL,3,NULL,NULL,'2021-07-20','2021-07-20','2021-07-20','2021-07-20','2021-07-20','2021-07-20','2021-07-20','2021-07-20','2021-07-20','2021-07-20','2021-07-20','2021-07-20','2021-07-20',1610000993,1621939469,14,14),(9,1983,'ttt','gg',NULL,3,NULL,NULL,'2021-07-20','2021-07-20','2021-07-20','2021-07-20','2021-07-20','2021-07-20','2021-07-20','2021-07-20','2021-07-20','2021-07-20','2021-07-20','2021-07-20','2021-07-20',1610001015,1621939469,14,14),(10,1982,'ttt','gg',NULL,3,NULL,NULL,'2021-07-20','2021-07-20','2021-07-20','2021-07-20','2021-07-20','2021-07-20','2021-07-20','2021-07-20','2021-07-20','2021-07-20','2021-07-20','2021-07-20','2021-07-20',1610001129,1621939469,14,14),(11,1984,'ttt','gg',NULL,3,NULL,NULL,'2021-07-20','2021-07-20','2021-07-20','2021-07-20','2021-07-20','2021-07-20','2021-07-20','2021-07-20','2021-07-20','2021-07-20','2021-07-20','2021-07-20','2021-07-20',1610001215,1621939469,14,14),(12,1985,'ttt','gg',NULL,3,NULL,NULL,'2021-07-20','2021-07-20','2021-07-20','2021-07-20','2021-07-20','2021-07-20','2021-07-20','2021-07-20','2021-07-20','2021-07-20','2021-07-20','2021-07-20','2021-07-20',1610001405,1621939469,14,14),(13,1986,'ttt','gg',NULL,3,NULL,NULL,'2021-07-20','2021-07-20','2021-07-20','2021-07-20','2021-07-20','2021-07-20','2021-07-20','2021-07-20','2021-07-20','2021-07-20','2021-07-20','2021-07-20','2021-07-20',1610001587,1621939469,14,14),(14,1987,'ttt','gg',NULL,3,NULL,NULL,'2021-07-20','2021-07-20','2021-07-20','2021-07-20','2021-07-20','2021-07-20','2021-07-20','2021-07-20','2021-07-20','2021-07-20','2021-07-20','2021-07-20','2021-07-20',1610001883,1621939469,14,14),(15,1988,'ttt','gg',NULL,3,NULL,NULL,'2021-07-20','2021-07-20','2021-07-20','2021-07-20','2021-07-20','2021-07-20','2021-07-20','2021-07-20','2021-07-20','2021-07-20','2021-07-20','2021-07-20','2021-07-20',1610001985,1621939469,14,14),(16,1989,'ttt','gg',NULL,3,NULL,NULL,'2021-07-20','2021-07-20','2021-07-20','2021-07-20','2021-07-20','2021-07-20','2021-07-20','2021-07-20','2021-07-20','2021-07-20','2021-07-20','2021-07-20','2021-07-20',1610002209,1621939469,14,14),(17,1910,'ttt','gg',NULL,3,NULL,NULL,'2021-07-20','2021-07-20','2021-07-20','2021-07-20','2021-07-20','2021-07-20','2021-07-20','2021-07-20','2021-07-20','2021-07-20','2021-07-20','2021-07-20','2021-07-20',1610002266,1621939469,14,14),(18,1911,'ttt','gg',NULL,3,NULL,NULL,'2021-07-20','2021-07-20','2021-07-20','2021-07-20','2021-07-20','2021-07-20','2021-07-20','2021-07-20','2021-07-20','2021-07-20','2021-07-20','2021-07-20','2021-07-20',1610002642,1621939469,14,14),(19,1912,'2','2',NULL,3,NULL,NULL,'2021-07-20','2021-07-20','2021-07-20','2021-07-20','2021-07-20','2021-07-20','2021-07-20','2021-07-20','2021-07-20','2021-07-20','2021-07-20','2021-07-20','2021-07-20',1610007825,1621939469,14,14),(21,1915,'2','2',NULL,3,NULL,NULL,'2021-07-20','2021-07-20','2021-07-20','2021-07-20','2021-07-20','2021-07-20','2021-07-20','2021-07-20','2021-07-20','2021-07-20','2021-07-20','2021-07-20','2021-07-20',1610008326,1621939469,14,14),(22,1916,'2','2',NULL,3,NULL,NULL,'2021-07-20','2021-07-20','2021-07-20','2021-07-20','2021-07-20','2021-07-20','2021-07-20','2021-07-20','2021-07-20','2021-07-20','2021-07-20','2021-07-20','2021-07-20',1610008412,1621939469,14,14),(23,1917,'2','2',NULL,3,NULL,NULL,'2021-07-20','2021-07-20','2021-07-20','2021-07-20','2021-07-20','2021-07-20','2021-07-20','2021-07-20','2021-07-20','2021-07-20','2021-07-20','2021-07-20','2021-07-20',1610008552,1621939469,14,14),(24,1918,'2','2',NULL,3,NULL,NULL,'2021-07-20','2021-07-20','2021-07-20','2021-07-20','2021-07-20','2021-07-20','2021-07-20','2021-07-20','2021-07-20','2021-07-20','2021-07-20','2021-07-20','2021-07-20',1610008748,1621939469,14,14),(25,1803,'1803666','180366','1803-AWPB-Guidelines.pdf',3,NULL,NULL,'2021-07-20','2021-07-20','2021-07-20','2021-07-20','2021-07-20','2021-07-20','2021-07-20','2021-07-20','2021-07-20','2021-07-20','2021-07-20','2021-07-20','2021-07-20',1610039971,1621939469,14,14),(26,1804,'25666','2566','',3,NULL,NULL,'2021-07-20','2021-07-20','2021-07-20','2021-07-20','2021-07-20','2021-07-20','2021-07-20','2021-07-20','2021-07-20','2021-07-20','2021-07-20','2021-07-20','2021-07-20',1610040425,1621939470,14,14),(27,1805,'lllll','llllll','1805-AWPB-Guidelines.pdf',3,NULL,NULL,'2021-07-20','2021-07-20','2021-07-20','2021-07-20','2021-07-20','2021-07-20','2021-07-20','2021-07-20','2021-07-20','2021-07-20','2021-07-20','2021-07-20','2021-07-20',1610040775,1621939470,14,14),(28,1856,'nsnsn','nnnnn','1856-AWPB-Guidelines.pdf',3,NULL,NULL,'2021-07-20','2021-07-20','2021-07-20','2021-07-20','2021-07-20','2021-07-20','2021-07-20','2021-07-20','2021-07-20','2021-07-20','2021-07-20','2021-07-20','2021-07-20',1610968426,1621939470,14,14),(29,2020,'Farming as a Business','Business is the way to go','2020-AWPB-Guidelines.pdf',3,NULL,NULL,'2021-07-20','2021-07-20','2021-07-20','2021-07-20','2021-07-20','2021-07-20','2021-07-20','2021-07-20','2021-07-20','2021-07-20','2021-07-20','2021-07-20','2021-07-20',1610986059,1621939470,14,14),(31,2021,'2021','2021','2021-AWPB-Guidelines.pdf',2,NULL,NULL,'2021-07-20','2021-07-20','2021-07-20','2021-07-20','2021-07-20','2021-07-20','2021-07-20','2021-07-20','2021-07-20','2021-07-20','2021-07-20','2021-07-20','2021-07-20',1611785873,1611786373,10,10),(32,2022,'2022','2022','2022-AWPB-Guidelines.pdf',3,NULL,NULL,'2021-07-20','2021-07-20','2021-07-20','2021-07-20','2021-07-20','2021-07-20','2021-07-20','2021-07-20','2021-07-20','2021-07-20','2021-07-20','2021-07-20','2021-07-20',1611786373,1621939470,10,14),(33,2019,'Test','Test','2019-AWPB-Guidelines.pdf',1,1,1,'2021-05-25','2021-06-30','2021-07-30','2021-08-30','2021-09-15','2021-09-30','2021-10-14','2021-11-01','2021-11-08','2021-11-15','2021-11-29','2021-10-21','2021-10-28',1621939470,1622573307,14,14);
/*!40000 ALTER TABLE `awpb_template` ENABLE KEYS */;
UNLOCK TABLES;

--
-- Table structure for table `awpb_template_activity`
--

DROP TABLE IF EXISTS `awpb_template_activity`;
/*!40101 SET @saved_cs_client     = @@character_set_client */;
/*!50503 SET character_set_client = utf8mb4 */;
CREATE TABLE `awpb_template_activity` (
  `id` int NOT NULL AUTO_INCREMENT,
  `activity_id` int NOT NULL,
  `component_id` int DEFAULT NULL,
  `outcome_id` int DEFAULT NULL,
  `output_id` int DEFAULT NULL,
  `awpb_template_id` int NOT NULL,
  `funder_id` int DEFAULT NULL,
  `expense_category_id` int DEFAULT NULL,
  `created_at` int unsigned NOT NULL,
  `updated_at` int unsigned NOT NULL,
  `created_by` int DEFAULT NULL,
  `updated_by` int DEFAULT NULL,
  PRIMARY KEY (`id`),
  KEY `awpb_template_id` (`awpb_template_id`),
  KEY `expense_category_id` (`expense_category_id`),
  KEY `component_id` (`component_id`),
  KEY `output_id` (`output_id`),
  KEY `outcome_id` (`outcome_id`),
  KEY `funder_id` (`funder_id`),
  KEY `activity_code` (`activity_id`),
  CONSTRAINT `awpb_template_activity_ibfk_1` FOREIGN KEY (`activity_id`) REFERENCES `awpb_activity` (`id`) ON DELETE RESTRICT ON UPDATE RESTRICT,
  CONSTRAINT `awpb_template_activity_ibfk_2` FOREIGN KEY (`awpb_template_id`) REFERENCES `awpb_template` (`id`) ON DELETE RESTRICT ON UPDATE RESTRICT,
  CONSTRAINT `awpb_template_activity_ibfk_3` FOREIGN KEY (`component_id`) REFERENCES `awpb_component` (`id`) ON DELETE RESTRICT ON UPDATE RESTRICT
) ENGINE=InnoDB DEFAULT CHARSET=utf8mb4 COLLATE=utf8mb4_unicode_ci;
/*!40101 SET character_set_client = @saved_cs_client */;

--
-- Dumping data for table `awpb_template_activity`
--

LOCK TABLES `awpb_template_activity` WRITE;
/*!40000 ALTER TABLE `awpb_template_activity` DISABLE KEYS */;
/*!40000 ALTER TABLE `awpb_template_activity` ENABLE KEYS */;
UNLOCK TABLES;

--
-- Table structure for table `awpb_unit_of_measure`
--

DROP TABLE IF EXISTS `awpb_unit_of_measure`;
/*!40101 SET @saved_cs_client     = @@character_set_client */;
/*!50503 SET character_set_client = utf8mb4 */;
CREATE TABLE `awpb_unit_of_measure` (
  `id` int NOT NULL AUTO_INCREMENT,
  `name` varchar(40) COLLATE utf8mb4_unicode_ci NOT NULL,
  `status` int NOT NULL,
  `created_by` int NOT NULL,
  `created_at` int NOT NULL,
  `updated_by` int NOT NULL,
  `updated_at` int NOT NULL,
  PRIMARY KEY (`id`)
) ENGINE=InnoDB AUTO_INCREMENT=2 DEFAULT CHARSET=utf8mb4 COLLATE=utf8mb4_unicode_ci;
/*!40101 SET character_set_client = @saved_cs_client */;

--
-- Dumping data for table `awpb_unit_of_measure`
--

LOCK TABLES `awpb_unit_of_measure` WRITE;
/*!40000 ALTER TABLE `awpb_unit_of_measure` DISABLE KEYS */;
INSERT INTO `awpb_unit_of_measure` VALUES (1,'KG',1,1,1,1,1);
/*!40000 ALTER TABLE `awpb_unit_of_measure` ENABLE KEYS */;
UNLOCK TABLES;

--
-- Table structure for table `camp`
--

DROP TABLE IF EXISTS `camp`;
/*!40101 SET @saved_cs_client     = @@character_set_client */;
/*!50503 SET character_set_client = utf8mb4 */;
CREATE TABLE `camp` (
  `id` int unsigned NOT NULL AUTO_INCREMENT,
  `district_id` int unsigned NOT NULL,
  `name` varchar(255) NOT NULL,
  `description` text,
  `latitude` varchar(30) DEFAULT NULL,
  `longitude` varchar(30) DEFAULT NULL,
  `created_at` int unsigned NOT NULL,
  `updated_at` int unsigned NOT NULL,
  `created_by` int DEFAULT NULL,
  `updated_by` int DEFAULT NULL,
  PRIMARY KEY (`id`),
  KEY `fk_camp_1_idx` (`district_id`),
  CONSTRAINT `fk_camp_1` FOREIGN KEY (`district_id`) REFERENCES `district` (`id`)
) ENGINE=InnoDB AUTO_INCREMENT=9 DEFAULT CHARSET=latin1;
/*!40101 SET character_set_client = @saved_cs_client */;

--
-- Dumping data for table `camp`
--

LOCK TABLES `camp` WRITE;
/*!40000 ALTER TABLE `camp` DISABLE KEYS */;
INSERT INTO `camp` VALUES (5,2,'Camp two','','-14.624586674161693','28.13769210937501',1607263313,1625074357,1,1),(6,2,'Camp three','','-14.663616632630394','28.091343537597666',1607263313,1625075081,1,1),(7,2,'Camp four','','-14.47571105850427','28.41235031250001',1607263313,1625090266,1,1),(8,42,'Chila one group','','-15.569439292403246','28.28154434326173',1625092685,1625092685,1,1);
/*!40000 ALTER TABLE `camp` ENABLE KEYS */;
UNLOCK TABLES;

--
-- Table structure for table `commodity_category`
--

DROP TABLE IF EXISTS `commodity_category`;
/*!40101 SET @saved_cs_client     = @@character_set_client */;
/*!50503 SET character_set_client = utf8mb4 */;
CREATE TABLE `commodity_category` (
  `id` int unsigned NOT NULL AUTO_INCREMENT,
  `name` varchar(255) NOT NULL,
  `description` text,
  `created_at` int unsigned NOT NULL,
  `updated_at` int unsigned NOT NULL,
  `created_by` int DEFAULT NULL,
  `updated_by` int DEFAULT NULL,
  PRIMARY KEY (`id`)
) ENGINE=InnoDB AUTO_INCREMENT=5 DEFAULT CHARSET=latin1;
/*!40101 SET character_set_client = @saved_cs_client */;

--
-- Dumping data for table `commodity_category`
--

LOCK TABLES `commodity_category` WRITE;
/*!40000 ALTER TABLE `commodity_category` DISABLE KEYS */;
INSERT INTO `commodity_category` VALUES (2,'Farming inputs','The resources that are used in farm production, such as chemicals, equipment, feed, seed, and energy ',1607417556,1607419333,1,1),(3,'Farm outputs','Farm outputs such as maize, groundnuts\r\n',1607417638,1607447942,1,1),(4,'Farm output by-products',NULL,1607447921,1607585616,1,1);
/*!40000 ALTER TABLE `commodity_category` ENABLE KEYS */;
UNLOCK TABLES;

--
-- Table structure for table `commodity_price_collection`
--

DROP TABLE IF EXISTS `commodity_price_collection`;
/*!40101 SET @saved_cs_client     = @@character_set_client */;
/*!50503 SET character_set_client = utf8mb4 */;
CREATE TABLE `commodity_price_collection` (
  `id` int unsigned NOT NULL AUTO_INCREMENT,
  `district` int unsigned NOT NULL,
  `market_id` int unsigned NOT NULL,
  `commodity_type_id` int unsigned NOT NULL,
  `price_level_id` int unsigned NOT NULL,
  `unit_of_measure` varchar(45) DEFAULT NULL,
  `price` double(10,2) NOT NULL,
  `description` text,
  `month` varchar(3) NOT NULL,
  `year` varchar(11) NOT NULL,
  `created_at` int unsigned NOT NULL,
  `updated_at` int unsigned NOT NULL,
  `created_by` int DEFAULT NULL,
  `updated_by` int DEFAULT NULL,
  PRIMARY KEY (`id`),
  KEY `fk_commodity_price_collection_2_idx` (`price_level_id`),
  KEY `fk_commodity_price_collection_4_idx` (`commodity_type_id`),
  KEY `fk_commodity_price_collection_3_idx` (`market_id`),
  KEY `fk_commodity_price_collection_1_idx` (`district`),
  CONSTRAINT `fk_commodity_price_collection_1` FOREIGN KEY (`district`) REFERENCES `district` (`id`),
  CONSTRAINT `fk_commodity_price_collection_2` FOREIGN KEY (`price_level_id`) REFERENCES `commodity_price_level` (`id`),
  CONSTRAINT `fk_commodity_price_collection_3` FOREIGN KEY (`market_id`) REFERENCES `market` (`id`),
  CONSTRAINT `fk_commodity_price_collection_4` FOREIGN KEY (`commodity_type_id`) REFERENCES `commodity_type` (`id`)
) ENGINE=InnoDB AUTO_INCREMENT=18 DEFAULT CHARSET=latin1;
/*!40101 SET character_set_client = @saved_cs_client */;

--
-- Dumping data for table `commodity_price_collection`
--

LOCK TABLES `commodity_price_collection` WRITE;
/*!40000 ALTER TABLE `commodity_price_collection` DISABLE KEYS */;
INSERT INTO `commodity_price_collection` VALUES (2,1,3,4,3,'2Kg',15.00,NULL,'12','2020',1607626330,1607626330,1,1),(3,1,3,6,3,'10Kg',69.00,NULL,'12','2020',1607627366,1607627366,1,1),(4,1,3,5,3,'25Kg',120.00,NULL,'12','2020',1607627366,1607627366,1,1),(5,1,3,1,3,'2kg',20.00,NULL,'12','2020',1607627366,1607627366,1,1),(6,1,3,2,3,'5kg',25.00,NULL,'12','2020',1607627366,1607627366,1,1),(7,1,3,6,3,'2KG',15.00,NULL,'1','2021',1607627366,1607627366,1,1),(8,1,3,1,3,'2KG',15.00,NULL,'1','2021',1607627366,1607627366,1,1),(9,1,3,3,3,'2KG',15.00,NULL,'1','2021',1607627366,1607627366,1,1),(10,1,3,4,3,'5KG',25.00,NULL,'1','2021',1607627366,1607627366,1,1),(11,1,3,5,3,'10KG',50.00,NULL,'1','2021',1607627366,1607627366,1,1),(12,1,3,3,3,'10KG',30.00,NULL,'1','2021',1607627366,1607627366,1,1),(13,2,4,2,3,'2Kg',2.00,NULL,'1','2021',1611076848,1611076848,10,10),(14,2,4,2,3,'15KG',20.00,NULL,'2','2021',1614013880,1614013880,10,10),(15,2,4,11,3,'10kg',20.00,NULL,'10','2021',1614013941,1614013941,10,10),(16,2,4,11,3,'10KG',20.00,NULL,'2','2021',1614071294,1614071294,10,10),(17,2,4,5,3,'25Kg',100.00,NULL,'2','2021',1614071294,1614071294,10,10);
/*!40000 ALTER TABLE `commodity_price_collection` ENABLE KEYS */;
UNLOCK TABLES;

--
-- Table structure for table `commodity_price_level`
--

DROP TABLE IF EXISTS `commodity_price_level`;
/*!40101 SET @saved_cs_client     = @@character_set_client */;
/*!50503 SET character_set_client = utf8mb4 */;
CREATE TABLE `commodity_price_level` (
  `id` int unsigned NOT NULL AUTO_INCREMENT,
  `level` varchar(45) NOT NULL,
  `description` text,
  `created_at` int unsigned NOT NULL,
  `updated_at` int unsigned NOT NULL,
  `created_by` int DEFAULT NULL,
  `updated_by` int DEFAULT NULL,
  PRIMARY KEY (`id`)
) ENGINE=InnoDB AUTO_INCREMENT=4 DEFAULT CHARSET=latin1;
/*!40101 SET character_set_client = @saved_cs_client */;

--
-- Dumping data for table `commodity_price_level`
--

LOCK TABLES `commodity_price_level` WRITE;
/*!40000 ALTER TABLE `commodity_price_level` DISABLE KEYS */;
INSERT INTO `commodity_price_level` VALUES (1,'Farm gate','Farm gate',1568287523,1568287523,NULL,1),(2,'Wholesale',NULL,1568287523,1568287523,NULL,NULL),(3,'Retail',NULL,1568287523,1568287523,NULL,NULL);
/*!40000 ALTER TABLE `commodity_price_level` ENABLE KEYS */;
UNLOCK TABLES;

--
-- Table structure for table `commodity_type`
--

DROP TABLE IF EXISTS `commodity_type`;
/*!40101 SET @saved_cs_client     = @@character_set_client */;
/*!50503 SET character_set_client = utf8mb4 */;
CREATE TABLE `commodity_type` (
  `id` int unsigned NOT NULL AUTO_INCREMENT,
  `category_id` int unsigned NOT NULL,
  `name` varchar(255) NOT NULL,
  `created_at` int unsigned NOT NULL,
  `updated_at` int unsigned NOT NULL,
  `created_by` int DEFAULT NULL,
  `updated_by` int DEFAULT NULL,
  PRIMARY KEY (`id`),
  KEY `fk_commodity_type_1_idx` (`category_id`),
  CONSTRAINT `fk_commodity_type_1` FOREIGN KEY (`category_id`) REFERENCES `commodity_category` (`id`)
) ENGINE=InnoDB AUTO_INCREMENT=12 DEFAULT CHARSET=latin1;
/*!40101 SET character_set_client = @saved_cs_client */;

--
-- Dumping data for table `commodity_type`
--

LOCK TABLES `commodity_type` WRITE;
/*!40000 ALTER TABLE `commodity_type` DISABLE KEYS */;
INSERT INTO `commodity_type` VALUES (1,3,'Maize',1607446739,1607447798,1,1),(2,3,'Soya beans',1607447814,1607447814,1,1),(3,3,'Groundnuts',1607447827,1607447827,1,1),(4,3,'Rice',1607447871,1607447871,1,1),(5,4,'Mealie meal',1607447890,1607447952,1,1),(6,4,'Roller meal',1607447902,1607447956,1,1),(7,2,'Maize Seed',1607447971,1607447971,1,1),(8,2,'Groundnut seed',1607447992,1607447992,1,1),(9,2,'Rice seed',1607448004,1607448004,1,1),(10,2,'D-Compound',1607448021,1607448021,1,1),(11,2,'Urea',1607448041,1607448041,1,1);
/*!40000 ALTER TABLE `commodity_type` ENABLE KEYS */;
UNLOCK TABLES;

--
-- Table structure for table `district`
--

DROP TABLE IF EXISTS `district`;
/*!40101 SET @saved_cs_client     = @@character_set_client */;
/*!50503 SET character_set_client = utf8mb4 */;
CREATE TABLE `district` (
  `id` int unsigned NOT NULL AUTO_INCREMENT,
  `province_id` int unsigned NOT NULL,
  `name` varchar(255) NOT NULL,
  `lat` varchar(20) DEFAULT NULL,
  `long` varchar(20) DEFAULT NULL,
  `created_at` int unsigned NOT NULL,
  `updated_at` int unsigned NOT NULL,
  `created_by` int DEFAULT NULL,
  `updated_by` int DEFAULT NULL,
  PRIMARY KEY (`id`),
  KEY `fk_district_province_idx` (`province_id`),
  CONSTRAINT `fk_district_province` FOREIGN KEY (`province_id`) REFERENCES `province` (`id`) ON DELETE RESTRICT ON UPDATE RESTRICT
) ENGINE=InnoDB AUTO_INCREMENT=119 DEFAULT CHARSET=utf8mb3;
/*!40101 SET character_set_client = @saved_cs_client */;

--
-- Dumping data for table `district`
--

LOCK TABLES `district` WRITE;
/*!40000 ALTER TABLE `district` DISABLE KEYS */;
INSERT INTO `district` VALUES (1,1,'Chisamba','-14.982045','28.377941',0,1607257385,NULL,1),(2,1,'Chibombo','-14.659314','28.080540',0,0,NULL,NULL),(3,1,'Chitambo','-12.226766','30.050454',0,0,NULL,NULL),(4,1,'Itezhi-Tezhi','-15.600785','25.903189',0,0,NULL,NULL),(5,1,'Mkushi','-13.618959','29.395959',0,0,NULL,NULL),(6,1,'Mumbwa','-14.983506','27.062202',0,0,NULL,NULL),(7,1,'Kabwe','-14.435119','28.449286',0,0,NULL,NULL),(8,1,'Kapiri Mposhi','-13.965676','28.679295',0,0,NULL,NULL),(9,1,'Luano','-14.115876','30.165637',0,0,NULL,NULL),(10,1,'Serenje','-13.230460','30.232615',0,0,NULL,NULL),(11,1,'Ngabwe','-14.083993','27.254295',0,0,NULL,NULL),(12,2,'Lufwanyama','-12.950965','27.410405',0,1607251969,NULL,NULL),(13,2,'Mufulira','-12.547810','28.239540',0,0,NULL,NULL),(14,2,'Kitwe','-12.829186','28.221206',0,0,NULL,NULL),(15,2,'Chililabombwe','-12.369279','27.837037',0,0,NULL,NULL),(16,2,'Kalulushi','-12.841575','28.093685',0,0,NULL,NULL),(17,2,'Ndola','-12.985475','28.641245',0,0,NULL,NULL),(18,2,'Luanshya','-13.143666','28.407905',0,0,NULL,NULL),(19,2,'Mpongwe','-13.512809','28.156596',0,0,NULL,NULL),(20,2,'Chingola','-12.538506','27.863672',0,0,NULL,NULL),(21,2,'Masaiti','-13.260320','28.405731',0,1607362090,NULL,1),(22,3,'Katete','-14.060067','32.044859',0,0,NULL,NULL),(23,3,'Chipata','-13.641016','32.644361',0,0,NULL,NULL),(24,3,'Petauke','-14.247244','31.328673',0,0,NULL,NULL),(25,3,'Lundazi','-12.289583','33.178067',0,0,NULL,NULL),(26,3,'Chadiza','-14.064839','32.436619',0,0,NULL,NULL),(27,3,'Mambwe','-13.212054','31.816900',0,0,NULL,NULL),(28,3,'Nyimba','-14.560282','30.820266',0,0,NULL,NULL),(29,3,'Vubwi','-14.035375','32.869092',0,0,NULL,NULL),(30,3,'Sinda','-14.214009','31.760187',0,0,NULL,NULL),(31,4,'Chiengi','-8.663500','29.160315',0,0,NULL,NULL),(32,4,'Nchelenge','-9.351089','28.739773',0,0,NULL,NULL),(33,4,'Kawambwa','-9.795545','29.074804',0,0,NULL,NULL),(34,4,'Mwense','-10.388397','28.701568',0,0,NULL,NULL),(35,4,'Mansa','-11.187779','28.883424',0,0,NULL,NULL),(36,4,'Samfya','-11.367624','29.554017',0,0,NULL,NULL),(37,4,'Milenge','-11.912971','29.189114',0,0,NULL,NULL),(38,4,'Chembe','-11.952502','28.744292',0,0,NULL,NULL),(39,4,'Lunga','-11.575272','30.102494',0,0,NULL,NULL),(40,4,'Chipili','-10.737772','29.091339',0,0,NULL,NULL),(41,4,'Mwansabombwe','-9.820162','28.763924',0,0,NULL,NULL),(42,5,'Chilanga','-15.567154','28.273961',0,0,NULL,NULL),(43,5,'Chirundu','-16.028711','28.850641',0,0,NULL,NULL),(44,5,'Chongwe','-15.331246','28.677833',0,0,NULL,NULL),(45,5,'Kafue','-15.761006','28.176701',0,0,NULL,NULL),(46,5,'Luangwa','-15.625206','30.402532',0,0,NULL,NULL),(47,5,'Rufunsa','-15.078131','29.634890',0,0,NULL,NULL),(48,1,'Shibuyunji','-15.424570','27.808064',0,0,NULL,NULL),(49,5,'Lusaka','-15.408867','28.333450',0,0,NULL,NULL),(50,6,'Chama','-11.214196','33.154732',0,0,NULL,NULL),(51,6,'Chinsali','-10.544049','32.064843',0,0,NULL,NULL),(52,6,'Isoka','-10.151943','32.635510',0,0,NULL,NULL),(53,6,'Mafinga','-10.239173','33.315920',0,0,NULL,NULL),(54,6,'Mpika','-11.825579','31.448707',0,0,NULL,NULL),(55,6,'Nakonde','-9.329901','32.753227',0,0,NULL,NULL),(56,6,'Shiwang\'andu','-11.230661','31.742384',0,0,NULL,NULL),(57,7,'Chilubi','-11.1534286','29.8948552',0,0,NULL,NULL),(58,7,'Kaputa','-8.4762768','29.6415851',0,0,NULL,NULL),(59,7,'Kasama','-10.2363082','31.143275',0,0,NULL,NULL),(60,7,'Luwingu','-10.6085541','29.3183597',0,0,NULL,NULL),(61,7,'Mbala','-8.8480727','31.3228791',0,0,NULL,NULL),(62,7,'Mporokoso','-9.371369','30.09005',0,0,NULL,NULL),(63,7,'Mpulungu','-8.7692783','31.0999665',0,0,NULL,NULL),(64,7,'Mungwi','-10.1783646','31.3394879',0,0,NULL,NULL),(65,7,'Nsama','-8.8943783','29.9513269',0,0,NULL,NULL),(66,8,'Chavuma','-13.0836162','22.6792037',0,0,NULL,NULL),(67,8,'Ikelenge','-11.2374247','24.2536066',0,0,NULL,NULL),(68,8,'Kabompo','-13.5951014','24.1840838',0,0,NULL,NULL),(69,8,'Kasempa','-13.8025204','25.1080866',0,0,NULL,NULL),(70,8,'Manyinga','-13.3964558','24.3100834',0,0,NULL,NULL),(71,8,'Mufumbwe','-13.6833117','24.7912452',0,0,NULL,NULL),(72,8,'Mwinilunga','-11.7384907','24.4135768',0,0,NULL,NULL),(73,8,'Zambezi','-13.5486671','23.0780261',0,0,NULL,NULL),(74,8,'Solwezi','-12.1689464','26.3574449',0,0,NULL,NULL),(75,9,'Chikankata','-16.2499789','28.1245782',0,0,NULL,NULL),(76,9,'Gwembe','-16.4968365','27.5772712',0,0,NULL,NULL),(77,9,'Kalomo','-17.0311796','26.4632748',0,0,NULL,NULL),(78,9,'Kazungula','-17.7807326','25.2633509',0,0,NULL,NULL),(79,9,'Monze','-16.2782505','27.438872',0,0,NULL,NULL),(80,9,'Namwala','-15.7537827','26.4339638',0,0,NULL,NULL),(81,9,'Pemba','-16.5224626','27.3495196',0,0,NULL,NULL),(82,9,'Siavonga','-16.5344177','28.6961882',0,0,NULL,NULL),(83,9,'Sinazongwe','-17.2282349','27.4392796',0,0,NULL,NULL),(84,9,'Zimba','-17.3155688','26.1730813',0,0,NULL,NULL),(85,9,'Livingstone','-17.8516495','25.8136647',0,0,NULL,NULL),(86,9,'Choma','-16.8065884','26.9398062',0,0,NULL,NULL),(87,9,'Mazabuka','-15.8598383','27.718548',0,0,NULL,NULL),(88,10,'Kalabo','-14.9929965','22.6765537',0,0,NULL,NULL),(89,10,'Kaoma','-14.8178214','24.7662298',0,0,NULL,NULL),(90,10,'Limulunga','-15.1308547','23.1433868',0,0,NULL,NULL),(91,10,'Luampa','-15.063068','24.4033706',0,0,NULL,NULL),(92,10,'Lukulu','-14.4081161','23.257885',0,0,NULL,NULL),(93,10,'Mitete','-14.1333121','22.8579119',0,0,NULL,NULL),(94,10,'Mulobezi','-16.7806905','25.162382',0,0,NULL,NULL),(95,10,'Mwandi','-17.5177437','24.8150758',0,0,NULL,NULL),(96,10,'Nalolo','-15.5396655','23.1134373',0,0,NULL,NULL),(97,10,'Nkeyema','-14.8509307','25.1825476',0,0,NULL,NULL),(98,10,'Senanga','-16.1161414','23.288226',0,0,NULL,NULL),(99,10,'Sesheke','-17.4747938','24.2784546',0,0,NULL,NULL),(100,10,'Shangombo','-16.3225216','22.0986338',0,0,NULL,NULL),(101,10,'Sikongo','-15.0334481','22.1591901',0,0,NULL,NULL),(102,10,'Sioma','-16.6038901','23.5006356',0,0,NULL,NULL),(103,10,'Mongu','-15.2705632','23.1280444',0,0,NULL,NULL),(104,3,'Kasenengwa','-13.316667','31.916667',0,0,NULL,NULL),(105,3,'Lumezi','-12.525488','33.046017',0,0,NULL,NULL),(106,3,'Msanzala','-14.083333','31.350000',0,0,NULL,NULL),(107,3,'Chipangali','-13.217256','32.764192',0,0,NULL,NULL),(108,3,'Chasefu','-11.921364','33.093417',0,0,NULL,NULL),(109,4,'Chifunabuli','-11.107550','29.667098',0,0,NULL,NULL),(110,6,'Chilinda','-13.0905358','24.1696381',0,0,NULL,NULL),(112,6,'Kanchibiya','-11.3756661','31.0114803',0,0,NULL,NULL),(113,6,'Lavushimanda','-12.3999787','30.8579119',0,0,NULL,NULL),(114,7,'Lunte',NULL,NULL,0,0,NULL,NULL),(115,7,'Lupososhi','-10.5340351','30.0180635',0,0,NULL,NULL),(116,7,'Senga','-9.3730437','31.2241528',0,0,NULL,NULL),(117,8,'Kalumbila','-12.2735897','25.3718008',0,0,NULL,NULL),(118,8,'Mushindamo','-11.8666667','27.1166667',0,0,NULL,NULL);
/*!40000 ALTER TABLE `district` ENABLE KEYS */;
UNLOCK TABLES;

--
-- Table structure for table `lkm_storyofchange`
--

DROP TABLE IF EXISTS `lkm_storyofchange`;
/*!40101 SET @saved_cs_client     = @@character_set_client */;
/*!50503 SET character_set_client = utf8mb4 */;
CREATE TABLE `lkm_storyofchange` (
  `id` int NOT NULL AUTO_INCREMENT,
  `category_id` int NOT NULL,
  `title` text NOT NULL COMMENT 'Title of the story of change',
  `interviewee_names` text NOT NULL,
  `interviewer_names` text NOT NULL,
  `date_interviewed` date NOT NULL,
  `introduction` text COMMENT 'Introduction of the story: 2-3 sentences summary of the case study or success story',
  `challenge` text COMMENT 'The problem that was being addressed in the story',
  `actions` text COMMENT 'What was done, how, by and with who etc',
  `results` text COMMENT 'what changed and what difference was made',
  `conclusions` text COMMENT 'Factors that seemed to be critical to achieving the outcomes',
  `sequel` text COMMENT 'Summarising what happens next, whether this seems to be the end of the story or whether the programme will continue to track changes',
  `status` int NOT NULL DEFAULT '0',
  `paio_review_status` int DEFAULT '0',
  `paio_comments` text,
  `ikmo_review_status` int DEFAULT '0',
  `ikmo_comments` text,
  `created_at` int unsigned NOT NULL,
  `updated_at` int unsigned NOT NULL,
  `created_by` int DEFAULT NULL,
  `updated_by` int DEFAULT NULL,
  `camp_id` int DEFAULT NULL,
  `district_id` int DEFAULT NULL,
  `province_id` int DEFAULT NULL,
  PRIMARY KEY (`id`),
  KEY `fk_lkm_storyofchange_1_idx` (`category_id`),
  CONSTRAINT `fk_lkm_storyofchange_1` FOREIGN KEY (`category_id`) REFERENCES `lkm_storyofchange_category` (`id`)
) ENGINE=InnoDB AUTO_INCREMENT=9 DEFAULT CHARSET=latin1;
/*!40101 SET character_set_client = @saved_cs_client */;

--
-- Dumping data for table `lkm_storyofchange`
--

LOCK TABLES `lkm_storyofchange` WRITE;
/*!40000 ALTER TABLE `lkm_storyofchange` DISABLE KEYS */;
INSERT INTO `lkm_storyofchange` VALUES (2,3,'Test','Upendo Chulu','Francis Chulu','2021-01-11','<p><strong>My story introduction<br></strong></p><p>Yes this is my introduction of this story</p>','<p>The challenges</p>','<p>Story Actions</p>','<p><strong>The results</strong></p>','<p>The conclusions</p>','<p><strong>The sequel</strong></p>',0,0,NULL,1,'Story accepted',1610388925,1614019554,1,1,NULL,NULL,NULL),(3,4,'From subsistence to commercial farming-Case of Mr. Chulu','Francis Chulu','Edson Chulu','2021-01-12','<p>Lorem ipsum dolor sit amet, consectetur adipiscing elit. Proin malesuada lacus ullamcorper dui molestie, sit amet congue quam finibus. Etiam ultricies nunc non magna feugiat commodo. Etiam odio magna, mollis auctor felis vitae, ullamcorper ornare ligula. Proin pellentesque tincidunt nisi, vitae ullamcorper felis aliquam id. Pellentesque habitant morbi tristique senectus et netus et malesuada fames ac turpis egestas. Proin id orci eu lectus blandit suscipit. Phasellus porta, ante et varius ornare, sem enim sollicitudin eros, at commodo leo est vitae lacus. Etiam ut porta sem. Proin porttitor porta nisl, id tempor risus rhoncus quis. In in quam a nibh cursus pulvinar non consequat neque. Mauris lacus elit, condimentum ac condimentum at, semper vitae lectus. Cras lacinia erat eget sapien porta consectetur.</p>','<p>Lorem ipsum dolor sit amet, consectetur adipiscing elit. Proin malesuada lacus ullamcorper dui molestie, sit amet congue quam finibus. Etiam ultricies nunc non magna feugiat commodo. Etiam odio magna, mollis auctor felis vitae, ullamcorper ornare ligula. Proin pellentesque tincidunt nisi, vitae ullamcorper felis aliquam id. Pellentesque habitant morbi tristique senectus et netus et malesuada fames ac turpis egestas. Proin id orci eu lectus blandit suscipit. Phasellus porta, ante et varius ornare, sem enim sollicitudin eros, at commodo leo est vitae lacus. Etiam ut porta sem. Proin porttitor porta nisl, id tempor risus rhoncus quis. In in quam a nibh cursus pulvinar non consequat neque. Mauris lacus elit, condimentum ac condimentum at, semper vitae lectus. Cras lacinia erat eget sapien porta consectetur.</p>','<p>Lorem ipsum dolor sit amet, consectetur adipiscing elit. Proin malesuada lacus ullamcorper dui molestie, sit amet congue quam finibus. Etiam ultricies nunc non magna feugiat commodo. Etiam odio magna, mollis auctor felis vitae, ullamcorper ornare ligula. Proin pellentesque tincidunt nisi, vitae ullamcorper felis aliquam id. Pellentesque habitant morbi tristique senectus et netus et malesuada fames ac turpis egestas. Proin id orci eu lectus blandit suscipit. Phasellus porta, ante et varius ornare, sem enim sollicitudin eros, at commodo leo est vitae lacus. Etiam ut porta sem. Proin porttitor porta nisl, id tempor risus rhoncus quis. In in quam a nibh cursus pulvinar non consequat neque. Mauris lacus elit, condimentum ac condimentum at, semper vitae lectus. Cras lacinia erat eget sapien porta consectetur.</p>','<p>Lorem ipsum dolor sit amet, consectetur adipiscing elit. Proin malesuada lacus ullamcorper dui molestie, sit amet congue quam finibus. Etiam ultricies nunc non magna feugiat commodo. Etiam odio magna, mollis auctor felis vitae, ullamcorper ornare ligula. Proin pellentesque tincidunt nisi, vitae ullamcorper felis aliquam id. Pellentesque habitant morbi tristique senectus et netus et malesuada fames ac turpis egestas. Proin id orci eu lectus blandit suscipit. Phasellus porta, ante et varius ornare, sem enim sollicitudin eros, at commodo leo est vitae lacus. Etiam ut porta sem. Proin porttitor porta nisl, id tempor risus rhoncus quis. In in quam a nibh cursus pulvinar non consequat neque. Mauris lacus elit, condimentum ac condimentum at, semper vitae lectus. Cras lacinia erat eget sapien porta consectetur.</p>','<p>Lorem ipsum dolor sit amet, consectetur adipiscing elit. Proin malesuada lacus ullamcorper dui molestie, sit amet congue quam finibus. Etiam ultricies nunc non magna feugiat commodo. Etiam odio magna, mollis auctor felis vitae, ullamcorper ornare ligula. Proin pellentesque tincidunt nisi, vitae ullamcorper felis aliquam id. Pellentesque habitant morbi tristique senectus et netus et malesuada fames ac turpis egestas. Proin id orci eu lectus blandit suscipit. Phasellus porta, ante et varius ornare, sem enim sollicitudin eros, at commodo leo est vitae lacus. Etiam ut porta sem. Proin porttitor porta nisl, id tempor risus rhoncus quis. In in quam a nibh cursus pulvinar non consequat neque. Mauris lacus elit, condimentum ac condimentum at, semper vitae lectus. Cras lacinia erat eget sapien porta consectetur.</p>','<p>Lorem ipsum dolor sit amet, consectetur adipiscing elit. Proin malesuada lacus ullamcorper dui molestie, sit amet congue quam finibus. Etiam ultricies nunc non magna feugiat commodo. Etiam odio magna, mollis auctor felis vitae, ullamcorper ornare ligula. Proin pellentesque tincidunt nisi, vitae ullamcorper felis aliquam id. Pellentesque habitant morbi tristique senectus et netus et malesuada fames ac turpis egestas. Proin id orci eu lectus blandit suscipit. Phasellus porta, ante et varius ornare, sem enim sollicitudin eros, at commodo leo est vitae lacus. Etiam ut porta sem. Proin porttitor porta nisl, id tempor risus rhoncus quis. In in quam a nibh cursus pulvinar non consequat neque. Mauris lacus elit, condimentum ac condimentum at, semper vitae lectus. Cras lacinia erat eget sapien porta consectetur.<span class=\"redactor-invisible-space\"></span></p>',0,0,NULL,1,'',1610472852,1614020092,10,1,NULL,2,1),(5,3,'From subsistence to commercial farming-Case of Chulu','Francis Chulu','Test names','2021-02-16','<p>Introduction</p>','<p>Challenges<br></p>','<p>The actions<br></p>','The results','Conclusion','Sequel',0,0,NULL,0,NULL,1614019196,1614019397,10,10,NULL,2,1),(6,4,'From subsistence to commercial farming-Case of Mr Chulu Francis','Francis Chulu','Edson Chulu','2021-02-09','<p>Lorem ipsum dolor sit amet, consectetur adipiscing elit, sed do eiusmod tempor incididunt ut labore et dolore magna aliqua. Ut enim ad minim veniam, quis nostrud exercitation ullamco laboris nisi ut aliquip ex ea commodo consequat. Duis aute irure dolor in reprehenderit in voluptate velit esse cillum dolore eu fugiat nulla pariatur. Excepteur sint occaecat cupidatat non proident, sunt in culpa qui officia deserunt mollit anim id est laborum.</p>','<p>Lorem ipsum dolor sit amet, consectetur adipiscing elit, sed do eiusmod tempor incididunt ut labore et dolore magna aliqua. Ut enim ad minim veniam, quis nostrud exercitation ullamco laboris nisi ut aliquip ex ea commodo consequat. Duis aute irure dolor in reprehenderit in voluptate velit esse cillum dolore eu fugiat nulla pariatur. Excepteur sint occaecat cupidatat non proident, sunt in culpa qui officia deserunt mollit anim id est laborum.</p>','<p>Lorem ipsum dolor sit amet, consectetur adipiscing elit, sed do eiusmod tempor incididunt ut labore et dolore magna aliqua. Ut enim ad minim veniam, quis nostrud exercitation ullamco laboris nisi ut aliquip ex ea commodo consequat. Duis aute irure dolor in reprehenderit in voluptate velit esse cillum dolore eu fugiat nulla pariatur. Excepteur sint occaecat cupidatat non proident, sunt in culpa qui officia deserunt mollit anim id est laborum.</p>','Lorem ipsum dolor sit amet, consectetur adipiscing elit, sed do eiusmod tempor incididunt ut labore et dolore magna aliqua. Ut enim ad minim veniam, quis nostrud exercitation ullamco laboris nisi ut aliquip ex ea commodo consequat. Duis aute irure dolor in reprehenderit in voluptate velit esse cillum dolore eu fugiat nulla pariatur. Excepteur sint occaecat cupidatat non proident, sunt in culpa qui officia deserunt mollit anim id est laborum.','Lorem ipsum dolor sit amet, consectetur adipiscing elit, sed do eiusmod tempor incididunt ut labore et dolore magna aliqua. Ut enim ad minim veniam, quis nostrud exercitation ullamco laboris nisi ut aliquip ex ea commodo consequat. Duis aute irure dolor in reprehenderit in voluptate velit esse cillum dolore eu fugiat nulla pariatur. Excepteur sint occaecat cupidatat non proident, sunt in culpa qui officia deserunt mollit anim id est laborum.','Lorem ipsum dolor sit amet, consectetur adipiscing elit, sed do eiusmod tempor incididunt ut labore et dolore magna aliqua. Ut enim ad minim veniam, quis nostrud exercitation ullamco laboris nisi ut aliquip ex ea commodo consequat. Duis aute irure dolor in reprehenderit in voluptate velit esse cillum dolore eu fugiat nulla pariatur. Excepteur sint occaecat cupidatat non proident, sunt in culpa qui officia deserunt mollit anim id est laborum.',1,0,NULL,1,'',1614070456,1624898204,10,1,NULL,2,1),(7,3,'From subsistence to commercial farming test','Upendo Chulu','Francis Chulu','2021-03-10','<p>test</p>','<p>test</p>','<p>action</p>','<p>results</p>','<p>test<br></p>','<p>sequel</p>',1,0,NULL,1,'',1618996486,1618996726,10,1,NULL,2,1),(8,3,'Farming story','Farmer names','My names','2021-05-29','<p>Test introduction</p>','<p>Challenge one</p>','<p>Actions</p>','<p>Result</p>','<p>Conclusions</p>','<p>Next steps</p><p><br></p>',1,0,NULL,1,'',1622279337,1622279541,10,1,NULL,2,1);
/*!40000 ALTER TABLE `lkm_storyofchange` ENABLE KEYS */;
UNLOCK TABLES;

--
-- Table structure for table `lkm_storyofchange_article`
--

DROP TABLE IF EXISTS `lkm_storyofchange_article`;
/*!40101 SET @saved_cs_client     = @@character_set_client */;
/*!50503 SET character_set_client = utf8mb4 */;
CREATE TABLE `lkm_storyofchange_article` (
  `id` int NOT NULL AUTO_INCREMENT,
  `story_id` int DEFAULT NULL,
  `article_type` varchar(255) DEFAULT NULL,
  `description` text,
  `file` varchar(255) NOT NULL,
  `created_at` int unsigned NOT NULL,
  `updated_at` int unsigned NOT NULL,
  `created_by` int DEFAULT NULL,
  `updated_by` int DEFAULT NULL,
  `file_name` varchar(45) DEFAULT NULL,
  PRIMARY KEY (`id`)
) ENGINE=InnoDB AUTO_INCREMENT=10 DEFAULT CHARSET=latin1;
/*!40101 SET character_set_client = @saved_cs_client */;

--
-- Dumping data for table `lkm_storyofchange_article`
--

LOCK TABLES `lkm_storyofchange_article` WRITE;
/*!40000 ALTER TABLE `lkm_storyofchange_article` DISABLE KEYS */;
INSERT INTO `lkm_storyofchange_article` VALUES (5,3,NULL,'Article description','DWpPgMuaYfz35QYbjzXdl86Rz03k2Avk.pdf',1610993207,1610993525,1,1,'my sample.pdf'),(6,2,NULL,'Description','JXqdPvl27LGf0T51dn54_yOxRqF4deXk.pdf',1614019624,1614019624,1,1,'my sample.pdf'),(7,6,NULL,'','_KDjaAkOc32clJN1sKBeKHCnTRUhjzIi.pdf',1614070974,1614070974,1,1,'my sample.pdf'),(8,7,NULL,'','mvxMFs5PxGYVPLu9AVAlY6xU9qBXzqMW.pdf',1618996769,1618996769,1,1,'my sample.pdf'),(9,8,NULL,'','DJxF6Pzd8BHAT3R3RsIpmTjanHKow9jj.pdf',1622279606,1622279606,1,1,'my sample.pdf');
/*!40000 ALTER TABLE `lkm_storyofchange_article` ENABLE KEYS */;
UNLOCK TABLES;

--
-- Table structure for table `lkm_storyofchange_category`
--

DROP TABLE IF EXISTS `lkm_storyofchange_category`;
/*!40101 SET @saved_cs_client     = @@character_set_client */;
/*!50503 SET character_set_client = utf8mb4 */;
CREATE TABLE `lkm_storyofchange_category` (
  `id` int NOT NULL AUTO_INCREMENT,
  `name` text NOT NULL COMMENT 'Story category name',
  `description` text COMMENT 'Story category description',
  `created_at` int unsigned NOT NULL,
  `updated_at` int unsigned NOT NULL,
  `created_by` int DEFAULT NULL,
  `updated_by` int DEFAULT NULL,
  PRIMARY KEY (`id`)
) ENGINE=InnoDB AUTO_INCREMENT=5 DEFAULT CHARSET=latin1;
/*!40101 SET character_set_client = @saved_cs_client */;

--
-- Dumping data for table `lkm_storyofchange_category`
--

LOCK TABLES `lkm_storyofchange_category` WRITE;
/*!40000 ALTER TABLE `lkm_storyofchange_category` DISABLE KEYS */;
INSERT INTO `lkm_storyofchange_category` VALUES (3,'Livestock farming','',1610361550,1610378652,1,1),(4,'Subsistence farming','Subsistence farming',1610361568,1610361592,1,1);
/*!40000 ALTER TABLE `lkm_storyofchange_category` ENABLE KEYS */;
UNLOCK TABLES;

--
-- Table structure for table `lkm_storyofchange_interview_guide_template_questions`
--

DROP TABLE IF EXISTS `lkm_storyofchange_interview_guide_template_questions`;
/*!40101 SET @saved_cs_client     = @@character_set_client */;
/*!50503 SET character_set_client = utf8mb4 */;
CREATE TABLE `lkm_storyofchange_interview_guide_template_questions` (
  `id` int NOT NULL AUTO_INCREMENT,
  `section` varchar(45) NOT NULL,
  `number` varchar(4) NOT NULL,
  `question` text NOT NULL,
  `created_at` int unsigned NOT NULL,
  `updated_at` int unsigned NOT NULL,
  `created_by` int DEFAULT NULL,
  `updated_by` int DEFAULT NULL,
  PRIMARY KEY (`id`)
) ENGINE=InnoDB AUTO_INCREMENT=12 DEFAULT CHARSET=latin1;
/*!40101 SET character_set_client = @saved_cs_client */;

--
-- Dumping data for table `lkm_storyofchange_interview_guide_template_questions`
--

LOCK TABLES `lkm_storyofchange_interview_guide_template_questions` WRITE;
/*!40000 ALTER TABLE `lkm_storyofchange_interview_guide_template_questions` DISABLE KEYS */;
INSERT INTO `lkm_storyofchange_interview_guide_template_questions` VALUES (1,'Introduction','1','Please introduce yourself and tell me a bit about yourself?',1609956950,1609956950,1,1),(2,'The Problem','2','What Challenges were you experiencing before the E-SAPP and why?',1609958624,1609958624,1,1),(3,'The Problem','3','Did you do anything to solve the problem before E-SAPP? If yes, what did you do?',1609958658,1609958658,1,1),(4,'The Action','4','What interventions did E-SAPP put in place to resolve the problem?  <b>Probe: Detail them according to the different steps taken</b>.',1609958714,1610358307,1,1),(5,'The Action','5','Did the interventions by E-SAPP resolve the problem? Give a reason for your answer.',1609958980,1609958980,1,1),(6,'The Action','6','In your opinion, do you think this problem was going to be addressed if it was not for the intervention from E-SAPP? Give a reason?',1609958996,1609958996,1,1),(7,'The Action','7','What are the key areas of change that you noticed as a result of the intervention? Give examples. ',1609959016,1609959016,1,1),(8,'The Action','8','What are some of the lessons that you have learnt from the intervention?',1609959038,1609959038,1,1),(9,'Recommendations','9',' In terms of how the E-SAPP could improve its intervention delivery, do you have any recommendations/ suggestions? What do you think needs to be done?',1609959055,1609959055,1,1),(10,'Introduction','10','Test question another',1614019009,1614070301,1,1),(11,'Recommendations','11','Another recommendation',1614070268,1614070268,1,1);
/*!40000 ALTER TABLE `lkm_storyofchange_interview_guide_template_questions` ENABLE KEYS */;
UNLOCK TABLES;

--
-- Table structure for table `lkm_storyofchange_media`
--

DROP TABLE IF EXISTS `lkm_storyofchange_media`;
/*!40101 SET @saved_cs_client     = @@character_set_client */;
/*!50503 SET character_set_client = utf8mb4 */;
CREATE TABLE `lkm_storyofchange_media` (
  `id` int NOT NULL AUTO_INCREMENT,
  `story_id` int NOT NULL,
  `media_type` text NOT NULL,
  `file_name` varchar(255) DEFAULT NULL,
  `file` varchar(255) NOT NULL,
  `created_at` int unsigned NOT NULL,
  `updated_at` int unsigned NOT NULL,
  `created_by` int DEFAULT NULL,
  `updated_by` int DEFAULT NULL,
  PRIMARY KEY (`id`),
  KEY `fk_lkm_storyofchange_media_1_idx` (`story_id`),
  CONSTRAINT `fk_lkm_storyofchange_media_1` FOREIGN KEY (`story_id`) REFERENCES `lkm_storyofchange` (`id`)
) ENGINE=InnoDB AUTO_INCREMENT=42 DEFAULT CHARSET=latin1;
/*!40101 SET character_set_client = @saved_cs_client */;

--
-- Dumping data for table `lkm_storyofchange_media`
--

LOCK TABLES `lkm_storyofchange_media` WRITE;
/*!40000 ALTER TABLE `lkm_storyofchange_media` DISABLE KEYS */;
INSERT INTO `lkm_storyofchange_media` VALUES (26,3,'Picture','index.png','dmG_gpT6kkkEblh3ReA_Ar4jHtSAjWzM.png',1610984242,1610984357,10,10),(27,3,'Audio','sample audio.mp3','zLCUZmBHpAx05bs5eV6ktmSDNq-XPZnG.mp3',1610984390,1610984427,10,10),(28,3,'Video','sample video.mp4','gMBISWTb_mKuJStmt2MKqT8BPblM_qpl.mp4',1610984457,1610984457,10,10),(30,3,'Picture','coa.png','Joxf6pf6YuhmsiTakdyzQBkBXrmXq8tw.png',1611056653,1611056653,10,10),(32,6,'Video','sample video.mp4','MwlYJ1CCJxJWq6CSK8aGnA0us31uKacY.mp4',1614936357,1614936357,10,10),(33,6,'Audio','sample audio.mp3','L9ZJK9i-cH2l85NfrOs4CtuF-FUvhzAz.mp3',1614936417,1614936417,10,10),(38,6,'Picture','profile.png','JsN6az9MI360kbJ_jr-clyVt1rycpzU3wuicQrqwga9Aq.png',1614938053,1614938053,10,10),(41,6,'Picture','coa.png','zMajjrs0uQzjIkVj08C3Yd9ZMADZfXsJYB7Lte1dMa-bu.png',1615309307,1615309307,10,10);
/*!40000 ALTER TABLE `lkm_storyofchange_media` ENABLE KEYS */;
UNLOCK TABLES;

--
-- Table structure for table `market`
--

DROP TABLE IF EXISTS `market`;
/*!40101 SET @saved_cs_client     = @@character_set_client */;
/*!50503 SET character_set_client = utf8mb4 */;
CREATE TABLE `market` (
  `id` int unsigned NOT NULL AUTO_INCREMENT,
  `district_id` int unsigned NOT NULL,
  `name` varchar(255) NOT NULL,
  `description` text,
  `created_at` int unsigned NOT NULL,
  `updated_at` int unsigned NOT NULL,
  `created_by` int DEFAULT NULL,
  `updated_by` int DEFAULT NULL,
  PRIMARY KEY (`id`),
  KEY `fk_market_1_idx` (`district_id`),
  CONSTRAINT `fk_market_1` FOREIGN KEY (`district_id`) REFERENCES `district` (`id`)
) ENGINE=InnoDB AUTO_INCREMENT=5 DEFAULT CHARSET=latin1;
/*!40101 SET character_set_client = @saved_cs_client */;

--
-- Dumping data for table `market`
--

LOCK TABLES `market` WRITE;
/*!40000 ALTER TABLE `market` DISABLE KEYS */;
INSERT INTO `market` VALUES (1,14,'Chisokone',NULL,1607267413,1607362158,1,1),(2,49,'Soweto',NULL,1607267496,1607362171,1,1),(3,1,'Chisamba test',NULL,1607623358,1607623358,1,1),(4,2,'Test market',NULL,1611076081,1611076081,1,1);
/*!40000 ALTER TABLE `market` ENABLE KEYS */;
UNLOCK TABLES;

--
-- Table structure for table `me_back_to_office_annexes`
--

DROP TABLE IF EXISTS `me_back_to_office_annexes`;
/*!40101 SET @saved_cs_client     = @@character_set_client */;
/*!50503 SET character_set_client = utf8mb4 */;
CREATE TABLE `me_back_to_office_annexes` (
  `id` int NOT NULL AUTO_INCREMENT,
  `btor_id` int NOT NULL,
  `file` varchar(255) DEFAULT NULL,
  `file_name` varchar(255) DEFAULT NULL,
  `type` varchar(15) DEFAULT NULL,
  PRIMARY KEY (`id`),
  KEY `fk_me_back_to_office_annexes_1_idx` (`btor_id`),
  CONSTRAINT `fk_me_back_to_office_annexes_1` FOREIGN KEY (`btor_id`) REFERENCES `me_back_to_office_report` (`id`)
) ENGINE=InnoDB AUTO_INCREMENT=11 DEFAULT CHARSET=utf8mb4 COLLATE=utf8mb4_unicode_ci;
/*!40101 SET character_set_client = @saved_cs_client */;

--
-- Dumping data for table `me_back_to_office_annexes`
--

LOCK TABLES `me_back_to_office_annexes` WRITE;
/*!40000 ALTER TABLE `me_back_to_office_annexes` DISABLE KEYS */;
INSERT INTO `me_back_to_office_annexes` VALUES (6,1,'V9XfYkKs46FLVtZ2hHdRmobydYhTtjp2oYKO2FbJiptux.mp4','sample video.mp4','Video'),(9,1,'ry2Vh1FfV5sEHq7-0ik4kmHRztYzTUk_0ETkvNKxmXX_L.jpg','user1.jpg','Image'),(10,1,'NJYELhVsvMtZpbfQ6vYp1oduYHbjgyl-r1SmjUKeIi2cW.jpg','user1.jpg','Image');
/*!40000 ALTER TABLE `me_back_to_office_annexes` ENABLE KEYS */;
UNLOCK TABLES;

--
-- Table structure for table `me_back_to_office_report`
--

DROP TABLE IF EXISTS `me_back_to_office_report`;
/*!40101 SET @saved_cs_client     = @@character_set_client */;
/*!50503 SET character_set_client = utf8mb4 */;
CREATE TABLE `me_back_to_office_report` (
  `id` int NOT NULL AUTO_INCREMENT,
  `start_date` date NOT NULL,
  `end_date` date NOT NULL,
  `name_of_officer` varchar(45) NOT NULL,
  `team_members` text,
  `key_partners` text COMMENT 'Key partners in each location/site visited',
  `purpose_of_assignment` text NOT NULL,
  `summary_of_assignment_outcomes` text NOT NULL,
  `key_findings` text NOT NULL,
  `key_recommendations` text NOT NULL COMMENT 'Key Recommendations/Actions to be taken, by whom',
  `copy_sent_to` text,
  `annexes` text,
  `status` int NOT NULL DEFAULT '0' COMMENT 'Pending submission for review=0, Reviewed and accepted=1,Submitted for review=2,Reviewed and sent back for more information=3',
  `reviewer_comments` varchar(45) DEFAULT NULL,
  `created_at` int unsigned NOT NULL,
  `updated_at` int unsigned NOT NULL,
  `created_by` int DEFAULT NULL,
  `updated_by` int DEFAULT NULL,
  PRIMARY KEY (`id`)
) ENGINE=InnoDB AUTO_INCREMENT=4 DEFAULT CHARSET=latin1;
/*!40101 SET character_set_client = @saved_cs_client */;

--
-- Dumping data for table `me_back_to_office_report`
--

LOCK TABLES `me_back_to_office_report` WRITE;
/*!40000 ALTER TABLE `me_back_to_office_report` DISABLE KEYS */;
INSERT INTO `me_back_to_office_report` VALUES (1,'2021-03-10','2021-03-12','test  Test','Francis  Chulu','<p>Partners</p>','<p>Purpose</p>','<p>Summary</p>','<p>Findings</p>','<p>Recommedations</p>',NULL,'',1,'',1615321516,1625578272,10,1),(2,'2021-03-09','2021-03-12','test  Test','Chulu  Francis, Test  Test','<p>Partners</p>','<p>Lorem ipsum</p>','<p>Lorem ipsum</p>','<p>Lorem ipsum</p>','<p>Lorem ipsum</p>',NULL,'',0,'',1617129037,1617129133,10,1),(3,'2021-03-24','2021-03-27','test  Test','Francis  Chulu, test test','<p>lorem ipsum</p>','<p>lorem ipsum</p>','<p>lorem ipsum</p>','<p>lorem ipsum</p>','<p>lorem ipsum</p>',NULL,'',0,'',1617178995,1617179107,10,1);
/*!40000 ALTER TABLE `me_back_to_office_report` ENABLE KEYS */;
UNLOCK TABLES;

--
-- Table structure for table `me_camp_subproject_records_awpb_objectives`
--

DROP TABLE IF EXISTS `me_camp_subproject_records_awpb_objectives`;
/*!40101 SET @saved_cs_client     = @@character_set_client */;
/*!50503 SET character_set_client = utf8mb4 */;
CREATE TABLE `me_camp_subproject_records_awpb_objectives` (
  `id` int NOT NULL AUTO_INCREMENT,
  `camp_id` int unsigned NOT NULL,
  `quarter` int NOT NULL,
  `key_indicators` text NOT NULL,
  `period_unit` varchar(255) NOT NULL,
  `target` varchar(255) NOT NULL,
  `year` varchar(5) NOT NULL,
  `created_at` int unsigned NOT NULL,
  `updated_at` int unsigned NOT NULL,
  `created_by` int DEFAULT NULL,
  `updated_by` int DEFAULT NULL,
  PRIMARY KEY (`id`),
  KEY `fk_me_camp_subproject_records_awpb_objectives_1_idx` (`camp_id`),
  CONSTRAINT `fk_me_camp_subproject_records_awpb_objectives_1` FOREIGN KEY (`camp_id`) REFERENCES `camp` (`id`)
) ENGINE=InnoDB AUTO_INCREMENT=13 DEFAULT CHARSET=latin1;
/*!40101 SET character_set_client = @saved_cs_client */;

--
-- Dumping data for table `me_camp_subproject_records_awpb_objectives`
--

LOCK TABLES `me_camp_subproject_records_awpb_objectives` WRITE;
/*!40000 ALTER TABLE `me_camp_subproject_records_awpb_objectives` DISABLE KEYS */;
INSERT INTO `me_camp_subproject_records_awpb_objectives` VALUES (1,5,1,'Not set','Not set','0','2021',1615474709,1615489186,10,10),(2,5,2,'Not set','Not set','0','2021',1615474709,1615489186,10,10),(3,5,3,'Not set','Not set','0','2021',1615474709,1615489186,10,10),(4,5,4,'Not set','Not set','0','2021',1615474709,1615489186,10,10),(5,6,1,'Not set','Not set','0','2021',1615474709,1615487999,10,10),(6,6,2,'Not set','Not set','0','2021',1615474709,1615487999,10,10),(7,6,3,'Not set','Not set','0','2021',1615474709,1615487999,10,10),(8,6,4,'Not set','Not set','0','2021',1615474709,1615487999,10,10),(9,7,1,'- Train 10 farmers\r\n- Indicator two\r\n','12','10','2021',1615474709,1615486522,10,10),(10,7,2,'- Issue out 5 commodity sacks','20','5','2021',1615474709,1615486522,10,10),(11,7,3,'- Indicator one\r\n- Indicator two','1','1','2021',1615474709,1615486629,10,10),(12,7,4,'- Indicator one\r\n- Indicator two','3','2','2021',1615474709,1615486522,10,10);
/*!40000 ALTER TABLE `me_camp_subproject_records_awpb_objectives` ENABLE KEYS */;
UNLOCK TABLES;

--
-- Table structure for table `me_camp_subproject_records_improved_tech_facilitation`
--

DROP TABLE IF EXISTS `me_camp_subproject_records_improved_tech_facilitation`;
/*!40101 SET @saved_cs_client     = @@character_set_client */;
/*!50503 SET character_set_client = utf8mb4 */;
CREATE TABLE `me_camp_subproject_records_improved_tech_facilitation` (
  `id` int NOT NULL AUTO_INCREMENT,
  `camp_id` int unsigned NOT NULL,
  `output_level_indicator_id` int NOT NULL,
  `year` varchar(5) NOT NULL,
  `quarter` varchar(4) DEFAULT NULL,
  `created_at` int unsigned NOT NULL,
  `updated_at` int unsigned NOT NULL,
  `created_by` int DEFAULT NULL,
  `updated_by` int DEFAULT NULL,
  PRIMARY KEY (`id`),
  KEY `fk_me_camp_subproject_improved_tech_facilitation_1_idx` (`output_level_indicator_id`),
  CONSTRAINT `fk_me_camp_subproject_improved_tech_facilitation_1` FOREIGN KEY (`output_level_indicator_id`) REFERENCES `me_camp_subproject_records_output_level_indicators` (`id`)
) ENGINE=InnoDB DEFAULT CHARSET=latin1;
/*!40101 SET character_set_client = @saved_cs_client */;

--
-- Dumping data for table `me_camp_subproject_records_improved_tech_facilitation`
--

LOCK TABLES `me_camp_subproject_records_improved_tech_facilitation` WRITE;
/*!40000 ALTER TABLE `me_camp_subproject_records_improved_tech_facilitation` DISABLE KEYS */;
/*!40000 ALTER TABLE `me_camp_subproject_records_improved_tech_facilitation` ENABLE KEYS */;
UNLOCK TABLES;

--
-- Table structure for table `me_camp_subproject_records_monthly_planned_activities`
--

DROP TABLE IF EXISTS `me_camp_subproject_records_monthly_planned_activities`;
/*!40101 SET @saved_cs_client     = @@character_set_client */;
/*!50503 SET character_set_client = utf8mb4 */;
CREATE TABLE `me_camp_subproject_records_monthly_planned_activities` (
  `id` int NOT NULL AUTO_INCREMENT,
  `work_effort_id` int NOT NULL,
  `activity_id` int NOT NULL,
  `faabs_id` int NOT NULL,
  `zone` varchar(45) DEFAULT NULL,
  `activity_target` varchar(255) DEFAULT NULL,
  `beneficiary_target_total` int DEFAULT '0',
  `beneficiary_target_women` varchar(45) NOT NULL DEFAULT '0',
  `beneficiary_target_youth` varchar(45) NOT NULL DEFAULT '0',
  `beneficiary_target_women_headed` varchar(45) NOT NULL DEFAULT '0',
  `created_at` int unsigned NOT NULL,
  `updated_at` int unsigned NOT NULL,
  `created_by` int DEFAULT NULL,
  `updated_by` int DEFAULT NULL,
  PRIMARY KEY (`id`),
  KEY `fk_me_camp_subproject_records_monthly_planned_activities_1_idx` (`faabs_id`),
  KEY `fk_me_camp_subproject_records_monthly_planned_activities_2_idx` (`work_effort_id`),
  CONSTRAINT `fk_me_camp_subproject_records_monthly_planned_activities_1` FOREIGN KEY (`faabs_id`) REFERENCES `me_faabs_groups` (`id`),
  CONSTRAINT `fk_me_camp_subproject_records_monthly_planned_activities_2` FOREIGN KEY (`work_effort_id`) REFERENCES `me_camp_subproject_records_planned_work_effort` (`id`)
) ENGINE=InnoDB AUTO_INCREMENT=20 DEFAULT CHARSET=latin1;
/*!40101 SET character_set_client = @saved_cs_client */;

--
-- Dumping data for table `me_camp_subproject_records_monthly_planned_activities`
--

LOCK TABLES `me_camp_subproject_records_monthly_planned_activities` WRITE;
/*!40000 ALTER TABLE `me_camp_subproject_records_monthly_planned_activities` DISABLE KEYS */;
INSERT INTO `me_camp_subproject_records_monthly_planned_activities` VALUES (14,14,37,3,'Zone','1',7,'1','3','3',1616679511,1616679511,10,10),(15,14,39,3,'Zone','1',7,'2','2','3',1617179520,1617179520,10,10),(16,13,37,3,'Zone','1',3,'1','1','1',1618423737,1618423737,10,10),(17,15,1,3,'Zone','2',10,'2','2','6',1621772200,1621772200,10,10),(19,17,99,1,'Zone','99',25,'10','9','6',1625591437,1625591437,10,10);
/*!40000 ALTER TABLE `me_camp_subproject_records_monthly_planned_activities` ENABLE KEYS */;
UNLOCK TABLES;

--
-- Table structure for table `me_camp_subproject_records_monthly_planned_activities_actual`
--

DROP TABLE IF EXISTS `me_camp_subproject_records_monthly_planned_activities_actual`;
/*!40101 SET @saved_cs_client     = @@character_set_client */;
/*!50503 SET character_set_client = utf8mb4 */;
CREATE TABLE `me_camp_subproject_records_monthly_planned_activities_actual` (
  `id` int NOT NULL AUTO_INCREMENT,
  `planned_activity_id` int NOT NULL,
  `hours_worked_field` varchar(2) NOT NULL DEFAULT '0',
  `hours_worked_office` varchar(2) NOT NULL DEFAULT '0',
  `hours_worked_total` varchar(4) DEFAULT '0',
  `achieved_activity_target` varchar(45) NOT NULL,
  `beneficiary_target_achieved_total` varchar(45) DEFAULT '0',
  `beneficiary_target_achieved_women` varchar(45) DEFAULT '0',
  `beneficiary_target_achieved_youth` varchar(45) DEFAULT '0',
  `beneficiary_target_achieved_women_headed` varchar(45) DEFAULT '0',
  `remarks` text,
  `year` varchar(5) DEFAULT NULL,
  `month` varchar(3) DEFAULT NULL,
  `created_at` int unsigned NOT NULL,
  `updated_at` int unsigned NOT NULL,
  `created_by` int DEFAULT NULL,
  `updated_by` int DEFAULT NULL,
  PRIMARY KEY (`id`),
  KEY `fk_new_table_2_idx` (`planned_activity_id`),
  CONSTRAINT `fk_new_table_2` FOREIGN KEY (`planned_activity_id`) REFERENCES `me_camp_subproject_records_monthly_planned_activities` (`id`)
) ENGINE=InnoDB AUTO_INCREMENT=8 DEFAULT CHARSET=latin1;
/*!40101 SET character_set_client = @saved_cs_client */;

--
-- Dumping data for table `me_camp_subproject_records_monthly_planned_activities_actual`
--

LOCK TABLES `me_camp_subproject_records_monthly_planned_activities_actual` WRITE;
/*!40000 ALTER TABLE `me_camp_subproject_records_monthly_planned_activities_actual` DISABLE KEYS */;
INSERT INTO `me_camp_subproject_records_monthly_planned_activities_actual` VALUES (1,14,'1','1','2','1','31','18','5','8','',NULL,NULL,1617129988,1617129988,10,10),(2,15,'1','10','11','1','12','4','4','4','',NULL,NULL,1617179689,1617179689,10,10),(3,16,'1','1','2','1','3','1','1','1','',NULL,NULL,1618423751,1618423751,10,10),(7,19,'6','5','11','50','27','18','2','7','',NULL,NULL,1625594530,1625594530,10,10);
/*!40000 ALTER TABLE `me_camp_subproject_records_monthly_planned_activities_actual` ENABLE KEYS */;
UNLOCK TABLES;

--
-- Table structure for table `me_camp_subproject_records_output_level_indicators`
--

DROP TABLE IF EXISTS `me_camp_subproject_records_output_level_indicators`;
/*!40101 SET @saved_cs_client     = @@character_set_client */;
/*!50503 SET character_set_client = utf8mb4 */;
CREATE TABLE `me_camp_subproject_records_output_level_indicators` (
  `id` int NOT NULL AUTO_INCREMENT,
  `indicator` text NOT NULL,
  PRIMARY KEY (`id`)
) ENGINE=InnoDB DEFAULT CHARSET=latin1;
/*!40101 SET character_set_client = @saved_cs_client */;

--
-- Dumping data for table `me_camp_subproject_records_output_level_indicators`
--

LOCK TABLES `me_camp_subproject_records_output_level_indicators` WRITE;
/*!40000 ALTER TABLE `me_camp_subproject_records_output_level_indicators` DISABLE KEYS */;
/*!40000 ALTER TABLE `me_camp_subproject_records_output_level_indicators` ENABLE KEYS */;
UNLOCK TABLES;

--
-- Table structure for table `me_camp_subproject_records_planned_work_effort`
--

DROP TABLE IF EXISTS `me_camp_subproject_records_planned_work_effort`;
/*!40101 SET @saved_cs_client     = @@character_set_client */;
/*!50503 SET character_set_client = utf8mb4 */;
CREATE TABLE `me_camp_subproject_records_planned_work_effort` (
  `id` int NOT NULL AUTO_INCREMENT,
  `camp_id` int unsigned NOT NULL,
  `year` int NOT NULL,
  `month` varchar(15) NOT NULL,
  `days_in_month` int NOT NULL,
  `days_field` int NOT NULL DEFAULT '0',
  `days_office` int NOT NULL DEFAULT '0',
  `days_total` int DEFAULT '0' COMMENT 'Field days + Office days',
  `days_other_non_esapp_activities` int DEFAULT NULL,
  `created_at` int unsigned NOT NULL,
  `updated_at` int unsigned NOT NULL,
  `created_by` int DEFAULT NULL,
  `updated_by` int DEFAULT NULL,
  PRIMARY KEY (`id`),
  KEY `fk_me_camp_subproject_records_planned_work_effort_1_idx` (`camp_id`),
  CONSTRAINT `fk_me_camp_subproject_records_planned_work_effort_1` FOREIGN KEY (`camp_id`) REFERENCES `camp` (`id`)
) ENGINE=InnoDB AUTO_INCREMENT=18 DEFAULT CHARSET=latin1;
/*!40101 SET character_set_client = @saved_cs_client */;

--
-- Dumping data for table `me_camp_subproject_records_planned_work_effort`
--

LOCK TABLES `me_camp_subproject_records_planned_work_effort` WRITE;
/*!40000 ALTER TABLE `me_camp_subproject_records_planned_work_effort` DISABLE KEYS */;
INSERT INTO `me_camp_subproject_records_planned_work_effort` VALUES (13,6,2021,'3',31,12,12,24,2,1616678720,1616678720,10,10),(14,5,2021,'3',31,6,4,10,7,1616678740,1616751023,10,10),(15,5,2021,'5',31,2,2,4,3,1621770811,1621770811,10,10),(16,7,2021,'5',31,3,2,5,12,1622286786,1622286786,10,10),(17,7,2021,'7',31,15,10,25,6,1625561338,1625561338,10,10);
/*!40000 ALTER TABLE `me_camp_subproject_records_planned_work_effort` ENABLE KEYS */;
UNLOCK TABLES;

--
-- Table structure for table `me_camp_subproject_records_subcomponents`
--

DROP TABLE IF EXISTS `me_camp_subproject_records_subcomponents`;
/*!40101 SET @saved_cs_client     = @@character_set_client */;
/*!50503 SET character_set_client = utf8mb4 */;
CREATE TABLE `me_camp_subproject_records_subcomponents` (
  `id` int NOT NULL AUTO_INCREMENT,
  `facilitation_id` int NOT NULL,
  `sub_component` varchar(255) NOT NULL,
  `females` varchar(45) NOT NULL DEFAULT '0',
  `males` varchar(45) NOT NULL DEFAULT '0',
  `women_headed` varchar(45) NOT NULL DEFAULT '0',
  `youth` varchar(45) NOT NULL DEFAULT '0',
  `created_at` int unsigned NOT NULL,
  `updated_at` int unsigned NOT NULL,
  `created_by` int DEFAULT NULL,
  `updated_by` int DEFAULT NULL,
  PRIMARY KEY (`id`),
  KEY `fk_me_camp_subproject_records_subcomponents_1_idx` (`facilitation_id`),
  CONSTRAINT `fk_me_camp_subproject_records_subcomponents_1` FOREIGN KEY (`facilitation_id`) REFERENCES `me_camp_subproject_records_improved_tech_facilitation` (`id`)
) ENGINE=InnoDB DEFAULT CHARSET=latin1;
/*!40101 SET character_set_client = @saved_cs_client */;

--
-- Dumping data for table `me_camp_subproject_records_subcomponents`
--

LOCK TABLES `me_camp_subproject_records_subcomponents` WRITE;
/*!40000 ALTER TABLE `me_camp_subproject_records_subcomponents` DISABLE KEYS */;
/*!40000 ALTER TABLE `me_camp_subproject_records_subcomponents` ENABLE KEYS */;
UNLOCK TABLES;

--
-- Table structure for table `me_faabs_category_a_farmers`
--

DROP TABLE IF EXISTS `me_faabs_category_a_farmers`;
/*!40101 SET @saved_cs_client     = @@character_set_client */;
/*!50503 SET character_set_client = utf8mb4 */;
CREATE TABLE `me_faabs_category_a_farmers` (
  `id` int NOT NULL AUTO_INCREMENT,
  `faabs_group_id` int NOT NULL,
  `first_name` varchar(255) NOT NULL,
  `other_names` varchar(255) DEFAULT NULL,
  `last_name` varchar(255) NOT NULL,
  `sex` varchar(7) NOT NULL,
  `dob` date NOT NULL,
  `nrc` varchar(20) DEFAULT NULL,
  `marital_status` varchar(15) NOT NULL,
  `contact_number` varchar(16) DEFAULT NULL,
  `relationship_to_household_head` varchar(50) DEFAULT NULL,
  `registration_date` date NOT NULL,
  `status` int NOT NULL DEFAULT '1',
  `household_size` int DEFAULT '0',
  `village` varchar(255) DEFAULT NULL,
  `chiefdom` varchar(255) DEFAULT NULL,
  `block` varchar(255) DEFAULT NULL,
  `zone` varchar(255) DEFAULT NULL,
  `commodity` varchar(255) DEFAULT NULL,
  `created_at` int unsigned NOT NULL,
  `updated_at` int unsigned NOT NULL,
  `created_by` int DEFAULT NULL,
  `updated_by` int DEFAULT NULL,
  `title` varchar(10) NOT NULL,
  `age` int DEFAULT NULL,
  `household_head_type` enum('Female headed','Male headed') DEFAULT 'Male headed' COMMENT 'Female headed or Male headed',
  PRIMARY KEY (`id`),
  KEY `fk_me_faabs_farmer_register_1_idx` (`faabs_group_id`),
  CONSTRAINT `fk_me_faabs_category_a_farmers` FOREIGN KEY (`faabs_group_id`) REFERENCES `me_faabs_groups` (`id`)
) ENGINE=InnoDB AUTO_INCREMENT=5 DEFAULT CHARSET=latin1;
/*!40101 SET character_set_client = @saved_cs_client */;

--
-- Dumping data for table `me_faabs_category_a_farmers`
--

LOCK TABLES `me_faabs_category_a_farmers` WRITE;
/*!40000 ALTER TABLE `me_faabs_category_a_farmers` DISABLE KEYS */;
INSERT INTO `me_faabs_category_a_farmers` VALUES (1,3,'Francis','','Chulu','Male','1990-06-05','1828672/12/34','Married','+260978981455','','2021-03-03',1,10,'Village one','Chiefdom','Block','Zone','Commodity',1615132100,1616709828,10,10,'Mr.',30,'Male headed'),(2,3,'Francis','','test','Male','1989-07-19','1828672/12/00','Single','','','2021-03-25',1,NULL,'','','','','',1616709481,1616709903,10,10,'Mr.',31,'Male headed'),(3,1,'First ','','Last name','Female','1980-07-23','1828672/12/09','Married','','','2021-03-26',1,6,'Village one','Chiefdom','Block','Zone','Commodity',1616764476,1616764476,10,10,'Mrs.',40,'Male headed'),(4,3,'Francis','','Other name','Male','1981-07-30','1828672/12/1','Married','','','2020-03-11',1,NULL,'','','','','',1621769681,1621769895,10,10,'Mr.',39,'Male headed');
/*!40000 ALTER TABLE `me_faabs_category_a_farmers` ENABLE KEYS */;
UNLOCK TABLES;

--
-- Table structure for table `me_faabs_groups`
--

DROP TABLE IF EXISTS `me_faabs_groups`;
/*!40101 SET @saved_cs_client     = @@character_set_client */;
/*!50503 SET character_set_client = utf8mb4 */;
CREATE TABLE `me_faabs_groups` (
  `id` int NOT NULL AUTO_INCREMENT,
  `camp_id` int unsigned NOT NULL,
  `name` varchar(255) NOT NULL,
  `code` varchar(20) DEFAULT NULL,
  `status` int DEFAULT '1',
  `created_at` int unsigned NOT NULL,
  `latitude` varchar(45) DEFAULT NULL,
  `longitude` varchar(45) DEFAULT NULL,
  `updated_at` int unsigned NOT NULL,
  `created_by` int DEFAULT NULL,
  `updated_by` int DEFAULT NULL,
  `max_farmer_graduation_training_topics` int DEFAULT '1',
  PRIMARY KEY (`id`),
  KEY `fk_me_faabs_groups_1_idx` (`camp_id`),
  CONSTRAINT `fk_me_faabs_groups_1` FOREIGN KEY (`camp_id`) REFERENCES `camp` (`id`)
) ENGINE=InnoDB AUTO_INCREMENT=4 DEFAULT CHARSET=utf8mb3;
/*!40101 SET character_set_client = @saved_cs_client */;

--
-- Dumping data for table `me_faabs_groups`
--

LOCK TABLES `me_faabs_groups` WRITE;
/*!40000 ALTER TABLE `me_faabs_groups` DISABLE KEYS */;
INSERT INTO `me_faabs_groups` VALUES (1,5,'FaaBS One','FO',1,1607263313,'-14.72048826007502','28.090678349761973',1625092460,1,10,1),(3,5,'Come together Group',NULL,1,1615123711,'-13.889884','28.368405',1625084332,10,10,2);
/*!40000 ALTER TABLE `me_faabs_groups` ENABLE KEYS */;
UNLOCK TABLES;

--
-- Table structure for table `me_faabs_register`
--

DROP TABLE IF EXISTS `me_faabs_register`;
/*!40101 SET @saved_cs_client     = @@character_set_client */;
/*!50503 SET character_set_client = utf8mb4 */;
CREATE TABLE `me_faabs_register` (
  `id` int NOT NULL AUTO_INCREMENT,
  `faabs_group_id` int NOT NULL,
  `farmer_id` int NOT NULL,
  `present` enum('Yes','No') DEFAULT 'Yes',
  `date` date NOT NULL,
  `topic` mediumtext NOT NULL COMMENT 'Topic or session covered i.e. Village Chicken housing',
  `created_at` int unsigned NOT NULL,
  `updated_at` int unsigned NOT NULL,
  `created_by` int DEFAULT NULL,
  `updated_by` int DEFAULT NULL,
  PRIMARY KEY (`id`),
  KEY `fk_me_faabs_register_1_idx` (`farmer_id`),
  KEY `fk_me_faabs_register_2_idx` (`faabs_group_id`),
  CONSTRAINT `fk_me_faabs_register_1` FOREIGN KEY (`farmer_id`) REFERENCES `me_faabs_category_a_farmers` (`id`),
  CONSTRAINT `fk_me_faabs_register_2` FOREIGN KEY (`faabs_group_id`) REFERENCES `me_faabs_groups` (`id`)
) ENGINE=InnoDB DEFAULT CHARSET=utf8mb3;
/*!40101 SET character_set_client = @saved_cs_client */;

--
-- Dumping data for table `me_faabs_register`
--

LOCK TABLES `me_faabs_register` WRITE;
/*!40000 ALTER TABLE `me_faabs_register` DISABLE KEYS */;
/*!40000 ALTER TABLE `me_faabs_register` ENABLE KEYS */;
UNLOCK TABLES;

--
-- Table structure for table `me_faabs_training_attendance_sheet`
--

DROP TABLE IF EXISTS `me_faabs_training_attendance_sheet`;
/*!40101 SET @saved_cs_client     = @@character_set_client */;
/*!50503 SET character_set_client = utf8mb4 */;
CREATE TABLE `me_faabs_training_attendance_sheet` (
  `id` int NOT NULL AUTO_INCREMENT,
  `faabs_group_id` int NOT NULL,
  `farmer_id` int NOT NULL,
  `household_head_type` varchar(45) DEFAULT 'Male headed' COMMENT 'Female headed or Male headed',
  `topic` text NOT NULL COMMENT 'Training course',
  `facilitators` text NOT NULL COMMENT 'Facilitators/Organisation',
  `partner_organisations` text,
  `training_date` date NOT NULL,
  `duration` varchar(10) NOT NULL COMMENT 'Duration hours and minutes',
  `created_at` int unsigned NOT NULL,
  `updated_at` int unsigned NOT NULL,
  `created_by` int DEFAULT NULL,
  `updated_by` int DEFAULT NULL,
  `full_names` varchar(255) DEFAULT NULL,
  `youth_non_youth` enum('Youth','Non Youth') DEFAULT NULL,
  `marital_status` varchar(45) DEFAULT NULL,
  `sex` varchar(45) DEFAULT NULL,
  `year_of_birth` varchar(6) DEFAULT NULL,
  `quarter` varchar(2) DEFAULT NULL,
  `topic_indicator` text,
  `topic_subcomponent` varchar(45) DEFAULT NULL,
  `training_type` text,
  PRIMARY KEY (`id`),
  KEY `fk_me_faabs_training_attendance_sheet_1_idx` (`farmer_id`),
  KEY `fk_me_faabs_training_attendance_sheet_2_idx` (`faabs_group_id`),
  CONSTRAINT `fk_me_faabs_training_attendance_sheet_1` FOREIGN KEY (`farmer_id`) REFERENCES `me_faabs_category_a_farmers` (`id`),
  CONSTRAINT `fk_me_faabs_training_attendance_sheet_2` FOREIGN KEY (`faabs_group_id`) REFERENCES `me_faabs_groups` (`id`)
) ENGINE=InnoDB AUTO_INCREMENT=11 DEFAULT CHARSET=latin1;
/*!40101 SET character_set_client = @saved_cs_client */;

--
-- Dumping data for table `me_faabs_training_attendance_sheet`
--

LOCK TABLES `me_faabs_training_attendance_sheet` WRITE;
/*!40000 ALTER TABLE `me_faabs_training_attendance_sheet` DISABLE KEYS */;
INSERT INTO `me_faabs_training_attendance_sheet` VALUES (9,3,1,'','3','Facilitator names','','2021-04-06','12:30',1618397385,1618398329,10,10,NULL,'Non Youth',NULL,'Male',NULL,'2','Number of smallholders trained in the use of improved production technologies & best practices to enhance productivity that allow production to comply with market requirements (at least 3 improved production technologies facilitated)','Sub-component 2.2','Participants under non-Direct/Other Training [Stream 2]'),(10,3,1,'Male headed','5','Facilitator names','','2021-04-12','13:00',1618917211,1621769908,10,10,NULL,'Non Youth',NULL,'Male',NULL,'2','Number of local service providers (farm & non-farm) strengthened and/or trained to provide services that allow production to meet market requirements [Strengthening of coordination & business models] ','Sub-component 2.1','Participants under Direct/Intensive Training [Stream 1]');
/*!40000 ALTER TABLE `me_faabs_training_attendance_sheet` ENABLE KEYS */;
UNLOCK TABLES;

--
-- Table structure for table `me_faabs_training_topic_enrolment`
--

DROP TABLE IF EXISTS `me_faabs_training_topic_enrolment`;
/*!40101 SET @saved_cs_client     = @@character_set_client */;
/*!50503 SET character_set_client = utf8mb4 */;
CREATE TABLE `me_faabs_training_topic_enrolment` (
  `id` int NOT NULL AUTO_INCREMENT,
  `faabs_id` int NOT NULL,
  `training_type` varchar(255) NOT NULL,
  `topic_id` int NOT NULL,
  PRIMARY KEY (`id`),
  KEY `fk_me_faabs_training_topic_enrolment_1_idx` (`faabs_id`),
  KEY `fk_me_faabs_training_topic_enrolment_2_idx` (`topic_id`),
  CONSTRAINT `fk_me_faabs_training_topic_enrolment_1` FOREIGN KEY (`faabs_id`) REFERENCES `me_faabs_groups` (`id`),
  CONSTRAINT `fk_me_faabs_training_topic_enrolment_2` FOREIGN KEY (`topic_id`) REFERENCES `me_faabs_training_topics` (`id`)
) ENGINE=InnoDB AUTO_INCREMENT=33 DEFAULT CHARSET=utf8mb3;
/*!40101 SET character_set_client = @saved_cs_client */;

--
-- Dumping data for table `me_faabs_training_topic_enrolment`
--

LOCK TABLES `me_faabs_training_topic_enrolment` WRITE;
/*!40000 ALTER TABLE `me_faabs_training_topic_enrolment` DISABLE KEYS */;
INSERT INTO `me_faabs_training_topic_enrolment` VALUES (14,1,'Participants under non-Direct/Other Training [Stream 2]',2),(15,1,'Participants under non-Direct/Other Training [Stream 2]',3),(16,1,'Participants under non-Direct/Other Training [Stream 2]',4),(28,3,'Participants under Direct/Intensive Training [Stream 1]',2),(29,3,'Participants under Direct/Intensive Training [Stream 1]',3),(30,3,'Participants under Direct/Intensive Training [Stream 1]',4),(31,3,'Participants under Direct/Intensive Training [Stream 1]',5),(32,3,'Participants under Direct/Intensive Training [Stream 1]',6);
/*!40000 ALTER TABLE `me_faabs_training_topic_enrolment` ENABLE KEYS */;
UNLOCK TABLES;

--
-- Table structure for table `me_faabs_training_topics`
--

DROP TABLE IF EXISTS `me_faabs_training_topics`;
/*!40101 SET @saved_cs_client     = @@character_set_client */;
/*!50503 SET character_set_client = utf8mb4 */;
CREATE TABLE `me_faabs_training_topics` (
  `id` int NOT NULL AUTO_INCREMENT,
  `topic` text NOT NULL,
  `output_level_indicator` text NOT NULL,
  `category` text NOT NULL,
  `subcomponent` text,
  PRIMARY KEY (`id`)
) ENGINE=InnoDB AUTO_INCREMENT=9 DEFAULT CHARSET=utf8mb3;
/*!40101 SET character_set_client = @saved_cs_client */;

--
-- Dumping data for table `me_faabs_training_topics`
--

LOCK TABLES `me_faabs_training_topics` WRITE;
/*!40000 ALTER TABLE `me_faabs_training_topics` DISABLE KEYS */;
INSERT INTO `me_faabs_training_topics` VALUES (2,'Production enhancing technologies: early planting','Number of smallholders trained in the use of improved production technologies & best practices to enhance productivity that allow production to comply with market requirements (at least 3 improved production technologies facilitated)','Crops','Sub-component 2.1'),(3,'Production enhancing technologies: row planting,','Number of smallholders trained in the use of improved production technologies & best practices to enhance productivity that allow production to comply with market requirements (at least 3 improved production technologies facilitated)','Crops','Sub-component 2.2'),(4,'Production enhancing technologies: construct and use improved livestock housing','Number of smallholders trained in improved Post-harvest technologies (at least 2 improved post-harvest technologies)','Livestock','Sub-component 2.2'),(5,'Test topic 1','Number of local service providers (farm & non-farm) strengthened and/or trained to provide services that allow production to meet market requirements [Strengthening of coordination & business models] ','Aquaculture','Sub-component 2.1'),(6,'Test topic 2','Number of smallholder producers (desegregated by gender) in organizations/cooperatives/marketing groups trained in crucial aspects for inclusion in VC i.e. identification of partnership opportunities, negotiation, market linkages, business management, governance etc [Strengthening of coordination & business models] ','Livestock','Sub-component 2.2'),(7,'Test topic 3','Number of smallholders trained in improved Post-harvest technologies (at least 2 improved post-harvest technologies)','Crops','Sub-component 2.1'),(8,'test topic','Number of smallholders trained in the use of improved production technologies & best practices to enhance productivity that allow production to comply with market requirements (at least 3 improved production technologies facilitated)','Crops','Sub-component 2.1');
/*!40000 ALTER TABLE `me_faabs_training_topics` ENABLE KEYS */;
UNLOCK TABLES;

--
-- Table structure for table `me_field_monitoring_checklist_issues`
--

DROP TABLE IF EXISTS `me_field_monitoring_checklist_issues`;
/*!40101 SET @saved_cs_client     = @@character_set_client */;
/*!50503 SET character_set_client = utf8mb4 */;
CREATE TABLE `me_field_monitoring_checklist_issues` (
  `id` int NOT NULL AUTO_INCREMENT,
  `level` varchar(45) NOT NULL,
  `issue_category` varchar(255) NOT NULL,
  `issue` text NOT NULL,
  PRIMARY KEY (`id`)
) ENGINE=InnoDB DEFAULT CHARSET=latin1;
/*!40101 SET character_set_client = @saved_cs_client */;

--
-- Dumping data for table `me_field_monitoring_checklist_issues`
--

LOCK TABLES `me_field_monitoring_checklist_issues` WRITE;
/*!40000 ALTER TABLE `me_field_monitoring_checklist_issues` DISABLE KEYS */;
/*!40000 ALTER TABLE `me_field_monitoring_checklist_issues` ENABLE KEYS */;
UNLOCK TABLES;

--
-- Table structure for table `me_field_monitoring_checklists`
--

DROP TABLE IF EXISTS `me_field_monitoring_checklists`;
/*!40101 SET @saved_cs_client     = @@character_set_client */;
/*!50503 SET character_set_client = utf8mb4 */;
CREATE TABLE `me_field_monitoring_checklists` (
  `id` int NOT NULL AUTO_INCREMENT,
  `district_id` int DEFAULT NULL,
  `province_id` int DEFAULT NULL,
  `issue_id` int NOT NULL,
  `addressed` enum('Yes','No') NOT NULL DEFAULT 'No',
  `comments` varchar(45) DEFAULT NULL,
  `created_at` int unsigned NOT NULL,
  `updated_at` int unsigned NOT NULL,
  `created_by` int DEFAULT NULL,
  `updated_by` int DEFAULT NULL,
  PRIMARY KEY (`id`),
  KEY `fk_me_field_monitoring_checklists_1_idx` (`issue_id`),
  CONSTRAINT `fk_me_field_monitoring_checklists_1` FOREIGN KEY (`issue_id`) REFERENCES `me_field_monitoring_checklist_issues` (`id`)
) ENGINE=InnoDB DEFAULT CHARSET=latin1;
/*!40101 SET character_set_client = @saved_cs_client */;

--
-- Dumping data for table `me_field_monitoring_checklists`
--

LOCK TABLES `me_field_monitoring_checklists` WRITE;
/*!40000 ALTER TABLE `me_field_monitoring_checklists` DISABLE KEYS */;
/*!40000 ALTER TABLE `me_field_monitoring_checklists` ENABLE KEYS */;
UNLOCK TABLES;

--
-- Table structure for table `me_quarterly_operations_funds_requisition`
--

DROP TABLE IF EXISTS `me_quarterly_operations_funds_requisition`;
/*!40101 SET @saved_cs_client     = @@character_set_client */;
/*!50503 SET character_set_client = utf8mb4 */;
CREATE TABLE `me_quarterly_operations_funds_requisition` (
  `id` int NOT NULL AUTO_INCREMENT,
  `quarter_workplan_id` int NOT NULL,
  `budget_estimate_month_1` varchar(50) DEFAULT '0',
  `budget_estimate_month_2` varchar(50) DEFAULT '0',
  `budget_estimate_month_3` varchar(50) DEFAULT '0',
  `created_at` int unsigned NOT NULL,
  `updated_at` int unsigned NOT NULL,
  `created_by` int DEFAULT NULL,
  `updated_by` int DEFAULT NULL,
  PRIMARY KEY (`id`),
  KEY `fk_me_quarterly_operations_funds_requisition_1_idx` (`quarter_workplan_id`),
  CONSTRAINT `fk_me_quarterly_operations_funds_requisition_1` FOREIGN KEY (`quarter_workplan_id`) REFERENCES `me_quarterly_work_plan` (`id`)
) ENGINE=InnoDB DEFAULT CHARSET=utf8mb3;
/*!40101 SET character_set_client = @saved_cs_client */;

--
-- Dumping data for table `me_quarterly_operations_funds_requisition`
--

LOCK TABLES `me_quarterly_operations_funds_requisition` WRITE;
/*!40000 ALTER TABLE `me_quarterly_operations_funds_requisition` DISABLE KEYS */;
/*!40000 ALTER TABLE `me_quarterly_operations_funds_requisition` ENABLE KEYS */;
UNLOCK TABLES;

--
-- Table structure for table `me_quarterly_outreach_records`
--

DROP TABLE IF EXISTS `me_quarterly_outreach_records`;
/*!40101 SET @saved_cs_client     = @@character_set_client */;
/*!50503 SET character_set_client = utf8mb4 */;
CREATE TABLE `me_quarterly_outreach_records` (
  `id` int NOT NULL AUTO_INCREMENT,
  `component` text NOT NULL,
  `sub_component` text NOT NULL,
  `province_id` int DEFAULT NULL,
  `district_id` int DEFAULT NULL,
  `year` varchar(5) NOT NULL,
  `quarter` tinyint NOT NULL,
  `number_females` int NOT NULL DEFAULT '0',
  `number_males` int NOT NULL DEFAULT '0',
  `number_young` int NOT NULL DEFAULT '0',
  `number_not_young` int NOT NULL DEFAULT '0',
  `number_women_headed_households` int NOT NULL DEFAULT '0',
  `number_non_women_headed_households` int DEFAULT '0',
  `number_households` int NOT NULL DEFAULT '0',
  `number_household_members` int NOT NULL DEFAULT '0',
  `created_at` int unsigned NOT NULL,
  `updated_at` int unsigned NOT NULL,
  `created_by` int DEFAULT NULL,
  `updated_by` int DEFAULT NULL,
  PRIMARY KEY (`id`)
) ENGINE=InnoDB AUTO_INCREMENT=11 DEFAULT CHARSET=utf8mb4 COLLATE=utf8mb4_unicode_ci;
/*!40101 SET character_set_client = @saved_cs_client */;

--
-- Dumping data for table `me_quarterly_outreach_records`
--

LOCK TABLES `me_quarterly_outreach_records` WRITE;
/*!40000 ALTER TABLE `me_quarterly_outreach_records` DISABLE KEYS */;
INSERT INTO `me_quarterly_outreach_records` VALUES (3,'Component 2: Sustainable Agribusiness Partnerships','2.1: Strategic Linkages of Graduating Subsistence Farmers',1,2,'2021',1,10,20,15,15,10,0,20,50,1625654301,1625655308,10,10),(4,'Component 2: Sustainable Agribusiness Partnerships','2.2: Enhancing Agro-Micro, Small & Medium Enterprises',1,2,'2021',2,10,12,9,13,10,0,30,40,1625655366,1625655366,10,10),(5,'Component 2: Sustainable Agribusiness Partnerships','2.3: Facilitating Pro-Smallholder Market-Pull Agribusiness',1,2,'2021',3,5,5,3,7,5,0,10,20,1625655406,1625655406,10,10),(6,'Component 2: Sustainable Agribusiness Partnerships','2.1: Strategic Linkages of Graduating Subsistence Farmers',1,2,'2021',4,20,10,10,20,20,0,40,90,1625655454,1625655454,10,10),(7,'Component 2: Sustainable Agribusiness Partnerships','2.1: Strategic Linkages of Graduating Subsistence Farmers',1,2,'2017',1,10,20,10,10,5,6,0,20,1625679617,1625679617,10,10),(8,'Component 2: Sustainable Agribusiness Partnerships','2.2: Enhancing Agro-Micro, Small & Medium Enterprises',1,2,'2017',2,12,10,10,12,10,10,0,30,1625679648,1625679648,10,10),(9,'Component 2: Sustainable Agribusiness Partnerships','2.3: Facilitating Pro-Smallholder Market-Pull Agribusiness',1,2,'2017',4,10,10,10,10,10,10,0,20,1625679675,1625679675,10,10),(10,'Component 2: Sustainable Agribusiness Partnerships','2.3: Facilitating Pro-Smallholder Market-Pull Agribusiness',1,2,'2017',3,5,5,5,5,5,5,0,15,1625679718,1625679718,10,10);
/*!40000 ALTER TABLE `me_quarterly_outreach_records` ENABLE KEYS */;
UNLOCK TABLES;

--
-- Table structure for table `me_quarterly_work_plan`
--

DROP TABLE IF EXISTS `me_quarterly_work_plan`;
/*!40101 SET @saved_cs_client     = @@character_set_client */;
/*!50503 SET character_set_client = utf8mb4 */;
CREATE TABLE `me_quarterly_work_plan` (
  `id` int NOT NULL AUTO_INCREMENT,
  `activity_id` int NOT NULL,
  `province_id` int NOT NULL,
  `district_id` int NOT NULL,
  `month` int NOT NULL,
  `quarter` varchar(15) NOT NULL,
  `year` varchar(5) NOT NULL,
  `status` int NOT NULL DEFAULT '0',
  `district_approval_status` int NOT NULL DEFAULT '0',
  `provincial_approval_status` int NOT NULL,
  `Remarks` text NOT NULL,
  `esapp_comments` text,
  `created_at` int unsigned NOT NULL,
  `updated_at` int unsigned NOT NULL,
  `created_by` int DEFAULT NULL,
  `updated_by` int DEFAULT NULL,
  PRIMARY KEY (`id`)
) ENGINE=InnoDB DEFAULT CHARSET=utf8mb3;
/*!40101 SET character_set_client = @saved_cs_client */;

--
-- Dumping data for table `me_quarterly_work_plan`
--

LOCK TABLES `me_quarterly_work_plan` WRITE;
/*!40000 ALTER TABLE `me_quarterly_work_plan` DISABLE KEYS */;
/*!40000 ALTER TABLE `me_quarterly_work_plan` ENABLE KEYS */;
UNLOCK TABLES;

--
-- Table structure for table `mgf_activity`
--

DROP TABLE IF EXISTS `mgf_activity`;
/*!40101 SET @saved_cs_client     = @@character_set_client */;
/*!50503 SET character_set_client = utf8mb4 */;
CREATE TABLE `mgf_activity` (
  `id` int NOT NULL AUTO_INCREMENT,
  `activity_no` int NOT NULL,
  `activity_name` varchar(40) COLLATE utf8mb4_unicode_ci NOT NULL,
  `subtotal` decimal(12,2) NOT NULL DEFAULT '0.00',
  `componet_id` int NOT NULL,
  `inputs` int NOT NULL DEFAULT '0',
  `date_created` timestamp NOT NULL DEFAULT CURRENT_TIMESTAMP,
  `createdby` int NOT NULL,
  PRIMARY KEY (`id`),
  KEY `componet_id` (`componet_id`),
  KEY `createdby` (`createdby`),
  CONSTRAINT `mgf_activity_ibfk_1` FOREIGN KEY (`createdby`) REFERENCES `users` (`id`) ON DELETE RESTRICT ON UPDATE RESTRICT,
  CONSTRAINT `mgf_activity_ibfk_2` FOREIGN KEY (`componet_id`) REFERENCES `mgf_component` (`id`) ON DELETE RESTRICT ON UPDATE RESTRICT
) ENGINE=InnoDB DEFAULT CHARSET=utf8mb4 COLLATE=utf8mb4_unicode_ci;
/*!40101 SET character_set_client = @saved_cs_client */;

--
-- Dumping data for table `mgf_activity`
--

LOCK TABLES `mgf_activity` WRITE;
/*!40000 ALTER TABLE `mgf_activity` DISABLE KEYS */;
/*!40000 ALTER TABLE `mgf_activity` ENABLE KEYS */;
UNLOCK TABLES;

--
-- Table structure for table `mgf_applicant`
--

DROP TABLE IF EXISTS `mgf_applicant`;
/*!40101 SET @saved_cs_client     = @@character_set_client */;
/*!50503 SET character_set_client = utf8mb4 */;
CREATE TABLE `mgf_applicant` (
  `id` int NOT NULL AUTO_INCREMENT,
  `title` varchar(255) COLLATE utf8mb4_unicode_ci DEFAULT NULL,
  `province_id` int unsigned DEFAULT NULL,
  `district_id` int unsigned DEFAULT NULL,
  `first_name` varchar(30) COLLATE utf8mb4_unicode_ci NOT NULL,
  `last_name` varchar(30) COLLATE utf8mb4_unicode_ci NOT NULL,
  `mobile` varchar(15) COLLATE utf8mb4_unicode_ci NOT NULL,
  `nationalid` varchar(15) COLLATE utf8mb4_unicode_ci DEFAULT NULL,
  `address` text COLLATE utf8mb4_unicode_ci,
  `confirmed` tinyint(1) NOT NULL DEFAULT '0',
  `applicant_type` varchar(255) COLLATE utf8mb4_unicode_ci DEFAULT NULL,
  `user_id` int NOT NULL,
  `organisation_id` int DEFAULT NULL,
  `date_created` timestamp NOT NULL DEFAULT CURRENT_TIMESTAMP,
  PRIMARY KEY (`id`),
  KEY `user_id` (`user_id`),
  KEY `fk_applicant_district` (`district_id`),
  KEY `fk_mgf_applicant_1_idx` (`province_id`),
  CONSTRAINT `fk_applicant_district` FOREIGN KEY (`district_id`) REFERENCES `district` (`id`) ON DELETE RESTRICT ON UPDATE RESTRICT,
  CONSTRAINT `fk_mgf_applicant_1` FOREIGN KEY (`province_id`) REFERENCES `province` (`id`),
  CONSTRAINT `mgf_applicant_ibfk_1` FOREIGN KEY (`user_id`) REFERENCES `users` (`id`) ON DELETE RESTRICT ON UPDATE RESTRICT
) ENGINE=InnoDB DEFAULT CHARSET=utf8mb4 COLLATE=utf8mb4_unicode_ci;
/*!40101 SET character_set_client = @saved_cs_client */;

--
-- Dumping data for table `mgf_applicant`
--

LOCK TABLES `mgf_applicant` WRITE;
/*!40000 ALTER TABLE `mgf_applicant` DISABLE KEYS */;
/*!40000 ALTER TABLE `mgf_applicant` ENABLE KEYS */;
UNLOCK TABLES;

--
-- Table structure for table `mgf_application`
--

DROP TABLE IF EXISTS `mgf_application`;
/*!40101 SET @saved_cs_client     = @@character_set_client */;
/*!50503 SET character_set_client = utf8mb4 */;
CREATE TABLE `mgf_application` (
  `id` int NOT NULL AUTO_INCREMENT,
  `attachements` int DEFAULT NULL,
  `applicant_id` int NOT NULL,
  `organisation_id` int NOT NULL,
  `application_status` varchar(15) COLLATE utf8mb4_unicode_ci NOT NULL DEFAULT 'Initialized',
  `is_active` tinyint(1) NOT NULL DEFAULT '0',
  `date_created` timestamp NOT NULL DEFAULT CURRENT_TIMESTAMP,
  `date_submitted` timestamp NULL DEFAULT NULL,
  PRIMARY KEY (`id`),
  KEY `organisation_id` (`organisation_id`),
  KEY `applicant_id` (`applicant_id`),
  CONSTRAINT `mgf_application_ibfk_1` FOREIGN KEY (`applicant_id`) REFERENCES `mgf_applicant` (`id`) ON DELETE RESTRICT ON UPDATE RESTRICT,
  CONSTRAINT `mgf_application_ibfk_2` FOREIGN KEY (`organisation_id`) REFERENCES `mgf_organisation` (`id`) ON DELETE RESTRICT ON UPDATE RESTRICT
) ENGINE=InnoDB DEFAULT CHARSET=utf8mb4 COLLATE=utf8mb4_unicode_ci;
/*!40101 SET character_set_client = @saved_cs_client */;

--
-- Dumping data for table `mgf_application`
--

LOCK TABLES `mgf_application` WRITE;
/*!40000 ALTER TABLE `mgf_application` DISABLE KEYS */;
/*!40000 ALTER TABLE `mgf_application` ENABLE KEYS */;
UNLOCK TABLES;

--
-- Table structure for table `mgf_approval`
--

DROP TABLE IF EXISTS `mgf_approval`;
/*!40101 SET @saved_cs_client     = @@character_set_client */;
/*!50503 SET character_set_client = utf8mb4 */;
CREATE TABLE `mgf_approval` (
  `id` int NOT NULL AUTO_INCREMENT,
  `application_id` int NOT NULL,
  `conceptnote_id` int NOT NULL,
  `scores` varchar(5) COLLATE utf8mb4_unicode_ci DEFAULT '0',
  `review_remark` text COLLATE utf8mb4_unicode_ci,
  `review_submission` timestamp NULL DEFAULT NULL,
  `reviewed_by` varchar(20) COLLATE utf8mb4_unicode_ci DEFAULT NULL,
  `certify_remark` text COLLATE utf8mb4_unicode_ci,
  `certify_submission` timestamp NULL DEFAULT NULL,
  `certified_by` varchar(20) COLLATE utf8mb4_unicode_ci DEFAULT NULL,
  `review2_remark` text COLLATE utf8mb4_unicode_ci,
  `review2_submission` timestamp NULL DEFAULT NULL,
  `reviewed2_by` varchar(20) COLLATE utf8mb4_unicode_ci DEFAULT NULL,
  `approval_remark` text COLLATE utf8mb4_unicode_ci,
  `approve_submittion` timestamp NULL DEFAULT NULL,
  `approved_by` varchar(20) COLLATE utf8mb4_unicode_ci DEFAULT NULL,
  PRIMARY KEY (`id`),
  KEY `application_id` (`application_id`),
  KEY `conceptnote_id` (`conceptnote_id`),
  CONSTRAINT `mgf_approval_ibfk_1` FOREIGN KEY (`conceptnote_id`) REFERENCES `mgf_concept_note` (`id`) ON DELETE RESTRICT ON UPDATE RESTRICT,
  CONSTRAINT `mgf_approval_ibfk_2` FOREIGN KEY (`application_id`) REFERENCES `mgf_application` (`id`) ON DELETE RESTRICT ON UPDATE RESTRICT
) ENGINE=InnoDB DEFAULT CHARSET=utf8mb4 COLLATE=utf8mb4_unicode_ci;
/*!40101 SET character_set_client = @saved_cs_client */;

--
-- Dumping data for table `mgf_approval`
--

LOCK TABLES `mgf_approval` WRITE;
/*!40000 ALTER TABLE `mgf_approval` DISABLE KEYS */;
/*!40000 ALTER TABLE `mgf_approval` ENABLE KEYS */;
UNLOCK TABLES;

--
-- Table structure for table `mgf_approval_status`
--

DROP TABLE IF EXISTS `mgf_approval_status`;
/*!40101 SET @saved_cs_client     = @@character_set_client */;
/*!50503 SET character_set_client = utf8mb4 */;
CREATE TABLE `mgf_approval_status` (
  `id` int NOT NULL AUTO_INCREMENT,
  `approval_status` varchar(255) COLLATE utf8mb4_unicode_ci DEFAULT NULL,
  `lowerlimit` varchar(5) COLLATE utf8mb4_unicode_ci NOT NULL,
  `upperlimit` varchar(5) COLLATE utf8mb4_unicode_ci NOT NULL,
  `user_id` int NOT NULL,
  `date_created` timestamp NOT NULL DEFAULT CURRENT_TIMESTAMP,
  PRIMARY KEY (`id`),
  KEY `user_id` (`user_id`),
  CONSTRAINT `mgf_approval_status_ibfk_1` FOREIGN KEY (`user_id`) REFERENCES `users` (`id`) ON DELETE RESTRICT ON UPDATE RESTRICT
) ENGINE=InnoDB DEFAULT CHARSET=utf8mb4 COLLATE=utf8mb4_unicode_ci;
/*!40101 SET character_set_client = @saved_cs_client */;

--
-- Dumping data for table `mgf_approval_status`
--

LOCK TABLES `mgf_approval_status` WRITE;
/*!40000 ALTER TABLE `mgf_approval_status` DISABLE KEYS */;
/*!40000 ALTER TABLE `mgf_approval_status` ENABLE KEYS */;
UNLOCK TABLES;

--
-- Table structure for table `mgf_attachements`
--

DROP TABLE IF EXISTS `mgf_attachements`;
/*!40101 SET @saved_cs_client     = @@character_set_client */;
/*!50503 SET character_set_client = utf8mb4 */;
CREATE TABLE `mgf_attachements` (
  `id` int NOT NULL AUTO_INCREMENT,
  `registration_certificate` text COLLATE utf8mb4_unicode_ci NOT NULL,
  `articles_of_assoc` text COLLATE utf8mb4_unicode_ci NOT NULL,
  `audit_reports` text COLLATE utf8mb4_unicode_ci,
  `mou_contract` text COLLATE utf8mb4_unicode_ci NOT NULL,
  `board_resolution` text COLLATE utf8mb4_unicode_ci NOT NULL,
  `application_attachement` text COLLATE utf8mb4_unicode_ci,
  `organisation_id` int NOT NULL,
  `application_id` int NOT NULL,
  `date_created` timestamp NOT NULL DEFAULT CURRENT_TIMESTAMP,
  PRIMARY KEY (`id`),
  KEY `application_id` (`application_id`),
  KEY `organisation_id` (`organisation_id`),
  CONSTRAINT `mgf_attachements_ibfk_1` FOREIGN KEY (`organisation_id`) REFERENCES `mgf_organisation` (`id`) ON DELETE RESTRICT ON UPDATE RESTRICT,
  CONSTRAINT `mgf_attachements_ibfk_2` FOREIGN KEY (`application_id`) REFERENCES `mgf_application` (`id`) ON DELETE RESTRICT ON UPDATE RESTRICT
) ENGINE=InnoDB DEFAULT CHARSET=utf8mb4 COLLATE=utf8mb4_unicode_ci;
/*!40101 SET character_set_client = @saved_cs_client */;

--
-- Dumping data for table `mgf_attachements`
--

LOCK TABLES `mgf_attachements` WRITE;
/*!40000 ALTER TABLE `mgf_attachements` DISABLE KEYS */;
/*!40000 ALTER TABLE `mgf_attachements` ENABLE KEYS */;
UNLOCK TABLES;

--
-- Table structure for table `mgf_component`
--

DROP TABLE IF EXISTS `mgf_component`;
/*!40101 SET @saved_cs_client     = @@character_set_client */;
/*!50503 SET character_set_client = utf8mb4 */;
CREATE TABLE `mgf_component` (
  `id` int NOT NULL AUTO_INCREMENT,
  `component_no` int NOT NULL,
  `component_name` varchar(40) COLLATE utf8mb4_unicode_ci NOT NULL,
  `subtotal` decimal(12,2) NOT NULL DEFAULT '0.00',
  `proposal_id` int NOT NULL,
  `activities` int NOT NULL DEFAULT '0',
  `date_created` timestamp NOT NULL DEFAULT CURRENT_TIMESTAMP,
  `createdby` int NOT NULL,
  PRIMARY KEY (`id`),
  KEY `proposal_id` (`proposal_id`),
  KEY `createdby` (`createdby`),
  CONSTRAINT `mgf_component_ibfk_1` FOREIGN KEY (`createdby`) REFERENCES `users` (`id`) ON DELETE RESTRICT ON UPDATE RESTRICT,
  CONSTRAINT `mgf_component_ibfk_2` FOREIGN KEY (`proposal_id`) REFERENCES `mgf_proposal` (`id`) ON DELETE RESTRICT ON UPDATE RESTRICT
) ENGINE=InnoDB DEFAULT CHARSET=utf8mb4 COLLATE=utf8mb4_unicode_ci;
/*!40101 SET character_set_client = @saved_cs_client */;

--
-- Dumping data for table `mgf_component`
--

LOCK TABLES `mgf_component` WRITE;
/*!40000 ALTER TABLE `mgf_component` DISABLE KEYS */;
/*!40000 ALTER TABLE `mgf_component` ENABLE KEYS */;
UNLOCK TABLES;

--
-- Table structure for table `mgf_concept_note`
--

DROP TABLE IF EXISTS `mgf_concept_note`;
/*!40101 SET @saved_cs_client     = @@character_set_client */;
/*!50503 SET character_set_client = utf8mb4 */;
CREATE TABLE `mgf_concept_note` (
  `id` int NOT NULL AUTO_INCREMENT,
  `project_title` varchar(30) COLLATE utf8mb4_unicode_ci NOT NULL,
  `estimated_cost` decimal(12,2) NOT NULL,
  `starting_date` date NOT NULL,
  `operation_id` int NOT NULL,
  `implimentation_period` varchar(255) COLLATE utf8mb4_unicode_ci DEFAULT NULL,
  `other_operation_type` text COLLATE utf8mb4_unicode_ci,
  `application_id` int NOT NULL,
  `organisation_id` int NOT NULL,
  `date_created` timestamp NOT NULL DEFAULT CURRENT_TIMESTAMP,
  `date_submitted` timestamp NULL DEFAULT NULL,
  PRIMARY KEY (`id`),
  KEY `operation_id` (`operation_id`),
  KEY `organisation_id` (`organisation_id`),
  KEY `application_id` (`application_id`),
  CONSTRAINT `mgf_concept_note_ibfk_1` FOREIGN KEY (`application_id`) REFERENCES `mgf_application` (`id`) ON DELETE RESTRICT ON UPDATE RESTRICT,
  CONSTRAINT `mgf_concept_note_ibfk_2` FOREIGN KEY (`organisation_id`) REFERENCES `mgf_organisation` (`id`) ON DELETE RESTRICT ON UPDATE RESTRICT,
  CONSTRAINT `mgf_concept_note_ibfk_3` FOREIGN KEY (`operation_id`) REFERENCES `mgf_operation` (`id`) ON DELETE RESTRICT ON UPDATE RESTRICT
) ENGINE=InnoDB DEFAULT CHARSET=utf8mb4 COLLATE=utf8mb4_unicode_ci;
/*!40101 SET character_set_client = @saved_cs_client */;

--
-- Dumping data for table `mgf_concept_note`
--

LOCK TABLES `mgf_concept_note` WRITE;
/*!40000 ALTER TABLE `mgf_concept_note` DISABLE KEYS */;
/*!40000 ALTER TABLE `mgf_concept_note` ENABLE KEYS */;
UNLOCK TABLES;

--
-- Table structure for table `mgf_contact`
--

DROP TABLE IF EXISTS `mgf_contact`;
/*!40101 SET @saved_cs_client     = @@character_set_client */;
/*!50503 SET character_set_client = utf8mb4 */;
CREATE TABLE `mgf_contact` (
  `id` int NOT NULL AUTO_INCREMENT,
  `first_name` varchar(30) COLLATE utf8mb4_unicode_ci NOT NULL,
  `last_name` varchar(30) COLLATE utf8mb4_unicode_ci NOT NULL,
  `mobile` varchar(15) COLLATE utf8mb4_unicode_ci NOT NULL,
  `tel_no` varchar(15) COLLATE utf8mb4_unicode_ci DEFAULT NULL,
  `physical_address` varchar(50) COLLATE utf8mb4_unicode_ci DEFAULT NULL,
  `organisation_id` int NOT NULL,
  `position_id` int NOT NULL,
  `applicant_id` int NOT NULL,
  `date_created` timestamp NOT NULL DEFAULT CURRENT_TIMESTAMP,
  PRIMARY KEY (`id`),
  KEY `applicant_id` (`applicant_id`),
  KEY `position_id` (`position_id`),
  KEY `organisation_id` (`organisation_id`),
  CONSTRAINT `mgf_contact_ibfk_1` FOREIGN KEY (`organisation_id`) REFERENCES `mgf_organisation` (`id`) ON DELETE RESTRICT ON UPDATE RESTRICT,
  CONSTRAINT `mgf_contact_ibfk_2` FOREIGN KEY (`position_id`) REFERENCES `mgf_position` (`id`) ON DELETE RESTRICT ON UPDATE RESTRICT,
  CONSTRAINT `mgf_contact_ibfk_3` FOREIGN KEY (`applicant_id`) REFERENCES `mgf_applicant` (`id`) ON DELETE RESTRICT ON UPDATE RESTRICT
) ENGINE=InnoDB DEFAULT CHARSET=utf8mb4 COLLATE=utf8mb4_unicode_ci;
/*!40101 SET character_set_client = @saved_cs_client */;

--
-- Dumping data for table `mgf_contact`
--

LOCK TABLES `mgf_contact` WRITE;
/*!40000 ALTER TABLE `mgf_contact` DISABLE KEYS */;
/*!40000 ALTER TABLE `mgf_contact` ENABLE KEYS */;
UNLOCK TABLES;

--
-- Table structure for table `mgf_experience`
--

DROP TABLE IF EXISTS `mgf_experience`;
/*!40101 SET @saved_cs_client     = @@character_set_client */;
/*!50503 SET character_set_client = utf8mb4 */;
CREATE TABLE `mgf_experience` (
  `id` int NOT NULL AUTO_INCREMENT,
  `financed_before` varchar(255) COLLATE utf8mb4_unicode_ci DEFAULT NULL,
  `any_collaboration` varchar(255) COLLATE utf8mb4_unicode_ci DEFAULT NULL,
  `collaboration_will` varchar(255) COLLATE utf8mb4_unicode_ci DEFAULT NULL,
  `collaboration_ready` varchar(255) COLLATE utf8mb4_unicode_ci DEFAULT NULL,
  `organisation_id` int NOT NULL,
  `date_created` timestamp NOT NULL DEFAULT CURRENT_TIMESTAMP,
  PRIMARY KEY (`id`),
  KEY `organisation_id` (`organisation_id`),
  CONSTRAINT `mgf_experience_ibfk_1` FOREIGN KEY (`organisation_id`) REFERENCES `mgf_organisation` (`id`) ON DELETE RESTRICT ON UPDATE RESTRICT
) ENGINE=InnoDB DEFAULT CHARSET=utf8mb4 COLLATE=utf8mb4_unicode_ci;
/*!40101 SET character_set_client = @saved_cs_client */;

--
-- Dumping data for table `mgf_experience`
--

LOCK TABLES `mgf_experience` WRITE;
/*!40000 ALTER TABLE `mgf_experience` DISABLE KEYS */;
/*!40000 ALTER TABLE `mgf_experience` ENABLE KEYS */;
UNLOCK TABLES;

--
-- Table structure for table `mgf_final_evaluation`
--

DROP TABLE IF EXISTS `mgf_final_evaluation`;
/*!40101 SET @saved_cs_client     = @@character_set_client */;
/*!50503 SET character_set_client = utf8mb4 */;
CREATE TABLE `mgf_final_evaluation` (
  `id` int NOT NULL AUTO_INCREMENT,
  `proposal_id` int NOT NULL,
  `organisation_id` int NOT NULL,
  `status` int NOT NULL DEFAULT '0',
  `finalscore` varchar(5) COLLATE utf8mb4_unicode_ci DEFAULT NULL,
  `decision` varchar(20) COLLATE utf8mb4_unicode_ci DEFAULT NULL,
  `notified` tinyint(1) NOT NULL DEFAULT '0',
  `finalcomment` text COLLATE utf8mb4_unicode_ci,
  `response` text COLLATE utf8mb4_unicode_ci,
  `date_created` timestamp NOT NULL DEFAULT CURRENT_TIMESTAMP,
  PRIMARY KEY (`id`),
  UNIQUE KEY `proposal_id` (`proposal_id`),
  KEY `organisation_id` (`organisation_id`),
  CONSTRAINT `mgf_final_evaluation_ibfk_1` FOREIGN KEY (`proposal_id`) REFERENCES `mgf_proposal` (`id`) ON DELETE RESTRICT ON UPDATE RESTRICT,
  CONSTRAINT `mgf_final_evaluation_ibfk_2` FOREIGN KEY (`organisation_id`) REFERENCES `mgf_organisation` (`id`) ON DELETE RESTRICT ON UPDATE RESTRICT
) ENGINE=InnoDB DEFAULT CHARSET=utf8mb4 COLLATE=utf8mb4_unicode_ci;
/*!40101 SET character_set_client = @saved_cs_client */;

--
-- Dumping data for table `mgf_final_evaluation`
--

LOCK TABLES `mgf_final_evaluation` WRITE;
/*!40000 ALTER TABLE `mgf_final_evaluation` DISABLE KEYS */;
/*!40000 ALTER TABLE `mgf_final_evaluation` ENABLE KEYS */;
UNLOCK TABLES;

--
-- Table structure for table `mgf_input_cost`
--

DROP TABLE IF EXISTS `mgf_input_cost`;
/*!40101 SET @saved_cs_client     = @@character_set_client */;
/*!50503 SET character_set_client = utf8mb4 */;
CREATE TABLE `mgf_input_cost` (
  `id` int NOT NULL AUTO_INCREMENT,
  `item_no` int NOT NULL,
  `input_name` varchar(40) COLLATE utf8mb4_unicode_ci NOT NULL,
  `unit_cost` decimal(9,2) NOT NULL,
  `project_year_1` decimal(9,2) unsigned DEFAULT NULL,
  `project_year_2` decimal(9,2) unsigned DEFAULT NULL,
  `project_year_3` decimal(9,2) unsigned DEFAULT NULL,
  `project_year_4` decimal(9,2) unsigned DEFAULT NULL,
  `project_year_5` decimal(9,2) unsigned NOT NULL,
  `project_year_6` decimal(9,2) unsigned NOT NULL,
  `project_year_7` decimal(9,2) unsigned NOT NULL,
  `project_year_8` decimal(9,2) unsigned NOT NULL,
  `total_cost` decimal(9,2) NOT NULL,
  `comment` text COLLATE utf8mb4_unicode_ci NOT NULL,
  `activity_id` int NOT NULL,
  `date_created` timestamp NOT NULL DEFAULT CURRENT_TIMESTAMP,
  `createdby` int NOT NULL,
  PRIMARY KEY (`id`),
  KEY `activity_id` (`activity_id`),
  KEY `createdby` (`createdby`),
  CONSTRAINT `mgf_input_cost_ibfk_1` FOREIGN KEY (`createdby`) REFERENCES `users` (`id`) ON DELETE RESTRICT ON UPDATE RESTRICT,
  CONSTRAINT `mgf_input_cost_ibfk_2` FOREIGN KEY (`activity_id`) REFERENCES `mgf_activity` (`id`) ON DELETE RESTRICT ON UPDATE RESTRICT
) ENGINE=InnoDB DEFAULT CHARSET=utf8mb4 COLLATE=utf8mb4_unicode_ci;
/*!40101 SET character_set_client = @saved_cs_client */;

--
-- Dumping data for table `mgf_input_cost`
--

LOCK TABLES `mgf_input_cost` WRITE;
/*!40000 ALTER TABLE `mgf_input_cost` DISABLE KEYS */;
/*!40000 ALTER TABLE `mgf_input_cost` ENABLE KEYS */;
UNLOCK TABLES;

--
-- Table structure for table `mgf_input_item`
--

DROP TABLE IF EXISTS `mgf_input_item`;
/*!40101 SET @saved_cs_client     = @@character_set_client */;
/*!50503 SET character_set_client = utf8mb4 */;
CREATE TABLE `mgf_input_item` (
  `id` int NOT NULL AUTO_INCREMENT,
  `item_no` int NOT NULL,
  `input_name` varchar(40) COLLATE utf8mb4_unicode_ci NOT NULL,
  `unit_of_measure` varchar(10) COLLATE utf8mb4_unicode_ci NOT NULL,
  `project_year_1` decimal(9,2) NOT NULL DEFAULT '0.00',
  `project_year_2` decimal(9,2) DEFAULT '0.00',
  `project_year_3` decimal(9,2) NOT NULL DEFAULT '0.00',
  `project_year_4` decimal(9,2) NOT NULL DEFAULT '0.00',
  `project_year_5` decimal(9,2) unsigned NOT NULL,
  `project_year_6` decimal(9,2) unsigned NOT NULL,
  `project_year_7` decimal(9,2) unsigned NOT NULL,
  `project_year_8` decimal(9,2) unsigned NOT NULL,
  `unit_cost` decimal(9,2) NOT NULL,
  `total_cost` decimal(9,2) NOT NULL,
  `comment` text COLLATE utf8mb4_unicode_ci NOT NULL,
  `activity_id` int NOT NULL,
  `date_created` timestamp NOT NULL DEFAULT CURRENT_TIMESTAMP,
  `createdby` int NOT NULL,
  PRIMARY KEY (`id`),
  KEY `activity_id` (`activity_id`),
  KEY `createdby` (`createdby`),
  CONSTRAINT `mgf_input_item_ibfk_1` FOREIGN KEY (`createdby`) REFERENCES `users` (`id`) ON DELETE RESTRICT ON UPDATE RESTRICT,
  CONSTRAINT `mgf_input_item_ibfk_2` FOREIGN KEY (`activity_id`) REFERENCES `mgf_activity` (`id`) ON DELETE RESTRICT ON UPDATE RESTRICT
) ENGINE=InnoDB DEFAULT CHARSET=utf8mb4 COLLATE=utf8mb4_unicode_ci;
/*!40101 SET character_set_client = @saved_cs_client */;

--
-- Dumping data for table `mgf_input_item`
--

LOCK TABLES `mgf_input_item` WRITE;
/*!40000 ALTER TABLE `mgf_input_item` DISABLE KEYS */;
/*!40000 ALTER TABLE `mgf_input_item` ENABLE KEYS */;
UNLOCK TABLES;

--
-- Table structure for table `mgf_offer`
--

DROP TABLE IF EXISTS `mgf_offer`;
/*!40101 SET @saved_cs_client     = @@character_set_client */;
/*!50503 SET character_set_client = utf8mb4 */;
CREATE TABLE `mgf_offer` (
  `id` int NOT NULL AUTO_INCREMENT,
  `proposal_id` int NOT NULL,
  `organisation_id` int NOT NULL,
  `status` varchar(255) COLLATE utf8mb4_unicode_ci DEFAULT NULL,
  `amountoffered` decimal(12,2) NOT NULL,
  `contribution` decimal(12,2) NOT NULL,
  `responded` tinyint(1) DEFAULT '0',
  `date_created` timestamp NOT NULL DEFAULT CURRENT_TIMESTAMP,
  `date_responde` timestamp NULL DEFAULT NULL,
  `createdby` int NOT NULL,
  PRIMARY KEY (`id`),
  KEY `organisation_id` (`organisation_id`),
  KEY `proposal_id` (`proposal_id`),
  KEY `createdby` (`createdby`),
  CONSTRAINT `mgf_offer_ibfk_1` FOREIGN KEY (`createdby`) REFERENCES `users` (`id`) ON DELETE RESTRICT ON UPDATE RESTRICT,
  CONSTRAINT `mgf_offer_ibfk_2` FOREIGN KEY (`proposal_id`) REFERENCES `mgf_proposal` (`id`) ON DELETE RESTRICT ON UPDATE RESTRICT,
  CONSTRAINT `mgf_offer_ibfk_3` FOREIGN KEY (`organisation_id`) REFERENCES `mgf_organisation` (`id`) ON DELETE RESTRICT ON UPDATE RESTRICT
) ENGINE=InnoDB DEFAULT CHARSET=utf8mb4 COLLATE=utf8mb4_unicode_ci;
/*!40101 SET character_set_client = @saved_cs_client */;

--
-- Dumping data for table `mgf_offer`
--

LOCK TABLES `mgf_offer` WRITE;
/*!40000 ALTER TABLE `mgf_offer` DISABLE KEYS */;
/*!40000 ALTER TABLE `mgf_offer` ENABLE KEYS */;
UNLOCK TABLES;

--
-- Table structure for table `mgf_operation`
--

DROP TABLE IF EXISTS `mgf_operation`;
/*!40101 SET @saved_cs_client     = @@character_set_client */;
/*!50503 SET character_set_client = utf8mb4 */;
CREATE TABLE `mgf_operation` (
  `id` int NOT NULL AUTO_INCREMENT,
  `operation_type` varchar(30) COLLATE utf8mb4_unicode_ci NOT NULL,
  `date_created` timestamp NOT NULL DEFAULT CURRENT_TIMESTAMP,
  PRIMARY KEY (`id`),
  UNIQUE KEY `operation_type` (`operation_type`)
) ENGINE=InnoDB DEFAULT CHARSET=utf8mb4 COLLATE=utf8mb4_unicode_ci;
/*!40101 SET character_set_client = @saved_cs_client */;

--
-- Dumping data for table `mgf_operation`
--

LOCK TABLES `mgf_operation` WRITE;
/*!40000 ALTER TABLE `mgf_operation` DISABLE KEYS */;
/*!40000 ALTER TABLE `mgf_operation` ENABLE KEYS */;
UNLOCK TABLES;

--
-- Table structure for table `mgf_organisation`
--

DROP TABLE IF EXISTS `mgf_organisation`;
/*!40101 SET @saved_cs_client     = @@character_set_client */;
/*!50503 SET character_set_client = utf8mb4 */;
CREATE TABLE `mgf_organisation` (
  `id` int NOT NULL AUTO_INCREMENT,
  `cooperative` varchar(50) COLLATE utf8mb4_unicode_ci NOT NULL,
  `acronym` varchar(10) COLLATE utf8mb4_unicode_ci NOT NULL,
  `registration_type` varchar(30) COLLATE utf8mb4_unicode_ci NOT NULL,
  `registration_no` varchar(30) COLLATE utf8mb4_unicode_ci NOT NULL,
  `trade_license_no` varchar(30) COLLATE utf8mb4_unicode_ci NOT NULL,
  `registration_date` date NOT NULL,
  `business_objective` text COLLATE utf8mb4_unicode_ci,
  `email_address` varchar(40) COLLATE utf8mb4_unicode_ci NOT NULL,
  `physical_address` varchar(50) COLLATE utf8mb4_unicode_ci NOT NULL,
  `tel_no` varchar(15) COLLATE utf8mb4_unicode_ci DEFAULT NULL,
  `province_id` int unsigned DEFAULT NULL,
  `district_id` int unsigned DEFAULT NULL,
  `applicant_id` int NOT NULL,
  `is_active` int DEFAULT '1',
  `date_created` timestamp NOT NULL DEFAULT CURRENT_TIMESTAMP,
  PRIMARY KEY (`id`),
  UNIQUE KEY `email_address` (`email_address`),
  UNIQUE KEY `trade_license_no` (`trade_license_no`),
  UNIQUE KEY `registration_no` (`registration_no`),
  KEY `applicant_id` (`applicant_id`),
  KEY `fk_org_district` (`district_id`),
  KEY `fk_org_province_idx` (`province_id`),
  CONSTRAINT `fk_org_district` FOREIGN KEY (`district_id`) REFERENCES `district` (`id`) ON DELETE RESTRICT ON UPDATE RESTRICT,
  CONSTRAINT `fk_org_province` FOREIGN KEY (`province_id`) REFERENCES `province` (`id`) ON DELETE RESTRICT ON UPDATE RESTRICT,
  CONSTRAINT `mgf_organisation_ibfk_1` FOREIGN KEY (`applicant_id`) REFERENCES `mgf_applicant` (`id`) ON DELETE RESTRICT ON UPDATE RESTRICT
) ENGINE=InnoDB DEFAULT CHARSET=utf8mb4 COLLATE=utf8mb4_unicode_ci;
/*!40101 SET character_set_client = @saved_cs_client */;

--
-- Dumping data for table `mgf_organisation`
--

LOCK TABLES `mgf_organisation` WRITE;
/*!40000 ALTER TABLE `mgf_organisation` DISABLE KEYS */;
/*!40000 ALTER TABLE `mgf_organisation` ENABLE KEYS */;
UNLOCK TABLES;

--
-- Table structure for table `mgf_organisational_details`
--

DROP TABLE IF EXISTS `mgf_organisational_details`;
/*!40101 SET @saved_cs_client     = @@character_set_client */;
/*!50503 SET character_set_client = utf8mb4 */;
CREATE TABLE `mgf_organisational_details` (
  `id` int NOT NULL AUTO_INCREMENT,
  `mgt_Staff` int NOT NULL,
  `senior_Staff` int NOT NULL,
  `junior_Staff` int NOT NULL,
  `others` int NOT NULL,
  `last_board` date NOT NULL,
  `last_agm` date NOT NULL,
  `last_audit` date NOT NULL,
  `has_finance` varchar(255) COLLATE utf8mb4_unicode_ci DEFAULT NULL,
  `has_resources` varchar(255) COLLATE utf8mb4_unicode_ci DEFAULT NULL,
  `organisation_id` int NOT NULL,
  `date_created` timestamp NOT NULL DEFAULT CURRENT_TIMESTAMP,
  PRIMARY KEY (`id`),
  KEY `organisation_id` (`organisation_id`),
  CONSTRAINT `mgf_organisational_details_ibfk_1` FOREIGN KEY (`organisation_id`) REFERENCES `mgf_organisation` (`id`) ON DELETE RESTRICT ON UPDATE RESTRICT
) ENGINE=InnoDB DEFAULT CHARSET=utf8mb4 COLLATE=utf8mb4_unicode_ci;
/*!40101 SET character_set_client = @saved_cs_client */;

--
-- Dumping data for table `mgf_organisational_details`
--

LOCK TABLES `mgf_organisational_details` WRITE;
/*!40000 ALTER TABLE `mgf_organisational_details` DISABLE KEYS */;
/*!40000 ALTER TABLE `mgf_organisational_details` ENABLE KEYS */;
UNLOCK TABLES;

--
-- Table structure for table `mgf_partnership`
--

DROP TABLE IF EXISTS `mgf_partnership`;
/*!40101 SET @saved_cs_client     = @@character_set_client */;
/*!50503 SET character_set_client = utf8mb4 */;
CREATE TABLE `mgf_partnership` (
  `id` int NOT NULL AUTO_INCREMENT,
  `partner_name` varchar(50) COLLATE utf8mb4_unicode_ci NOT NULL,
  `partnership_aim` varchar(50) COLLATE utf8mb4_unicode_ci NOT NULL,
  `start_date` date NOT NULL,
  `end_date` date NOT NULL,
  `partnership_status` varchar(255) COLLATE utf8mb4_unicode_ci NOT NULL,
  `experience_id` int NOT NULL,
  `organisation_id` int NOT NULL,
  `date_created` timestamp NOT NULL DEFAULT CURRENT_TIMESTAMP,
  PRIMARY KEY (`id`),
  KEY `organisation_id` (`organisation_id`),
  CONSTRAINT `mgf_partnership_ibfk_1` FOREIGN KEY (`organisation_id`) REFERENCES `mgf_organisation` (`id`) ON DELETE RESTRICT ON UPDATE RESTRICT
) ENGINE=InnoDB DEFAULT CHARSET=utf8mb4 COLLATE=utf8mb4_unicode_ci;
/*!40101 SET character_set_client = @saved_cs_client */;

--
-- Dumping data for table `mgf_partnership`
--

LOCK TABLES `mgf_partnership` WRITE;
/*!40000 ALTER TABLE `mgf_partnership` DISABLE KEYS */;
/*!40000 ALTER TABLE `mgf_partnership` ENABLE KEYS */;
UNLOCK TABLES;

--
-- Table structure for table `mgf_pastproject`
--

DROP TABLE IF EXISTS `mgf_pastproject`;
/*!40101 SET @saved_cs_client     = @@character_set_client */;
/*!50503 SET character_set_client = utf8mb4 */;
CREATE TABLE `mgf_pastproject` (
  `id` int NOT NULL AUTO_INCREMENT,
  `project_name` varchar(50) COLLATE utf8mb4_unicode_ci NOT NULL,
  `years_assisted` int NOT NULL,
  `amount_assisted` decimal(10,0) NOT NULL,
  `obligations_met` varchar(255) COLLATE utf8mb4_unicode_ci NOT NULL,
  `outcome_response` text COLLATE utf8mb4_unicode_ci NOT NULL,
  `organisation_id` int NOT NULL,
  `experience_id` int NOT NULL,
  `date_created` timestamp NOT NULL DEFAULT CURRENT_TIMESTAMP,
  PRIMARY KEY (`id`),
  KEY `experience_id` (`experience_id`),
  KEY `organisation_id` (`organisation_id`),
  CONSTRAINT `mgf_pastproject_ibfk_1` FOREIGN KEY (`organisation_id`) REFERENCES `mgf_organisation` (`id`) ON DELETE RESTRICT ON UPDATE RESTRICT,
  CONSTRAINT `mgf_pastproject_ibfk_2` FOREIGN KEY (`experience_id`) REFERENCES `mgf_experience` (`id`) ON DELETE RESTRICT ON UPDATE RESTRICT
) ENGINE=InnoDB DEFAULT CHARSET=utf8mb4 COLLATE=utf8mb4_unicode_ci;
/*!40101 SET character_set_client = @saved_cs_client */;

--
-- Dumping data for table `mgf_pastproject`
--

LOCK TABLES `mgf_pastproject` WRITE;
/*!40000 ALTER TABLE `mgf_pastproject` DISABLE KEYS */;
/*!40000 ALTER TABLE `mgf_pastproject` ENABLE KEYS */;
UNLOCK TABLES;

--
-- Table structure for table `mgf_position`
--

DROP TABLE IF EXISTS `mgf_position`;
/*!40101 SET @saved_cs_client     = @@character_set_client */;
/*!50503 SET character_set_client = utf8mb4 */;
CREATE TABLE `mgf_position` (
  `id` int NOT NULL AUTO_INCREMENT,
  `position` varchar(30) COLLATE utf8mb4_unicode_ci NOT NULL,
  `date_created` timestamp NOT NULL DEFAULT CURRENT_TIMESTAMP,
  PRIMARY KEY (`id`),
  UNIQUE KEY `position` (`position`)
) ENGINE=InnoDB DEFAULT CHARSET=utf8mb4 COLLATE=utf8mb4_unicode_ci;
/*!40101 SET character_set_client = @saved_cs_client */;

--
-- Dumping data for table `mgf_position`
--

LOCK TABLES `mgf_position` WRITE;
/*!40000 ALTER TABLE `mgf_position` DISABLE KEYS */;
/*!40000 ALTER TABLE `mgf_position` ENABLE KEYS */;
UNLOCK TABLES;

--
-- Table structure for table `mgf_project_evaluation`
--

DROP TABLE IF EXISTS `mgf_project_evaluation`;
/*!40101 SET @saved_cs_client     = @@character_set_client */;
/*!50503 SET character_set_client = utf8mb4 */;
CREATE TABLE `mgf_project_evaluation` (
  `id` int NOT NULL AUTO_INCREMENT,
  `proposal_id` int NOT NULL,
  `organisation_id` int NOT NULL,
  `window` varchar(255) COLLATE utf8mb4_unicode_ci DEFAULT NULL,
  `status` int NOT NULL DEFAULT '0',
  `observation` text COLLATE utf8mb4_unicode_ci,
  `declaration` text COLLATE utf8mb4_unicode_ci,
  `totalscore` varchar(5) COLLATE utf8mb4_unicode_ci DEFAULT '0',
  `decision` varchar(20) COLLATE utf8mb4_unicode_ci DEFAULT NULL,
  `date_created` timestamp NOT NULL DEFAULT CURRENT_TIMESTAMP,
  `date_submitted` timestamp NULL DEFAULT NULL,
  `date_reviewed` timestamp NULL DEFAULT NULL,
  `reviewedby` int NOT NULL,
  `signature` text COLLATE utf8mb4_unicode_ci,
  PRIMARY KEY (`id`),
  KEY `organisation_id` (`organisation_id`),
  KEY `proposal_id` (`proposal_id`),
  KEY `reviewedby` (`reviewedby`),
  CONSTRAINT `mgf_project_evaluation_ibfk_1` FOREIGN KEY (`reviewedby`) REFERENCES `users` (`id`) ON DELETE RESTRICT ON UPDATE RESTRICT,
  CONSTRAINT `mgf_project_evaluation_ibfk_2` FOREIGN KEY (`proposal_id`) REFERENCES `mgf_proposal` (`id`) ON DELETE RESTRICT ON UPDATE RESTRICT,
  CONSTRAINT `mgf_project_evaluation_ibfk_3` FOREIGN KEY (`organisation_id`) REFERENCES `mgf_organisation` (`id`) ON DELETE RESTRICT ON UPDATE RESTRICT
) ENGINE=InnoDB DEFAULT CHARSET=utf8mb4 COLLATE=utf8mb4_unicode_ci;
/*!40101 SET character_set_client = @saved_cs_client */;

--
-- Dumping data for table `mgf_project_evaluation`
--

LOCK TABLES `mgf_project_evaluation` WRITE;
/*!40000 ALTER TABLE `mgf_project_evaluation` DISABLE KEYS */;
/*!40000 ALTER TABLE `mgf_project_evaluation` ENABLE KEYS */;
UNLOCK TABLES;

--
-- Table structure for table `mgf_proposal`
--

DROP TABLE IF EXISTS `mgf_proposal`;
/*!40101 SET @saved_cs_client     = @@character_set_client */;
/*!50503 SET character_set_client = utf8mb4 */;
CREATE TABLE `mgf_proposal` (
  `id` int NOT NULL AUTO_INCREMENT,
  `project_title` varchar(30) COLLATE utf8mb4_unicode_ci DEFAULT NULL,
  `mgf_no` varchar(11) COLLATE utf8mb4_unicode_ci NOT NULL,
  `organisation_id` int NOT NULL,
  `applicant_type` varchar(255) COLLATE utf8mb4_unicode_ci DEFAULT NULL,
  `starting_date` date NOT NULL,
  `ending_date` date DEFAULT NULL,
  `project_length` int NOT NULL DEFAULT '0',
  `number_reviewers` int NOT NULL DEFAULT '0',
  `project_operations` text COLLATE utf8mb4_unicode_ci,
  `any_experience` varchar(255) COLLATE utf8mb4_unicode_ci DEFAULT NULL,
  `experience_response` text COLLATE utf8mb4_unicode_ci,
  `indicate_partnerships` text COLLATE utf8mb4_unicode_ci,
  `proposal_status` varchar(20) COLLATE utf8mb4_unicode_ci NOT NULL DEFAULT 'Created',
  `date_created` timestamp NOT NULL DEFAULT CURRENT_TIMESTAMP,
  `date_submitted` timestamp NULL DEFAULT NULL,
  `problem_statement` text COLLATE utf8mb4_unicode_ci,
  `overall_objective` text COLLATE utf8mb4_unicode_ci,
  `is_active` int DEFAULT '0',
  `totalcost` decimal(15,2) DEFAULT '0.00',
  `province_id` int unsigned DEFAULT NULL,
  `district_id` int unsigned DEFAULT NULL,
  PRIMARY KEY (`id`),
  KEY `organisation_id` (`organisation_id`),
  KEY `fk_prop_district` (`district_id`),
  KEY `fk_prop_province_idx` (`province_id`),
  CONSTRAINT `fk_prop_district` FOREIGN KEY (`district_id`) REFERENCES `district` (`id`) ON DELETE RESTRICT ON UPDATE RESTRICT,
  CONSTRAINT `fk_prop_province` FOREIGN KEY (`province_id`) REFERENCES `province` (`id`) ON DELETE RESTRICT ON UPDATE RESTRICT,
  CONSTRAINT `mgf_proposal_ibfk_1` FOREIGN KEY (`organisation_id`) REFERENCES `mgf_organisation` (`id`) ON DELETE RESTRICT ON UPDATE RESTRICT
) ENGINE=InnoDB DEFAULT CHARSET=utf8mb4 COLLATE=utf8mb4_unicode_ci;
/*!40101 SET character_set_client = @saved_cs_client */;

--
-- Dumping data for table `mgf_proposal`
--

LOCK TABLES `mgf_proposal` WRITE;
/*!40000 ALTER TABLE `mgf_proposal` DISABLE KEYS */;
/*!40000 ALTER TABLE `mgf_proposal` ENABLE KEYS */;
UNLOCK TABLES;

--
-- Table structure for table `mgf_proposal_evaluation`
--

DROP TABLE IF EXISTS `mgf_proposal_evaluation`;
/*!40101 SET @saved_cs_client     = @@character_set_client */;
/*!50503 SET character_set_client = utf8mb4 */;
CREATE TABLE `mgf_proposal_evaluation` (
  `id` int NOT NULL AUTO_INCREMENT,
  `proposal_id` int NOT NULL,
  `criterion_id` int NOT NULL,
  `awardedscore` int DEFAULT NULL,
  `grade` varchar(70) COLLATE utf8mb4_unicode_ci DEFAULT NULL,
  `comment` text COLLATE utf8mb4_unicode_ci,
  `date_created` timestamp NOT NULL DEFAULT CURRENT_TIMESTAMP,
  `createdby` int NOT NULL,
  PRIMARY KEY (`id`),
  KEY `criterion_id` (`criterion_id`),
  KEY `proposal_id` (`proposal_id`),
  KEY `createdby` (`createdby`),
  CONSTRAINT `mgf_proposal_evaluation_ibfk_1` FOREIGN KEY (`createdby`) REFERENCES `users` (`id`) ON DELETE RESTRICT ON UPDATE RESTRICT,
  CONSTRAINT `mgf_proposal_evaluation_ibfk_2` FOREIGN KEY (`proposal_id`) REFERENCES `mgf_proposal` (`id`) ON DELETE RESTRICT ON UPDATE RESTRICT,
  CONSTRAINT `mgf_proposal_evaluation_ibfk_3` FOREIGN KEY (`criterion_id`) REFERENCES `mgf_selection_criteria` (`id`) ON DELETE RESTRICT ON UPDATE RESTRICT
) ENGINE=InnoDB DEFAULT CHARSET=utf8mb4 COLLATE=utf8mb4_unicode_ci;
/*!40101 SET character_set_client = @saved_cs_client */;

--
-- Dumping data for table `mgf_proposal_evaluation`
--

LOCK TABLES `mgf_proposal_evaluation` WRITE;
/*!40000 ALTER TABLE `mgf_proposal_evaluation` DISABLE KEYS */;
/*!40000 ALTER TABLE `mgf_proposal_evaluation` ENABLE KEYS */;
UNLOCK TABLES;

--
-- Table structure for table `mgf_reviewer`
--

DROP TABLE IF EXISTS `mgf_reviewer`;
/*!40101 SET @saved_cs_client     = @@character_set_client */;
/*!50503 SET character_set_client = utf8mb4 */;
CREATE TABLE `mgf_reviewer` (
  `id` int NOT NULL AUTO_INCREMENT,
  `title` varchar(255) COLLATE utf8mb4_unicode_ci DEFAULT NULL,
  `login_code` varchar(10) COLLATE utf8mb4_unicode_ci NOT NULL,
  `first_name` varchar(30) COLLATE utf8mb4_unicode_ci NOT NULL,
  `last_name` varchar(30) COLLATE utf8mb4_unicode_ci NOT NULL,
  `mobile` varchar(15) COLLATE utf8mb4_unicode_ci NOT NULL,
  `reviewer_type` varchar(255) COLLATE utf8mb4_unicode_ci DEFAULT NULL,
  `area_of_expertise` text COLLATE utf8mb4_unicode_ci NOT NULL,
  `user_id` int NOT NULL,
  `confirmed` int DEFAULT '0',
  `createdBy` int unsigned DEFAULT NULL,
  `total_assigned_1` int DEFAULT '0',
  `total_assigned_2` int DEFAULT '0',
  `email` varchar(50) COLLATE utf8mb4_unicode_ci NOT NULL,
  `date_created` timestamp NOT NULL DEFAULT CURRENT_TIMESTAMP,
  PRIMARY KEY (`id`),
  UNIQUE KEY `login_code` (`login_code`)
) ENGINE=InnoDB DEFAULT CHARSET=utf8mb4 COLLATE=utf8mb4_unicode_ci;
/*!40101 SET character_set_client = @saved_cs_client */;

--
-- Dumping data for table `mgf_reviewer`
--

LOCK TABLES `mgf_reviewer` WRITE;
/*!40000 ALTER TABLE `mgf_reviewer` DISABLE KEYS */;
/*!40000 ALTER TABLE `mgf_reviewer` ENABLE KEYS */;
UNLOCK TABLES;

--
-- Table structure for table `mgf_screening`
--

DROP TABLE IF EXISTS `mgf_screening`;
/*!40101 SET @saved_cs_client     = @@character_set_client */;
/*!50503 SET character_set_client = utf8mb4 */;
CREATE TABLE `mgf_screening` (
  `id` int NOT NULL AUTO_INCREMENT,
  `conceptnote_id` int NOT NULL,
  `organisation_id` int NOT NULL,
  `criterion` text COLLATE utf8mb4_unicode_ci,
  `satisfactory` varchar(4) COLLATE utf8mb4_unicode_ci DEFAULT NULL,
  `approve_submittion` timestamp NULL DEFAULT NULL,
  `verified_by` varchar(20) COLLATE utf8mb4_unicode_ci DEFAULT NULL,
  PRIMARY KEY (`id`),
  KEY `organisation_id` (`organisation_id`),
  KEY `conceptnote_id` (`conceptnote_id`),
  CONSTRAINT `mgf_screening_ibfk_1` FOREIGN KEY (`conceptnote_id`) REFERENCES `mgf_concept_note` (`id`) ON DELETE RESTRICT ON UPDATE RESTRICT,
  CONSTRAINT `mgf_screening_ibfk_2` FOREIGN KEY (`organisation_id`) REFERENCES `mgf_organisation` (`id`) ON DELETE RESTRICT ON UPDATE RESTRICT
) ENGINE=InnoDB DEFAULT CHARSET=utf8mb4 COLLATE=utf8mb4_unicode_ci;
/*!40101 SET character_set_client = @saved_cs_client */;

--
-- Dumping data for table `mgf_screening`
--

LOCK TABLES `mgf_screening` WRITE;
/*!40000 ALTER TABLE `mgf_screening` DISABLE KEYS */;
/*!40000 ALTER TABLE `mgf_screening` ENABLE KEYS */;
UNLOCK TABLES;

--
-- Table structure for table `mgf_selection_category`
--

DROP TABLE IF EXISTS `mgf_selection_category`;
/*!40101 SET @saved_cs_client     = @@character_set_client */;
/*!50503 SET character_set_client = utf8mb4 */;
CREATE TABLE `mgf_selection_category` (
  `id` int NOT NULL AUTO_INCREMENT,
  `category` text COLLATE utf8mb4_unicode_ci NOT NULL,
  `date_created` timestamp NOT NULL DEFAULT CURRENT_TIMESTAMP,
  `createdby` int NOT NULL,
  PRIMARY KEY (`id`),
  KEY `createdby` (`createdby`),
  CONSTRAINT `mgf_selection_category_ibfk_1` FOREIGN KEY (`createdby`) REFERENCES `users` (`id`) ON DELETE RESTRICT ON UPDATE RESTRICT
) ENGINE=InnoDB DEFAULT CHARSET=utf8mb4 COLLATE=utf8mb4_unicode_ci;
/*!40101 SET character_set_client = @saved_cs_client */;

--
-- Dumping data for table `mgf_selection_category`
--

LOCK TABLES `mgf_selection_category` WRITE;
/*!40000 ALTER TABLE `mgf_selection_category` DISABLE KEYS */;
/*!40000 ALTER TABLE `mgf_selection_category` ENABLE KEYS */;
UNLOCK TABLES;

--
-- Table structure for table `mgf_selection_criteria`
--

DROP TABLE IF EXISTS `mgf_selection_criteria`;
/*!40101 SET @saved_cs_client     = @@character_set_client */;
/*!50503 SET character_set_client = utf8mb4 */;
CREATE TABLE `mgf_selection_criteria` (
  `id` int NOT NULL AUTO_INCREMENT,
  `criterion` text COLLATE utf8mb4_unicode_ci NOT NULL,
  `category_id` int NOT NULL,
  `date_created` timestamp NOT NULL DEFAULT CURRENT_TIMESTAMP,
  `createdby` int NOT NULL,
  PRIMARY KEY (`id`),
  KEY `category_id` (`category_id`),
  KEY `createdby` (`createdby`),
  CONSTRAINT `mgf_selection_criteria_ibfk_1` FOREIGN KEY (`createdby`) REFERENCES `users` (`id`) ON DELETE RESTRICT ON UPDATE RESTRICT,
  CONSTRAINT `mgf_selection_criteria_ibfk_2` FOREIGN KEY (`category_id`) REFERENCES `mgf_selection_category` (`id`) ON DELETE RESTRICT ON UPDATE RESTRICT
) ENGINE=InnoDB DEFAULT CHARSET=utf8mb4 COLLATE=utf8mb4_unicode_ci;
/*!40101 SET character_set_client = @saved_cs_client */;

--
-- Dumping data for table `mgf_selection_criteria`
--

LOCK TABLES `mgf_selection_criteria` WRITE;
/*!40000 ALTER TABLE `mgf_selection_criteria` DISABLE KEYS */;
/*!40000 ALTER TABLE `mgf_selection_criteria` ENABLE KEYS */;
UNLOCK TABLES;

--
-- Table structure for table `mgf_selection_grade`
--

DROP TABLE IF EXISTS `mgf_selection_grade`;
/*!40101 SET @saved_cs_client     = @@character_set_client */;
/*!50503 SET character_set_client = utf8mb4 */;
CREATE TABLE `mgf_selection_grade` (
  `id` int NOT NULL AUTO_INCREMENT,
  `grade` varchar(70) COLLATE utf8mb4_unicode_ci NOT NULL,
  `criterion_id` int NOT NULL,
  `awardedscore` int NOT NULL,
  `date_created` timestamp NOT NULL DEFAULT CURRENT_TIMESTAMP,
  `createdby` int NOT NULL,
  PRIMARY KEY (`id`),
  KEY `criterion_id` (`criterion_id`),
  KEY `createdby` (`createdby`),
  CONSTRAINT `mgf_selection_grade_ibfk_1` FOREIGN KEY (`createdby`) REFERENCES `users` (`id`) ON DELETE RESTRICT ON UPDATE RESTRICT,
  CONSTRAINT `mgf_selection_grade_ibfk_2` FOREIGN KEY (`criterion_id`) REFERENCES `mgf_selection_criteria` (`id`) ON DELETE RESTRICT ON UPDATE RESTRICT
) ENGINE=InnoDB DEFAULT CHARSET=utf8mb4 COLLATE=utf8mb4_unicode_ci;
/*!40101 SET character_set_client = @saved_cs_client */;

--
-- Dumping data for table `mgf_selection_grade`
--

LOCK TABLES `mgf_selection_grade` WRITE;
/*!40000 ALTER TABLE `mgf_selection_grade` DISABLE KEYS */;
/*!40000 ALTER TABLE `mgf_selection_grade` ENABLE KEYS */;
UNLOCK TABLES;

--
-- Table structure for table `mgf_unit`
--

DROP TABLE IF EXISTS `mgf_unit`;
/*!40101 SET @saved_cs_client     = @@character_set_client */;
/*!50503 SET character_set_client = utf8mb4 */;
CREATE TABLE `mgf_unit` (
  `id` int NOT NULL AUTO_INCREMENT,
  `unit` varchar(30) COLLATE utf8mb4_unicode_ci NOT NULL,
  `synonym` varchar(11) COLLATE utf8mb4_unicode_ci NOT NULL,
  `user_id` int NOT NULL,
  `date_created` timestamp NOT NULL DEFAULT CURRENT_TIMESTAMP,
  PRIMARY KEY (`id`),
  UNIQUE KEY `unit` (`unit`),
  KEY `user_id` (`user_id`),
  CONSTRAINT `mgf_unit_ibfk_1` FOREIGN KEY (`user_id`) REFERENCES `users` (`id`) ON DELETE RESTRICT ON UPDATE RESTRICT
) ENGINE=InnoDB DEFAULT CHARSET=utf8mb4 COLLATE=utf8mb4_unicode_ci;
/*!40101 SET character_set_client = @saved_cs_client */;

--
-- Dumping data for table `mgf_unit`
--

LOCK TABLES `mgf_unit` WRITE;
/*!40000 ALTER TABLE `mgf_unit` DISABLE KEYS */;
/*!40000 ALTER TABLE `mgf_unit` ENABLE KEYS */;
UNLOCK TABLES;

--
-- Table structure for table `migration`
--

DROP TABLE IF EXISTS `migration`;
/*!40101 SET @saved_cs_client     = @@character_set_client */;
/*!50503 SET character_set_client = utf8mb4 */;
CREATE TABLE `migration` (
  `version` varchar(180) NOT NULL,
  `apply_time` int DEFAULT NULL,
  PRIMARY KEY (`version`)
) ENGINE=InnoDB DEFAULT CHARSET=utf8mb4 COLLATE=utf8mb4_unicode_ci;
/*!40101 SET character_set_client = @saved_cs_client */;

--
-- Dumping data for table `migration`
--

LOCK TABLES `migration` WRITE;
/*!40000 ALTER TABLE `migration` DISABLE KEYS */;
INSERT INTO `migration` VALUES ('m000000_000000_base',1621726502),('m130524_201442_init',1621726752),('m190124_110200_add_verification_token_column_to_user_table',1621726752),('m210521_150431_001_create_table_awpb_comment',1621726752),('m210521_150431_002_create_table_awpb_commodity_type',1621726752),('m210521_150431_003_create_table_awpb_consolidated',1621726752),('m210521_150431_004_create_table_awpb_expense_category',1621726753),('m210521_150431_005_create_table_awpb_funder',1621726753),('m210521_150431_006_create_table_awpb_funding_type',1621726753),('m210521_150432_007_create_table_awpb_template',1621726791),('m210521_150432_008_create_table_awpb_unit_of_measure',1621726804),('m210521_150433_025_create_table_awpb_component',1621726806),('m210521_150433_026_create_table_awpb_indicator',1621726806),('m210521_150433_027_create_table_awpb_outcome',1621726807),('m210521_150433_028_create_table_awpb_output',1621726807),('m210521_150434_036_create_table_awpb_activity',1621726811),('m210521_150434_037_create_table_awpb_activity_funder',1621726812),('m210521_150434_038_create_table_awpb_activity_line',1621726812),('m210521_150434_039_create_table_awpb_template_activity',1621726814),('m210523_092652_024_create_table_mgf_operation',1621797277),('m210523_092653_025_create_table_mgf_position',1621797277),('m210523_092653_026_create_table_mgf_reviewer',1621797277),('m210523_092654_039_create_table_mgf_applicant',1621797278),('m210523_092654_040_create_table_mgf_approval_status',1621797279),('m210523_092654_041_create_table_mgf_organisation',1621797280),('m210523_092655_042_create_table_mgf_organisational_details',1621797280),('m210523_092655_043_create_table_mgf_partnership',1621797280),('m210523_092655_044_create_table_mgf_proposal',1621797281),('m210523_092655_045_create_table_mgf_selection_category',1621797281),('m210523_092655_046_create_table_mgf_selection_criteria',1621797281),('m210523_092655_047_create_table_mgf_selection_grade',1621797282),('m210523_092655_048_create_table_mgf_unit',1621797282),('m210523_092656_055_create_table_mgf_application',1621797283),('m210523_092656_056_create_table_mgf_attachements',1621797283),('m210523_092656_057_create_table_mgf_component',1621797284),('m210523_092656_058_create_table_mgf_concept_note',1621797284),('m210523_092656_059_create_table_mgf_contact',1621797285),('m210523_092656_060_create_table_mgf_experience',1621797285),('m210523_092656_061_create_table_mgf_final_evaluation',1621797286),('m210523_092656_062_create_table_mgf_offer',1621797286),('m210523_092656_063_create_table_mgf_pastproject',1621797287),('m210523_092657_064_create_table_mgf_project_evaluation',1621797287),('m210523_092657_065_create_table_mgf_proposal_evaluation',1621797288),('m210523_092657_066_create_table_mgf_screening',1621797289),('m210523_092658_072_create_table_mgf_activity',1621797289),('m210523_092658_073_create_table_mgf_approval',1621797290),('m210523_092658_074_create_table_mgf_input_cost',1621797290),('m210523_092658_075_create_table_mgf_input_item',1621797291);
/*!40000 ALTER TABLE `migration` ENABLE KEYS */;
UNLOCK TABLES;

--
-- Table structure for table `permissions`
--

DROP TABLE IF EXISTS `permissions`;
/*!40101 SET @saved_cs_client     = @@character_set_client */;
/*!50503 SET character_set_client = utf8mb4 */;
CREATE TABLE `permissions` (
  `id` int NOT NULL AUTO_INCREMENT,
  `right` text,
  `definition` text,
  `active` int NOT NULL DEFAULT '1',
  PRIMARY KEY (`id`)
) ENGINE=InnoDB AUTO_INCREMENT=167 DEFAULT CHARSET=utf8mb3;
/*!40101 SET character_set_client = @saved_cs_client */;

--
-- Dumping data for table `permissions`
--

LOCK TABLES `permissions` WRITE;
/*!40000 ALTER TABLE `permissions` DISABLE KEYS */;
INSERT INTO `permissions` VALUES (1,'Manage Users',NULL,1),(2,'View Users',NULL,1),(3,'Manage Roles',NULL,1),(4,'View Roles',NULL,1),(6,'View profile',NULL,1),(7,'View audit trail logs',NULL,1),(8,'Manage provinces',NULL,1),(9,'Manage districts',NULL,1),(10,'Manage camps',NULL,1),(11,'Remove provinces',NULL,1),(12,'Remove districts',NULL,1),(13,'Remove camps',NULL,1),(14,'Manage markets',NULL,1),(15,'Remove markets',NULL,1),(16,'Manage commodity configs',NULL,1),(17,'Remove commodity config',NULL,1),(18,'Collect commodity prices',NULL,1),(19,'View commodity prices',NULL,1),(20,'Remove commodity price',NULL,1),(21,'Manage interview guide template questions',NULL,1),(22,'View interview guide template',NULL,1),(23,'Remove interview guide template question',NULL,1),(24,'Manage story of change categories',NULL,1),(25,'Submit story of change',NULL,1),(26,'Review Story of change',NULL,1),(27,'View Story of change',NULL,1),(28,'Attach case study articles',NULL,1),(29,'Manage faabs groups',NULL,1),(30,'View faabs groups',NULL,1),(31,'Remove faabs groups',NULL,1),(32,'Manage category A farmers',NULL,1),(33,'View category A farmers',NULL,1),(34,'Remove category A farmers',NULL,1),(35,'Submit FaaBS training records',NULL,1),(36,'View FaaBS training records',NULL,1),(37,'Remove FaaBS training records',NULL,1),(38,'Submit back to office report',NULL,1),(39,'Review back to office report',NULL,1),(40,'View back to office report',NULL,1),(43,'Plan camp monthly activities',NULL,1),(44,'Remove planned camp monthly activities',NULL,1),(45,'View planned camp monthly activities',NULL,1),(46,'Manage FaaBS training topics',NULL,1),(47,'View FaaBS training topics',NULL,1),(48,'Remove FaaBS training topics',NULL,1),(49,'View facilitation of improved technologies/best practices report',NULL,1),(50,'View training attendance cumulative report',NULL,1),(55,'View physical tracking table report',NULL,1),(56,'Commodity-Specific AWPB','Commodity-Specific AWPB',1),(57,'View programmes','View programmes',1),(58,'Manage AWPB activities','',1),(59,'View AWPB activities','',1),(60,'Manage components','',1),(61,'View components','',1),(62,'Manage AWPB templates','',1),(63,'View AWPB templates','',1),(64,'View AWPB activity lines','',1),(65,'Manage AWPB activity lines','View AWPB activity lines',1),(66,'Submit District AWPB','',1),(67,'Approve AWPB - Provincial','Approve AWPB - Provincial',1),(68,'Submit programme-wide AWPB','Submit programme-wide AWPB',1),(69,'Manage province consolidated AWPB','Manage province consolidated AWPB',1),(70,'Manage programme-wide AWPB activity lines','Manage programme-wide AWPB activity lines',1),(71,'Approve AWPB - PCO','Approve AWPB - PCO',1),(72,'Manage AWPB funders','Manage AWPB funders',1),(73,'View AWPB funders','View AWPB funders',1),(74,'Setup AWPB','Setup AWPB',1),(75,'Approve AWPB - Ministry','Approve AWPB - Ministry',1),(76,'Manage programme-wide AWPB','Manage programme-wide AWPB',1),(77,'View PW AWPB','View PW AWPB',1),(78,'View MGF module','',1),(79,'View MGF Applicants','',1),(80,'View MGF Organisations','',1),(81,'View MGF Concept Note','',1),(82,'View MGF Application','',1),(83,'View MGF Approvals','',1),(84,'View MGF Proposals','',1),(85,'View MGF Evaluations','',1),(86,'Commodity-Specific AWPB','Commodity-Specific AWPB',1),(87,'View programmes','View programmes',1),(88,'Manage AWPB activities','',1),(89,'View AWPB activities','',1),(90,'Manage components','',1),(91,'View components','',1),(92,'Manage AWPB templates','',1),(93,'View AWPB templates','',1),(94,'View AWPB activity lines','',1),(95,'Manage AWPB activity lines','View AWPB activity lines',1),(96,'Submit District AWPB','',1),(97,'Approve AWPB - Provincial','Approve AWPB - Provincial',1),(98,'Submit programme-wide AWPB','Submit programme-wide AWPB',1),(99,'Manage province consolidated AWPB','Manage province consolidated AWPB',1),(100,'Manage programme-wide AWPB activity lines','Manage programme-wide AWPB activity lines',1),(101,'Approve AWPB - PCO','Approve AWPB - PCO',1),(102,'Manage AWPB funders','Manage AWPB funders',1),(103,'View AWPB funders','View AWPB funders',1),(104,'Setup AWPB','Setup AWPB',1),(105,'Approve AWPB - Ministry','Approve AWPB - Ministry',1),(106,'Manage programme-wide AWPB','Manage programme-wide AWPB',1),(107,'View PW AWPB','View PW AWPB',1),(108,'Manage Users','',1),(109,'View Users','',1),(110,'Manage Roles','',1),(111,'View Roles','',1),(112,'View profile','',1),(113,'View audit trail logs','',1),(114,'Manage provinces','',1),(115,'Manage districts','',1),(116,'Manage camps','',1),(117,'Remove provinces','',1),(118,'Remove districts','',1),(119,'Remove camps','',1),(120,'Manage markets','',1),(121,'Remove markets','',1),(122,'Manage commodity configs','',1),(123,'Remove commodity config','',1),(124,'Collect commodity prices','',1),(125,'View commodity prices','',1),(126,'Remove commodity price','',1),(127,'Manage interview guide template questions','',1),(128,'View interview guide template','',1),(129,'Remove interview guide template question','',1),(130,'Manage story of change categories','',1),(131,'Submit story of change','',1),(132,'Review Story of change','',1),(133,'View Story of change','',1),(134,'Attach case study articles','',1),(135,'Manage faabs groups','',1),(136,'View faabs groups','',1),(137,'Remove faabs groups','',1),(138,'Manage category A farmers','',1),(139,'View category A farmers','',1),(140,'Remove category A farmers','',1),(141,'Submit FaaBS training records','',1),(142,'View FaaBS training records','',1),(143,'Remove FaaBS training records','',1),(144,'Submit back to office report','',1),(145,'Review back to office report','',1),(146,'View back to office report','',1),(147,'Plan camp monthly activities','',1),(148,'Remove planned camp monthly activities','',1),(149,'View planned camp monthly activities','',1),(150,'Manage FaaBS training topics','',1),(151,'View FaaBS training topics','',1),(152,'Remove FaaBS training topics','',1),(153,'View facilitation of improved technologies/best practices report','',1),(154,'View training attendance cumulative report','',1),(155,'View physical tracking table report','View physical tracking table report',1),(156,'View MGF module','',1),(157,'View MGF Applicants','',1),(158,'View MGF Organisations','',1),(159,'View MGF Concept Note','',1),(160,'View MGF Application','',1),(161,'View MGF Approvals','',1),(162,'View MGF Proposals','',1),(163,'View MGF Evaluations','',1),(164,'Submit project outreach records','Can submit project outreach quarterly records',1),(165,'Remove project outreach records','Remove project outreach records',1),(166,'View project outreach reports','View project outreach reports',1);
/*!40000 ALTER TABLE `permissions` ENABLE KEYS */;
UNLOCK TABLES;

--
-- Table structure for table `province`
--

DROP TABLE IF EXISTS `province`;
/*!40101 SET @saved_cs_client     = @@character_set_client */;
/*!50503 SET character_set_client = utf8mb4 */;
CREATE TABLE `province` (
  `id` int unsigned NOT NULL AUTO_INCREMENT,
  `name` varchar(255) DEFAULT NULL,
  `polygon` geometry DEFAULT NULL,
  `created_at` int unsigned NOT NULL,
  `updated_at` int unsigned NOT NULL,
  `created_by` int DEFAULT NULL,
  `updated_by` int DEFAULT NULL,
  PRIMARY KEY (`id`)
) ENGINE=InnoDB AUTO_INCREMENT=11 DEFAULT CHARSET=utf8mb3;
/*!40101 SET character_set_client = @saved_cs_client */;

--
-- Dumping data for table `province`
--

LOCK TABLES `province` WRITE;
/*!40000 ALTER TABLE `province` DISABLE KEYS */;
INSERT INTO `province` VALUES (1,'Central',_binary '\\0\0\0\0\0\0\0\0\0\0\0\0\0\0\\0\09w\\;@*T7.s\\\;@	\c.B^&\\;@J\\.F\ne\\\;@C\\.\7\\;@/4\'/.\\0d\;@|8c.\#\rnk\;@ {\.Yk(\;@B*.0\\;@aM.k\;@\|zl.=\;@H6W\s.vn\\;@EB[.rar\;@\v\Z.4\\;@%\\R.v\1<\;@\0q.`un\;@8t.\mlv\;@\\(yu.S\\;@\n1Tm.\h\0o\;@\jdW._b,\/\;@\X.6o\;@x\Wf.\XyV\;@@5_.aHZ\;@\\\\.wj.7\;@\\[v.\;@i.\\2\;@\.\\l\\;@\\.\;@\.?:\;@#~\r\.,\;@+n\b~\.\]\;@!\F\\.\\]\;@Rb\\./Ie\;@]u\.ywd6\;@!Z+\\.\T]\;@x\\.9\m\\;@\xwd\.&\;@<$\.%VF\;@n\.h\;@w~\.\Z3\;@\\P\\.\'\;@\\m\\.X\\;@;\\.C\\;@0B.\\;@i:.v\;@&.\\e\i\;@\n].\9?\q\;@ \\.K>v(\;@:tz.Yni5$\;@T~.\;@CX%.Ul\\\;@\\a.Uy\;@uv28J.B\;@%\`.=\!7\\;@\	$.|V\;@\..\;@\\.;6\;@K\^b\.\*;@u\\.Dn;@-\R\\\.\\t\z;@9(\.J;@\y]\.y\'e;@d.\(;@Clp/\\O=;@\mP\r/5[y;@W\(/Mx$^\;@ZK%/9DJ\;@EB[&/C9B\;@\\1\'/k=&R\;@\\v5)/Hi\;@\\*/7P\|\;@1,/;\O\;@;_-/1^\;@z./zI|\;@\\\\0/\;\;@\/2/h\;@[3/i\Q\\;@.n4/X\\;@aM5/8*7Q\;@\"rz6/\\h\\;@xG\j7/4.\\;@|e\8/;\;@\\>:/\n\;@\\l;/N\P\\;@Yn\=/b0\\;@N?/	\c\;@k\@/pC\;@\A/^o%\;@\nK<lB/X9\\;@;9Cq\C/\;@\0|D/R)v4\;@E/\(\\r\;@1y\|G/!\\z\;@\H/Ps\\;@\&I/>@\;@t~\K/CF7\;@=\\\M/\R1\;@4y\SO/\[[\;@\>rk\M//R(_\;@Y|EO/\;@JiO/ \>\;@J\hM/{p\;@i\\IK/BC\;@\JI/\\k\;@ur\G/LT;@F/zW;@#*T7G/TsP;@	I/R?o*;@\^zoL/[]N	;@}iN/\\aN;@ \P/!XU/;@I\\"i7R/r\;@Mg\'T/\\\V;@L7A`U/e\Q;@\5oQ/u;@C=P/\;@\kO/-\R\\;@F^\\O/\"\\);@\\N/m;@! _BO/\Xl;@g^O/}s;@\xZQ/\d`;@wf\\\S/4;@6sHjT/[$\F;@k\U/|];@w*\V/;@BW/Qr;@N*\ZkW/_%;@\\-W/;@_\\WV/|;@_T/\t\;@\}R/^,;@ALjP/\/-\;@\_vON/`;@\GL/eN;@\[K/\<t;@h[\J/\Zn;@5&\\\J/l ];@y\Z0HJ/6X;@/\I/\\nK\;@3H/*\t;@\5\KoG/J&v;@.!E/j\\4;@c\C/\\\\;@Z\7\A/\P;@q\Ws@/;\:;@\\q?/TW>\;@</\\\L;@W\:/[\;@28/V`\\;@H\n6/z;@r6\4/F\;@ta3/O\\\N;@tF\1/-;@\\o//k$	;@\n-/tZA;@a,/*:\;@\\b,/P%;@B=-/\\m;@\,/\ZM.\;@,g*/N\;@LnYk(/Q;@a\&/\t ;@c`\%/t\\\J;@Ma#/\r\;@s\"/&VF#;@\[[% //L\n;@\8b->/~31;@\\L0/\T;@+\\Z/\d<\r;@jIG/)[$\F;@\\!/\	F;@\,\/PV\;@\I/\u;@g\n\\/|R;@6.6/mQf;@CR/\0\];@tF\/?;@9\\m4/1\;@p#e\r/f\(;@N/\\;@\o\\\n/D\;@4\`	/Z}uU;@j\v/c\tv2;@{)<h/y;@o/m5;@\P/m;@/a56;@E>\'	/4\l;@\g#\M	/uX;@A/wf\\\;@Z\f/\{;@/HM/t{;@\</4-2\Z;@sb/<\r;@d\3/\	;@lY./\&2s;@y\M/\;@I\\\/V\f;@/q6;@\03/i\V;@3\/1\q;@\</k\m\\;@F\\\Z.\y;@jWV.3};@W\".;@Ljh.\;@U/\d.\v;@`U.\QcB;@H5\\.jt;@\t.8\;@C 8.mo$;@y3M.e\;@@/0.&\;@Pn.\\\h;@\"u\.G\;@	8.\\V\;@,.@&M;@OjM.P;@` .9;@\@e.m\\];@U4\\.p>uR;@T\.\Z\kA\;@b\r.\k;@v\\0/\\na5;@\g\\\0/X\0S;@;.R\0/;@I~\.5F\j;@_a.T\\$[;@&l.]h;@\:q9^/:;@\<c_/F!;@\/L\\;@\\\\/\2R\;@K\^b/^M;@*4\/j;@\Z/G;@z\\3/?`\;@\6o/\\;@&/6\,;@k/\'3\Vz;@\8\n/C\;@\\rJ@/u\bT;@V\f/46<~;@H/8K\r~;@O\/*\3};@`/\/J\_|;@_\\M/<jL|;@\\'/\r};@@w\/,\'};@B	\\Z/\\{z;@s\f/\\\	y;@,\o/\yw;@M\rO/\A\v;@z\{/QF\\\0v;@;T\/\AA)Zu;@\)9\' /\{\\t;@;Ug$\"/r1\qt;@\"\<#/%s;@qo~\$/\s;@^emS<&/~<r;@]/M)/N~Nr;@:=\*/\0r;@\SV+/jP4`q;@6 B\\9+/jvp;@]&*/l\<*o;@l;m(/x_o;@30&/\"4n;@5_%#/3pan;@,)$/gem;@s\\q%//g+l;@2&/2SZk;@\\I\'/{\5Zj;@4`_\'/=	l\i;@\*C3\'/\\2i;@L2r&/(bd\h;@1#/jWVh;@f.py!/+\h;@\0{\/#\Jvh;@\/6qrg;@$\\(/tF^f;@ZN\/\&e;@_w/Z e;@\\!\/R\\d;@\r\'8/\&d;@>{.S /2d;@\~#/\\~d;@x\r%/=d;@U\z)/zod;@$~+/zZc;@9\0-/\Onb;@$\;\./293La;@\\1/B\\`;@\o^4/\Q`;@;2V7/c(\'\U`;@!yv9/\p>?`;@aQ+</=HOC`;@!=/-u\_;@\\"?/)D_;@L\*A/g_y^;@RAEE/a];@\\RI/A\F\\;@7~L/\-v[;@hO/\.\Z;@;P<R/\.4\Q;@(F\q/v\Q;@s/\ZuT5Q;@\(u/[O;@\\\\"v/mpN;@\w/m\{N;@\9x&4y/q<N;@\"u\|/CN;@m\~/\N;@{/8-:YN;@AGZ/G\\M;@}\/K\L;@\x\"/o\L;@W&R?/;n\tK;@7\G~/\npUJ;@IZ\{/\>\-WG;@*\tv/+2: 	G;@\\\u/7G;@xq\Zt/QL\\0G;@\,	PSs/\2F;@-=r/\1\lF;@\q/\E;@\\'Gp/.E;@Mo/W zR2;@\)\./PR`\0;@=\\.$a\N:@%\\\.%\\\:@8\'0\.F\:@?.@I\0;@E\T._L\0;@*~.oe\2:@\X\.6\,\:@AMG.(	\:@\\[.\i:@0.^):@.mY.\:@\AB/.\i\[:@D/X.+1\J\":@h[.\\:@\wD.9@V.\)\9@\Y.\\\49@\F\.l\\9@P\.RZQ9@\"ng.4BT9@#~\\Z.\h9\CU9@zO\.>T9@7\w.\Sr3T9@QUr.ZS9@9Z\l.dQ9@h_.z\W9@nQfLR.x%\s}[9@cyW=P.h\c^9@@x\=L.\\\\\`9@}x #H.^2e9@WE.\yi9@l|&\I./\l9@D.\\\\l9@f0F$\n=.Z	m9@2.QJk9@/\x-.c\\Zl9@D\\'.lo9@,G\@&.-?p\'t9@u7O.D\1uWv9@n/.o\v9@\$\"\0.\HK\u9@yu\-/2Fv9@MKF-?mTw9@(A&-\\]\w9@\\\\\-fc]\r9@Y\\0\-NDn9@ZU\-:n9@K|%\-T4m9@@m\\-\n\\m9@K-\^zop9@:\-l\r9@\p{-\'Hls9@s=A-\0)Ut9@\uS\k--@w9@1\-g\K6z9@]P\2-\|9@>-8\L}9@/-Q._x}9@M\Z-d|9@\\/-iWV~9@)yuy-4BX}9@i\q-^{9@(-\\Vak-\}y9@$\6De-\nfL\Z{9@g%^-J\\\n}9@W#\2Z-\\D9@p\U-8G9@ng_yP-Gq::9@\jeJ-ip[[9@h\\8E-U/\d9@fJ\o	@-0&9@\\[\;-X329@\\Z3-\`9@pa.-4-2\Z9@E/Xn)-*\9@\_!se(-\9@K%->x\9@1\f!-%9@\"u\-\\9#9@jdrj-R\9@8-T<\9@	0,-S\\\"1:@\r9!<-dV\0:@O>-\Y-\0:@/@-I+0:@o\rl`A-SvA]0:@^o%C-,\0:@i\D-c/:@F\=\F-,H3M/:@\\K-(/:@\`6M-\s0:@5a\O-0Qd1:@\\rP-}zl3:@n\\P-R\\T5:@!uP-&9{6:@RP-`\U,~7:@\P-E<8:@	\P-eo)\9:@@KWP-::@r9>R-X\";:@\,\T-T<:@(rU-}=:@\^}<U-C9B>:@\Z\AV-a3\>:@T^-W-L<?:@\\X-^sa@:@[;QZ-\0\A:@\S\[-TrA:@u\bT\\-Oyt#,B:@J%\\-\\g#C:@JU\\\-\>VC:@l\ndv]-x\\D:@(N>]-@\\vE:@W\\m]-[^\6G:@\\^-5H:@Z\Z_-}I:@\\`-e\ZMJ:@hb-\RL:@v5y\b-/XniM:@h[\b-\Z\6N:@M1AGc-\	O:@F7c-;\:P:@\e-\z2QP:@cZ\f-)WP:@\\\i-\5wP:@]gA(o-baR:@h\ejt-\/\S:@lt-\U:@p t-\\V:@,\p{r-26W:@\7\\p-wNytW:@\"4\o-rt[:@l\l-f]:@\\0\j-\qQ-^:@-z\i-\"-\^:@^2i-@M_:@\h-{Y`:@\GCg-Zwga:@\8\0f-ia:@\Q\c-@\\`:@	\_-\rN`:@\\\EC^-:p\_:@a\\\-\^:@i-W-_:@*s\V-IK\\_:@\x>R-\p<_:@kP-\I_:@\\!N-_\lW\_:@Z![M-g\||`:@\0qK-=\`:@\%jJ-\Xa:@\t=I-{2Qd:@\\\'+F-qe:@\\0E-MKFf:@\:]C-k\\uf:@\\@B-x\'\f:@\c\rA-N@g:@?-RAE\g:@\e6\<-\\bh:@fO;-\^(`;h:@dT8:-Lh:@*s8-W\\\i:@u\5-,\Yj:@voEb2-)x\nRk:@Rr/0-jJ>vk:@5|\.-\k:@`r\Z+-S\\m:@qd(-9\m\m:@#c\'-\k]jn:@	\'-a\$\o:@}\%-CRo:@D3$-np:@\\\/#-<q:@I~ -\\\q:@e\F ^-@Zkr:@zI|-oHs:@\qn\-\\\s:@\|#g-F\jt:@-u:@\B-n4@v:@L\Z-.Tv:@0-fg\;x:@!-W\n\\\x:@\-A*\y:@`\-K\X\U{:@\&E-]a}:@\`\"-\'~:@\--/HM:@\\-xs:@2|-Q0c\n:@}\\-D\:@e-2\"QhY:@HZ\\r-sw:@K\>-bg\n:@\|\\n-j\:@QMI\\-\b\:@7\Y-\\m:@G(\r-<:@~jt-:@\\-CT:@	Q\0-\:@0e\,7~:@>,j\:@|8c,8\n*:@EGr,V&:@\,5%Y:@D6.6,eT\:@\\W;,\tYLl:@_,=b:@\(\P,uX:@\\y,.=\:@\i\,\WW:@Tz\,=B:@$z\,/:@-\,\zI:@F\,$\pt:@1\\\,\\:@i\0w\,K:@<\\\,O\\:@(`;\,\4\r:@O\\,\ \hU:@\\,[\:@#\\,\\\;:@)Wx\,\0\9:@	\%qV\,bf\(:@\S\*\,x\r:@\\%\,*:@&OYM\,T:@\,\\B\:@F;I\,\cg:@\a\,RG\\:@\\\n\,>\'I:@=a\,q:@\r\,1v:@O\\,\(\:@\ZO\,\ :@\5>\,yt#,*:@\,\c\:@y\,\":@NA~6\,g:@\'o|\\,3O):@\6p\\,GZ\Q:@\?3\,0a:@\o_\\,E*-:@sc\,\1\l:@\;(A\,}w+:@L~\,T8T:@**\,:@>?\,Ll>\r:@%z\r\,/H:@L\1=\,\:@\,{\:@n\,\C\\:@4iSu\,\:@T\,D4\\:@c*\,\`\:@x\Z\,N\:@\U\\,%}e\:@%]3f\,\:\:@\\5\,<2V\:@(F\\,_\\\:@vj.7\,k	i\:@i\"\,sG\:@D3\,MN\S\:@I\\0O\,E\\:@t><\,\\:@KTo\,{gUI\:@\	\\,.\Ue\\:@4\,Ov3\:@a4\,\v\:@Y\,A\:@a\\r\,\\:@\K\Zu\,jj\:@\ZKX\,0h\:@4J%\,#c\:@m\,+j0\r\:@\"o\,\ v\:@<FzQ\,d\:@!\,^i\:@\_\+\\,Z\:@#-#\,\\\:@`s	\,DM\:@E|\,3\:@B#\,\r~1[\:@il\,u><K\:@;\\r\,\"S>U\:@,cC7\,F\~\\:@G\g\u\,\ :@\K\\,6\\n:@EI\,q:@>x\,mIF\:@5\,sY:@{\\~,!u;\:@l?\\|,\\riT:@n\Ex,vN:@x^*6\u,l\\\:@)v4s,	.V\:@\%\r,L\nF%:@\{Ll,\	m:@{mmi,\\\0:@>e,\I}Y\:@P\\a,\v/:@m^,n\:@8\\\,\`6:@\\O=Z,\\\:@\Zh8eV,n\\p:@\}P,\\:@<N,ka\9:@N\'\\rJ,\vKr:@2H,9@0G:@FaED,.q\\:@JCB,\S9\:@\V*@,DmFA:@c\n\8>,F!:@8;,e:@d\,\9,\{E\:@\\t!V7,\(\:@\\\B1,\w~Q\:@0*-,d\3\:@XO(,S\\0\:@eYJ&,v\:@\*l ,j\0\n\:@`!seP,\Z\lY\:@\0q,8 \"5\:@Cl\,4B\:@Tb,\\\\5\:@9\\\\,K\:@L,<\\r\:@z\\",1@	\:@GT,\\l\\:@e\r,J\\:@ zR&5,$\p\:@1zn	,n\\:@4$,-]6\\:@0\,\q\:@m\\]\,\\:@,\\\(y\:@)@,n/i\:@o\e,;\u\:@4\\o\0,\\:@uX\+\5&\\:@8+\Ry\:@=\np+.s,&\:@[K+Oe\:@UJ\+DR%\:@}Y+\:@\#++\p\\:@/+D\:@!+o}Xo\:@\T+\Kp\\:@eo)\\+_\:@\+BF\:@!\Z\+\\:@\n\\\\+]z\:@\\n(\+5\;N\:@l{%9\+0\r.\:@\\.Q\+\0;7m\\:@d\\+0{\v\:@DN_\\\+>\:@bm\+bG\:@\\l\\+f\:@\8\\+\&\:@0\+$w\D\:@\\V\+!\\\:@${!+ %vmo\:@|,}+\\-\\:@6#\E+(\4:@3\\(+\\0F:@VE+2\:@\\t\z+@Q:@\y+\O\:@mR]+-	PS\:@b+!r:@7\+\SV\:@w\+\BW\"P:@\0+\0|:@8J^c+j\:@J+R*\	\:@z\\\+i\\:@#/kb+F\:@\\;+\:@+\:@+6qr\:@N\z+~\:@\fG\+Fx{\:@\\\zi+N^d~\:@\XL+\&\:@Fy\+Z[!\:@[\A+\:@\D\+\"h\$\:@qN`:}+\n,(\0;@\07s+\=\W;@\\\dq+i:X;@\s+*8X;@**w+\(Y;@1x+Y;@U\y+\\Y;@\	Lu{+\'N\w(Z;@:*}+<l\Z;@g~+S\ZY;@\Mb+\/fKVY;@l_@/+t(Y;@+0[wX;@L\1+\rX;@\Z+\ZX;@7\w+-\n(zX;@\D+\%\X;@*U\-+-Y;@\5+%=NZ;@\xZ+o^Z;@B>\+\\4Z;@a4++|F[;@\\+D0.[;@\0M+~[;@|+rP\L[;@\n+\^;@pN\\+\4\Ry_;@`\eM,+b\Ua;@ \+\j{a;@\\jH+\1\`;@\/\\r+Q\ob;@T\+GtFb;@4E+TN{Jb;@c`\+\a0a;@E)!XU+\uBa;@X\E\+1Tm7a;@*T7+7T7a;@)+<\y8a;@x0D+xea;@RDU+xa;@om+\].\;a;@\{\+;\:`;@\+1\\PN`;@X<\+A\n`;@\+ia;@~e\\+^-wb;@2\\Y\+\(\QGc;@4\\\+X\c;@JCB\+Gid;@\;\\+\d;@\Lx$\+KqUe;@y=\+-\\oe;@6~\+m\)\e;@\F\+;g;@I\r\+mg;@~42\+y;\ig;@\B\+ zR&5h;@z\\\+\>i;@\\Z\+N)\i;@\L0k\+W\j;@y\|\+]`7lk;@\;\~\+=$l;@\\+\sm;@\0U\\+]\l;@5F\j\+\\mnl;@q\d\+\tv28n;@~<\+[!\n;@\\\\+\Tq;@\\\+\q;@\\+\=jr;@.\\\+R{ms;@:/K\+V\\\t;@\Pn\+A,_u;@\6\\\+AJ\\\v;@l!\A	\+/h!w;@Y\\\+MKv;@j\+\\\\v;@X\+\x;@3Q\\\+qRx;@\\u6\+my;@\\\:+\n1|;@X+c\\K\};@y=+H]\\};@\U+N\z};@\'O:+*\3};@`n+4\H|;@+6\\{;@\\+\'OYM\{;@g%+r\{;@:\+M/1\{;@(\\h+e\\{;@9$P+\4{;@ C\*+\"4\{;@2+E\'K{;@De+zpw\n{;@\\\c+\p<{;@YX+\\r{;@n+u\z;@Ku+*%\0{;@ip+W<H{;@h\x+\{;@*Z^+6\|;@u+F#W<};@\+~31];@>+9y;@\Zb+pN\\;@{p+^\;@\T+\\q;@\0S+E(;@\3\+UK:\;@*s\+zk`;@+S$_	;@\C|+m;@_Cp\\+1[*;@-+\h;@9DJ+R\>\G;@]z\+\.;@(	+=)\Z;@Q+! _;@/+\f;@\h\+Kb;@(N+6\\;@\+	/;@++\6;@wN#+K\\J;@2\Z+$\@;@\g@+#D;@+%\/;@E\\+Q?;@\+OWw,;@26t+\\;@tCSv+<	;@3+]7V;@+8~;@\HK\+wNyt;@u\&~+e\ZM.;@Dez+D\;@_\?\x+t\v4;@gE\Dw+\bbq;@yCv+;@A,9$u+V-;@t{Is+cAaP;@\r\rr+(rw;@!up+\n+TT;@LNo+sE);@:\,Bm+6;@V\1j+*;@>\h+BF;@UPg+ba;@;M\rg+gd;@9(a\g+$;@]lZ)j+u/3l;@G7j+dV\;@Zk+Q\&;@^\Dk+\a;@\l\<k+\O\0;@	k+[\a/;@~\j+,;@i+}\r;@zn+h+\U;@\mlvZ+H\';@9(a\W+XvMH;@\G\V+\&N\w;@\\~T+\ ;@t\\S+X9\v;@vEQ+c;@ng_yP++j;@]M+VF;@**J+\j\;@KbJ+V;@@P%O+J\^;@\\ME*T+\w;@/>:uU+t_\l;@P\\\U+;@-\V+V|C;@\\:W+{\;@\t=Y+;@}\Y+oK\3;@E*kZ+2Mc{;@k+\[+Ef;@~x\\\+U3Y;@=\\\]+\z;@H\c\C_+y\;@x%\s}_+/O;@|_+72;@_+x}\O;@#_+g\;@\nfL\Z_+\\8\\;@_+\eO7;@\;1\\`+\\;@v\[`+&\\;@vN`+5\|\\\;@p\\`+\	K<\;@2t\`+v7Ou\\;@;M\r_+\oh\;@a\\L^+5\;@X\E^+Z\;@\,	PS[+\(\;@r7V+b\\;@C=}P+\p\W\;@G\@]N+\\;@_\rP\ZjL+g}q\;@\I+\\C\;@\18+8*7\;@\+\5&\\;@+\?d\;@+\\\0\;@+$z\;@k=&R+\R1\;@\P[+\'/2\;@aM+X\0_\;@-\i+\-\;@\\%+a\\+\;@\y+zFw\;@FCT+.\\;@\j+\|\\\;@qR+\\DR\;@ \+t\;@\F<\+^-w\;@\9\+5C(^\;@tE)!X+kF=\;@6\x+i\\;@8f+)x\n\;@+so\;@sa+\|\\*\;@n/+40&\;@h\,{+h\;@z\+\\S\\;@>\\+\\\M\r4\;@KTo\r\+&v\;@!1\\+;p\\;@^~\+\0\ \;@\\\e\+~\\\\;@IQ\+MG\07\;@L\\\<\+\\uS\\;@6\D.\+Ir\\;@\\+D\;@B?\\+d> \;@yv\\+g}q\;@\n\\\\+x\=\\\;@NoD\+\s\\;@w$$\\+\\;@)YNB\\+z\;@]9\+2\FY;@\'@\+\9\}\;@\|~\+\e1;@\\C\\+TsP;@y\\+KV;@x,\+G;@\j,am\+GZ\Q;@\\\/\+\\1\;@&\+\.;@Q\+R\h;@nH\+j<;@7P\|\+ni5$\;@\k\+O \;@J({\+2U0*;@}@3i\+\\V\0<@p\++\<@_>Y1\+\\<@\x\@e\+\\m3<@\|#g\+\8<@\;\\+\\m4<@\\+%9\<@6h\+%Tpx	<@\0#G:\+\qQ-\n<@UJ\\+\`\\n<@\r1^\+?\<@!\Z\+hv\[<@\\\r\+9\r<@E\\+\\W<@\i \+\\nf<@\O9&\+}\<@5\\\+<@|\r\+f6\\<@cE\ra\+\p<@y=\+RE<@.\Z2\+\Xl<@\+U<@ \X\+\g@<@\\h\\+v\Z<@}\\+m\\]<@\"O\+ei\<@\\7\\+\` <@vq\r\\+-=\"<@u\\+~x\$<@\\2\+,`\'<@FI\\+\X(<@X\B\_\+8G)<@[A\\+:w\*<@0\q\+,-X*<@,D\+=S*<@\\\$\+W+<@)=\K\+fYJ+<@\7i\Z\+jt,<@T\+d\,<@IddY+\7{\5<@G;n+OS\{6<@M\rO+D@7<@U.T+\rnk\7<@i+AG:<@#K\X+<<@g?RD+2=<@gx+D\=<@\\+><@++\\"R?<@\8+X\?<@\(]+\5w@<@-+E\nA<@{\v+ZH\B<@z\+	\yC<@\\X\+g%E<@nLOX\+MNE<@>%\\\+@QF<@i\+0\mPG<@G\+\H<@e\+!\"5\bJ<@B\\\\+u\K<@_\\+\\r0L<@E\+4\lM<@SAE\+\I`sN<@KXc\'\+%!N<@\0q\+\nb\P<@\(]+c~Q<@-+_nS<@a+a2U0*U<@[C+\U<@\Z\\+lwV<@\_+B?S[X<@HV+\F\\\<@eu\+M(#^<@wG\\+2=B\`<@0\mP\+g\eb<@5\r\\+\\\1c<@!\\*\+t\5=(d<@\$\+\M\d<@\+&\\\Re<@\,^\+`\f<@\uS\k\+\\Hg<@\Vzm6\+I[\h<@}ZEh\+W\\\xi<@mQ\+4F\j<@&v\+\nak<@-\R\\\+n<@|~!\+@ Co<@\9z\+\\nfo<@~\~\+\yp<@H<\+Gq<@n2o\+{\\r<@tE)!X\+D<r<@\f\"\+\PS\s<@\\+6\\\t<@a4+\+\	Luw<@u\\+)H4y<@N\=\+\^\'y<@iQH2\+\{\_{<@\~K\+qR|<@\(\+\W\\<@s\f\+\\\0<@o+6\+D\\<@\/\+\\5<@v+4\<@9+-u<@;O\0+C=}<@?m+\'I\L<@\+Ih<@m+,*\t<@]p+DK<@\6+\E\~<@\t+B`\\\"<@\}+)\<@Z\Z+;\y<@uX+\Z<@oF\W+\\\6<@l\V^+P)<@\.Q5+c\\Z<@1\n+\{\rq<@^,+y\M<@\++\(\<@{Y+:!<@N&n+\<@\X+im\Z<@\S\+uBY<@\4\8E+P[<@9D+7\N<@ky\+,AF<@ \E\ne+\QF\\<@\\-\+\\mn<@?\\\+{2Q<@>:u\+n<@6+qR<@h+2A<@\T\#+ zR&5<@\WW+\,<@ms+\\nf<@i\+,cC7<@M!u;+,<@8\+y9<@\\\%+]3f<@p+|A<@+U-\(<@\CmF+u(%<@\\+zrM<@1^+`\<@|C\u+c!:<@4~+\<@c%\YI+\\n\<@\	\\+W\2<@wcAa+W|C<@\\\~+%z<@jjz+Y\\0<@\\`obx+\\u<@4+u+@j<@T\\s+E2<@q:q+6\\<@Cnp+0<@;\Zm+\I<@v\Kp\k+&qVDM<@\\'i+K<@\\\Jg+^)<@B@\nf+;\<@c${d+\E\\<@Xb+~SX<@\`+jj<@ZZ+.<@\MY+l+<@S\k%tW+L\[\<@Q<U+M1AG<@\0!T+$0<@?ZS+<@<i\R+wN#<@9R+\]<@`\M+L\1=<@28*G+2\0<@:\\E+-v<@bC+wG\j<@iWV:+f}\<@8\d0+\\7{\<@?\V.+qm\<@U\-\,+\I\5\<@h[\:\++p\$\<@m*+anr\<@O0)+[\<@f2\g(+q\\<@\j\'+i\\\<@qrCQ +qN`\<@N;P+H]\<@~+px0\<@E+E\\<@P+{&3\<@\\\\+g\,\<@\'.+n\\<@o}Xo+\\a\<@m+(Hlw\<@b\+e\a\<@\\q\+zQ\<@\W:+\\'\<@AEt+wN#\<@W\\\x\r+\9}=\<@\\+j3NCT<@8/N|+W<@\%j+n2d<@P\+\}u\<@YoC*q\s<@H4\"*L<@w-!*^/M\<@\\Sr*\u6\<@k**~<@z*\<@Lk\\*\\<@!*Q<@s69*\UG<@#\*!\A	3<@<\\*\^`V(<@\rj\*	\y<@\n\*F\0=@\}u\*I\\|\0=@\'\9\*\zj=@U	g\*\4=@\C\*%\}8=@\6\\\*\PMI=@-\\*QQ=@n0\a\*\W=@k\}\*QO\I\n=@D\*\Z=@%\\*	=@(A\*\L\Z=@-%\I(\*\\f*\=@]\*P\\\\=@;\\r\*f}\r=@O\0\\\*\W:=@?\*Ii6\=@d;\O\*LQ\=@	oB@\*|YH=@m\OT6\*e<\r=@<.\*o=@jhwH*\\=@\r\-*\\|#=@zo*E\\ZJ=@+*!\"5\b\Z=@m*d#\=@Tt<*Yk(=@N^d~*,J	=@\\W;*lxz,=@\v*a=@]\&*ysV{ =@+*\zj!=@!\K*J&#=@(&o*d$=@\\qqTn\*]n0\a%=@y9\\*Y&=@\L\*WuV\'=@Md\*\r\'=@\\W\*\V\(=@&\\*\r8K\r*=@WY\\*-\\e,=@U-\*/\\[<,=@\06q\*\"\\T2,=@l\*ec],=@\\%\*\ ,=@\67\*\ZL\,=@:\\\*il-=@sLh\*e\-=@0\mP\*6\\.=@\\n\\Z\*IV.=@\nR\*>x\/=@v\\S\*&\p0=@mR\*\p0=@m\06 B\*]m1=@`\*\\1=@~E}\*]1#=4=@B\\\\*p\4=@\A\*$F\-t5=@)R\*E76=@8\*~9]7=@\8\*J8=@|A	\*u9=@G\0\*-\:=@l\<*\*\%\:=@\*[;=@7\"N\*i\><=@-@\j\*\"3<>=@u)\\*bo?=@vQ\\*\J@=@\?=\*\\A=@mQ\*EB=@h?RD\*B[B=@o\*ep:C=@f/\N\*l#	D=@:\* OD=@\%<*Z![E=@\,*sFF=@u\\p*\\uS\G=@\*h\H=@*tJ=@)B\v*%9`WK=@\oB!*\.L=@tb\c*~u\rL=@\q*;M=@^*T\M=@k\SUh*;N=@\L\\*\Q\O=@k*lO=@\6*O=@]\$?*5\O=@J\\*4\"1P=@\e*=aP=@\\[*h\\W\P=@/*\'I\LZ=@\*{Nz\Z=@#K\*)\"[=@Ec\\l*\\G[=@\\l\*\T\#[=@0\s*\{\[=@\"5\b* 8@\\=@\\\*n\I]=@\U*1{\v\^=@\*\\h\_=@oN*\Fb=@M2r*__\Rc=@2\*rPi\d=@G	1*\e=@J*\Sf=@\}u*`\h=@+*LJj=@\{**\\G\)k=@n*)\\ql=@ND*4J%m=@\\1*UWn=@AJ\\*arip=@K*TW>\p=@\\9{g*kq=@\R*+s=@CVzN*B^&\s=@\06*.t=@@*B\\\Du=@\xwd*j#v=@B\!\*\w=@V\{*^=1x=@*`\x=@*3\Z\y=@*2\z=@,g*9B\{=@A~6r*RGT|=@\\.*\]gC}=@e\a*u~=@\:*z3M\~=@\\\r*\=@j*J8=@\!*V=@++M*7=@\4\8E**t=@]ky}*Lo.\Z=@\Z{b}*ari=@\{*XV\=@5\\ox*=@Cgw*;P<=@4%v*\rk*=@p\$t*=@\ls*vX=@K\0)Ur*\TG\=@k$	r*J_9=@+q*b\r=@h[\r*>e=@1{\v\r*)x\n=@2#\h*\2=@\\g*\}\k=@1w-!g*.1=@\7>[g*n\\p=@PBh*B*=@Li*h\'=@\\mk*wGo=@t\Ym*0du\=@l [n*N\S[=@J8q*\A^=@y\0r*\nJ\=@\D\t*d\r=@\X_\"v*U=@Hm\\v*z9\c=@\\\0x*\zG=@\'ix*;\O=@S\{Fz*\	m9=@}\Azz*\R$_	=@\nh\"lxz*ms=@y*HH=@,&x*\n<I=@Ew*\\\#=@+ v*!\n=@t%u*C\=@9}=_t*.s=@	nt*~4=@\\W;s*ky\z=@\r*m:Y=@	q\\q*\5Z=@*\\q*\<G=@lMKt*I=@ @v*s\SrN=@$Cgx*z=@9>Zy*\r=@FSw}*@0G=@b*a=@(\*Z\Bs=@P6\\n*=@\Zb~*E=@x\-;\*Os=@]@*	\=@8i\Z*h?RD=@\Ia\\*;=@7\0!*\n=@\v\Z*_>Y1=@\,{*\"p=@\{F\"4*.9(a=@3*\\\=@\\gy*&c`=@Am*n=@**K\3=@\8*p!=@S\\%*|\=@?tA}*V@\)=@\\'\Z*\y]=@*5=@\\*BY=@+l *-$=@=Y*mYg|=@T\*fC=@(\/*4=@\'|* \=@\\0\*Rd=@t\n*I&=@*\#*~p>u=@\i*\rra=@\O\s\'*\\\=@HV*@5_=@}Y*V=@\0X*J\=@W#*\r\\\[=@X\\\T*A=@\4\\*~U.T=@X\\\*]2=@y*xy:W=@\eM,*?Z=@\	*\\\=@~*t&m\=@De*RA=@!\A	3*y=@5&\\\R*N%@=@o\T*[D7=@zCn*>\\d=@lu9*\/\=@h\\n*F\==@\E*1\=@~\Az\*>\D=@\\\\\*\p;4,=@Gq\*U=@\\*\.=@9\\*^gE=@=_\\6\*}\[=@v\*T;\=@\+\*h=@t\n\*oC=@fM,\*+\=@\*E.8=@\S\*%jj=@*r9\*YL=@\\0&P\*\\==@.7\\*I\L=@1\ O\*<=@\"\\*iE,b=@\2nj\*o\o\=@U\p\*\5=@Xq0\*<=@\\%\*I/j=@\\\*\l=@5D\*W=@pQe\*Uq7=@\1M\*y H=@e\pu\0\*z=@u\*f\\\=@X\Z\*eN=@\1 {\*\;\~=@g~5\*\Ye=@?8\*L\\=@\ZuT5\*\r34=@{\5Z\*J\=@S\\'\*2ZGU=@\|\*+`p=@\\>\*9a\hV\=@\\r:\*\=@K\*=\\\=@\rW\*ux\\=@\j+\*o\=\=@Wt\5\*$@\=@3w\*J\\=@3\O\*\D\n\=@\*\=@\Z\'X\*\\;\=@\\\*\`\=@y\M\*:\\=@y\\T\*$Di\=@\x:\*o\=@\/\*a\p\=@=\\0*0\=@R\hJ(B\=@%s<(()\0\=@\\\'(2SZ\=@\\=\'o(pQ=@UW(\p\\=@\_Z\\'(-\n>@fC(\`\Z>@\"40(\*\]g>@\j\\?(*\\g\\>@.KRQ(\!>@\\\]($~\\Z.*>@\p<i(\&N\3>@\=jn(\gy\=>@=^Hw(	G>@\M(D(*R>@2\(W[>@(d:tzf>@ (fyl>@++(9\'0v>@W}(o\>@t><(\;jL>@N*\Zk(}W>@\2R\\(Qi{>@:p\(Ym_u|>@G8-x\(>@}\)`>@\\\\0)>@il)70>@&l?))\\[%X>@ua9)w\\Z>@k\H)\1=B>@MEC)1\c>@oe\23):z>@\R$?)\^f>@vn\P)?q\0\>@ \o_V)BY\>@2Al)_>Y1>@\>`z)H>@)\\\>@p1=)W\n\\\\>@@3iS)-$`ty>@wd6\)\\"\\>@ux\\) \\>@4f\)\>@?N0\)T\\$[\>@\\\)t\Y\>@\j{\)6\\>@\'3\Vz\);/K;?@2\\)\Y\\?@\\)MKF?@\\\0qW)\T?@	?*\\8\r%?@mB<*-?@e\X*.;\?l5?@\9)x\'??@Y/\)%}eI?@u\)\R?@\\9\})fN\\Z?@\\?)!<\8Z?@k\}\n*\.m8,Y?@W<\*\U\V?@KWx\"*b\\?@\6De3*\25	\\\?@pvk4*Z\]?@\}5*oG8-x]?@RAE\7*\]?@sJ_9*\	m]?@m<*S\\U]]?@d\\A%>*?\,]?@Jh@*r75\\\?@3\B*\\n\\?@	C*d\\?@O\E*\_!se\\?@\!S>M*Fve\\?@n/iN*\Q\\?@\I\5O*\\\D]?@T3k)P*\'v]?@R*,D]?@@MU*&\]?@Q\X*.\;1\]?@>h\\Y*l\\TO^?@\-[*\1 {a?@8+`* \\a?@\\9#b*)_\Bb?@:x&4Id*L5b?@\\\Jg*YLl>a?@\j*\;a?@\b0m*!Y`?@X9\p*:\0U`?@o$\r*\\t`?@[t*T9\)9_?@d73y*k\^?@\\W|*wG^?@/0+\~*\VS^?@\*vq\r\]?@\\y7*KU^?@a*o_?@\-*3`?@(*`a?@\\6*\Z/\$b?@\/*\\pc?@u\y*\Rd?@*0d?@Br*(~ke?@\yS*be?@Z)r*v\e?@yC*`<e?@i\'*P<f?@\\*\&\0f?@n*\\vf?@\\H*\\wg?@:\\r*r1\qh?@\?2:*t{i?@\Zv*0EH\j?@@*1a4+\k?@b*\A^&m?@\*F\g\m?@R{*\\{n?@F*JV\\o?@\0*~so?@\-*\Z\o?@\@9w*\;\~n?@*\*q\\m?@75\|*\_{fm?@\@m*\^\l?@\"5\b*+dl?@\I\*}\.PRl?@\\]\*\o\n+l?@\-]\*><Kl?@\ \**4l?@QhY\*+\l?@\na\*I\\\*m?@Rh\*W\fn?@\"\*(\hr1n?@o\*|\m?@M+@\*m?@\\\*V9\m?@${!\*1/l?@f/\N[\*\\6\j?@qt\\*npi?@\q\\\*C\bh?@\"S>U\*3o\uf?@Y2\\*#]Je?@*Z^\*7d?@e\2\*}zlc?@\L^\*m\)\a?@_\|\*]\].\_?@hwH1@\*d\3%_?@\5w\*E4^?@\L:\*B\]?@Rew*`7l[\\?@t}*Eb\ZY?@K\*\UGX?@\\*O\`W?@\Z)*\<,\V?@\ZQ\|*\HU?@\vhX*M-[\T?@I*` S?@Z}*p\'vR?@c\*U\\\ZQ?@=\'o|*)yuQ?@\R\{*E\TP?@y\M+)\N?@+k\q	+B\%U\M?@F\\n+%\0J?@5s+]/I?@K\n+l{%9H?@\\\n+d \.\F?@*7QKs+1kE?@hs\+\0SD?@\j=+\'>D?@^S+\C?@J?+\nbkC?@\+_&B?@vOj+J\\\@?@3SZK+V\'g@?@>$D+{p??@8+D0.??@(b\+\s`9B>?@\0!+ec=?@:r#+G=D;<?@\v&+\:?@\\\"++\{*9?@\n*.+&l?9?@/+4.\6?@7n1?74+<2T\4?@{.+x|{3?@&,+\ 0?@&5-+F/?@h\^`.+!<\8.?@\0mY/+wG+?@\@9w3+dU(?@|6+\\9\'?@_@/8+\%?@:+J]2$?@A\\"<+&$?@o=+6T#?@y?+2v\Kp\"?@.o\B+!?@#*D+L\\\<!?@\E+^~\ ?@bf\(G++\	 ?@ByGK+\\>9\n ?@\\m\N+\ ?@\\Q+,) ?@qU+F1 ?@E`W+{ ?@`[+u!V!?@]+(B\v\"?@\\TO\_+m\?3#?@\.4\a+(+$?@	se+<k]h\"?@y\\eg+\\rn!?@I	i+&fe ?@aj+gba ?@Yn\m+D?{?@aO;5q+\@-?@\Bs+(	?@\\}U.t+Qv0b?@)Zu+PR`L?@I~\w+\*?@\8EGry+-x\W?@?Hz+\J=B?@)^emS|+dV\p?@3<Fy~+@?@I+IIC?@xz,C+&TpxA?@.v+\]gE?@K!K+W$&\?@r+\\0z?@\%\2+\t\?@a+\"\?@9^\I+&\0*\r?@}p+!\\n?@Z`+1%\	?@+C=}?@r+X\?@_\\\+9?@P\\+?@\zp+,?@\(\\r+j\\?@~+\\u?@KVE+e\\>@8+6>@<d+T>@#M<+\XyV>@4\i+\oB!>@\\`\+\>@+0\>@+B+vq\r\>@h[\:+A\'>@rG+\/g>@\d8+wD\>@\/+	>@g+\\\\>@4L+>@b+\{\_>@-C\\+t(%>@\\+\v\>@+ +\t=\>@427+C>@=\+z>@7m\i+q\>@x`\0\C+$\w~Q>@E\\+c)>@\\+?\,\\>@`\+::Z\\>@]a\+S$_	\>@ZGUD\+Tq\\>@;Mf\+\rU1~\>@\(@\\+b\>@\\C\+|y\\>@\PMI\+\\r\>@$Cg\+/\>@:\\+sc\>@YiR\n\+\\\>@I\\+\\\>@c}\+%\\\\>@H\\+\"\\3>@X5\;\+)1k>@=\+}^\#>@\QZ\+\\>@H\+&\Z >@%\}\+&\!>@_sa\+D\">@\?O\+37\%>@(d\ml\+$&>@\\K\'\+\_\+\\'>@fOs+S\(>@BY+pY\(>@W\\\x+E\(>@5\\\+n)>@\HL+*r9)>@\j+\L\T)>@B\f\\+8@d)>@_9\+i\0w)>@\+:[@h=(>@\\t\0,G(>@	Q\0,t_\lW(>@dT8,)>@y?n|,|)<hv)>@	s\r,r\7)>@E\\ZJ\\r,zm6Vb*>@`=\[,Q{,>@(\,|->@\",LO\.>@`x%\s,Y\"/>@2\0,\rW\0>@$}ZE ,\c\"1>@;p\G\",U2\2>@f\\n\",\\4>@t	\\!,3jJ>6>@t\_\",lw\}9>@g&,\Mq\Z:>@h\"\',&\A>@\\)\*,\\B\A>@5-,c\3F>@6Y1,hhsH>@\\\5,/K;5O>@\'L,gE\DO>@wGN,\rWN>@W}O,cAN>@^sQ,T\{F\"P>@$d \._,<.O>@\_,\?k~M>@(8\'`,\S\M>@nh\N?`,`\K>@\,{`,+$\J>@\/`,4+I>@_,6#\EH>@]@b,g\G>@zpw\nc,\"\k^\E>@?x\e,\"\:vE>@jMf,9\E>@\oBh,\\@D>@Z_&j,-\oC>@Vaj,\<C>@\-k,KUB>@T\Z1\k,y7RB>@\jl,\3\?>@\1p,\t>>@qx\q,K\=>@N\q,~!<\<>@Ir,;>@L6ls,e\9>@g)YNBy,\ZC9>@&3\Vz,\06 B\\9>@wNy|,77\',9>@\\p},\nJ\8>@\~,&7>@\-],T7>@i,16>@\'JB\"m,\5>@$F\-t,\\5>@r\\[,\,^,5>@3iSu,g`\eM4>@\"~,\\3>@\n,\\3>@}>,[}3>@\a0,\G\2>@\r,Pmp2>@mQ,62>@#d ,2\r0>@i4,\\*C/>@q,:\<c_.>@,Dg->@\,~R\\,>@\n\KS,\\m4+>@j\0,m\\~*>@,*>@\6\^,yx\\)>@\p,\\v)>@k\\u,)>@IO,\"\'>@BU,Rm\&>@\0~:,\\!\&>@kj,Ku\'>@n0\a,Z)r\'>@\D<,l\,	P\'>@\\\,B\&>@\Z,\\%>@m,3/.%>@@,\$>@W,s69$>@,X\#>@g,T#>@l\,\\\=#>@v\/,\\G\">@Pn,\\>\">@\8b->,lXSY >@*s,\i\>@G,,^K\=>@\o_\,\O}:>@3\FY,ux\>@\k,>@\\\\>,f\>@*s,\U\\Z>@\\\O,A\Z>@(N>=,[]N	>@*,\\V%>@\0Q0,\\A%>@\\x\",9]>@Qy9,\\\\.>@0\',tw>@O\\C,YJ>@,IEc,\M\r4>@\\q,Rd\>@&WM,\i>@My\0\,7h>@b	\,\n\y>@a4\,Y1\\\0>@\{/\,/6>@\n\\,=1X>@YLl>\,m>@F\\\\\,il>@\nbk\,6T>@}.\,v\!H>@\vhX\,X>@<\~\,jN^d>@Gp#e\,\\\n\r>@\\\,],>@\n\KS\,m\\~\n>@d9	\,	>@7h\,G	>@\Q\\,\>@gs\,PH>@_\,mt\Oq>@\\,\ZPoF\>@\\0&P\,\I\\>@);\,\Ry;\>@	\,|c\0>@\0\,\"1A>@\,K\\\>@\\[%X,Zf>@N{J,\ZK>@S\Q,\n>@D\,\\-\\>@ri\,[(\>@z\,S\\>@\1-tLh>@JP-\Gq>@\;2-\e\t>@;R}\-d>@1[*\-:w^>@XV-\>@m\Z\kA-\p\0>@/-C\0>@\a-Ov3=@rzf	-+\p\=@-\k)\0>@!\r-:K\0>@*1	-:K\0>@\F\-+\p\=@i\'-LK=@\\0}-h\c=@#*T-5E=@\-Ub\=@k)\0\-\\=@\R\{-$\=@% -\)H=@xZ~\\"-\]\=@E4~\%-=@\\)-VC\=@p\"+-4Lk=@xADj\--\\\=@r0-\?d=@$A2-6\=@$\\S\04-v?T\Z=@;\%85-\S4=@\s8-xF[D=@\I}Y\9-H\\0=@Rh:-=@\g:-:K\0>@\#\rnk;-.\\0>@\r=-|\_\0>@\n\>-|\_\0>@\l@-:K\0>@m\\~B-+\p\=@\"rlE-{h=@\\aNH-CsFZ=@$H-3J=@K:\lJ-\\'c|=@\\&K-dj=@\K-L=@\\<K-d\=@*QJ-]QJV=@j	I-\\=@\i I-~;=@E>I-|\_=@6YI-\"\Q*\=@J-Z\7\=@\\LiM-\\=@\:P-\\\\\=@d~$Q-)D/=@\0\\R-/\L=@\\^\S-D!T=@\gS-z=@\I\'T-\\\=@\[X7\U-p\\=@m<\bW-\B\=@7Ou\\X-\=@9\X-FA\=@@_X-d\r1\=@/\wW-ng_y\=@BN-W\=@.=\\L-g~5\=@jO-()\0\=@\sS-M0k\=@J\hU-2uWv\=@9B\W-01\"Q\=@\s]Y->]\\=@GR^[-Y4\=@8\\m\\-@\\v\=@]-kQL\\=@^-\\\\=@S8_--LN\\=@e\ZM.\`-p\=@E\Va-\\\\=@\\rna-&VF#\=@5%Yc-\<@\=@Sd-2\\=@@x\=d-&\=@\n7c-\\=@eb-\\'i\=@\\-\c-\UZ\=@ad-\9\=@i:;e-L\\=@q\\e-\Jvl\=@\<f-3nj\=@nh-\5&\=@gei-\KU\=@\	k-RAE\=@\'yk-<r\=@\r\\l-z\\\\=@Tl-n\\)\=@\m-\nF%u\=@\(n-_\\\=@8gDio-\\WW\=@\\p-\\\\=@!1\p-=- \=@\+p-\#F\=@+o-6\es\=@vn-LD=@^m-\=@\x\\l--X=@\"k-\n=@#m-\\=@~s-\Q=@\t-o+6=@Ou-\\u=@X5\;v-Wt\=@gE\Dw-eq\=@\\\+z-\"k=@;\%8}-s=@<r\}-`\"=@`<~-\r:=@Q\-1Tm7=@g-c>=@{-\o=@.\\[-~\Z\7=@\H-\=@[-ePmp\"=@\\\-6T=@ZU-OZ=@t\-jIG=@\4-;=@8W-\8)\{=@i\\>-\qn=@H0~-aK=@|\-\r.=@px-c\3=@\[-=@-\\-+=@/HM-L5=@</O\-\k^\Y=@(\\=-|A	=@b-0c\n\8=@\e-w(=@M$-EgE(=@\K7-?\=@I\\-O7P\=@\ZD-\3=@z\-#K\X=@k-#K\X=@l-b=@,\-i=@6:-\';=@W\el-[K=@-q\@=@FN-\D-=@\0\-Z\=@\04-\=@((E+- a\=@TPQ-.s=@a-0\\Z\n=@5\\-1=@\-@7n1=@\0{-\\'i=@<k]h-a\\+e=@R\r=-=@\y-/=@b\=-;\O=@\0Q0c-)\\=@6w\\-&\\=@z-;B=@.o-_&^=@7M-78\>=@@V&-Ki =@-B\=@h.K-|\'f<@:\z-K<@\\\O-A\\<@h>\n-|\/\<@eS.[*\M\<@zT.2t\\<@N\\\S.0\\\\<@`\T.\{c\0\<@\\\nU.y\<@nWU.}!\\<@\([ZU.Q_\<@q\Z\nW.#~\\Z\<@.rOWW.!u;\<@#uW.^J]2\<@)x\nRW.\pt\\<@%s,W.d\u\<@(W.};\<@=\[W.+f\<@l\\V.\Ze3\<@\h\0W.s\<@\K8V.sb\<@\\W.2\"QhY<@\&\+V.U/\d<@f1V.\$<@{&3V.\\D<@7\"NW.T-<@>$DY._#I<@aMeY.t)*<@\Y.TJ\<@fdX.Q<@kC\X.\\X<@b->X.<@1$\'Z.bX9<@\Z.\\\\<@/\Z.W zR<@ZJPZ._\<@%ZxZ.R~R\<@\\,sZ.B<@zZ.7C<@L\\.&\p<@\\\e[.\/<@P\\"F.G6W\<@M.\:F.\0\\<@QO?D.{<@P,C.a4\\w<@2kM?.}y\u<@?.E\\i<@MJA<..9(ab<@AJA.\nh\"lx^<@H[?.>h]<@sE.yt\X<@MJ\D.`w\W<@c=	L. 	v]<@#O.(\r5Z<@\c\S.T8TU<@	4\\Q.\'iT<@7\"NW.0X<@7A`\X.t?PnW<@\\`.\n,T<@\U\^.QdVS<@-[f.\8\\\V<@(\g.%WU<@Xn.q\P<@Om.\"\ >P<@__\R#t.hU<@5y\jv.\\V`T<@\@\|.Q<@\%|.\\\tYLP<@\\.!qK<@\=\4a.{\H<@\B.\~O<@T.=N<@m\.	YG<@\I.\kF<@\Z1\c.\\qA<@\Yf.(F@<@\Pd.\e6@<@\*l.D?{?<@70.\\><@\\n.u\\p><@368.i\0w=<@#J{/.\<*\<<@\6.ME<<@\\k.\n\\\;<@\&2s.sHjd:<@\E.L;9<@\AB/.h\"7<@1>.sePmp6<@\"R\..`5<@Tr.\\4<@hs.\T\#3<@|$%=.G\P3<@.iSul2<@|y.\n\\0<@;.\\\Z.<@R.\"\08\-<@./j\0+<@=}._\(\)<@`\".E|V(<@ra.\'<@\OT6.[!\&<@@Pn\.c)&<@t	4.ge%<@B.=)\Z\$<@l]j~.TPQ#<@PV\.:=\\\"<@w\:.\)\\F\"<@R.!<@AaP.G <@?\0M._~<@\F\I.QN<@wD.\"J <@e9:.p $<@T\0g.6o\Z<@8-x\W.v28J^<@Av.c<@fO7P.z4<@-\1.G\\\<@p\.jIG<@\4}v.p <@\X_\".\(<@.E.8<@a\.\\<@\.=\\\\r<@\D.8.\0\<@[A\.2\<@)\".sb<@l`q8.O!W\	<@	3.\<@up7.\C<@x].j@+0<@\'.c\Z<@0EH.<@\8~.H\\0<@QJV.\\9\};@#\.Mg\';@S=.i\\;@Ef.a\\;@2d.\r;@?./;@D.l.d\;@\k.\rnk\\;@4c.y\;@\\.k\\;@hzL.-B4\;@\\\"\.\;@e\ZM..Y\;@\.?\;@E\\&.I\\;@Bxq.|\\\;@yq.rar\;@\\".\\;@\z.@\\v\;@2y.0\\Z\n\;@x.`\+\\\;@0^|\v.\\bg\;@VWy.O\\;@\N\\{.tB\K\;@F6.`u\;@<.|DL$\;@&%.aq8\;@\\Z\a.O\\\N\;@S.g\\;@	g.1/\;@N.T\;@\R.VF\;@}uU.o\;@.\;@h.9B\\;@b\r.ep:\;@}\.\j,a\;@z\c\.\#\;@\\\(y.\:v\\;@OI.N@a\;@v0b.W>\\\;@VL.I\;@*p\r.)\;@t[..\\;@w,IE.9w\\;@*T7.',1607362055,1607362055,NULL,NULL),(2,'Copperbelt',_binary '\\0\0\0\0\0\0\0\0\0\0\0\0\0\0\0\0~7;@?q\0(+`p;@(s;@\=(\2;@_x%(5u;@\!\Q($;@{c(L~;@\Z!(#;@d\0\();;@%\s}(Rr;@*=%\(5s;@\|zl(6Vb;@\\\r(%;@?\\(;];@\3h(B\\\D;@	2*([\a/;@%\\\#(3;@_(`;(H4\";@\\\(g\,;@\\ID(\'y3;@\v4E(QI;@J\rm\06(Pf;@8~(\\;@g\R@(\"k\r;@\a(\\;@i(J~X;@\r\\(m5\;@H[(\ZIp;@z4(;@5u(I,)w;@l{%9(Mu;@\\m(@I;@};(4\k\;@\K(;@i\+I(j;@_~(MhXR;@M\(m\Z\kA;@X:%(\"J ;@w}(\\([;@u(@P%;@qu\0\](!\;@LqU\w(X;@\(.t%;@\QG\(6;@Av(W_];@\ahur(\(];@2\0Tq\(\\n;@\J\n,(:\H;@D;(\g;@LK\1(a\>;@(v;;@	8*5(>e\;@2r(mQ\;@:K(\\'\;@)D/(`o`r\;@{\(Z\;@\N\`(\B\\;@\T(KV\;@\\\\Z(,\\;@\yd(.9\\;@FG(eu\;@\\\\(\r\G\;@/\\sG(\\\;@?(u\;@>\^(KV\;@\_(B\8\;@&OY(9]\;@aQ(=HOC\;@2\\A(+j\;@{ds}(Rx\;@\0|D|(\	h\"l\;@6\\-{(y]`7\;@yUgx(\"k\;@v1\tw((\\'\;@\#tv(Yk(\;@!Ju(@3\\;@\jt(M$\;@\\\tq(@M\;@Dp(g\'\\;@w\q(<If\;@\r(\07\;@\HLPs(\%\;@\;p\s(}?q\0\;@\-t(\\;@\\WWu(\s|8\;@\n,)w(\5w\;@(}!\w(|_\\\\;@\x(wd6\;@\lx(n\;@k\Px(t&m\\;@\4}vx(>]\\;@cAJx(|^\\;@\\w(\\\;@?5x(6U\\;@X`x(E.8\;@\4}vx(80\;@9w(f\\;@B\vw( F6\;@+w(I+\;@\\}rx(Tt\;@\k\x(\<+i\;@Q\r=y(M.\:\;@X\\y(y\;@z(5B?S\;@\\mz(?i\;@\}u\z(\^I\;@X\\\T{(\\;@09\\{(\;@a|(l%t\\;@k\}(\c\;@Zd;(j*\;@C=(\\t_\;@(P\5\;@-cyW(\\r\;@\\u6\(\v/\;@b(\\I\'\;@,\\f*(2\\;@}$%=(\\r\\;@(?\;@Q(E\;@	\O(j	;@ zR&5(\G;@x$((\\Dk;@E`(NE*-;@kQL(\\\\\;@v5y(\o\D;@NbX9(\DJ;@=\!7(\\;@/\w(\;@%\(S\"^F;@U\E	(@#H;@\g(\;@\\'c|(\\0k\;@\%(Nq\Z;@40&(\r;@\((FA;@~t\\g(TN;@\\OV(ve\;@\t_(.rOWw;@]ky(	;@}E(\<;@N\(@;@<g(h;@B\5(\"\;@\\\D(0\{;@](\ID;@QC(\\;@Z\!(\\";@\Z3z({%9`;@f(\;@|	(c\;@6\x(e\P;@1\0&(\\;@%A\n(\8\;@0/>:(\\n;@m\(+hZbe\0<@y\\\(h\0<@(\0k<@\p\Ws(/\L<@\&N\w(.II<@J(\`\$\<@~T\~(I\\|<@eo)(6<R<@p$\`S(\\]<@i\G5\(A<@\=yX(O<@[;(\J=B	<@\Z4Op(i\\i	<@y\0(jTQ\n<@V\n(bk_@<@\n(z\(C\r<@.5()H4\r<@s/0+(4c\t<@2p(Uy<@(_}<\<@h\'(\ v<@.(\h<@s0\0(+@.q<@ (v<@m(N\1<@y\0(w*2<@P\\\(^|\<@\7\(\\0P<@TrN(8-x\W<@(-%\I(<@<i\\(wF[<@\\8\(aQ<@&OY\(\9x&4<@K\(_><@\Z\'\(o/i\<@}V\(YO\Z<@|\.P\(jdrj<@Um77\(6T<@\(\Q<@&L1\(5\\o<@hwH1@\(}V)<@I\\\(c\<@\{*\(\tv28<@\ZL\\(P}:<@K\0)\(5W <@%\(C5%!<@gaO;\(]\!<@B\nB\(\\\"<@\(\\"<@lF=D\(D+g#<@\?\(\X\U$<@\D\(	.V\$<@_^}t\(y\):&<@\(\nb\$<@F\( \\Ud$<@\e\\(w*2:$<@\v\(:[@h=$<@\\Z\(!sePm$<@B$C\(}$<@Uik|\(\\2%<@\S\q\(Z`(<@i\ai\\(N])<@8>[\(\w(\n)<@J^c@\(IZ*<@T\\\(u\*<@Rx\\\(lxz,+<@\\\Z\(-\o+<@2\F({fl,<@Pi4(:\-<@\*(/\x-<@uOU(Y\E\\.<@c\(.t%\/<@nLOX\(^=10<@H\'\(U0*0<@@j\'\(Q-\"\/<@$\(K/<@;p\\(n\\)/<@l\\\(\\%\.<@\&\\(Dj\\4/<@\Hr\(F>0<@<0\(Kb2<@\K\Z\(cdU3<@\(=4<@\,\((	5<@\(f6<@1[*\\(/j\07<@+/\(\'7<@?\(!8<@`E\\(H8<@K\[\\(:$P29<@\vhX\(\"rl9<@Ul\\\(\\f\r:<@yC\(lzPP:<@1\\(qR<<@#G\(\"J =<@Rr\(\><@,\r\(qqTn><@@\(\r?<@;n\t\(C\up@<@\\(3PlA<@\\\\(]A<@1\\Z\(\\\wB<@*\(	nD<@x7N\n\(mE<@\(p(|F<@P<\(\F<@?\(^G<@\t\\(\d<\rH<@\t=\u\(\(yuI<@\n\(\g\K<@\&\0\(w\Z/M<@|\o\^\(\r\M<@\\\(KN<@d\(/O<@[&\|\(U0O<@\(-\lP<@!\\\(\|@3Q<@^\(\\\Q<@\(*s\R<@PVW\(US<@?Ub\(\0\ U<@{\`\({U<@Rd=\(\1%V<@x{\(\V<@g\K\(tW<@n\(\vW<@J\\(LX<@5\Z\({\vX<@\5v\\(\1Y<@|_\\\\(\SWZ<@x\'-\\\(.\\Z<@I\rm\0\(\\a\[<@\|y\(2\\Y\\<@\l\(	Q\\<@p $\(q]<@\N[#\(m^<@bhur\(L1A_<@eQ\E\\(i_<@\mP\(p `<@Y\(\hq\`<@&\(\&a<@Z(>\"Db<@>6(((E+b<@L\(p$\`Sc<@\\-\\(-c<@kb\(\d<@\r(\0\]d<@Gt(2\\d<@\a\(Ke<@WZF\=(5Ue<@KRb(1^f<@H3Mg(\\^zg<@W<(:\`h<@h@5(]\i<@E(.9\j<@W\\\0)5j<@S)\k<@66;)r\jl<@\Z\)V9\m<@\O\\)v2Sn<@5C(^)}Qo<@h8en)\M)p<@ES)bq<@\l<)g\n\\q<@\!\Q\n)&7q<@tDK)R8\q<@&(\\\r)\\Mr<@Va3)\\\r<@\qn)X zR&q<@)\\)\'\nbp<@Kq)9\\o<@V\#)ao<@m\J\Z)\\h\o<@oD)~t\\gq<@D)\\Tr<@^ )1\r<@\CmF!)BYs<@`\")\t<@A\v\")0\u<@YO\")Szv<@7n1?7$).\|v<@h\\8%)X\y<@YNB\))\KS8y<@;*)K!qy<@\+)Zb+hz<@?tA}\,)\{<@[\ ,)\Z!{<@Z5\\+)\\v|<@.\\+)Wy}<@~\D,)s\n}<@Am-)_\~<@\s`9B.)yt#,*~<@	/)JO\c~<@ \0)<@3d3)J$\\(<@x\\e5)<@8f6)\@\S<@1\c7)i<@Di\8):`<@\'>8)\;F<@)yu9)e\ZM<@\npU:)\\!\<@\#F\-<)n/<@\3c=)+\]gC<@{H>)\\<@,\n@)\L^<@oH\'C)YJ<@\D)\\d<@zm6VbF)q\GR<@U@H)NB\!<@\I)T\<@X\0K)\'<@n\8)\K)\3g}<@}\rM)Kq<@?8O)	<@v$\P)\%8<@\0Tq\S)\#0<@}\rU)zQ_<@\\\W)7\0<@\\Y)\4<@\y[);2V<@O<g])d<@\B^):\z<@6U\^)G6W<@)t^c_)F7<@\;_)Ft\~<@\H+`)\7-~<@\!aK_)5\|<@OD\^)\j|<@\cx\_):7mz<@\\vh`)\y<@LnYk`)sx<@\B;Y`)	SK\w<@q\Ws`)=\[w<@U\pa)QNv<@]\ZJb)w;\u<@#\Jvd)fKVEu<@Ke)\.Qu<@\\g)\xu<@\\i)\\\\t<@ \nfLj)\3.t<@Zk)I/s<@\>n)t\\s<@7o)jls<@\25	\p)\Z\7Lt<@J\r)b\t<@x$(~t)&\`6u<@Oru)J`su<@PrMdv)\\ wv<@OVWw)J\v<@\Z&\y)s0\0\z<@^I\\\)\\,z{<@?8:V)h\'{<@&\:)S\|<@	v)e~<@HC\)=z<@^_)\<@\"\`)>Z1<@3SZK)C9<@1=a)>>!;o<@\"PH)FzQ<@\\)\\W<@\|),<@\\^)6!1\<@)\\\\Z<@\nI)\\4}<@Z)F{<@>\)\b\<@x\Z)\F;n<@\+\S)-v<@3)-\B;<@a4\)\rW<@0b\0)$\<@\U\)iP4<@J]2)<@Sc$)\K<@\t\\)+j0\r<@1)t	<@hv\[)3R<@@.q\)6<R<@\qPi)\Zj<@)\G\?<@\rD)|\<@\p<)\Z\1<@a1\)\|?<@;)\r<@\0=)*X\l:<@H)\<@\/\)_)\<@,\)S<<@\;\)n.<@Bus\)LbG<@N\P\\)<\<@\n\)Ku<@??4\)W\,<@\RB\);O\0<@\\\\)&\`6<@\>\)\Z4Op<@K\)Dl\<@\9z\)\Z\6<@^\)\ZM.\<@32\])9*7QK<@\x`)<@o\)\Z\\A<@Q)4Lm<@\l)\0<@\Wf,)2s\c<@8\Z)A<@Sz)\I`s<@r \nf)\rU1~<@4-2)F$\n-\<@\)zS\nc<@Q\\)\\n(<@AV)x<@/\\)h\\5<@&4I,))\wE<@4)8<@)j-\B<@\g)\"nN%<@))2\z<@\\\V)|Y<@_)W\"<@(~k)`W<@T)f!<@\PS\)\\\<@`TR\')Q\&<@0\\\)z<@{)0\\t<@\;)l+<@\$\)JP<@\QF\\)\"<@\Z{)0a<@\\\Z)\rT<@/\)\\\<@v1\t)d73<@vu)\\1\3<@a\p)[1<@q\)\k\<@t&m)n;2<@n0\a)\"2<@i:;)w.<@;5Y)\\yT<@\Z)\nO<@U)K<@YJ)u)<@\_{f)\?<@+J	)9\n<@t3)w/\Q<@(r)\,\\<@\\N$)!\=@<@Hm\)Ze<@?Z\)t	<@mR\)F\\<@\\)M<@}b\)\s}<@t\\\J\)&<@72\)\8	<@s\\)<@[\)\'\nb<@sJ_\)\v\<@\\)\NG<@iU\)P<@PoF\)*6\u\<@)\)\'\<@D\)O:`\<@,\S\\)\\L\<@~o\)%vmo\<@>#d\)\j\\<@\\\)f\<@N`:\)Q\\\\<@\'E\'K\)\s\'\\<@~\)T\\<@\r7\\\)Ih\<@\_5\\)l\<@\i\\).\\\<@0G\\\),A\<@\r\\\[\)\3g\<@-y)!\\<@d\F )\\O\<@,}\) \\W\<@J?)`<\<@)\}r \<@l)v\\<@\{*=)gG\\<@gs6*c\0=\<@=*|ds\<\<@\.u*M1AG\<@e\*6#\<@\zV*8\<@\ r*\'\\<@\\\D\n*8\w\<@r0*R<\<@,\'*R	O\<@g\\r*	.V\<@\*T\<@b\* zR&5\<@\(\\'*\)\<@Ku/*\'OYM\\<@\B:<*m<\b\<@3*Hi6\<@>^H*X\<@I4\Z*\{\_\<@\zM*)%\\<@S>U*\\\\<@L\\ *n\y\<@wj.7\"*cdU\<@c\0=#*.v2\<@d!:$*\06q\<@\\%*+\MF\<@D|&*\6h\<@&Q/4\'*If\<@a(*Ec\\l\<@^)*\}\<@\i2+*\\d\<@<\\\,*%!\<@m-*o\\\\<@3jJ>.* \"5\\<@\\gA0*\/o\<@\\"1*7\\<@3*V\6o\<@9`W4*u\<@\r7*l\\<@Tl\\8*xZ\<@,g:*VW@\<@\rQ\\;*1a4+\\<@0AC<*\r\\\<@\=*\#\<@\@*\'\<@=|(BB*h\4\<@W{\D*C\<@:\F*HH\<@\\nG*4\\<@\2\,%K*c\*3\<@\xL*f\\<@6\M*,&6\<@|\M*\G\<@A,9$M*s\<@Ct	L*C\|\<@O9&K*\\!\<@^iL*E\<@% &\BN*\N\\<@V_]P*\<@\:R*\\\<@6,\nS*&OY\<@\\\\R*R\\\<@\%\Q*	\<@)TP*,)\<@\`\\nO*c\=y\<@\\N*P,c\<@]j~N*5^I\<@^f\(\O*Z\r\\<@BFQ* [\<@	S*#\Jv\<@pX*-v\<@aKZ*0\a[\<@L\\]*p]1\<@@_`*\#\rn\<@n\a*\\\<@_?\c*\:\<@\0\4d*5\\<@3Pf*_9\\<@\\\\QJh*\\!\<@^J]2i*dS\<@\@j*B\v\<@)X\l*w~\<@s\r34n*|A	\<@iq*R1\<@s*0\\<@{*M#\<@	Q}*S\Z<@\LL*TrN\<@LS8*e\<@\.Q*\|?5<@\r;*ip[[x<@3\*\\W\<@|\*FzQ<@f*\BW\"<@\G*(<@^\\-*=1X<@h\4*G\I<@F]k\S*\=\\r\<@\\m4*{\\<@c\\K*-\(<@8\w*L;<@HC\*/Xni<@H0~*\cg^<@.*q::<@x,*f\-<@3\*e2<@\rq\*.W?6\<@gF?\ZN*\m4<@* Ac\<@O\"\*+g\<@*~*)!XU/<@,j*U&<@W<*	T <@\\\R*[`<@:*VC\<@JzZ*`\U,~<@?6*6T<@\MM*o\j<@\~k\'J\*	m9<@\\\*?6<@Y\!\*\q5+<@	\c\*<@\\;\*\\n}<@\*B\'<@\*I	<@+m\*8*7<@[\J\*tZA<@=\!7\\*^\j<@H|\*QQ=@n0\a\*\PMI=@-\\*%\}8=@\6\\\*\4=@\C\*\zj=@U	g\*I\\|\0=@\'\9\*F\0=@\}u\*	\y<@\n\*\^`V(<@\rj\*!\A	3<@<\\*\UG<@#\*Q<@s69*\\<@!*\<@Lk\\*~<@z*\u6\<@k**^/M\<@\\Sr*L<@w-!*q\s<@H4\"*\}u\<@YoC*n2d<@P\+W<@\%j+j3NCT<@8/N|+\9}=\<@\\+wN#\<@W\\\x\r+\\'\<@AEt+zQ\<@\W:+e\a\<@\\q\+(Hlw\<@b\+\\a\<@m+n\\<@o}Xo+g\,\<@\'.+{&3\<@\\\\+E\\<@P+px0\<@E+H]\<@~+qN`\<@N;P+i\\\<@qrCQ +q\\<@\j\'+[\<@f2\g(+anr\<@O0)+p\$\<@m*+\I\5\<@h[\:\++qm\<@U\-\,+\\7{\<@?\V.+f}\<@8\d0+wG\j<@iWV:+-v<@bC+2\0<@:\\E+L\1=<@28*G+\]<@`\M+wN#<@9R+<@<i\R+$0<@?ZS+M1AG<@\0!T+L\[\<@Q<U+l+<@S\k%tW+.<@\MY+jj<@ZZ+~SX<@\`+\E\\<@Xb+;\<@c${d+^)<@B@\nf+K<@\\\Jg+&qVDM<@\\'i+\I<@v\Kp\k+0<@;\Zm+6\\<@Cnp+E2<@q:q+@j<@T\\s+\\u<@4+u+Y\\0<@\\`obx+%z<@jjz+W|C<@\\\~+W\2<@wcAa+\\n\<@\	\\+\<@c%\YI+c!:<@4~+`\<@|C\u+zrM<@1^+u(%<@\\+U-\(<@\CmF+|A<@+]3f<@p+y9<@\\\%+,<@8\+,cC7<@M!u;+\\nf<@i\+\,<@ms+ zR&5<@\WW+2A<@\T\#+qR<@h+n<@6+{2Q<@>:u\+\\mn<@?\\\+\QF\\<@\\-\+,AF<@ \E\ne+7\N<@ky\+P[<@9D+uBY<@\4\8E+im\Z<@\S\+\<@\X+:!<@N&n+\(\<@{Y+y\M<@\++\{\rq<@^,+c\\Z<@1\n+P)<@\.Q5+\\\6<@l\V^+\Z<@oF\W+;\y<@uX+)\<@Z\Z+B`\\\"<@\}+\E\~<@\t+DK<@\6+,*\t<@]p+Ih<@m+\'I\L<@\+C=}<@?m+-u<@;O\0+4\<@9+\\5<@v+D\\<@\/\+\\\0<@o+6\+\W\\<@s\f\+qR|<@\(\+\{\_{<@\~K\+\^\'y<@iQH2\+)H4y<@N\=\+\	Luw<@u\\+6\\\t<@a4+\+\PS\s<@\\+D<r<@\f\"\+{\\r<@tE)!X\+Gq<@n2o\+\yp<@H<\+\\nfo<@~\~\+@ Co<@\9z\+n<@|~!\+\nak<@-\R\\\+4F\j<@&v\+W\\\xi<@mQ\+I[\h<@}ZEh\+\\Hg<@\Vzm6\+`\f<@\uS\k\+&\\\Re<@\,^\+\M\d<@\+t\5=(d<@\$\+\\\1c<@!\\*\+g\eb<@5\r\\+2=B\`<@0\mP\+M(#^<@wG\\+\F\\\<@eu\+B?S[X<@HV+lwV<@\_+\U<@\Z\\+a2U0*U<@[C+_nS<@a+c~Q<@-+\nb\P<@\(]+%!N<@\0q\+\I`sN<@KXc\'\+4\lM<@SAE\+\\r0L<@E\+u\K<@_\\+!\"5\bJ<@B\\\\+\H<@e\+0\mPG<@G\+@QF<@i\+MNE<@>%\\\+g%E<@nLOX\+	\yC<@\\X\+ZH\B<@z\+E\nA<@{\v+\5w@<@-+X\?<@\(]+\\"R?<@\8+><@++D\=<@\\+2=<@gx+<<@g?RD+AG:<@#K\X+\rnk\7<@i+D@7<@U.T+OS\{6<@M\rO+\7{\5<@G;n+d\,<@IddY+jt,<@T\+fYJ+<@\7i\Z\+W+<@)=\K\+=S*<@\\\$\+,-X*<@,D\+:w\*<@0\q\+8G)<@[A\\+\X(<@X\B\_\+,`\'<@FI\\+~x\$<@\\2\+-=\"<@u\\+\` <@vq\r\\+ei\<@\\7\\+m\\]<@\"O\+v\Z<@}\\+\g@<@\\h\\+U<@ \X\+\Xl<@\+RE<@.\Z2\+\p<@y=\+f6\\<@cE\ra\+<@|\r\+}\<@5\\\+\\nf<@\O9&\+\\W<@\i \+9\r<@E\\+hv\[<@\\\r\+?\<@!\Z\+\`\\n<@\r1^\+\qQ-\n<@UJ\\+%Tpx	<@\0#G:\+%9\<@6h\+\\m4<@\\+\8<@\;\\+\\m3<@\|#g\+\\<@\x\@e\++\<@_>Y1\+\\V\0<@p\+2U0*;@}@3i\+O \;@J({\+ni5$\;@\k\+j<;@7P\|\+R\h;@nH\+\.;@Q\+\\1\;@&\+GZ\Q;@\\\/\+G;@\j,am\+KV;@x,\+TsP;@y\\+\e1;@\\C\\+\9\}\;@\|~\+2\FY;@\'@\+z\;@]9\+\\;@)YNB\\+\s\\;@w$$\\+x\=\\\;@NoD\+g}q\;@\n\\\\+d> \;@yv\\+D\;@B?\\+Ir\\;@\\+\\uS\\;@6\D.\+MG\07\;@L\\\<\+~\\\\;@IQ\+\0\ \;@\\\e\+;p\\;@^~\+&v\;@!1\\+\\\M\r4\;@KTo\r\+\\S\\;@>\\+h\;@z\+40&\;@h\,{+\|\\*\;@n/+so\;@sa+)x\n\;@+i\\;@8f+kF=\;@6\x+5C(^\;@tE)!X+^-w\;@\9\+t\;@\F<\+\\DR\;@ \+\|\\\;@qR+.\\;@\j+zFw\;@FCT+a\\+\;@\y+\-\;@\\%+X\0_\;@-\i+\'/2\;@aM+\R1\;@\P[+$z\;@k=&R+\\\0\;@+\?d\;@+\5&\\;@+8*7\;@\+\\C\;@\18+g}q\;@\I+\\;@_\rP\ZjL+\p\W\;@G\@]N+b\\;@C=}P+\(\;@r7V+Z\;@\,	PS[+5\;@X\E^+\oh\;@a\\L^+v7Ou\\;@;M\r_+\	K<\;@2t\`+5\|\\\;@p\\`+&\\;@vN`+\\;@v\[`+\eO7;@\;1\\`+\\8\\;@_+g\;@\nfL\Z_+x}\O;@#_+72;@_+/O;@|_+y\;@x%\s}_+\z;@H\c\C_+U3Y;@=\\\]+Ef;@~x\\\+2Mc{;@k+\[+oK\3;@E*kZ+;@}\Y+{\;@\t=Y+V|C;@\\:W+;@-\V+t_\l;@P\\\U+\w;@/>:uU+J\^;@\\ME*T+V;@@P%O+\j\;@KbJ+VF;@**J++j;@]M+c;@ng_yP+X9\v;@vEQ+\ ;@t\\S+\&N\w;@\\~T+XvMH;@\G\V+H\';@9(a\W+\U;@\mlvZ+}\r;@zn+h+,;@i+[\a/;@~\j+\O\0;@	k+\a;@\l\<k+Q\&;@^\Dk+dV\;@Zk+u/3l;@G7j+$;@]lZ)j+gd;@9(a\g+ba;@;M\rg+BF;@UPg+*;@>\h+6;@V\1j+sE);@:\,Bm+\n+TT;@LNo+(rw;@!up+cAaP;@\r\rr+V-;@t{Is+;@A,9$u+\bbq;@yCv+t\v4;@gE\Dw+D\;@_\?\x+e\ZM.;@Dez+wNyt;@u\&~+8~;@\HK\+]7V;@+<	;@3+\\;@tCSv+OWw,;@26t+Q?;@\+%\/;@E\\+#D;@+$\@;@\g@+K\\J;@2\Z+\6;@wN#+	/;@++6\\;@\+Kb;@(N+\f;@\h\+! _;@/+=)\Z;@Q+\.;@(	+R\>\G;@]z\+\h;@9DJ+1[*;@-+m;@_Cp\\+S$_	;@\C|+zk`;@+UK:\;@*s\+E(;@\3\+\\q;@\0S+^\;@\T+pN\\;@{p+9y;@\Zb+~31];@>+F#W<};@\+6\|;@u+\{;@*Z^+W<H{;@h\x+*%\0{;@ip+u\z;@Ku+\\r{;@n+\p<{;@YX+zpw\n{;@\\\c+E\'K{;@De+\"4\{;@2+\4{;@ C\*+e\\{;@9$P+M/1\{;@(\\h+r\{;@:\+\'OYM\{;@g%+6\\{;@\\+4\H|;@+*\3};@`n+N\z};@\'O:+H]\\};@\U+c\\K\};@y=+\n1|;@X+my;@\\\:+qRx;@\\u6\+\x;@3Q\\\+\\\\v;@X\+MKv;@j\+/h!w;@Y\\\+AJ\\\v;@l!\A	\+A,_u;@\6\\\+V\\\t;@\Pn\+R{ms;@:/K\+\=jr;@.\\\+\q;@\\+\Tq;@\\\+[!\n;@\\\\+\tv28n;@~<\+\\mnl;@q\d\+]\l;@5F\j\+\sm;@\0U\\+=$l;@\\+]`7lk;@\;\~\+W\j;@y\|\+N)\i;@\L0k\+\>i;@\\Z\+ zR&5h;@z\\\+y;\ig;@\B\+mg;@~42\+;g;@I\r\+m\)\e;@\F\+-\\oe;@6~\+KqUe;@y=\+\d;@\Lx$\+Gid;@\;\\+X\c;@JCB\+\(\QGc;@4\\\+^-wb;@2\\Y\+ia;@~e\\+A\n`;@\+1\\PN`;@X<\+;\:`;@\+\].\;a;@\{\+xa;@om+xea;@RDU+<\y8a;@x0D+7T7a;@)+1Tm7a;@*T7+\uBa;@X\E\+\a0a;@E)!XU+TN{Jb;@c`\+GtFb;@4E+Q\ob;@T\+\1\`;@\/\\r+\j{a;@\\jH+b\Ua;@ \+\4\Ry_;@`\eM,+\^;@pN\\+rP\L[;@\n+~[;@|+D0.[;@\0M+|F[;@\\+\\4Z;@a4++o^Z;@B>\+%=NZ;@\xZ+-Y;@\5+\%\X;@*U\-+-\n(zX;@\D+\ZX;@7\w+\rX;@\Z+0[wX;@L\1+t(Y;@+\/fKVY;@l_@/+S\ZY;@\Mb+<l\Z;@g~+\'N\w(Z;@:*}+\\Y;@\	Lu{+Y;@U\y+\(Y;@1x+*8X;@**w+i:X;@\s+\=\W;@\\\dq+\n,(\0;@\07s+\"h\$\:@qN`:}+X\C\:@\\nf{+\\:@x\\T{+\:@Nty+Bp\-\:@C5%Yw+\>9\n\:@\5\t+\A^\:@\r\'8o+\/g\:@\\am+lp\\:@\kzPPj+~\:@?h+\\:@\cg^f+2g\:@#e+-\\:@ia+(\r5\n\:@JiW^+\|\X\:@Qy9\\+%\\ID\:@NZ+eo)\\:@ W+G\g\u\:@\o\nS+W\\:@ZH\6+c`\\:@e\\5+\\\:@\O\1+>B*\:@f,\.+gs\:@\,+d\\:@DKK*46<\:@^*5	F\:@Mi-*b\\:@+\E*\~k\'\:@\*t\_\:@}(\*^c\\:@6qr\*M\\:@j*\*.\\:@?{\*>7j\:@\r8K\r\*1Xr\:@/\$\*\X32\:@i2\*+1\JZ\:@mq\d\*\\\rM\\:@\*\"\`\:@\#&\\*3iSu\:@\\hq\*^=1\:@\Lx$\*U\:@\k\\*P0A\:@cZ\*\\\\:@\C\0*\E\:@3pa*.</\:@\DIH*y7R:@K\*f+/:@U=*ZU:@iUM*c{-\:@vi\a*x	:@IH*Y\\0:@voEb*zq\:@\\n}*K:@\*J(:@0\*\@:@j*T\{F\":@\0*\nE:@B\nB*\\r\e:@?8:V*:@+g*<\~:@-\\e*\\K:@s\~*\i \:@\\\|*b\A:@9]{*\mr:@\0\m\x*\Z:@j\1v* \>:@\\0&Pt*8*5{:@\p*+mq\:@\n]n*H:@<\rl*_2\:@\iO\9i*y:@X|[d*[:@\G\)sc*\\\:@Xa*LQ._:@\\p_*\x\':@2\m\^*\<\0;@t\"T[*x\:@\\X*E\\0;@26W*\r;@^\T*\"\k^\;@CRS*l\\C;@UNQ*(;@\\\0qWO*\3;@Z\\M*\\\\;@\OYK**\J=;@<\b\J*>uRz;@]\\'J*D\rc;@\(\H*o.\';@\\rg&H*z7	;@eG*=	;@\\W\G*u\\n;@>\DF*M\;@CVzF*K#fy;@\IF*a\\r;@4\ZF**8 ;@&7E*V-\(;@|8GE*)v4;@BD*\O\\;@09\\C*D;@\!\QB*JCB;@vn\@*\\\0;@?*6\0;@/=*)[$\F;@]M:*;@NE8*\$;@j2\m7*\\\;@EJy6*BY;@	]\4*nl;@3d3*)<hv\;@n\1*b/;@>\@0*\W\\;@<-*F_;@k\C4+*5z5@i;@}\)*\A%c;@\\m\'*\\;@s\%*\Z4\;@3\k$*\b\J;@0[w#*\\`;@I2\"*{;@v\ *	\V;@a5*/\x;@\r\\**\0\3h;@b.\n\Z*g;@\\*G;@>\'I*\R;@yu\*kGq:;@>\*\;@\\Z*g;@S\Z	*\\H;@~*Qew;@d\\A*jQ;@Zm\*?\'I\;@\r*_L\Z;@I\\0*fe;@(8\'\0*\\):@sE)\)Q3\:@0{\)A\\\:@RB\)P3\:@\C\)?\6\:@;A\)\0U\\:@b.\)Pk\:@.\\H\)\%\:@5Ea\)h$B#\\:@\\\)Mi-\:@\\\\)\\I\'\:@t><K\)Q\o\:@u\a\)\<0\:@[ A\)\sDK\:@\r\):\\:@	l\3)=S\:@+)=\[\:@\!\)ky\z\:@\\)g\:@\)\ZQ\|\:@\O\\)0\:@\\5)\Z\:@)\\:@~\*O )w\0\:@x\)w\'-\:@u \)h\:@75\|)`\\:@	8)2\g@\:@m\{)?Qy\:@\\\)sJ@L\\:@+)\>\:@<\~)\\:@3$)<O<g\:@L\\);S\\:@;3)\UZ\:@\na)X%\:@t\\gy)8d\:@7P\|)z\\\:@/\$)}\.PR\:@Z	\%) _B\:@6\Nx)E\\:@\\1)\\Z\:@R{)Xc\'\:@,am))<hv\\:@\j=)X\:@eN)5?\:@m\{)\!\k\:@\~)y	5\:@\n})\\:@OZz)E\\:@\X\Ux)\\;\:@\>rk\u)\z2Q\:@}zls)~\~\:@1	p)3`\:@q\\\n)TUh \:@v1\l)D;\:@k)\n*~\:@@ti)D\[\\:@Sc)\"\Q*\\:@2v\Kpb)u\\p\:@1w-a)L/1\:@\1\0_)~\\:@e<\r\\)#\dT\:@L\Y)%Zx\:@Y\"W)V&R\:@uU)\[\:@[{S)\f\:@:$P2Q)Y\\:@~N)ZK\:@\nM)7\\\:@uBYJ)z\\\:@DI)\\O\:@\\\CG)>\:@[nC)\:@MfB) \\\:@Y_\"\B)\\:@H\\B)SB^\:@KKC)(\Z\:@\rC)H6W\s:@$\n-\A)\J:@Y\@)P:@\?)%Zx:@~QB?)\\K:@N>)GXT\\:@\o\^}<)*TPQ:@\8j;)X\E\:@e:)\\(]:@&:\,B9)^:@*-98)\(\:@#~\r6)\/\:@&\p4)k\:@bA\n2)\\m:@7\00)E;:@B\<E.)\:@\|\+)`.\:@8{\5*)\o\\:@()\S:@^Cp\\&)W\Y\:@~\*O $)\\X:@\\,z\")x{:@\2nj!)\nU:@\0C\ )\A	3m:@U)\8FG\0;@\Ap\)\#0\0;@Y\>\)0b\0;@]L3)7\d;@E\n)\#&\;@\0)\-c};@\\Z)<p\;@A\)V\r\Z)\,;@U0*)\Bi\;@\9)&;@\m)`8\0;@>+)D\\;@(r)\\\r	;@\'y)\}\n;@l)-\\a;@-)\L;@F6)&\`6\r;@:\)`un;@6\)Ov3;@)b\\;@=N)\\^;@r\)x\;@\bbq\r)Hh;@|$%\r)+;@)\%\;@_y\")dZ\;@7\Y)\qo~;@-&6\)\Fu:;@G\z){H\;@z):r;@No)\R\F;@!?\n)lV};@sd\)}\A;@\\)#3;@\J)..;@Um77)\2g;@\=\4)R\;@X:%\0)[\Ye;@5-<(j#;@\S(\E;@5x_(\\m;@\`(\;@G6(.rOWw;@r	(\T];@9\(`;O;@\\:\<(\g?R;@\-I(\dT;@	\(7\N;@X\\\(\\}U.;@G`\\(}\\;@m\(=\\;@bqm\(qs*;@&\[X\(>\;@|\\(\\\\\;@$\( ;@>	l\\(;@l ]l\(\Z2;@\\\d\(;@\\-\\(\\nD;@\.\(D\\;@\7i\Z\(\4O;@$@M-\(\I;@Gh\(W\n\\\;@+\	\((\r5\n;@)\\\(;;@~p>u\(;@E\[\\(\ns\r3;@\\\(@;@DO\(S\\0;@mW\e\(:vP;@^\(KF>;@};\(\z;@KXc\(R;@#K\X\\(Rb;@\"6X8I\(\(\\';@~l(w\;@\'_[()H4;@QI(\\\;@33333(\'\Q;@(\\;@IV(\\;@(x\\!;@>($\;\;@(^\;@x\\!(\xy;@D(o(1;@|A	(J\rm\068;@rf(\je\?;@\(o$\B;@\\\(\CVD;@\\\(\F;@\;jL(@0G\G;@kj(=Fy\\H;@{Cr2(S1#J;@	\\(\\!J;@\\uS(DkEK;@\\(J\o	K;@]P\2(o\K;@(p L;@M\\(\4OL;@0[w( 	vM;@ F6(\}VM;@:\0U(9)\{M;@&P6\(d\r1N;@\B(W\fN;@o\4(\V;@\\Z-z(0+\~Z;@a\\:\(rdP[;@Mg\'(5Lk\\\;@+\	(hd;@kGq:($k;@\.\(7\wl;@\r(@3\l;@\}(\05lm;@\K\Z(\n;@\\n(<p\o;@2\3/(+P\p;@\-(O\\\p;@N\\P(iq;@QfL2(8h>r;@qTn~(l$	\t;@@~(W\t;@\r5\nIf}(u;@\^}<}(\ikD0v;@s\^(M(#v;@\"({v;@[A\(h\\5v;@\9(Tn\v;@\P1\(m\x;@J%r(y;@0(>Uz;@zL(|Yy;@L(~\Z\7x;@ |((,e\Xw;@i(5Sv;@\\e6(aMeu;@\	(\st;@(\s;@`-(!s;@FG(v\r;@X(B\Lr;@x(C\Ht;@H(E\Ju;@E\(@`w;@^\Y-(.W?6\w;@-\\o(\w;@={.S(Aw;@\`R|(hzLw;@\w(QL\\03w;@\[[%(p $w;@\SrN\(\\\w;@q;(\tx;@\F(	iy;@}?q\0(U@\y;@R<(\3Iz;@\'(Q_z;@\z(\Y\|;@P<(y<-?p};@F\=(mQ~;@:9Cq(`\;@\AB(;@\6S!(\ >\;@(GW#;@w\'()x~;@\V	(\C<~;@m\<+(\\0};@\({\`|;@q(!\{;@kC(|;@/\w(|\o\^};@0\(F\g\};@\\\mO(\~;@0e\(Xr;@(D3O);@3\(:;@.q\(M(#;@`\(\;@Z\\(A.q;@\WXp(~7;@?q\0(',1607362055,1607362055,NULL,NULL),(3,'Eastern',_binary '\\0\0\0\0\0\0\0\0\0\0\0\0\0\0c\0\0h[\:w@@v\*N\=v@@\yt*k\u@@\\Z*bMeQ\u@@?*s\v@@YK*62;v@@c\\\*)\v@@7m\i*|+\v@@*\\F*\\\v@@iUM*\Nw@@(F*\\\5\w@@\*5[w@@\\k*\vw@@\*\rN\v@@\\P\*S#3v@@B\\"LQ*\\\\v@@Nd\*\av@@x\g*\Bv@@?w*Ky v@@W[\*M(#v@@/*\\ZDv@@~p>u*\r\eOv@@_\rP\Zj*\\v@@UG\\*_%v@@dM*\Z\*wj.7v@@\	h\"\*J8v@@\*\tYLlv@@<k\\*F`o`v@@v\\*kF=v@@\\H\*@l\\Tu@@A\*T9\)9u@@\`obH\*71$\'u@@Xo\\n\\*R\>\Gu@@G>x\\*$>wu@@e\\*\\$xu@@mt\Oq\*p|\%u@@-\\*\t@@@m\\*\lIFt@@s{\*&P\\"t@@\b\*u\\pt@@};\*Z5\\s@@\\ Z+\*ts@@I{\*v1\ts@@\([Z\*[\s@@S1#\*4\ir@@2\m\\*~\Z\7r@@u7\*tq@@$Cg\*vOjq@@*;.\*`>Y1\\q@@#\\*>\n\Kq@@yC\*>\'Iq@@@\*b\7Wq@@37\*+6+q@@,\\*!\"5\bp@@W\\*\;p@@\\\\*tDKo@@k\K\\*M\rOo@@	0,\*RBn@@P\*	nn@@\\'+\**5{m@@\'\K\*\Um@@\\4\*l\\k@@*\t*mV}l@@;:Fv+\\-i@@\`+,\\h@@!r+V\pAh@@\=+\j\\g@@Z+amg@@u\"T3+\K\f@@+h\xf@@&+\x>\e@@+p\[e@@Zr+]0\d@@,PO+g	2d@@: 	v\Z+{\\c@@y\0+h\"lxzc@@\\+MEc@@e+d\\qqTb@@1Xr+i\Z\b@@DR%+AGZ\a@@h\x+\XPa@@f8+\M\r4a@@(\\G\+u|a@@&\d\"+\D\n)a@@\$+\B\\\`@@\t\$+\nR`@@)\%+\r\eO`@@,&+J\_@@S(+\)n_@@o`r(+<\r$_@@v()(+5E^@@LT(+0(\h^@@o`r(+\Z\v]@@6M(+j2\m]@@6\(+2\F]@@]@\'+d\\\@@}|\.(+P\\@@}:3(+LbG\\@@,\\'+0g+[@@\,\&+2SZ[@@M%+\n\O\Z@@\)#+9`WZ@@v\#+\Z@@\\\#+\rY@@a\"+wJ\X@@%Zx\"+9CqX@@?n|\"++i\7X@@#-\R$+9X@@\9[@h%+IX@@5\|\\&+%vmoX@@D(+\*\\<X@@HV\n)+fW@@\'\Q++}t\\W@@\r\n-+$AX@@\/o/+\'%\\W@@M\1+|G	1W@@\'.\+5+V@@A\f\7+~gV@@\\N$8+-\VV@@IO\;+\*lV@@<+SK\X@@Xv=+X@@\YrL>+\7\X@@\-II?+h\$\Y@@]@+\k\FY@@\"\08\A+WY@@3\bbC+Y@@0du\D+bi\G5Z@@\\E+G\I[@@DH+7h[@@&\0*I+Gs\\@@G\&jI+>\\\\@@\PMI\I+\o&]@@N\H+8X]@@MH+]\].\]@@KxB?I+I*S\A^@@v+.J+.T^@@vp71L+_@@iWVJ+`d_@@\rJ@LJ+\\_@@\K+\"3<`@@Q293L+o`@@S[\J+YJ`@@h\I+Ks+\`@@|A	H+qvka@@+-#F+\=\4aa@@\\F+\\\Za@@\8\F+p\$b@@\G+\0VGtb@@37H+Kd@@VaJ+d@@n\8)\K+\nd@@<\~L+ze@@8TM+c\e@@omN+gaO;e@@J\o	O+D/Xf@@%z\Q+$$\6f@@m\\\R+g	f@@,T+d\,\e@@\3U+Cl\e@@$:W+\\e@@sd\X+A\'f@@%Z+0fKVEf@@4[+q::f@@SW>\[+\\\3\?g@@]\\\+g@@\\]+Omh@@\^+n/ih@@pA,__+\\"\h@@\\na5`+\.m8,i@@\\\5\a+\0\'hi@@\Bc+j@@AVd+\ZOj@@\dT\e+|Rj@@*s\f+S\\.k@@|A	h+^k@@\i+C;Yk@@\,^,l+}\%\k@@\jo+N\1k@@\np+vk@@g\Rq+J(k@@P6\\n\r+;\\j@@\`t+RH2wj@@,\\s+!\\3j@@WuVs+q5\h@@\r+h@@h[\r+U\Yh@@.v2s+|Oh@@\DRs+\5\eg@@\uu+q\\\"g@@v+3\f@@O=\\v+kcf@@P9&w+\Qf@@\0z+n;2f@@W{+\\}rf@@\|+\\e@@\\}+O#-e@@j~+[e@@bo+\^\d@@Rr+Dd@@NM\g+a\xwdd@@ezF+\1 {c@@LQ._+!c@@\\\rM+i\c@@\ndv+\)nc@@\+1?74ec@@.t%+s\Ac@@5+~k	c@@r\_!+\x\b@@W+\zb@@\\\%+(\\rb@@\\n+e6\$c@@DP5z5+_c@@7+ {\c@@q89+G\'d@@\M+\`R|d@@\tB+p71$e@@q89+26te@@\-W?6+?\ZNe@@y	5+2e@@U2\0Tq+}\f@@$w+\ncAf@@1+BDf@@FZ*o+zg@@Z(+z\{g@@3Mg\'+i8eng@@[\J+h[\:\g@@HLP+4Yg@@\'+h@@\\\"+h\ejh@@\b+\\L0h@@\_\+\r8K\rh@@0+U\h@@c++Nfi@@l/+=j@@Y\+\sj@@l>\r+zO\j@@\\q+\CmFk@@IbI+[\'.\+l@@\"R\.+1\Cl@@l+CT\\l@@Qr+ bm@@e+>n@@\k\,	+8-:Yn@@n2d+a^Cpn@@+3+S;\\n@@\\riT\+sLo@@\a+@to@@\/-+T\Z1\o@@1\	+\\C6p@@\"nN+\<0p@@ \o_+N} y\p@@,)+G:#/q@@?g+\M\r4q@@\\+v\q@@\U,~S+\r@@\Z+E;r@@-\o+\,{\r@@.+	c\r@@Y,E+[Tr@@\\+n\\ps@@\06+\p<s@@t\%z+~fs@@^\n+\\ps@@\K8+PQ+s@@k:!t+6\;N\s@@l@+rts@@F\\+c\3t@@G\r6+\St@@K+\\4}t@@)Wx+T\t@@\_!se+vu@@\\n+\uu@@^s+|A	v@@R\h+m\(v@@\\+\Kv@@\=\+\g\\v@@w\+8w@@E+\L\Tw@@+\+\\rw@@+3x@@F\@1\+Px@@\\L0\+dx@@3Q\\\+e73\x@@\"\+9\x@@2\r\+\"N\'y@@93Lm\+%\I(}y@@\)\\+Ot]y@@\\{\+\m3\y@@Or\+z\y@@~\0R8\+%y@@\np=\+Vy@@D\\+h@5y@@O\\\N\+\"J y@@\+,\+\0ny@@\}r \+	My@@ ]lZ)\+\\\\y@@C\8\+\Kz@@b.\\+>sz@@ 	v\+Xz@@k) \\+]/M{@@OqN\+(}!\{@@O*\+2|@@t\Oq\+\C|@@\'\\+:vP}@@]\p\+$a\N\"~@@j#\+K#fy~@@\\	\+s\c\~@@OG\+\\C@@\\\+\&@@!lV\+&@@j\\_=\+	MK@@B\+ c\ZB@@\9\\\+\@@*\\\+jm\Z\k@@\p{\+g\,@@n\+\7i\Z@@GZ\Q\+\x:@@~7\+\@H0@@\'+\ID@@6\4D+@~@@\06+\~@@\P1\\+H\\~@@\r6u+4\~@@\%\0,\"nN@@{fI,zZ@@\~,\q\\r@@\r=N,\@@)[$\,.@@\,Gx$@@x\',RH2w@@x`\0\,D3@@\k\\,+B@@\,V9@@P\W,^@@\1\r,\"aK@@\!aK,\O\\@@)?,2w@@E|,\Udt@@@,\0@@j\0\Z,8\L@@n\b~n,Ou\\p@@p\G,\@@0[w,S@@e4y\,g8\@@=eY,~\!@@)\\,$]J]@@HV,~SX@@X,\\0d@@\?&\r,\@@\0\4,\YN@@{k`,r	\O@@Eb	,p\n+T@@z,aMeQ@@\h9\C,i\xJ@@2SZ,++M@@\J=B,Gq::@@#K\X+I5C@@-\}+0\a[@@+\+E\[\@@gb+j\U@@$\n-\+]i@@%\/+ |(@@\d<\r+\\@@L\A\\+W\f@@9A\+p}Xo@@h\+p!@@;\\+@7n@@u\\+\'\@@7+1\\+)@@\-\+v5y\j@@4*p\+\X@@\O\0\+\O\0@@!\\*\+p@@\"h\+z@@\u\+\\\\n0@@~\T\+mQf@@\\r\)\+\ZD@@\\r\+\\M@@d\+i{@@J	\\+Y;@@C=}\+]L3@@dX\\+r	@@k\+;P<@@d\p\+u/3l@@\(@\+\'ei@@b\'\+Q\\@@\r34\+G@@\04\+QJV@@PS\\\+F\-t%@@\\~\+1Bxq@@R	O\\+G\\@@\U\+*P@@]N	I\+Ox	N}@@\rl`q\+U3k) @@d\7\+8K@@Fx{\+s@@\\\+\s`9B@@?m\+F\g@@\\$[]\+d\mlv@@0!+4f@@\B+\Zh8e@@@m\+\n+@@#+]0@@Z+\\+t\\@@vj.7+}Xo\\n@@+\\\\na@@R\o&+u@@\rR+#@@O[#q\0,g{@@.\\+8h@@	R)v4+^\@@5BX+\~OS@@bd+$@@]\\7+\{@@e\\J+&@@i\V+\"\@@r\j,;.R@@\yr%,	Y}@@z,,/\Qr@@:,\0VGtb@@\'\2P,C\*q[@@\Y,mW@@X\_,J@@\\s,\\-\\9@@\,Om9@@Yk(,\Y6@@\\C,\\,@@`,9*@@N^,~P\'@@\,;p\G @@k6,n4@@@\o&,=@@LD\,80?@W\,\Z\2\?@\\,&S?@\\\-jJ?@\\-\\'-\/o?@\a8-j\m?@WC-_W?@\/L-UCE?@j\\R-^$?@&Q/4g-QQ?@\v/q-D\?@C\\\\x-3O)>@yq-W\n\\\\>@	8*5->@\0:v-5^I>@t? -=\{>@>\-\\a>@\%\:\-\#\rn7>@#^-^zk`7>@cD(-2\FY7>@\l-_\n]7>@u\\m-\0<Bu7>@\\-c7>@\#-\r\\7>@BB/h-%z\r7>@\:v\\-T9\)97>@*4\\-2W\6>@\vL\-\je6>@1Z\-7h5>@\^\-,D5>@U\\-i5>@:KT\-oG8-x5>@Rh\-HV5>@y\'e\-AI05>@\C|\-%A\n5>@;T\\-N4>@\!\\\-}|\.4>@\s\\-\3>@r\-3>@}%\-J_9\3>@m\-\-4>@\\\\\-\"\*\\4>@*\Y\-}5>@Zm\-r5>@8aA\-+5>@r\)\-J?5>@\\5\\-)\\'$5>@aj\-\\sG\5>@S\k%t-=\6>@F-\\\\5>@N\\\-i5>@\\}-k{5>@?\\\2-9:Z5>@2\r-kC5>@i\V-\D<5>@|l;-85>@\-\d<5>@q-55>@\*\-7A`\4>@\}U.T-zl4>@,\-J@L4>@-LQ._4>@	T -\\gA4>@MDu-sI\v4>@H\-|\/3>@\-~p\2>@\c> -o2>@E/Xn-lMK0>@\\-\=$|\/>@QdV-\/>@	\-gE\D/>@J\-CR/>@\rP\Zj-\\w.>@*\-o->@w*\-\\\,>@/g+-$y+>@\\o-\)>@\=]-\(>@_D\1u-\'OYM\\'>@j-\\I\'>@Lk\\^-I\\"i7&>@)\\-FzQ_%>@\j\-q\Ws$>@\"1A-#>@V-9]#>@\i--]6\">@*W-f}!>@u\-\>\ >@\y7~-gd >@j|-\>@9!{-2: 	>@\rLny-\\4>@K\rJw-::F>@0ACt-Vc>@-\DJs-\>@b*\3r-aS\Q>@q-|\r>@\\p-!\>@`\\n-\'_[?>@oDl-Tb.>@\\=\j-\>@\9h-L/1>@-\g-@M>@_u\Hg-Z>@YiR\ne-Y>@@\Zd-pUj>@K\>d-S8>@G:#/c-b>@UN`-p\G>@\0VGt^-\p<>@]\]-\`\\n>@9|[-&jj\>@\oBX-]7V>@\(V-2s\c\r>@XT-9	/>@bXT-\a\>@p]1#T-\'I\L\n>@`fS-\TO\	>@vR-L{)<>@Q5UR-\\\g>@`Q-\(\\'>@\b\P-(\n<>@\O-$>@\N-m>@G\&jiN-Jy\>@Q._xM-0.s>@R]\L-\SrN\>@\&\K-U>@&L-\O=\\0>@@L-0Ie9\0>@GM-{h=@\\aNH-+\p\=@\"rlE-:K\0>@m\\~B-|\_\0>@\l@-|\_\0>@\n\>-.\\0>@\r=-:K\0>@\#\rnk;-=@\g:-H\\0=@Rh:-xF[D=@\I}Y\9-\S4=@\s8-v?T\Z=@;\%85-6\=@$\\S\04-\?d=@$A2-\\\=@r0-4Lk=@xADj\--VC\=@p\"+-=@\\)-\]\=@E4~\%-\)H=@xZ~\\"-$\=@% -\\=@\R\{-Ub\=@k)\0\-5E=@\-h\c=@#*T-LK=@\\0}-+\p\=@i\'-:K\0>@\F\-:K\0>@*1	-\k)\0>@!\r-+\p\=@-Ov3=@rzf	-C\0>@\a-\p\0>@/-\>@m\Z\kA-:w^>@XV-d>@1[*\-\e\t>@;R}\-\Gq>@\;2-tLh>@JP-S\\>@\1-[(\>@z\,\\-\\>@ri\,\n>@D\,\ZK>@S\Q,Zf>@N{J,K\\\>@\\[%X,\"1A>@\,|c\0>@\0\,\Ry;\>@	\,\I\\>@);\,\ZPoF\>@\\0&P\,mt\Oq>@\\,PH>@_\,\>@gs\,G	>@\Q\\,	>@7h\,m\\~\n>@d9	\,],>@\n\KS\,\\\n\r>@\\\,jN^d>@Gp#e\,X>@<\~\,v\!H>@\vhX\,6T>@}.\,il>@\nbk\,m>@F\\\\\,=1X>@YLl>\,/6>@\n\\,Y1\\\0>@\{/\,\n\y>@a4\,7h>@b	\,\i>@My\0\,Rd\>@&WM,\M\r4>@\\q,YJ>@,IEc,tw>@O\\C,\\\\.>@0\',9]>@Qy9,\\A%>@\\x\",\\V%>@\0Q0,[]N	>@*,A\Z>@(N>=,\U\\Z>@\\\O,f\>@*s,>@\\\\>,ux\>@\k,\O}:>@3\FY,^K\=>@\o_\,\i\>@G,,lXSY >@*s,\\>\">@\8b->,\\G\">@Pn,\\\=#>@v\/,T#>@l\,X\#>@g,s69$>@,\$>@W,3/.%>@@,\\%>@m,B\&>@\Z,l\,	P\'>@\\\,Z)r\'>@\D<,Ku\'>@n0\a,\\!\&>@kj,Rm\&>@\0~:,\"\'>@BU,)>@IO,\\v)>@k\\u,yx\\)>@\p,*>@\6\^,m\\~*>@,\\m4+>@j\0,~R\\,>@\n\KS,Dg->@\,:\<c_.>@,\\*C/>@q,2\r0>@i4,62>@#d ,Pmp2>@mQ,\G\2>@\r,[}3>@\a0,\\3>@}>,\\3>@\n,g`\eM4>@\"~,\,^,5>@3iSu,\\5>@r\\[,\5>@$F\-t,16>@\'JB\"m,T7>@i,&7>@\-],\nJ\8>@\~,77\',9>@\\p},\06 B\\9>@wNy|,\ZC9>@&3\Vz,e\9>@g)YNBy,;>@L6ls,~!<\<>@Ir,K\=>@N\q,\t>>@qx\q,\3\?>@\1p,y7RB>@\jl,KUB>@T\Z1\k,\<C>@\-k,-\oC>@Vaj,\\@D>@Z_&j,9\E>@\oBh,\"\:vE>@jMf,\"\k^\E>@?x\e,g\G>@zpw\nc,6#\EH>@]@b,4+I>@_,+$\J>@\/`,`\K>@\,{`,\S\M>@nh\N?`,\?k~M>@(8\'`,<.O>@\_,T\{F\"P>@$d \._,cAN>@^sQ,\rWN>@W}O,gE\DO>@wGN,/K;5O>@\'L,hhsH>@\\\5,c\3F>@6Y1,\\B\A>@5-,&\A>@\\)\*,\Mq\Z:>@h\"\',lw\}9>@g&,3jJ>6>@t\_\",\\4>@t	\\!,U2\2>@f\\n\",\c\"1>@;p\G\",\rW\0>@$}ZE ,Y\"/>@2\0,LO\.>@`x%\s,|->@\",Q{,>@(\,zm6Vb*>@`=\[,r\7)>@E\\ZJ\\r,|)<hv)>@	s\r,)>@y?n|,G(>@	Q\0,i\0w)>@\+8@d)>@_9\+\L\T)>@B\f\\+*r9)>@\j+n)>@\HL+E\(>@5\\\+pY\(>@W\\\x+S\(>@BY+\_\+\\'>@fOs+$&>@\\K\'\+37\%>@(d\ml\+D\">@\?O\+&\!>@_sa\+&\Z >@%\}\+\\>@H\+}^\#>@\QZ\+)1k>@=\+\"\\3>@X5\;\+%\\\\>@H\\+\\\>@c}\+\\\>@I\\+sc\>@YiR\n\+/\>@:\\+\\r\>@$Cg\+|y\\>@\PMI\+b\>@\\C\+\rU1~\>@\(@\\+Tq\\>@;Mf\+S$_	\>@ZGUD\+::Z\\>@]a\+?\,\\>@`\+c)>@\\+$\w~Q>@E\\+q\>@x`\0\C+z>@7m\i+C>@=\+\t=\>@427+\v\>@+ +t(%>@\\+\{\_>@-C\\+>@b+\\\\>@4L+	>@g+wD\>@\/+\/g>@\d8+A\'>@rG+vq\r\>@h[\:+0\>@+B+\>@+\oB!>@\\`\+\XyV>@4\i+T>@#M<+6>@<d+e\\>@8+\\u?@KVE+j\\?@~+,?@\(\\r+?@\zp+9?@P\\+X\?@_\\\+C=}?@r+1%\	?@+!\\n?@Z`+&\0*\r?@}p+\"\?@9^\I+\t\?@a+\\0z?@\%\2+W$&\?@r+\]gE?@K!K+&TpxA?@.v+IIC?@xz,C+@?@I+dV\p?@3<Fy~+\J=B?@)^emS|+-x\W?@?Hz+\*?@\8EGry+PR`L?@I~\w+Qv0b?@)Zu+(	?@\\}U.t+\@-?@\Bs+D?{?@aO;5q+gba ?@Yn\m+&fe ?@aj+\\rn!?@I	i+<k]h\"?@y\\eg+(+$?@	se+m\?3#?@\.4\a+(B\v\"?@\\TO\_+u!V!?@]+{ ?@`[+F1 ?@E`W+,) ?@qU+\ ?@\\Q+\\>9\n ?@\\m\N++\	 ?@ByGK+^~\ ?@bf\(G+L\\\<!?@\E+!?@#*D+2v\Kp\"?@.o\B+6T#?@y?+&$?@o=+J]2$?@A\\"<+\%?@:+\\9\'?@_@/8+dU(?@|6+wG+?@\@9w3+!<\8.?@\0mY/+F/?@h\^`.+\ 0?@&5-+x|{3?@&,+<2T\4?@{.+4.\6?@7n1?74+&l?9?@/+\{*9?@\n*.+\:?@\\\"++G=D;<?@\v&+ec=?@:r#+\s`9B>?@\0!+D0.??@(b\+{p??@8+V\'g@?@>$D+J\\\@?@3SZK+_&B?@vOj+\nbkC?@\+\C?@J?+\'>D?@^S+\0SD?@\j=+1kE?@hs\+d \.\F?@*7QKs+l{%9H?@\\\n+]/I?@K\n+%\0J?@5s+B\%U\M?@F\\n+)\N?@+k\q	+E\TP?@y\M+)yuQ?@\R\{*U\\\ZQ?@=\'o|*p\'vR?@c\*` S?@Z}*M-[\T?@I*\HU?@\vhX*\<,\V?@\ZQ\|*O\`W?@\Z)*\UGX?@\\*Eb\ZY?@K\*`7l[\\?@t}*B\]?@Rew*E4^?@\L:\*d\3%_?@\5w\*]\].\_?@hwH1@\*m\)\a?@_\|\*}zlc?@\L^\*7d?@e\2\*#]Je?@*Z^\*3o\uf?@Y2\\*C\bh?@\"S>U\*npi?@\q\\\*\\6\j?@qt\\*1/l?@f/\N[\*V9\m?@${!\*m?@\\\*|\m?@M+@\*(\hr1n?@o\*\1Mo?@Eu\\*L\\\o?@\Wy\*}\Xp?@\TG\*GQg\q?@C\\\*+mq\t?@DO\*;Mfu?@\*v?@T\*\\\1w?@:vP\*MI\\\z?@p $\*\'2s\{?@JGp\*!\|?@V\*?\,}?@\0\*\\uS~?@^~\\*r0\0?@UJ\\*f?@\\*\]gE?@\\_Z\*d\?@l\*H\9?@4\*TTJ?@(\\=\*D\d?@LM7\*#M<?@kF\*]2\?@l>\r\*!r?@[T\*`?@\d\\\*u;?@Y_\"\\*\?@l\u\*l\\TO?@an\*F\?@\+\*x?@Sz\*\t?@Rd=\*QlMK?@\bD\*&5?@d\,\\* )\"\*?@\\{,\*ky\z?@L$z\*9{\\?@\\n~b\*\?@<i\\*X%?@\\\B\*\n2?@F\\\*/m8,\r?@\'k\C4\*F\?@{i\0*C5%?@P%*\i&?@S*t@\?@m*j*?@W\I\*~?@Rb*>@\?@*\\?@\`R|*@?@sL*!\Z?@J+*{Nz\?@;\G*:r?@\r*4E`?@\,	PS*\_Z\\'?@\Y*^H0?@\&*ut\\\?@.py*^\Y-?@(\\G*\?@O\9*\_?@\\*\*?@we*Sz?@V*u?@`\\*\q\\r?@PR`L*?@cbqm*5?@+g*\M?@O\*j\q?@\\|@*\?@\nUf*\j?@uX*>[?@A\<*GTn?@\)*I\\\?@/>:u*\\!\?@*4*RZ?@0\70*\\?@\*C\b?@Y0GQ*^\I?@\ZD*d?@\q*>?@c\]K*jI?@\\L*\g?@y\0*i\q?@\\h\*\lIF?@\K6l*\Li?@T*B\%U?@q\'}*/?@P:`y*.?@Qmx*%\"?@\\Ur*\'\+V?@!r*xG\j?@9\\m4p*]x?@KF>o*\"H?@\\\k*(vU?@I0\\Zj*8?@*\h*%W@?@8k*g*f\\?@-s,f*yGsd?@oe\2c*\E|\'?@3\b*ZP?@,\'a*jl?@\}`*1/?@:\H_*\d?@+C3O^*F\j?@M\[*,D?@]lZ)Z*@7n?@+,U*B 8?@#\S*,\Z?@\npUR*T?@E\VQ*36t??@cAJP*2F?@`?\O*$?@~SXJ*E\'K?@\E_AI*5N\?@$\F*	\P?@\\vhXD*\p\W?@\>@*3f?@\>*\Y?@\\:*|\.P?@H\Q9*l>\r?@7qrC9**\\F?@5(8*\&\?@\&7*(?@:\\5*W	3?@	4\\y4*D.l?@(^em3*<\8b-?@i\Z\0*\\r0?@/-*Z\'.?@\,*%?@\\7+*}\"O?@I,*r2q \?@>\-*u\a\?@\\\/*\ \?@i1*.\\?@Dj\\43*X\?@|R4*@\?@Z\Q6*\\#\?@\04J7*#^\?@p:\8*[\A\?@u7Ou8*]2\\?@\>6*y\'e\?@%\\\4*RE\?@\ \hU3*%]3f\?@d732*lw\?@v0*\\\;\?@\V%}0*\\?@\\0*v\\?@2Y\d2*?mT\?@P6\\n\2*\\\'\?@n\%*\H5\?@\\+\#*\R1\?@\"*\Y5\\?@a8\0C#*\I\?@\"r$*\	m\?@0du\$*B\\"LQ\?@h\HK%*_\?@\%\2\"*\:\?@lZ)r!*\5\"\?@W}*+\\6\?@mt\Oq*/\\?@;k]*\@\?@\,\i*\?@\\$[]*|F\"4\?@+j0*o\'\?@=6*\?@I*v-\?@oJy*K!q\?@\v\0\r*-\?@a^Cp*{)<h\?@\*\\c\?@9d\*y\\T\?@a\*\\\\?@IIC*.o\?@\l*F \?@a4+*.KR\?@Su8*J\E\?@\8j*#\?@_[?*B\?@t\\gy*QN\?@`V(\*j\L\?@*@z\\?@6\	*\Z\?@\\M	*E\\Z\?@cD(\n*\\W\\?@\\q5*^\Y-\?@m\*\\n|\?@\*W\?@}\\	*?\\'\?@6M*HV\n\?@\zM*1\	\\?@{Z\'*\l#\?@DkE\*5\?@~*6\\-\?@If*Os\?@bd\*\PMI\?@\z2*Q1\\?@\)\\?@fffff)&\?@<\\)m\{\?@]P\2)40&\?@.\).\\?@Fa\\r)<\r$\?@p|\%)\a0\?@h]\@)\u\?@T8T)\Y\?@SX)l\\C\?@\oB)\Z\\A\?@\,A\)hhs\?@2\\)J\\?@4iSu\)aQ\?@GR^\)!\Z\?@\\)]\a\?@6l\\)/\?@$\)*Ral!\?@T\d\)_F\?@W\\)\nLu\?@\cx\\)\?@{\)\:8\?@#\\)\/\?@7\)sG\?@#\).\|\?@~7C\))$\;\?@+\\) (\{\?@)k{\)\W\?@\i\)\?@m\<+\)\\M\?@\\\)e\ZM.\\?@uX\)\2\\?@R\\\)tz\?@Sz\)I6\?@o\)[\d8\?@\\)x\nR\\?@gB\)f/\N\?@\-\)/\|\?@cC7\)bd?@z\\)N\1?@vR_v\)_?@_(`;\)8\GnM?@DP5z5\)g(\x?@n\\)l;m?@1>\\)P?@s\\)I&\?@{\)2: 	?@_\:\)33333?@M1AG\)\0\'h?@\\)UfJ\?@B\)\G5\?@\<+i\\)\%qVD?@}ZEh\)u\?@n2o\)\W\\?@\5>\)\?@\"\k^\)\\?@)J\o	?@[)\eS?@,\E|)\?@[)\\/fK?@\I\)d\\?@.rOWw\)z??@r\Sr\)Y5s?@ x|{\)\\u?@\N\"\)\'f\?@B^~\)h\\n?@)U\\)bd?@\p\\\)\9\\?@-$`ty\)\=yX?@-\\)a\\+?@\\nD)m\o?@Ac&)(Hlw\0@@\p\)Rc\0@@+\	)\JY\0@@\T)~7C\0@@\)\n1\0@@\~K)x]`?@\{\_)c\3?@yq)\?@>?)o?@Z\7)b?@H)w\\?@x\\T)yt\\?@x\nR)hhs\0@@\)wGo\0@@z<d)8L\0@@a)Z_\0@@^)G<\\0@@\\)H\\0@@(\v)&L1@@M:/)-cyW@@x)\S\@@0\\\)\@@N*\Zk)$~\\Z.@@p!\)\@@p\i)\ Z+\@@\\m)\Z$@@%\/)h@@6\\)5[@@)@@#^)gaO;@@XT\\$)F1@@2)Q5U@@]/M)[DA@@x!);@@)\@@#fy)I[\@@ |())@@qW\"){mm@@xE)i\L@@2\0Tq\)N;P@@\\\\na)\\#@@\B)tA}@@|A)\K@@Q)\[[%@@D\\)\@@\')J\@@wD\)\\l\@@M)d@@A&9)@@+1\JZ)ZEh\@@\\)\:@@|?mT)X\@@\WXp)	@@\\[v)\o_\	@@@\\v)xe	@@\w)_vj.	@@}A	)\b)@@-cyW)SYvQ@@)Z\7\@@d\p)\@@\!o)\\~@@0k)=Y@@-\~)C3@@d\\A%~)FA@@9Cq|)1\\Z@@G\'|)@@m\|)/\L@@&fe{)\R\@@\$\\z)y0DN	@@>;\z)\1	@@:=\z)7\\Z\n@@U\x)\e\n@@obHN&v)&\\s|\n@@lt)3R\n@@\eOs)5\\n@@\Z4Opq)\\n@@\\n)zm\\n@@`\-m)/\n\\n@@\\Uj)\/fKV@@\5\\h)\V%}@@#\M)e)5@@Mhd)\_@@&Sb)Y@@\'.`)Dio@@g8\_)QI\n@@9EGr_)S\Z\n@@\Zg\`)nl	@@x%\s}_)	@@\\\\){/	@@q{[)1`\U,\n@@\HrZ)N	I\n@@@\\X)bHN&n@@xcAaPV)\'@@<T)\a@@-\(Q)\@@\\\mOP)\@@kJGO)+\@@ \X4M)\"H@@i9\CmK)\zp\@@\JI)iP4\r@@\m3\A)d\Tk\r@@\Zh>?)^\r@@}\=)\\	/\r@@\'\_=)u\&@@\\A%;),)@@\;jL9);\u@@>x5)\{/@@\0\ZK2)\\\O@@\nU.)\T@@3.n+)[\@@Zbe4))n\!@@dP3$)[A\+@@i5$\)J\4@@Sul\Z)[O@@\r)\@@l]j~)\-\\@@C\)@@4Op)~\D@@\r\\)Y.@@T)<e5]@@[\)I@@0Xr\r)\~K@@\:8\)}\\\E@@cD)l\\@@R\\\\)\)n@@\)P\W@@X\0)\Z\Z@@6\\n\0)\|x @@@P%(Ac\]@@_(z\@@\(p^j@@\_(ywd6@@C (6,\n@@&l?(@@m\p(`-@@o\(_@@\U\6\\(q $@@am\(&L1@@^2\\(\'@@n\@\\(\c\\ @@\\0\(:6U@@-	PS\\(\P1\\@@FSw\(LO\@@^\(X8I\@@TD\[\(M\nJ\@@R^+\(6\0@@!yv\(|S@@=\\(K\1@@rk\m\(}\@@\\bg\(\Nj@@]\(\@@\\(\SW>@@\0\(Z/r@@g+\(Y.@@\'\"\\(J4*@@+5{\(\Sr3@@\6\\(\@@-v\(b0\@@x\Z\(\	K@@\(\\!@@\x\(\.5@@H\Q\(Mc{-@@<.\(@@g\67\(<l\"3@@|y\\(\\r:@@p|\%(nlv@@fO7P(KK@@`_?(]n0\a@@\|\X(JGp@@\0(\\0d@@BA)Z(~8gD@@\\=\'o(B@@\vhX(uV\1@@>(Do@@Q<(q]\Z@@dx\g(8d@@aMe(\/fKV@@\\r0(F=D@@(\\1@@()]@@r\{(H5\\@@(8\'(U\-\@@tA}((\\r@@\M((b@@YX(W#\2@@B\(e73\@@@2:=(\{*@@]0\(2\\Y@@?6(\rND@@x?n(P,@@\`(\0\3h\@@	YK(_cD @@\Y(nK\!@@ {\(\\!@@\MFa(1\'h\!@@{P(\8!@@.\:(\A\L!@@\,s(\5w\"@@	pz\(V\f#@@\Jvl(\_w#@@_(`;(\\n#@@P%(>6#@@\\l\(\\=#@@\]M(#@@7\(\\#@@\u\Zi|(rP\L\#@@\fd{(C8f$@@\t($@@\\Nl(\(\$@@t><k(!\\	L%@@\'\Qk(G ^\/&@@V+~g(P\\\&@@\;Jb(Cl\&@@Cl`(@KW&@@`8_(MKF&@@<H_(PQ+%@@\v>X^(.%@@\\L0\\(0Qd%@@\wZ(PQ+%@@T\\W(\u\Zi%@@|EV(U1$@@i\Q\T(\\ID#@@ZxZ~P(\\\"#@@&%\N(\B\"@@;\ZJ(\\C\#@@~k	I(>\\Z-$@@};@(\\#@@\ZX:(`5\!$@@\l8(s+$@@\v\6([\#@@|5(E\\Z$@@L<3(\\8\\$@@\\"2(\\F&@@\\.(JEc\\&@@Dk-(\"N\'\'@@/m8,\r,(\b\\\'@@O\\((s69|(@@\na\'(\\)@@\((yq\*@@\	_\&(mYg|+@@:x&4I$(*5{+@@=B\"(\+@@W\, (6\\+@@|F(@,@@Tn.(\\a-@@>(oa-@@`\0\C(A{-@@-y<-($]J].@@\(\-s.@@q!\F\"(\ZX.@@%:\$(\8a.@@\\e&(.@@J4*((\\0OZ.@@\\((\s\.@@r\\Q)((CUL/@@S]\+(:0@@/3l+(&0@@JA4.(1|DL0@@y\Z/(n\\p1@@>Y1\\0(GN1@@T\0g\0(2Q\1@@d_1(\Q\2@@z\1(l;m2@@@4\2(\I\\2@@ \"5\2(I%r3@@pC2(\uoE4@@-1(Rr4@@rZ1(#*T75@@I0(5@@WL0(v5y\j6@@*\P0(zm\6@@\\0(\<7@@KxB?1(M*\Zk7@@\n1(qx\7@@\~3(4B8@@Ja\\L3(n/8@@wg\3(\8@@\E\n5(\5\8@@(\6(\c\T9@@\	7(\\9@@\\8(\\0:@@$\9:(\3.:@@Uy<(*:@@\B>(\\ZI:@@28*?(-x\W:@@sh\|?(\\\:@@\'|?(\e\\@;@@3>({\`<@@8k=(4\=@@,z=(+0du=@@U.T<(py>@@`p\=(8\\m>@@_=(\:\?@@\^\'=(\'v?@@y\=(-$@@@O\I\=(?i@@@U1>(\\6@@@\"1A\r?(\q\_A@@.R(?(v\A@@\bc>(/\nB@@\2>(&p\nB@@5~\$?(\\\B@@\L?(L8C@@\\A(\iO\9C@@\C(\|\XC@@\ZKD(d;\OC@@+/E(]\\'D@@f-G(N\'\\rD@@Pi4I(\\\D@@O:`J(i4E@@o\\n\J(&m\E@@c0\K(>\LF@@\'K(=\F@@RL(\\\\F@@\S4M(i\F@@\pt\N(RhG@@RxP(\'HlG@@\\P(	nH@@E>\'Q(VWI@@b+hZR(oe\2I@@?mTS(?>I@@a\\:\T(\\\\BI@@{&3V(Rd=I@@\9W(\\'H0I@@\\\\\X(I@@-sZ(gI@@@j[(\QI@@.S\\(r\I@@+](%\J@@:\](\\>QJ@@(\\(J@@-vZ(\e\-K@@\X(\(@L@@\o\V(\}L@@h\^`V(~k	M@@)T(xaM@@6XS(\M@@	MS(E2N@@9d\Q(dwN@@\Q(rO@@uR(93LmO@@j\vO(8hO@@\O(]C\O@@o(|N(\S:P@@\L(5\\P@@%<L(\D\P@@\r.\UM(\E|\'fQ@@\rRL(I\\\Q@@eK(\Sr3R@@x\'K(t[R@@f}I(\\\R@@sEI(+\F<S@@j3NCTI([\S@@1\\I(m\T@@\I(#EdXU@@N} y\H(\\8V@@\\'GI(\4OV@@GTN(\nIfW@@{\v\\ZQ($\\(W@@f~S(d\C\W@@fM,U(\6S!X@@?#KV(\)rX@@c:\0\V(I2\X@@sFV(\'\+VY@@\wakV(XrY@@t_\lW(0\qY@@\L:Y(-=Z@@\<\\(3M\~Z@@`\\(f-[@@ds\<G\\(ah[@@tu\b[(\.[@@oZ({\\@@{G	Y(&\\@@I+W((\\'\\@@\X(\n2&]@@Z(mR\X]@@\T\\Z(\\S\]@@`X|[(/l\V^^@@-V[(ZP\^@@6\\-[(\\\1_@@r\h[(_@@e[(\}`@@Q,Z(Z\a@@\ZZ(\\tpa@@h\\iY(yx\\a@@}bY(\4\\b@@6\$#gY(:b@@|&\iX(9c@@- V(<k\c@@\)\JU(\\Xmc@@T(x?d@@+DS(+n\b~d@@\0qQ(Td@@\0:P(~p\d@@*9\'\N(Gg@@k	O(O!W\Yh@@\wO((\h@@gP(gc%\Yi@@5P(\BFi@@\nP(&(\\i@@\$#gaO(\\\(j@@\\l\M(ij@@\"lxzL(\\\\\j@@XvMHK(/\l@@\kJ()\\'$m@@J	\I(\\Gm@@\J(y\n@@\#\J(#n@@SzK(Rx\\n@@Ee\J(\o@@\1!\J(y@+p@@4\($I(\\dpp@@(\\GH(7\xp@@s`G(\sq@@;\GE(\Plq@@\\\\XC(mq@@\'\A(q@@7\',@(\0&r@@?(2#\r@@\r\>(\\v5s@@v;O<?(\\s@@?(/\\s@@\\n>(3\t@@]L3=(j\';t@@B\"m\O<(T\qst@@t\"T;(\t@@z\9(\'u@@#e\8(;:Fvu@@\A8( {\u@@\Z8(Lv@@L8(\QG\\v@@\Z\\7(|\\w@@	Y\6(w\1w@@\\\*\5(Xxw@@\\n\5(ZJPx@@\\L7(|bx@@\PS\7(^-wfw@@]( \r\\y@@\\5\0(f8@@\U\\\'%=N@@\c\"\,\'Go@@_R,\'vE@@Ae+\'2\\Y@@9!+\'\"\`@@P0A+\'\\h@@l<\*\'i\@@@g*\'uX@@\@,)\'\@@\\(\'e\ZM@@\\"0\7(\'&o\@@g\!\{\'\'VF@@\'/2&\'r@@\!\k&\'\8h@@\Z\6&\'#K\@@p^j\'\'\-c}@@\x\(\'I@@1\\\0q\'\'e\/@@n\\p\'\'$@M-@@u=\u\\'\'Or@@\)\'P\\@@@\\sG\-\'\'@@x\/\'e\pu\0@@\\/\'e\ZM.@@[;1\'-\R@@-\\o3\'\ZNo@@f\5\'\-@@\\7\'\L@@Z_&:\'\@@\(<\'\'\@@t\>\'\\@@S@\'}%@@J\D\'7\x@@|Bv\\F\'\@@ZrH\'d:tz@@v6\L\'k#]@@o\N\'\\L@@)P\'{J=@@[\\Q\'@@C\HX\'	@@VP\Z\'AF@#@@zI|\\\\';\:@@vR^\'\\v>@@[#qpa\'K\>@@\\\\\h\'\0d\F@@9Dl\'V&5@@<Dn\'R?o*@@hr\')$\;@@\ !\t\'N\\P@@2>\^u\'\#b@@kJGw\'n/i@@\nz\'\\@@&\\H|\'vS@@\\$[]~\'\Z3@@	`\\'\\\d@@\c\'HnM-@@\\\'B\@@Q\'\mr@@\M\'vP\@@\>\\'y\Z@@\'*\'\\@@Kz2\'sLh@@sLh\'6M@@GXT\\\')\:@@\,\i\'1Mc@@#Ed\'\4D@@\\'yUg@@0)>>!\'\Hr@@(\'obHN&@@\,s\'\nj@@\\\m\'LN@@y\'^\/\\r@@Gq::\'?=x\@@}:3\'rS\\@@hZbe4\'Yk(@@\1Y\\'&\\\'d@@+\'\H.@@rl=C\'4\k\@@jTQ\\'@\"@@Q<\\'c>@@>^H\\'\J@@\\\\\'e`TR@@R]\\\'\N@@q5\\\'r\ZC@@A\\'7T7@@*\\'O@@aQ\\'p@@\\\'\7@@{?\\'\L@@C\\'|C\u@@w\1\\'*oG8-@@a\>\\'d#@@\\\\\\'d\]K@@&R?o\\'l%t@@\X4\\'h\s@@\g\\'\r@@\?C\'\r@@!\\'\\p@@Oe\'&fe@@XU/\\'upx@@`\\'D@@7\0\'\\'@@\bb\'\@@?{\'@@vE\'d\@@!bG\\0({@@%Z(=r@@(\\h(>\n\K@@PV\(Lk\@@\c(B=@@R%\\\n(LS8@@@(\\\h@@3\U(\0n@@J\rm\06(\\@@H0\\(TN{@@Di\(e\E@@]\a(\/@@\\r\Z({m\@@+f(\0qW\"@@^\"(y@@5\\%(f`X@@=\\'(=)\Z@@t\\\J+(\\J@@1%\-(6\\n@@<\\g1(v$$@@I4(6\@@L7(qS@@\r\\<(Rm\@@F\?(Su8@@&R?oB(\B@@{F(\\^z@@~!I(W$&\@@\\\'K(2T\T@@3\L(kE\@@+dN(.u@@\P(\\\m@@\rq\P(:Y@@\rQ(@@\S(\oB@@J\T(z6>@@vmo$W(++MJ@@w+KtY(Gp#e@@[Y\\(\=yX@@g8\_(*@@b(\OY@@yY|e(\k\n@@O\0\h(?p\'@@\l(nR\X@@\&\p(t\@@\1v(w\o@@+\z(L2r@@\\\|(e@@\\\\~(aN\&@@]x(<g@@t\(\]~@@\\;(\=@@&\"\( \nfL@@(\x(t{@@ir1(p@@\c(g@@\jT(yt#,*@@yC(KtY@@\n,(\\8\\@@D0.(1]\@@[(`\@@]lZ)(R%\@@*\(k@@ {\(\\\@@\(\'@@o((-\\Va@@HRE(X@@\;1\(\\@@\r(\e@@\\(Z@@\Xl(L6l@@m\)\(\)s@@l\(\o\n+@@(<\@@,\?2(*Wx@@[;(T\\@@\(e\\k]@@n2\(\\U@@c:\0\(o@@_L(,&@@\y(\Nj@@7(`un@@\\r-(y@@\l(M\Z@@_B(\@@`U(R_vj\@@V\n(\\\@@>(5\@@v([DA\@@2\(bod\@@\\\(\'8\@@fL2r(G,\@@\o\D(\@@.\Z2((\\G\\@@\H5(?;\b\@@\#F\-(\st\@@Pmp((d\ml\@@\\(HQ\@@QfL2(A_z\@@\(\"\\@@@N0(\@9w\@@\R(O<g\@@(3R\@@|+\(-\@@*p\r\(Eh\\\@@\d\\\(/HM\@@\Bt\(\Z\@@%:\\(\N?\@@hy\(@I@@Wya\(u@@vN\(s@@Ot]\(Ho\@@B=\\(s@@j*\(\#)\a@@Q{\(k*@@\8\n\(4@@J	z\(h@5@@\(-v@@\$\\\((N@@Os\(.u@@Ul\\\(.@@c&Q/\(V@@3J\(\"h@@M$\(-\\b@@]=\(\}u@@\n\\\\\(6@@c\3\(CR@@\Z\\(il@@\)1\(>@@\Zl\(St$@@s(CU\(\J\H@@\\7\(\@@\\(2s\c@@vn\\(\\r@@zd\\(Vf@@?\W\\(\!@@F7\([v@@\\5\\(\\@@\Q\(\u+@@1k\(3w@@8+\\(\\T@@\n\\(OD@@_\(mYg@@\([\@@Rx\\(mTY@@\(S;\@@ \K(UN@@B\(2ZGU@@\r(&@@\P(\}@@ @(\\#@@\j\(2#@@V\\0)-s@@Y2\)gv@@E|V)k\v/@@z\{)Ih@@B\)\\O@@\\"[	)\\\G@@\n\\n)e`TR@@\9x&)\{@@\\.\r)y@@\\a)\\\"@@\k)Z$9@@\,^)\'*@@\\)0(\h@@\=\)u\@@vE)\j+@@_2\\Z)\GH@@G\r6)\o\@@\R#3)3Lm@@\\\tYL)o\rl`@@\',\Z)a\@@\I\)3o\u@@<l\"3)-u@@\`\$\)*4@@anr)\eO7@@\q\)W@@\O\\)v@@d\r1)W\Y@@p\/)`@@);\@@`\ )F[D@@=\)|\o\^@@8@d)\0\m@@u)\,A@@NW\)@@={.S)8:V)@@\z)W\\@@\0\C)\(\P@@%\pt)Du@@\GH\Z)O#-@@S\Z)`\U,~@@1ZG) &\B@@&3\)@@ILP )]\].\@@\n/$)t\\@@L/1))-@@~f+)\:@@\'*.)ZkB@@C</O/)Hm\\~@@\e\t/)y\0@@#\/)\;@@2t\0)w\o@@&\lsc2)\s@@}\\\E3)(@@Go4)\+@@\QcB\5)qVDM@@;p\6)@@t\f8)]\\7@@>;\:)7XO@@8*=)!@@%L1?)a1\@@nlA)Dk@@^C)Cl\@@e\ZMF)g@@sbG)e@@\MM\G)$%=@@QB\yG)E`o@@\VC\F)[x^*6@@m\EE)\\\\n0@@RD)ywd6@@\p;4,6){e@@\\5)%Z@@FSw5)\\\\@@6!1\4)f\I@@5\3)n@@5\2){@@(A&1)#@@U-\0){Fw@@qd0)C9@@\n.\0)~\[~@@.Xx1)\r\\7@@\'k\C42),_\@@\I`3)B|`\@@\D24)l\ndv@@.\R4)o`r@@:*5)	8@@:!t\5)z\0\@@\n)?6)\@@\\7):@@t}:)\q@@M\=:)-X@@>v()8)Z![@@9@07)\;\\r@@9a\hV6)N\@@\wE5)|C\u@@S{m\4)\\C6@@\ZyY3)Y$@@\D\0)\\\@@/)Nd\@@P)/)\\@@0)W@@6\$#g1)\nUf@@e\\k]2)K;5@@q3)Ir@@-4)\\@@$F\-t5)F@@P<6)\0{@@{6)o~\D@@\E\\\6)!W\Y@@$y7)QhY@@\rq\8)\0qW\"@@p\GR:)@@W$&\;) C\@@b1\\=)\\@@d;\O?):Fv@@^\\_A)\\@@x\nR\B)F0@@\}\k\D)M@@]F)\\'c|@@Ac&Q/H)|$%=@@`I)v@@o\!aK)\\rQ@@:FvM)	PS\@@\D<M)\@@W zRN)\@@NM\gO)w-u@@\\Q)f2\g@@F&\\HR)\R@@9}=_S)m\i*@@f\|U)|\@@\\X)\>rk@@Vc	[)vk@@6\e\\\)r@@n^) h@@7\',`)@@\^b,c)\S\q@@:?\q\e)\@@c	h)h@@a\|i):Z@@H,j)lXSY@@\\k)\Mq\Z@@AJ\\\n)B\@@>Y1\\p)\\J\@@Wq)\q5+@@8t)(\\h~@@\x>\u),}@@(v)+j}@@K8w)<L|@@bDx)*D/|@@iy)_iN^|@@hz)VGt|@@\l\|)IJzZ{@@CYZ)w.z@@,\)5;z@@QU)w/\Qz@@w.)|&\Zz@@;])bqmx@@\\g\\8)\Bx@@)}=_\\x@@a\>)(c|x@@rCQ)\}u\x@@%\/)q5\x@@(c|)/\wy@@{)CYZy@@F!)pA,_y@@\04J)\u\\y@@DXo)\y@@293L)d]\Fz@@*\P)\\y@@//>);vy@@#-\R),g~y@@*Z^)\GCy@@$A)\1y@@\Z\X)\"\z@@B\)4\'/2{@@F^\)G\g\u{@@d)\\1{@@)t\\{@@I).\|@@	\y\)\rk*}@@7\)!g~@@6x_\)\~@@Ov3\)W\@@JC\);k]@@mp\"\)7-:@@1x\\)>{.S@@\\)Z@@jh\)RE@@\\\&\)\\\\@@\.4\);I@@?\)>W[@@l\u\)LqU\w@@OYM\\)h@@n\)k@@c\)y\\T@@\\)o@@\rR\)_{fI@@+0du\)*8@@\J=B\)^H0@@<\b\\)q@@\rc\)Kb@@\!\08\);2V@@\\<)OWw,@@n\\S)j@@g\;p)2;@@p|\%).\:@@\B)@j@@:w\)^\@@)[$\)2@@;k]\0*\D2@@`\*\\@@\*p\@@*JV\\@@\n0,*\\@@\]gC	*\H@@\G*ht@@LH\r*M\~@@A\S*	Q~@@r3\*p\q~@@%Z*K\~@@\u*W@@F7k*oF\W\@@\6p*\	\\@@\\"*sG@@#\\*7RH\@@H\?*@@\\c>  *\{\@@B]\!*\0|DL@@e#*bI@@h\x$*\v\~@@X32\%*h%~@@\\t!V\'*.6~@@\W))*1d\}@@#I**=\!7\}@@qN`:-*c}@@.*[}@@Is\n;*#}@@z\Z0H<*\}@@qh>*	}@@?T\Z1?*VHI}@@c~A*^b,\}@@\Z{B*&k\}@@\n\D*\i\}@@F*P9&}@@x{M*\2~@@\7>[O*~@@\\A%S*\"\~@@N>=U*~@@\lYV*\Z\Z~@@\Y*RB~@@d\[*\+@@\\9c*X@@\@]e*o\@@.9\f*\LLb@@\\Z\ag*v\n@@\*lh*k\@@x\1!n*QB\y@@\o*1@	@@V-o*a\@@_D\1uo*^@@h>n*v28J^@@\\\'p*\0n@@^q*\ni\~@@\r*~@@h.s*x~@@C\t*\\\1\}@@Y\>\u*~}@@\"4v*`>Y1\\}@@\X32x*M+}@@j	y*9B\|@@%:{*\Z\1|@@2t|*\\L|@@\}*\d|@@m\~*i\'z@@\Z*}>z@@c*_	y@@+*Z*p\y@@V*Kx@@\\q*_\|x@@*B\yw@@6*h[\:w@@v\*',1607362055,1607362055,NULL,NULL),(4,'Luapula',_binary '\\0\0\0\0\0\0\0\0\0\0\0\0\0\0-\0\0\\\\QJ=@A\\ `<=@eQ\E\\ #~\r=@n\o\ F@#H=@d\pu ]9=@\V\ q4GV=@-\o -\R\\=@Rx\ \g=@]0 >>!;o=@!s\~=@~T\~O!\Wf,~=@\\\!}\"O}=@|E^!\\W}=@q\\r!0AC|=@=#\Z!B\O}=@2\CP5\"!UN}=@={.S#!sP}=@!8.\&!\|=@n*!v\{=@*U\--!A_z=@B/!\Bx=@d91!E\u=@Z}uU8!\Ju=@o\T9!V\'gt=@K\H:!\\]s=@>;!\25	r=@8H=!xEp=@4c\t>!\\'o=@]i?!^So=@+\@!\G\n=@,=)B!jLn=@F~D!(*\Tn=@E!\m=@\r\Z\'H!\46l=@HM!ahk=@%P!9~i=@fL2rV!G\\i=@`#IX!\Q\g=@\&p[!\\f=@\\\\!#e=@\$\]!\ !\d=@\\\_!t<fb=@7b!m6Vba=@M\.f!n|b`=@Ov3m!y=_=@\[r!m^=@`r\Zs!#U=@?9\ns!?`\S=@/s!\w~QR=@3\s!XnO=@\(v!JB\"m\O=@\\Xw!D(bQ=@\t!V!U;Q=@xa!c\P=@\ZL\!c\\ZP=@{)<h!c@zO=@\!E\[\N=@9w!#\dTN=@;Qi!\\\\M=@\\;\!zmM=@.Xx!\rRL=@d[!|}KL=@$9!\\L=@[\\X!c|lK=@T\!a\9\J=@U&\!t[J=@\\ih\!~\I=@X\+\!8*7I=@\X\!D+G=@3\\!\2nF=@$A\!>E=@\\[\!\\\:E=@Z\\\!>x\C=@S\!B=@v\\!k)\0B=@ah\!mA=@\"\\!\"nN%?=@d> \!O?>=@\o	?\!\\\(y==@s-Z\!H<=@\!m;=@P\!\]M:=@gx\!n2o9=@>\!\9\5=@,(\4\!\3=@+\!2T\T2=@\JR\\!\\\$1=@\T\#\!\v\0=@b\!\\0=@t\Oq!\\"LQ.1=@\!T\\$[1=@H4\"!\PS1=@}!d<J%<1=@n/i!Y\0=@qTn!\6o0=@P[\!\0=@e2\!	//=@\{\rq\"l%t\-=@\C\"\-=@;.R\"\n-=@\n\"}^\#-=@o,(\\"#0\70-=@\\R\"O\-=@,am\"]\-=@F\g\"d9-=@w;S\\"\P1\\,=@^SH\"|\/+=@vKr\"\E(*=@\o\\"k) \(=@RB\"\d~\'=@\\\\"\Pj/%=@]\&\"y\#=@]0\"\)\z\"=@\PM\";p\G\"=@e8\Z\"f!=@#\"-%\I(!=@l\\"\nH =@\X\\\"^=1 =@VDM \"\\H=@{1\\"\"W\Y\=@E@J$\"\- =@[	\%q&\":V)==@:s	\'\"/Ie=@a5&\"$c=@(\\'\"!=@i\\I+\"yM=@\;.\"9+&=@\\1/\"l\\=@\\?/\"4Lk=@70\"\'> =@\!\\01\"5$\!=@\Z\.\4\"\"w\"=@()\06\"\\r-&=@E\\Z:\"\&=@;\"]u\'=@-<\"\'=@i\<\"\\\'=@k};\"Vc	kc(=@R\'9\"Tl\\(=@q9^\9\"\r\n)=@\:\"\J\n,=@U3Y;\"x`\0\+=@Z}u=\"\9,=@Z\\'\>\"Q%-=@\\\\.=\"\2n.=@Y?\"y\M.=@\A\"O.=@3$B\"Vc	k/=@\B\"\\\\1=@\rC\"k&\0=@0*E\"{O0=@l6F\"k0=@wJ\G\"Pmp\"1=@\r\-H\"rf2=@$H\\H\"?\3=@ 	vI\"\Z\.\4=@DioI\"\\\B5=@&MI\"]\pX6=@KbI\">6=@vH\"+MJA7=@\\v>H\"5\\8=@\mnLG\"HnM-9=@sFF\"}\\9=@AE\"v5y\j:=@i:E\"gx;=@\Q*\	E\"F;=@.\Z2E\"\<=@>>tAE\":Fv==@\jE\"pUj>=@\$\E\"\?>=@x!F\"\@A=@\\\BI\"$F\-tA=@\;\J\"A=@\\L\"4\\ZB=@dO\"~$AB=@Q\Q\"\V\,C=@\Q\"\@H0E=@\K\\T\"U\E=@cV\"}\O9F=@\,\Y\":\zF=@;\u[\"Rb\F=@$^\]\"z?G=@A	]^\"9w\G=@N#-_\"aI=@{G	a\")xJ=@\\c> `\"&\oK=@H[_\".\\K=@\\_\"\ rL=@?Uba\"\\L=@n2db\"*\\nM=@`Z\\'c\"\J\HM=@\'Ke\"\}M=@H\\0g\"72M=@\\\5\i\"{&3N=@.\|j\"%ZxN=@\o\n+l\"GO=@`\\8m\"[\\\3\O=@:l\"\'jinP=@sI\vk\"0\r.Q=@RI&j\"\\\Q=@)\h\"[\d8R=@gE\Dg\"(R=@Lf\"*8T=@+/e\"I\\\U=@A_j\"\)\\FV=@\%\2m\"\8+V=@uXp\"U\\U=@\rNr\"twU=@-s\"2\U=@zft\"\,\\V=@m6Vbu\"8+X=@Ec\\lw\"g\||X=@R^+y\"p:\X=@\b|\"\)rX=@sJ@L\}\"ysV{X=@>]\~\"-yX=@{h+\"T5A\}X=@k\"\\vX=@k\\")\0X=@\\e\"q\0W=@j<\":3PW=@IC\"8d\V=@\/fKV\"\h\V=@-\"\\V=@3\"UV=@5y\j\"\o\nW=@\\S\0\"RZW=@(CUL\"\Zg\X=@\rD\">^HX=@&\"\\"\X=@#[A\"fdX=@,\"dX=@\\"z\\Y=@\\"v\\fGZ=@\ \"E*kZ=@\s`9\"gZ=@L6l\"\'k\C4Z=@b	\"I\Z=@og_y\"H\)sY=@\"\fc%\Y=@h\\W\"R8\Y=@\n\\"<e5][=@\/\"2ZGU\\=@\J\"w/\Q\\=@Y\\\"-\\=@j0\r\G\"\\n~b\\=@\ZQ\r\"Tb.\\=@\0o\"\w\-;\\=@U\\"Y\+\\=@,c\"nP\\=@` \"\\\=@\;\"\W)[=@3\"\rk*[=@%!\"U\YZ=@::Z\\\"*\Y=@ \\"yt\\W=@S\"\\"n,(V=@7/N|\\"-cyWU=@wF[\\"\\$T=@6\\"W@\\S=@\qn\\"$\S=@r\\"w1\tS=@m_u\\\"&\5\T=@J\" \\"iW!\\'U=@Oo+\\"\NwT=@_&\\"S=@ q\\"0a4+S=@`\"\:\\"5\eS=@\Pj/\\"\\mS=@\\7\\\"YoCS=@\4\8E\\";]S=@\G\\"]9\S=@V\\\";)T=@\\"3<\T=@\\\"\ U=@\y\9[\\"\n.V\`V=@K!K\\"Rb\V=@\Pj/\\"\\\eW=@e\VA\\"d\puX=@Y\!\\"4E`X=@AEt\\"\j,amX=@\\\\"a\X=@z\\\"p_\Y=@:vP\"L\ZuTY=@=b\"7T7Y=@[\\"\X=@\\"|\rY=@b\"#Y=@B\\"2\ZZ=@\#\"\\Z=@\\\M\r4\"sZ=@)\"\*\\0#,G\@Z=@2\Z#I2Z=@jMS#[;Y=@|y\#Y=@4#\\Y=@\rg	#5$\Y=@\\r\n#^MZ=@AI0\r#n\[=@\|\\*#@\\=@8\Z\r#\B]=@V#\1\l^=@CR#in\Z_=@T\d#\'\`=@Bl#\`=@!q#YL/a=@A|`\#,\F<\a=@\%<#\\b=@H\Q#\\\#c=@e\E#\\c=@L\#YPid=@B]#\*e=@dY0#me=@\\\0#Uq7f=@YO#n\(g=@.n#rCQg=@F\#I_h=@\#\\\%i=@#\\)\#j=@Kq#:3Pk=@7#g\k=@qR#\M)l=@\`H#\\mm=@$]J]#\/n=@\r34#c\'o=@\~#\0\3h\o=@\t=\u#\ZS\\p=@\\bg#N]q=@\K#]lZ)r=@[1\#c\\lr=@}\#rR8s=@&\[X#|b*\s=@4#3t=@\^(`;#4\`u=@>{.S#Ov=@\\'G#\Xlw=@vQ\#0!x=@E>\'#\:x=@\f#\cx\w=@0E4#Clw=@o\#\\'_w=@F\\ #c|lw=@n4@\"#\\^zw=@G\g\u##\Z\\w=@\@1$#3w=@V\r\\\%#}>x=@U\'#\C?w=@1!\*#t)*v=@\\A%+#\jH\cy=@\JU/#_\Qz=@\n\.#0\mP{=@oa-#\E_A~=@\aN\.#\~=@u\/#K|%=@\&72#~\[~=@_3#V\f=@,\'5#n4@=@7N\n6#!r=@Ze6# [=@If\6#UN=@D4#_\\6:=@f\r\W5#\|zl=@w\>#Za^=@\?#\/o=@u9% &A#@j\'=@]B#\E=@`\"C#-=@\~OSE#-wf\=@N\r4sG#\%\2=@2\	\\H#\\\=@\qQ-J#2|=@\_{fI#Ze=@ip[[H#\x=@\G#=@PkG#NA~6r=@	IG#^=@+~G# %=@wI#]S =@.\M\J#Ww,I=@TTJ\K#`=@\\L#>U=@&U\MM#,H3M=@EH\\N#ds\<G=@W[\N#^gE=@(N#=@\r.\M#H\'=@\Z_$M#ht=@\MN#9=@$%=N#1\=@\/gN#q=@|\M#AG=@DL#z\(=@(\vL#2\=@\NM#l\f=@G\&jiN#o\'=@lO#x\=@>\P#W\f=@(a\_Q#6\=@\t\Q#%\\R=@2|R#u\y=@:\lT#V\'g(=@R(__S#8#+=@R%\\R#7C=@\/fS#F	==@zT\U#\u=@\tYLlV#\\<=@yY#>\=@?Z#;v=@*q\Z#\\=@\tx[#A\r\=@\\q[#{O=@\,B\\#ByG=@\e6\\\#b=@\\S\]#s\}\=@k*\^#\Z\2=@\\G\_#\2=@z3M\^#fe=@(d\ml^#r\@H=@K\h^#\rW\=@\7{\]#e\0\=@1C\ ^#\'=@\\^#%r=@\<`#>+=@`\\a#|=@\\riT\d#d\]K=@Wc#g#k=@\\nDg#q=@8#+g#_cD=@%\g#^f\(=@6qrg#\=@s\Ag#=N\=@\\Xg#M\=@\'f#\nb\\=@)Ze#\'\=@\@-f#\\\\\=@\,h#I\'L\=@\\Ng#\\=@\uXg#\R\=@\\8	g#t\\\J\=@uYLl>f#\\N\=@De#:$P2\=@M#e#W@\\=@&ve#Y,E\=@\\wf#ari\=@Hh#!!\\\=@J\ci#\Ap\=@\j#\'K\=@\\\n#\\\\>\=@oa\p#\3Ib\=@\\mr#JY8\=@Mx#ME\=@i\{#g\=@=tZ#!\X4\=@&S#\\m\=@Bxq#GW\\=@` #%z\r\=@##R~R\\=@\\eO#T\=@c\]K#%:\,\=@6\\x\"#3\\=@L\#\3.\=@\`#`s	\=@.5#)?\=@$z#\.\\=@\S4#\je\=@f\"#\\=@h\\`o#]\=@,\}#Ww,I\=@2#N\\\=@%xC\Z#yC\=@\\"[#\nUf\=@3\y#\^EF\=@/o#a\Z\=@y\Z#~r \n\=@	%W#n\8)\\=@?#d\=@-\#v;\=@UN#\\K\A\=@ \E\ne#\T\\=@zZ#1\\PN\=@Z1\	#KP\\=@%#D\=@5\($#427\=@M##\\\\=@-\i#<\=@3#s\}\\=@\\\N#\J\=@4-2#o\j\=@\_!s#\"\=@\'\#\\=@p\\#\zM\=@b\\\#\5|\=@,\\\#&\\=@zS\nc\#\\\=@?\\\#,\\=@\X\\#Xr\\=@e\S\#\;1\\\=@71$\'\#^\\=@\h\0o\#\V\=@*%\0\#<f\=@t\Oq\#!#\\=@P5z5@\#\=@n\y\#\\=@j{\\#\|@3\=@ZKi\#\CmF\=@~b\#I\'L\=@:p\\#\r6u\=@3#\\=@\jd#\K\[\=@Ss\0$uU\=@[;Q$|b*\\=@N\\$+@.q\=@ \0\$B\'\=@q:	$=#\Z\=@DXo$Y6sHj\=@6\\\$4\?O\=@/$7\x\=@\0\	$aX5\=@\rLn$t\\\\=@$|\o\$_\=@\h\Z$Kq\=@\}$\rN\\=@E$~,\=@;\"$zpw\n\=@c\$$\J#f\=@1($+/\=@EA+$\\<\=@\9?\q0$M2r\=@sb\3$\5\\\=@4\Z6$;\=@/\\8$\np\=@:$\\=@]1#=@$\bFx\=@\\\\B$>\=@l#\fF$\8+\=@%?\WI$a\=@\upO$\V\\=@|\.PR$!\=@\r\nU$,+MJA\=@5\\oX$g_y\=@=\KeZ$^v\=@ \X\\$}\.PR\=@\]$\e\\@\=@Z\r\^$9\'\>\=@\!7\\r`$K\\\=@eq\`$p\\=@8\GnMb$\\\=@d\\1c$\\?k\=@&d$xC\Z8\=@%\s}f$\\ Ac\=@rwh$y;\i\=@\\%\j$kMG\0\=@>$@Mm$\'N\w(\=@mo$lw\}\=@@_p$\\=@\\\\QJp$^\=@Buso${\=@\O\n$t\=@e\ZM.n$\\=@_wl$V\f\=@7Ck$(_\=@\\]\k$	\P\=@F>xj$m\\=@\\\&i$H\=@\h$\I\\=@T4\f$\=@QIf$L\\=@g,\Nf$\rM\=@>If$\}\=@^\Y-g$F\~\\=@J\n,i$R%S\=@nj$\\\=@R%\\j$[\\=@E|V|$\<0=@FA$6\=@o\'$Mg\'=@L!u$u:=@\t\\$zR&5=@g$\r=@\K8$\HLP=@p\\H$\N=@Mx$^$3d=@a\w}$om=@@g$\=@$d \.$	8=@R{m$=@\1$w|\=@cyW=$\z2=@;\$N\P=@\\i$$(~=@\([Z$\=@2#$m\)\=@\-c}$X\=@\0\C$Lg\=@M\.$eS.=@C</O$q9^\=@\C$\v|=@h[$\\$=@\r$8d=@\\\Z$\\\=@l$+m=@\Fu:$?5^I=@\\!$ y\P~=@e\E$\bbq}=@\\@$=\\n}=@\$W\"P|=@%?\W${%9`{=@~\Az$\06qz=@\\\;$:\\=\y=@.\lI$#EdXy=@5Ea$r75\x=@\%<$Zmx=@A*$\\1\w=@\$+TTv=@{P$mu=@Pqx$Xvu=@^\k$\'o|\u=@|a2U$=x\\v=@\$[A\+w=@\\$\t w=@F\T=\$D.l\v=@,D\$r9>v=@\$\9?\u=@1~\\\$hWu=@\xwd\$y\"t=@7\\\$=+i\7t=@4F\\$.\s=@d\r1\$b\rs=@W\\\$0+\~r=@\3K\\$\"\\0&p=@,\F<\\$\Q\o=@\mnL\$\LLn=@r&O\$O0m=@\$N\m=@%:\\$+\l=@aN\&\$\k=@5\;N\$$k=@@&M\$![=k=@`X|\$k=@\2\\$Bk=@8\q\\\$~k=@ms$eV\p;l=@`$kl=@W\$\9x&4m=@[&\|$_\\,m=@s\^$Ky n=@\n$\\n=@3$\$o=@D$\\0&Pp=@\~K$Tp=@g\I}$\\q=@/Ie$`<r=@\$Ah:s=@L\\\$:#J{s=@\r$s=@*\.$c#s=@A*\%	vr=@oUfJ%\WWjq=@5\%\0C\p=@t{Ic%b\o=@r\j%R\n=@R/I%I\n=@c:\0\%=\\\m=@\\rM\\%odm=@DL$z	%D\\\m=@X)k%$}ZEl=@\\r%>&R\k=@O!W\Y%zk=@6v\%+2: 	k=@nM-%yCnj=@\Z2%\\i=@\'%,I\h=@\\O\%Tlh=@\6%\\>9\nh=@F\? %\\2g=@fL\Zg#%}x #h=@\\"t%%lXSYh=@x?n\'%$&h=@?Q)%p%;6i=@q{+%`e=@++M:%\\d=@\\g?:%d=@\f:% \Gb=@$\:%W\2\a=@A,_9%2\\`=@\7%k`=@\wak6%RU_=@\n5%t?_=@D74%4.\^=@|b*\3%B@\n^=@v+.2%\6[=@r\71%u\Z=@V@1%\\\Y=@P\\1%6\\-W=@\#G3%#tu\V=@o}Xo4%\)\\FV=@\fc%6%B@\nV=@Ex7%e\0\\U=@pvk9%\?\@U=@rw@%LDT=@CYZG%\~S=@\\\I%$ER=@+`pM%q\[uQ=@i\LO%?:u\P=@@w\P%\d<\rP=@R,\ZR%\#\rnO=@c_`S%Ky N=@^\kV%[vM=@.\W%\&N\wL=@.6Z%$K=@[%u7OI=@8*]%1XrG=@p\/_%DAcF=@(\\G`%?nJE=@\\\+b%){K9_D=@msc%\\-\C=@\\Vd%\"UB=@%\YI+f%nrA=@Wyah%\\W@=@j%;l\"3?=@gBk%H\n>=@El%I\\\*==@\Gm%7<=@vn%QU:=@A\p%3.n7=@\0\ u%5=@\w%T\qs2=@\c\"\|%Wt\1=@Z\>\-%I1=@GtF%\|?1=@c>%]1=@F\W\%Y2=@o\'%h\$\3=@w\r%\[3=@\\~%\\$4=@Cg%\	K<4=@80%\"\Z\Z4=@\\c%\,\i3=@*8 \"%_?\3=@\\4}%\0*Q2=@B%q\\H/2=@i\\%(|2=@QlMK%2=@ =E%\n1=@\AB/%\Li1=@R\%cc^G2=@j4%eYJ2=@&\"\d%w(2=@ %4GV~4=@\\|@%\Z44=@Q\%4\H4=@\zM%s+4=@i\r%8+4=@\\S%E};4=@X8I%1=a%=@\\%9\\$=@cM\%\4O$=@\1!\\%*T7#=@\\U\%\O\\ =@\a\%$(~=@oC\\%jJ=@\j,a\%T\*g=@ <\%<e=@5\|\\\%ZF\==@]6\\\%t	\\Z=@\%\o=@\tYLl\%\1\=@u|\\%U\\B=@Y\%5B?S=@V\n\%\w=@\\\'\%\im=@\BW\"\%(\\=@y\P\%k)\0=@s\h\% ^\/\-=@<\\\%X5=@[{%\mU==@Q+%jQ<=@v;O<%\<=@N\\0&\@>=@_\&\"nN%?=@\&^2\?=@f&;\\@=@7M&~m@=@\\Z\	&V\\A=@[&n\\)C=@\L0k&}\\\E=@i:&\F=@J)\&|]H=@Q&R\\I=@:Z\Z&~\I=@!;oc&JF\J=@$ &r0K=@\<!&\\5\K=@L5\"&[O=@)\\=$$&Z\\Q=@d\\$&lS=@\%&&l?U=@>U&&]\ZJV=@1{O&&\\!W=@J*&&\"4Y=@Wt\%&\\CZ=@9]&&\	h\"\\=@\S:X\'&@KW\\=@n(&a\\\=@\Z)&9a\hV^=@L8-&R%S_=@i-/&(\_=@\Z\'X1&\J\n,d=@b(\'\5&,&d=@|]4&\R\\Ue=@\\r\3&)x\nf=@\0\ZK2&\,\ig=@R\h2&\8)\{h=@E/Xn1&Hi=@\Y\0&fN\\j=@s\c\0&%\?l=@\bE\r1&G\&jm=@02&79|l=@*mq&Xl=@k]h&/N|l=@P\\Z&\\l=@&	.V\l=@/\&Zfl=@\5w&u\Hg`l=@}&<l\"3l=@]&\"k=@\\r&[\j=@HD&0:i=@;8\n&8\n*f=@n\(&fj!e=@\\w\&\Rd=@6\e\&1~\Z\c=@\"5\b&\t.c=@\2g%?\ZNc=@1\0\%\:c=@`s	%n\e=@\8%L\ZuTe=@s69%	e=@/\n%\\e=@Eb\Z\%4`e=@\n/\%7\0!f=@gc%\Y\%h\ej\\=@MK\%dx\g\\=@\\\\\Q\%\0]=@M\\u%\0!^=@ %\\^=@3&c%YM\]_=@%`=@V)%X\+a=@N\\%\S4a=@\!%i>\"b=@78%\bb=@	l\3%\7\q\c=@\0R8%\\d=@\ahur%	id=@=%\{c\0f=@\\%B	\f=@-=%\:]g=@8t%jIGi=@q=\n%[1\i=@\P%\!\kj=@\%wk=@f\6%ol=@Pmp%|m=@K<l%ilm=@\\\n%Pv0n=@c${%\ro=@-\\a%\o=@\\4d<%\\_Zp=@\qs*%\\7\p=@\5\"%\!\q=@]\%5t=@`8\0%\}v=@X\+%S\Qw=@Q%\nx=@-%gey=@T\Z%s+\Xz=@1\%/o\j{=@w-!%5C|=@RcB\%%\0Sh}=@\0\C%n\\S~=@\Z[ A%l\~=@>s%Kr&=@\rR	%\\=@\\%%\g\u=@t%%i\=@\ZD%\\\\\=@%T=@{\\"0%I-LN=@^\%\3=@%2\=@\\\T%\,%\I=@\<%(=@1\q	%$\F=@\\%P\2=@\\!o%C=@\\\Z%\=@f-%rm\=@b1\Z{%\fH=@\%73\p=@\%v\~k=@Z\%YJ=@6#%FSw=@=|(B%N\&O=@;%cB\%U=@! %Z\Z=@*TPQ}%#	=@,\\f*|%=@X7\{%\n\=@%c\\qy%k#=@\\Hw%lX=@uv28Jv%Or=@3t%_a=@`fs%\:=@,I\p%r\7=@m%p\=@\>l%\=@\7k%Yb+=@7m\ij%*W=@T\j%\=@\c> \i%|=@\\\/i%#	=@\(yui%{/=@\}i%-=@aMi%N;P=@,\'i%C\r=@:6Uh%\\v=@\h%\	F=@2\Fi%\r-Z=@jLj%C\K=@o\\Zl%\}=@PoFm%\^f=@YOn%QU=@.W?6\o%||Bv=@%Wp%v=@\rx}%|i\=@\Po~%O[#q=@\5\%u.=@R\Q%y7R=@8%i7=@\Z_$%%\/=@Tn.%lw\}=@U\\B%$\'\n\=@*Wx%*WY\=@D\%%!\=@Ac&%4\\o\=@^}t\%\X\\=@A\\\\0%_b,\/\=@2\l%od\=@C\r%q\\=@A%]\$?\=@bA\n%	\=@(\v%(\\h\=@?q\0%?\\=@\\c>%S\"\=@:&%\\=@\rk*%\\\\=@\g@%o\=@\E(%\9\\\=@?N%\A\L\=@cAaP%s/\\=@,%\`\=@7m\i%\\\Z\=@pDk%\:\=@p=\n%e\2\=@:<%?>\=@TpxAD%B\O\=@1\0&%FN\=@n%\\=@\_ %K<l\\=@\Z%\m3\\=@*[%!\\=@\0w%(Hlw\=@F\v%\R\\=@D%i\=@8d%\\o\=@\_%\2g\=@\p%v\\=@=\\0&p?\\=@wG\&G ^\/\=@\r\\n&9(\=@2>\^&w\'-\=@rP\L\&\*)\=@\mR	&f2\g\=@\\h&!!\\\=@\QF\\\&|\=@aj\&\=@\Z&\\&\\B\=@#\i\&8d\=@\\\&=}\=@\\U+\&u\Hg`\=@o1\&>w\\=@L\&Z\=@Qi\\>&V\n\=@W\&PVW\=@\\n&]\l=@Z\Z&\\'c\0>@\w&jj\Z_>@\ytu&u]>@Cr2q\&(x>@\\\\'% &\Br>@p#e\'^~q>@9@d\'D\\p>@\K\'\'\	o>@\rra\"\'\g\n>@||Bv\&\'30n>@\N\"(\'(\\n>@\\\4d,\')x\nn>@56\.\'lY.o>@h\\'0\'Sx\\o>@2\'I0ep>@\x:3\'0\\r\q>@B6\'Gtq>@N:\'\\q>@\&<\'\\8	S>@DKO\'?:?>@+m\'=`2\=@>\\'s\\=@\6\\\'M\\=@\\'O\6\=@}\\\E\\'\+\=@u;O\\'Ku/3\=@t\"\\'`\\\"\\=@\\\\\\'\z2\=@\+\\'b\\=@\\\'Q,\=@S<\\'\\=@\:8\\'!!\\\=@]\l\\'y\\A\=@\m\8\\'kQL\\=@\%\:\\'e<\r\=@=\\'\\\=@\\r\\'\"rl\=@(a\_\\'g\=@\}\\'q\\\=@-$`ty\\'[\\=@\\'\Z\=@\\\\\'\\=@*1	\\'~{\=@%Zx\\'Yk(\=@\,\\\\'V`\\\=@0(\\'N\\=@m5\\\'$y\=@|\\\\'@\,\\=@F|\'f\\'f}\=@Y/r\\'U\=@b\\'Q._x\=@&\Z\\'\YN\=@\\tp\'\^\=@p\\'\w(\n\=@%w\Df\'{1\\=@f\"\\'\):\\=@\r34\'2r\=@\S\q\'Y/r\=@;\bF\0(\\>\=@\\V%(\r\W\B\=@=\r$}(Xc\'\=@\"\Z(\(\\=@Hk:!(a\\r\=@3Q\\(!3\=@\s\v(M#\=@9\Z(QfL2\=@=\(\\=@\	(\\f\=@x\\n(8N\n\=@x\(ut\\\\=@2W\r(x\\=@2:=\(%C\=@\\\'(\=@Y\\;((\=@K\\\(\0t//\=@Z\\(\v\=@7p\(oc#\\=@+6+(R`L\=@\8#(\\0l@\=@l(~31\=@\05(\\\\=@\r\(\0\=@F\T=(b\vK\=@\\\0!(\o\\\=@9FG!(`\U,~\=@Cf\"(S<.E\=@\>\\"(oC\\=@a8\0C#(/Xni\=@;V)=\#(}.\=@ZGUD%(s\=@u\a&(^-wf\=@u=\u\\'(\O}:\=@5\\o((\\m\=@j\G)(k\\=@&\:*(\\=@%vmo,(\ \=@.(\\ZJ\E\=@\\.(	2*\=@\^0(K\\=@D\1(1\q\=@B&93(w;S\\=@\\9?5(SvA]\=@\06(\\\=@H}8(is\=@59(\\\=@\\4\:(0\a[\=@M-[\<(4J\=@^\>(\=@\\?(~W[\=@]x@(\n\F\=@G\g\uC(\n\\=@\lD(\x:\=@\n1H(0\=@R\hJ(\=@GsL(_\(\Q\=@m\L(\5\\=@\CL(t\=@9	\L(\=@\~jL(iE,b\=@BL(jTQ\=@\^M(\qn\=@4)M(\x\@\=@\0)UL(N\w(\n\=@3\K(Qi>\=@b\aLK(?\6=@Q\E\O(9D=@?\T(B]P=@\8\V(}\"O=@_]\X(\\l=@\\+\[(\\0OZ=@d\\(\\=@6X_(S>U=@\\r[c(>v()=@4-d(\=@m;mf(.W?6=@\"\Jf(6r=@LqU\we(>=@U\f(7=@%\\g(>=@&lg(\\&=@sLh(=@\0\i(UN=@k(,&6=@\Pon(e~=@o(\h\0=@!=Eo(%r=@\\n(t(\\ne=@\\t(&=@\Ap\u(wkF=@u(J?\\=@nzu(\mP=@k~Eu(7=@\t(~V)=@(\Z&s(3f=@l%t\q(?=@	o(\@=@X\eSn(=@kD0.m(>6=@f\-n(Y\+=@\o(e=@.9\n(o1=@zll(\Nj=@\$\\j(:=@#Di(I/=@tx\g({+=@\\Tf(\XyV=@Sf(@J=@\\Bc(2!=@>\"Db(mQf=@-]6\a(	j=@\R%b(F\-t%=@\\rb(=@-AF@c( \!p=@\/fc(%\=@r\\a(4B=@\$#ga_(lY.=@\\^(#=@/`(V-=@&l?c(P\=@[\7\qc(TPQ=@\i\e(\zV=@eo)\e(od=@i\qf(,am=@\Ah(m=@/O\Rj(!=@\l\%k(1w-!=@z\\m(\k=@\\%n(\';=@)o(\EC=@\C\\\r(z=@x\s(\]M=@;s	\s(\\\k=@sb\s(8a=@\I\'t(\\q5=@6t(\\\=@9\0u()=@.u(X\=@`<v(C,=@\9\"w(P%=@w(P\L~=@\x\"x(\\}=@\!\y(vl\u}=@\)\z(\}=@K;{(\\{=@_}(:`{=@\`\\n(w.z=@\3h(\\\"z=@=6(!\hUKz=@8(r2q z=@\_(N\\y=@5(rn\y=@\f(\t=y=@\\ZN(Mg\'x=@\\(5\ex=@2(\\w=@\D\(yw=@LTo\rl(q\@Hv=@\\m4(\\u=@\(WMau=@CR(2\3/u=@LK(3wu=@(/\\u=@r0\0({v=@/0+\(FCTv=@g\I}(\cv=@h\V(c\0=w=@T\T	(w=@\|~(\jx=@\Hr(\o\DIx=@Z(\Tx=@3pa(\Zb.y=@+\MF(eky=@\i2(O\y=@\w(\Qz=@2t\(\-{=@\;((\\{=@\\(@\|=@[C\(Q1\~=@!9\(*P=@\\(VDM=@S	O\\(1}!8=@^\(X\\=@J=\(>=@\'8\(\\$xC=@\3/\\(Y\&=@Q\r=\(=@m\\~\(6U=@\0\4\(aQ=@,\N\(#\fF=@9$P\(\^EF=@n\(I|\=@3\\(\(~p>u=@\\3c\(9=@\2nj\(\;jL=@\1%\(\rq=@\"\(CV\=@M\*\(\"U=@\\(S:=@\\\\P\(\}=@\(1#=}=@\\\(r\{=@}K\\(P9&w=@\C\0\(<Ir=@\7\\(S\\U]m=@]\(k=@6X8I\(/3li=@z0)>\(\\J\g=@\<\(\Xlf=@\xy\(w\1e=@D\(,am`=@0Qd\(j\0\n_=@q\h\(\9\\=@i\\n\(\RZ=@\ \(L\\Y=@r1\q\([Y=@\I`s\(2Y=@D+\(]X=@\\~\(\\5\W=@\ \(\V=@/\(3<\T=@\x\(\'5T=@D\(\T=@yGsd\(|a2U0R=@Or\(\ZHP=@QlMK\(V\`\ZO=@+\\(N>=M=@A\r\\(\\L=@m\(*\L=@@M\(kL=@(N>=\(-vL=@\B\(\"7\\rL=@/\(aL=@ZD\(\YL=@\(3iSuK=@\Y-\\(`R||J=@\/\\(\-\I=@uV\1(=c_H=@H(PnG=@Vc(~\AzD=@@\(\ZB=@\\#(s\A=@[\a/(\\ZA=@(Xr\<=@\M\(z:=@tF(?\,\7=@\\Z(:\5=@[*\M(H\Z\\2=@e%\(}\.PR0=@!(Fve,=@2s\c(VE*=@d\"\<(%\0(=@@\n(KTo\r(=@\	_(\v\&=@\,{(\u6\%=@x](\w\$=@\-W?6(\\l#=@efb\(?\,!=@5\a0\(56\=@{\v\(6=@w}\\(\\\R=@MJA\(@C\=@y	5\(aQ=@\\"i7(-V=@G\@](T\\Z=@\a\4(A^=@_\(\Q(i\wa=@h\$\(P\2\=@\Y(\Z\\=@\#bJ\(]Ot]=@){K9_\(\\=@\$\"\(`=@6\x\\(;P=@\(/$=@1{\v\\(2 {=@=z(\"=@~(}t\\=@r\Z|\n(\C\r=@\R\\U(G\?=@5x_(;s	\=@	MK($d \.=@u(4`=@\<(\4a\=@\P(!q4=@n2\(Pv0=@iU(w=@x\\T({9y=@\c[(]ky=@w(\j=@:\( \nfL=@27(sb=@\G\Z(~g\0=@268(B<@0~\Z(\"U<@^y(\J<@9>Z(>x\<@B(\y\Z<@c\r{(?N0<@I2u(j%<@(\'\UHq(\$#ga<@y\rl(\!\\0<@\1\d(1>\^\<@t\^(+j0\<@\0U\\\(@a\\\<@t[Z(^\Nw\<@\X(R(1\<@Wt\U(\"\<@\\\S(W\\\<@\\R(z\rK\<@\.PR`Q(v\<@X\IP(+\\<@\\\N({\{\\<@\7i\ZM(o\e\<@\\\\J(jt\<@0*H(iQ\<@7F(N\\<@	\\C(X\<@\<()\"\<@h<\y8(+\X\\<@Br7(~\!\<@L\\\4(=\<@\\V\/3(1\\<@/\0(KV\<@\5\Ko/(m;m\<@\+(0\\<@k#]*(\<@-#&(\n,)\<@f\|$(\`\\<@z3\"(k	\<@\O=\ ([wT\<@S\F;(ZJP\<@&<Y(F\\\<@O:`\Z(j\';\<@\K\(u\<@b(w\<@\Lx$(\<@m\\(\<@6\es(t\\\<@\`\"(\'_[?\<@	c\\n(\:\<@\\n(\\\o\<@-\l(\A\\\<@C\0p\\(TN\<@z\\(\\Zf\<@c\J!\'O\<@K?\'\|\<@H\\\\\\'|\%\<@W}\'G<@\\\'\mr<@6Vb\'Zh\4<@\'~<@OrM\'\D<@Xf,\'in\Z<@9\\\'k\\^<@6\\'\-v<@e\'N\&O<@B4-\'}vu<@I~\'Ex<@1DN_\\'2v\Kp<@<1\\P\'^<@\\\\'a^Cp<@\\h\\'o.\Z2<@&\\'?<@}\\'AC<@t\Y\\'b*<@	8\\'A<@.5#\\'\c<@+\\'EH\<@\n\\'Y\>\<@\5\\'-Y<@g\'\\\'lXSY<@\\'<@Ral!\\\'\\%<@A\\\\'S%\\R<@\\D\\'\VS<@v\\'7<@;\\\\'\\<@?e\\\'\C<@oF\W\\\'#.\0<@:@0G\\'2\n<@gE\D\\'2\l<@ui\\'\\nE<@^=1\\'6\<@2\\\\'*:\<@;\G\\'\\B<@3\\',)<@q\\'<@\06 B\\\\'\\<@\\\\'j\<@E\\'u\"T3<@P\\'n,(<@{J=\\'\k\<@\npU\\'P\\b<@V0{\'O \<@:Yj\\'c\<@m\o\\'\%\2~<@Un2\\'\\\e\}<@ \E\ne\'kC}<@6l\'W}<@\\\N\'d\\}<@\r4s\'/\n}<@P9&\'l%t\}<@+f\'_}<@7\^\'2Mc{}<@d\'V~}<@JbI\'\}8H|<@\\\'6qr{<@#\'~42{<@fd\'Lmz<@-$\'*\#x<@fN\\'\o\n+x<@*s\\')Wxw<@@OI\'6\Kov<@]k\SU\'lu<@\K\'efbt<@\r\'2\%\s<@\QG\'\0%s<@zS\nc\'E\r<@t\\q5\'o(|r<@Qv0b\'\Tq<@&OY\'+\o<@!\'\'2go<@	SK\\'\M~o<@~7\'$\\(o<@<HO\'\J\Ho<@U\'\Yp<@kF\'G\'p<@Y.\'?ip<@A\\'SDq<@)\^\'\Z\Ar<@=E7\'u\s<@n5\\\'s<@.Xx\'s<@ep:\'$Dr<@\rP\Zj\'\\q<@=Y\'dp<@5{\'\\h\o<@0hx\'9o<@s\v\'z0)>n<@\\9?u\'x	N} m<@\\s\'Ho\j<@Hmr\'\\1j<@\)rp\'gvk<@\ @n\'`w\k<@\'Km\'j<m<@<.k\'MM7m<@FCTj\'In<@Mh\'{/Ln<@*Qf\'Wo<@&<Yd\'\"1A\ro<@k\`\'\Xln<@M\`\'Y6sHjm<@z^\'}[Tl<@?tA}\\\\'tDKk<@c_`[\'UMuk<@\\nXY\'#i7k<@9\'0V\'\MM\k<@0ACT\'Uq7l<@DS\'Gl<@\Q\'\m<@3JN\'*8 n<@eL\'\'\Kn<@J\'}\[n<@mm\I\'y7n<@:dwG\'\\\m<@yx\\E\'uOm<@<fD\'>l<@I\\\A\'\uRk<@\\?\'\0!j<@\\\=\'*U\-i<@?4<\'k\m\\h<@.n<\'zO\g<@\	;\'j-\Bg<@\r\,:\'\0f<@\'\98\'I\f<@\ \\^6\'.e<@<e5\'\\\\>e<@6qr3\'Mg\'d<@\1\'\\T2\0d<@z\'L0\'u\~c<@W	3/\']oc<@\O}:.\',gb<@q{+\'\4\rb<@(\'\UH)\'\nb<@#u\'\'\b<@\\\\%\'dyW=`b<@/\u\"\'W zRb<@\l\\'Unb<@Do\'b<@E};\'-Y\b<@N*\Zk\'gG\b<@yv\'\;\\rc<@{%\'Ac<@e\'\}c<@\t\\'\0mYc<@Tr\r\'\\W\oc<@\CmF	\'Mg\'c<@<p\\'\Y5\c<@\'_[?\'~$Ad<@d\\1\'\\6d<@\M\\'H\\d<@lw\0\'I	e<@}p&B\\\De<@\6p\&@+0de<@\\Sr&k	ie<@& =e<@5&\,e<@\(&\we<@(&\\\ke<@\(]\&\\f<@F\W\\\&g<@!\A	3\&\\g<@\4\Ry\&%Yh<@-&(\&/i<@<HO\&d\\ wi<@=\W\&\25	j<@,\&{\\j<@j\\\&XT\\$k<@\\bE\&\nLul<@}\\&\k\\k<@f8\&\,k<@n4@\&;7l<@\M\&[\m<@0[w\&\n<@\\\\\&d\n<@~:3P\&f\m<@8\&\fm<@\\&j\{\rm<@W@\\&Pi4m<@\a\&\n<@`\&\{o<@k) \&Lp<@<\\&n\(s<@9D&$s<@^&\ns\r3t<@ni5$\&\Gt<@RC\r&MJ\t<@\&\u<@8h>&uu<@\<&	q\\u<@|{/&Z\r{,u<@v&hwH1t<@\~&QHmr<@\"\&Y2\r<@\\&\rr<@&\,	PSs<@\J\H&B^~s<@\@9w&LQs<@QO\I&\\n(\s<@\]&N]t<@en&(_\Bv<@]\X3&mw<@p\n\&,\x<@.\&\\ Acx<@\&jWVx<@@&i\x<@?\0`&_\x<@	/&y\ny<@Q&^\rP\Zz<@=B&cz<@\$[]N&\ \hU{<@\u&$(~{<@&p\n~&1v\K|<@M|&@|<@v5yz&L\\|<@zv&|<@@Iu&\?=|<@\.s&GR{<@_F\\j&V}b{<@\G3i&\D{<@[\g&,\\f*|<@\K7a&E`o|<@\\ZN`&\8EGr}<@*\[&\\\Z\}<@\nh\"lxZ&<~<@f+/W&C9\~<@d\\qqTV&\rk*<@Z[!T&\|zl<@iWVR&\\^\<@S	O\O&	/<@9\ZN&fH\<@\V`\J&A\f\<@;3H&\'<@b\cG&\"\~<@)\]B&\\|<@Dk<&oe\2{<@KxB?9&4fz<@\Vzm66&)z<@GN3&g)YNz<@\jT1&\\Fuz<@\ 0&\4z<@<L.&P[\{<@1Xr+&AV|<@QU)&293L}<@\%U\M(&q~<@:7m&&GZ\Q~<@M+%&#I~<@No#&wD\~<@\2&.\~<@c&E\~<@%Z\Z&Y\~<@]\\-&\\\r<@@J\\&HIO<@s{&-^,<@(\&0Ie9<@\\\o&c<@[\0m&*<@pA,_&427<@Md	&<@,G\@&G\j<@s9>Z&<@&,\Z<@-\\0&Ze<@_%~\\<@T\Z1\%<@w\\%lw<@{\l%5<@4%\n*<@\	%&s,<@5\\%]\\7<@\\L0\%f<@\G\\%{O<@\%d\0<@\\\%o(|<@j*\%yq<@t\n\%X<@0,-\%e\<@.o\%4<@]\@\%\\t\z<@V\#\%\'<@\0\9\%:@0G<@%VF\%TYh<@V~\%\\p><@\\\%j<@-\%\\?<@OC\\%0<@\Y%;<@._x%%f\6<@%\&1<@>\%\<+i<@\%6W\sD<@Z~\*O%K\rJ<@r%5$\<@9\%c_`<@Ac&Q%\l<@\rN%\\\<@;P<%_\<@V-%)<@z%mV}<@\QG\% <@}%\Z<@$\%\Z0H<@\Z_$%}<@o%\\j+<@\/\\r\v%z2<@\:\s%<@W\n\\\p%L\1=<@Oo+e%n\4<@68b%?\-W?<@U`%\M<@\\J\^%X%<@-\U%v<@1{\v\R%K!q<@\\\d8O%}?q\0<@\'1J%\<@\tBH%r]<@F%\r<@\BD%RH<@C%;Mf<@sB%E<@$\`S\A%*\\O<@\xZA%\)\z<@~k	A%b<@c~@%*2: <@]i?%2p<@\a\<%\8~<@!:%<@M8%j<@\F\4%iQ\<@\nY\>,%\<@Os*%\\\'<@\4D$%?RDU<@	\y#%\\V`<@\\\\(!%\\ME*<@ht%a1\<@L/1%\\?<@8\'0%Wx<@y%X9\v<@\s\\Z%\\\5<@\%gs6<@,am%aun<@\v\%\{\<@*\ \h%\<@Z%W\\<@%y\\%\5<@f%\\r<@\\'c|%$\@<@+%\\i<@,e\X%T9\)9<@1\JZ\r%\Po<@M\rO%<@>\L%\"1<@3\O%#c<@qZ\0%q\\<@[wT$\t<@\\$kg{<@vk$z\y<@><K$qx<@u\y$(<@^I$zo<@D~\$\\\<@\\${Fw<@1\\$\<@\\zi\$T<@W\$LT<@\"7\\r\$o\e<@|\\$G,<@`u\Hg\$I\<@\#\$p<@\l\$n3<@\rk*\$bi\G5<@\\N$\$DK<@4\$\\\mO<@\.5\$/<@{G	\$aUN<@\\E\$ep:<@&75\$\\9<@$\l<@oa\x$}\\z<@\$N@<@MW\$\9<@)<hv$`u\Hg<@wc$d\<@\a$\Xm_<@\\\$C<@t\)$X\0_<@\O9&$7U<@*\ \h$\\n\\Z<@$1x<@4\\o$\sDK<@<$$:\\<@\\{$\\\n~<@\-$\'i<@\$Ss<@\\m$]i<@\\\v$UN<@tA}$9b-><@\>\$\\PN<@[\\X$A C<@\\\\$\r\<@\ndv$\ut\\<@!W\Y$A>\<@${J=<@~$.v2<@\x\@e|$@1d<@\~1{$<@ZK\0y$2Xq<@\`\;x$\u<@Hu$GJ<@Qews$Z<@\'k\C4r$\i \<@\8~p$\9<@RE*kk$<@\=j$d\r<@5i$\<@\je\g$\a\4<@)U\e$Q+L<@~\Td$!\K<@\ib$O\\\N<@&\`$2\L<@\nl_$\\7<@Ov3]$(`;<@\\[$bD<@c\\Y$H<@\fX$?{<@oEEV$<@\e\T$6#\E<@;4,F]S$_\<@\`\nS$;p\G<@K\^bT$\\8	<@?5^IT$<g<@\,\T$\\0&P<@4S$\%<<@(XQQ$8\\<@\5\"P$\\n(<@\L$;V)=<@x7N\nK$\f\r<@?\\'I$/0<@\vH$\n\\<@:FvE$eo)\<@I\\\C$)\Z\\0<@WA$Jh<@Pf?$t%\?<@\\\\Z=$*\0\3h<@S\9$l<@`?\7$T<@Dj\\43$|zl<@\\"[1$m8,\r<@(.$|8G<@	4\,$+\\6<@z*$B%c\\<@kQL\($D<@[\d8&$3<@\\nY\\"${Cr2<@; \$<@\Z{b$<@m\i*$VzNz<@H\9\Z$\\^(<@>#d$\\o{<@x$)<@\zI$R\q<@>h$&\p<@\J\$jv<@\:\$fO7P<@X\	$\<@M$2\l<@O$z\<@($4<@\-$\<@%)\ \0$<@M#+<@Q[#Z<@Z)r#\\nI<@y\M#O<@\#\[\<@;#\^<@(\r5\nI#\\<@n#iUM<@\*l#	\V<@6\"\#8*5{<@\B\#=a<@c~\#?<@b\\#j<@\{E\#MKF<@\#\@\<@:u\<\#\	Lu<@<\#q<@t{\#&m<@\\#|DL$<@h\HK\#)r#<@Tp\#:>Z1<@j\#\^I<@bg\n\#*n\b<@^sa#\o\<@v\/#t<@\S#\5\"<@ \#\Mb<@l\#\Z4<@v\Kp\#\^\<@S#_\<@\#\GnM<@T#\;\\r<@)t^c#(r<@\\#p\\\M\r<@p!#4~<@*Wx#)\7<@8k*#Z1\	<@Z\Q#k\r\"<@\j#T <@cZ#()\0<@JCB#\\#<@\"r#QL\\0<@\\"[#z\y<@$	\P#v<@jl#t\v4<@u|#\`<@\2.#\\&<@\d\#DmFA<@\#8\<@e#%9<@\\1#\]~<@\>\#S\Z<@#OG<@}\1Y\#\0\<@9z~#Q\o&<@#}^\#<@2\"QhY#\J\n,<@<2V#5<@EH\\~#\,\i<@^+$~#\Z<@WU}#0<@_c|#{+<@\&S{#%jj<@A;x#\9<@\sw#/.<@\ZQ\ru#&\\s|<@.\Z2u#5%Y<@&l?s#\\N<@Y\\;q#s<@z\9[@p#C\5v<@t? o#<_E<@\.5k#oN<@Z	\%i#\M\<@`\ h#Ac&<@1g#>\\d<@\A^f#^\\W<@a\>d#^<@R\b#c&<@\Zh^#m<@\HU#\\<@[z4\S#<@1\'h\O#\\S<@\w.L#u\\m<@..I#\j<@\%@#\j<@~!<\8#/^<@`U5#\\\=<@\uB)#\\\%<@\h(#D6.6<@&#\\\"<@CV\##5{<@^\/\\r##yM<@1/ #-&(<@\\TO\#<@\\##8T<@V`\\#P<<@~#PrMd<@7n1?7#n2d<@E\n#jIG9<@\\\"#sI<@?\\Z#\\S\<@#5C(^<@9\)9\'#bqm<@\'0\#*\<@)#Ag\<@\\$xC\Z#!<@@+0d#\&\0<@\.\\#/4\'/<@}.#Bp\-<@6X8I#\E(<@%#!t\%<@ge#$)<@\0]#|w<@k,am#U\<@\'\d\\"2<@\@ \"\rpA,<@ir1\\"^c<@N\}\"Zg|_\\<@scz\\"S8<@k\"\PS<@\>Q\"\"r<@\\mU\"a1\<@\\"l	g<@(\\"\Xl<@\"7/N|<@k\\"xZ<@#k$\"\<@\\\+\\"`\<@A\<\\"\]<@H\\8\\"\e<@_\\"4s\<@\;jL\\"[<@q\@\\"IQ<@\\\\\"\<@Z_\\"1<@:\\\\"W>\\<@\L\\"\WW<@}\X\\"\4<@@\\\\"><@;O\0\\"h\<@aQ+\\" [<@.\\\\"J\_\<@\'\2\\"\qPi<@8{\5\\"a<@y\\\"mS<.<@\Z\\"Eb\Z<@}\\\"}=_\\<@pY\\"%\pt<@Ug\\"\^I<@Ps\"\"\	K<<@)!XU/\"-y<-?<@0E4\"\\\G<@\c\C\"%P<@Hjdr\"rk\m<@Pk\"l\<*<@\/\\r\"{\\\~<@$jf-\"\rO}<@\rQ?\"#\Jv|<@)x\"\\@9{<@\Z\"~\\0y<@_\"\:\"\\x<@i\"^w<@C\"zPPVv<@t\"2t\t<@emS<.\":\\rt<@\!\"\O\r<@+\y\"/\q<@sM\"K\\p<@uYLl>\"O\\p<@k\qQ\"Uj@o<@\n\\":Yj\l<@8\"\\L0k<@W[\"\j<@.\"\\i<@vS\k%\"%A\ni<@	\\\\",\oh<@\"\\=g<@4\"\^f<@Z\\'\"\rd<@\\"\n\c<@#\\"Z`c<@m\\]\"\b<@\"ng\"\\\].b<@bG\"\r$}Za<@\\Z\nH\"CBYa<@/M\~\"\\a<@L\\\<}\"q<b<@*{\"\\_=\c<@Dny\"	l\3e<@cz\x\"{/Lf<@zv\"\g<@Xu\"\G7j<@\rr\"oa\x<@UX\"8t<@:\&\"N\ng<@\y$\"<@*\\\"R\>\G<@Tm7!\Nw\<@A\!e3<@|ds\<!C\\<@W\n\\\\0!9\<@\\ [z4<@q\\\ 8\GnM<@:\ \\[<@a\\:\ \*<@\~ r\ZC<@\\\ w*2<@3\3 \'L5<@gx \\\<@K<l\ $(~<@- TTJ\<@$9\ A;\0=@{\Lx\ x=@BU\ QQ=@D\ G,=@\rW\\ \,=@J&v\ b\vK=@;\?l\\ \\\\QJ=@A\\ ',1607362055,1607362055,NULL,NULL),(5,'Lusaka',_binary '\\0\0\0\0\0\0\0\0\0\0\0\0\0\0\0\0i\"6>@\0S-!U7>@W?6\0.z67>@b(\'.7>@=+i\7.<X8>@A\nB.`i9>@Mc{-.&9>@AC\n.\^\'9>@q\s.\&N:>@=e5]O.]M:>@6\r.\\52;>@\;.r\_!;>@j\.3A:>@uBY._&:>@).\;:>@NoD.]\9>@A\<.\E\n9>@*\dq.\Mb8>@\"7\\r.U&8>@J\ .m\8>@U\\\Z!.#\8>@r$.\8>@c\ \\&.<9>@+6+).a2U0*9>@(-\\Va+.|$%9>@\|?5..eq\8>@x\x[1.\H9>@_\(6.j\9>@\L7.\G:>@6\Nx9.%u;>@\\u6<.&\o;>@P?.,D;>@B.F0};>@s\\E.en\;>@RzH.\7i\Z<>@Z1\	J.F!=>@I\rM.1^\>>@nP.\SV?>@\4\\Q.\n\F@>@\AS.\1A>@\/V.iA>@n,(Z.B>@LqU\w].F\gB>@/6a.^B>@)\QG\e.,V]B>@Si.:rC>@u7o.\tD>@\\\\\Qr.HREE>@+,u.=,\E>@\'.x.\&NF>@@0G\{.F>@q\|.l#\F>@a~. ]lZ)H>@2;.\'\+VI>@!\.~E}J>@\\].\'JB\"mK>@\\V`.aMeQL>@\7-.<.M>@{.*\tN>@\Z8\.LnP>@\M.4\($Q>@\N\\.$DiR>@!\>\0.}\\\ES>@\2g.	\Z3zU>@Qy9.C\5vV>@l\\C.\w\-;X>@.\r:Y>@\@.:ZZ>@}\.m[>@\N:.zW\\>@\n\b.rar]>@,E@.)#.\0^>@\6h.g_>@N\\._x%\_>@\[\t.F\\j`>@D\.+\y`>@\\;.5u`>@\]y.Wya>@\3.DL$za>@\.)k{a>@S?o*R.U1~\a>@d\.\\a>@\\7\\.HC\a>@T\./na>@\.qa>@ \.*\ \ha>@\HK\\.R/Ia>@scz\\.g)a>@mr\.\0\ a>@\X\.\n\O\`>@j1x\.u`>@\4\.\\Zfh<a>@8/N|\.ga>@0H\.sJ@L\a>@I[\\.5c\tvb>@\K\\.lwb>@\\.\ld>@t\\.4-2\Ze>@B</\./f>@\\Zfh.%Le>@\.r\jd>@R\h.(\b>@\x\&1\0/@L<b>@Y\/*\:]a>@%\\/\Z4\`>@U\n/\`>@\O\\/\\rM\\_>@1}!8/D.l\^>@)*/9$P^>@u?T/;B]>@rCQ/P:`]>@^\Z/\n\\%^>@{gUI/\'|_>@@J\\/\\_>@7A`\ /\])\a>@\,#/\K8b>@\&/T~e>@hB*/\\\+g>@E\0-/9\\g>@#\//\oBh>@\1/fOsh>@n5\\3/~u\rh>@S5/\\Zi>@\dT8/B@j>@\\}:/U\6k>@}qJ;/Nyt#l>@\FXT</\\|#k>@ek=/Z\'.k>@\TG\=/j>@\\a>/z\0i>@/$?/:`i>@d*\\?/\h>@~:3PA/A\Fh>@iWVB/u|g>@\\W;C/\'f>@\LD/Ee>@HOC\E/L\\\<e>@>IF/!Yd>@KG/+O \c>@@3\H/S\Gb>@\"\dTI/\}9a>@j\I/[%X\`>@\J/\\\\>@5M/\rnk\[>@zO/5\'/2[>@W`\\VO/HJzZ>@\7N/h<\yX>@\<E~M/>UV>@+dL/\\S>@\K/\[X7\Q>@Sc$K/\pP>@jJ/\"4N>@\\%J/]~p>M>@nJ/\*L>@?V\K/\J>@{L4K/i\rI>@(\ZK/CH>@J/,J	F>@\H/$F>@7MG/89@D>@q\B/\cC>@\\@/\GB>@+\F<A/\\d@>@\8\rQE/\+I?>@\ZDF/B[>>@\\\\I/T\=>@B]J/g}q=>@[K/\\<>@\'.L/;>@6\,N/l6:>@9O/\9>@HQg\!Q/DkE7>@\\\\\T/l\6>@[\YU/B\\"LQ6>@#2\T/\6>@O\z1S/\LLb5>@^sQ/4)5>@?NP/F 4>@1\\\0qO/3>@<L\N/\bT42>@8\ZM/\]g1>@4iSuL/\{E{0>@w*J/wx\0>@C\\\\H/k\C4/>@.\nG/\\\/->@~>/Hp#e,>@$^\=/Sul*>@\3</qS)>@E;</Z5\\\'>@	\%qV</(B\v&>@d\\</N	I$>@b\Z=/\	Lu#>@^H0>/\+\">@-C\\>/9	/ >@\fv?/\>@Gsd\?/PrMd>@\@/\Z>@\xA/X\E\>@p\\@/\M(>@*s@/\+H3>@s/\@/f\|>@vA/g}\1Y>@\\BB/\NG	>@T\\fE/\>@YO0F/\S\q>@\!\\0F/Y.>@X\2F/\9>@\rNDF/@->@7G/l\ndv>@mF/Xni5\0>@\^F/\im\Z=@GW\F/\ v\=@\nOG/V\\\=@+j0\r\G/\\\\na=@\"\Z\ZH/l\<*=@\\\\F/RDU=@\\vhXD/i\Z\=@u)\B/OrM\=@\a@/@\=@\ >\?/5\;N\=@\)1	?/>	l\\=@b.\>/%z\\=@jGq>/m}\=@z\\=/0K;5\=@\H=/\ \\\=@ \;/|Pk\=@y\"p:/\i \\=@W\\\9/\\P\\=@6#\E8/Tb\=@\\Z9/P,\=@XuV\9/5E\=@F?\ZN;/;\\r\=@:r;/.\|\=@\\h\;/\!S>\=@Vj-</V\\=@*\ \h=/]4d<J=@c*C/\B\\=@\Y-\D/z3=@\\	LE/gH=@U\YF/Q\\\m=@#*T7G/\[\=@\eG/NW=@=^HG/	5C(=@RC\rH/`;O=@v?T\ZI/4M\~2=@h[\:\K/\PS=@CVM/y=@_\'eiO/R=@{P/g\=@vNP/P\\"=@Q/\UG=@j \\R/\8=@	/R/\r=@>\"DR/3=@vUP/\*=@B$CO/;s	=@i6\`N/w(=@\z1M/_=@`Z\\'K/=@B=\J/B\\\D=@UyL/\%=@>\\r\)M/\{*=@\aN/#j\G=@E\VQ/c\\Z=@\gS/\w=@p\[U/ \nfL=@\AW/}!\=@mY/cZ=@nZ/\)n=@a\\:\\\/\\\$}=@Ih^/|_\\\z=@C\^/w=@\>^/lZ)ru=@@\0`\]/\6s=@0du\\\/)x\nr=@	4\\y\\/n\fcq=@n\\/\Ep=@31]]/Un=@\\6\^/\m=@-u_/Rbk=@\r34b/)\\i=@\\\n~c/$Cgh=@>\e/\\g=@\Z2f/\f=@\%h/^d~d=@&Mi/Dj\\4c=@\Qj/J\\`=@\&l/\(]=@oDl/fJ\o	\\=@yGsdm/\\;\Z=@VGtn/)%\Y=@\\n/\\SrW=@[wTo/YeV=@\\o/\M)T=@^jGq/Z\>\-S=@KU\r/\|\\R=@\\n(t/]VP=@\gv/6U\N=@y\x/M=@>\\Z-z/G\?L=@;n\t{/268I=@\JR\}/\)G=@\\~l/r\E=@\\vh/6TC=@\.PR`/\\Z\A=@\\/\@=@.9(a/\Zv>=@w$$/vE==@aQ/K:=@.W?6/8=@\\[v/u\"T37=@W\n\\\/C\4=@/\\/gG\2=@Uf/`\\\"\1=@\\/i0=@\eO/\\\k-=@\//\QF\\,=@\5\Ko/,d+=@\/\',*=@Z\c!/X\(=@\;/+D\'=@\V*/|Y%=@K/\{L$=@\Zl\/ _B#=@P6\\n/Y\"=@_zs/3Q\\ =@f\\n/du\=@Y./i\=@\'/9\\\\=@U\/O],\=@]h/r\Z=@a\\+e/j\1\Z=@\\/m\\]=@3\p/\<*\=@<-?p/3p@KW=@B/\Z=@iVy/jM=@\/\YrL=@\`\/f0F$\n=@q&/<L\=@\x/y\=@T\\/\x@=@b/;.R=@\@\/\7>[=@]V$\/>B*=@0fKVE\/0\=@sCSv\/U=@\\/A=@293L\/K\n=@\&\+\/	=@\W)\/=Fy\\=@q\/\\0OZ=@\ZJ\/J\\=@\X\/\\\=@\\/j\0\n=@\p\\\/4\k\=@R\.\/\\U=@G\/9\\\\=@Ac&\/-AF@=@f\"\\\/q\'=@.\|\/\6\0=@u?T\/<@SD\/z<@V\'g\/?5^I<@Vy\\/\Y\\<@\/9\S<@lp\\/+,<@W\\/\rQ\<@wcAa\/;\0\^<@`8\\/,<@T\E\/\\6<@O!W\\/U\<@\\R\/J>v<@\5!\/\na\<@\\k\/\\!\<@\"nN%\/o\4(\<@\ \/\\<@\|zl\/\\f*\\<@\4\\/jh\<@#[A\\/\"1A\r\<@s\h\/\\<@\H.\/{gUI\<@\X\\\/i\<@DM\/|E{\<@S\\U]\/)\<@\A\/:=\\<@\}\/%?\W\<@\n\KS\/(Hlw\<@\`6\/p\\\<@\/6U\\<@$\6D\/Z\\<@R\/\C\r\<@\/@g\<@~\Z\7\/\Y\h\<@t\\\\/wE\<@	\/\0*Q\<@6sHj\/\\E\<@\\0\/\\\<@m\/|G	1\<@\/!%\<@A{\/P\<@P\\b\/ZxZ~\<@dw\/p>uR\<@t%\?/v\\<@\nO\/ZD\<@9A\/<\\r<@}w+\/\\\<@2\L\/G\<@z<\/\ZK<@GS\/	<@\=\/\rU1~<@}\\\\/\\ w<@*\\O\/A\+<@\/n<@Fw;\/*oG8-<@}\\/2\<@*\J=\/VF#W<@|\/{\l<@\e\\\/!\'<@pA,_\/4\($<@\\\\/%<@\\/1\\\0q<@w*\\/Db*<@.\'H\/a\<@,AF\/n<@\/c\\qq<@\0\3h\\/\\2<@%W@\/yy:W<@f\\\\\/v<@m\\/\<@y\j\/|c<@p $\/qR<@\\4}\/CV<@J*\/!\A	3<@S\"^\/<J%<<@RAE\\/YyV<@T\/L\*<@I\\/+<@@`\/}w+<@v28J^\/\eM,<@\52;\/\\<@T^\rP\/\[<@=#\/\-]<@+\/jv<@\nw\/&<@\0\/T^\rP<@\\bg\/,G\@<@@r/r<@W/\\a\7<@z\Z0H/m\\]<@g\/\\u<@,,\/\W<@@m/ca<@\18/^\\-<@#c/a\<@~n/dS<@U/?rk\mu<@\+\\f/\0\m\t<@\/b{\s<@\/\\Ks<@/j\0/_cDr<@ \>/|\rq<@v\n/N\}p<@y/o<@[/\JYn<@E\r/?\\m<@\np/a\\rm<@t{Ic/m<@\a0/\i2\m<@HN&n/\\\2n<@H0~/-\m<@F\\\\/}m<@5/-Z\l<@O\\C/\k<@Vj-/26tk<@Tl/Cj<@\\\'/\i<@#/`>Y1\\i<@HV/jinf<@\%/\Ze<@(/\d<@/\\\c<@ge/Qic<@V|/mb<@d\/\6pb<@W\\:/yaXa<@i/pa\xw`<@(rw/\'I\L^<@CV/b\\]<@HP/No[<@\V/\"k\rZ<@I/j/#Z<@k\\/nYk(Y<@\^\x/Z\W<@}s/S<@\\*\/g\,S<@\/x\x[Q<@u/\"OP<@-`\/:\lP<@_sa/.\nO<@\\vh/MN<@Le%/@\\L<@^f\(/\\y7L<@4f/P6\\n\J<@E+/2q J<@\\\O/Pi4I<@Kb/\s]H<@kC/1\G<@B/H\\0G<@w>X/u\\mF<@mYg|/U\zE<@;/\+zE<@</ddY0E<@p/SD<@\l\%/f/\N[C<@\0\Z\0/?QB<@\\G/(\r5B<@\\/WA<@t?Pn/0@<@t@\/V@<@B/dP3@<@Z,E/c\r?<@\j,/h\=<@\-/c\=y<<@\\\e/TPQ;<@l\,	P/\\":<@|V/\Z\.\8<@t[/c\tv28<@_\/DkE7<@2t\/X;s\5<@Q\\\m/sE)5<@0GQg/){K9_4<@\yQ/bd\3<@4iSu/SH\1<@\&2s/\0<@U/\Q0<@\0/[y\\/<@Z~\*O/q\s/<@5\nIf/)/<@f\r\W/L\[\\.<@d\^/c.<@~1[/f.<@\4\\/\\;.<@(/\rP\Zj.<@\'/--<@S\\'/\x-<@S$_	/\M\,<@	/S<.E,<@<i\/~*<@q\/5*<@(~k/t%)<@g)/\\jH(<@:\\\Z/s\&<@\\r:/z\%<@oe/R$<@\(/#\E\"<@)/0:!<@\"1A/$<@BX%/r<@\a[>/vX<@>\/\G<@\/`\U,~<@u\8F/!\hUK\Z<@\ypw/am<@_/\&\<@B\\/H\<@qt/<@/6?<@]/?\"<@YvQ/NE<@t\\\~/Vc	kc<@\\~/Q+L\<@`[?g}/0<@J\|/\OT6<@(\\=|/\.\<@\3K|/vk\<@S\Z|/W	3<@WAt\{/a<@\NG\{/\\\6\r<@\\,{/Uj@+<@!\{/=\[<@\nE{/ <\n<@Naz/uV\1	<@y/\d<@\rW\x/\<@rLw/\\\r<@\z\v/9w^<@4d<J%t/G\z<@\r/D\[\<@bodq/ +\p<@:@0Go/)<@Uq7n/Cl<@>?n/\<+i\<@.\R\\Un/\'<@\+n/Z<@\\Zn/\V\0<@Yn/J\E;@\\ZNm/Cus;@d=j/]\].\;@t\\i/=N;@ \\*j/B\;@G,\l/k\;@pCr/);@\t/p;@r7v/a6\;@-\Vx/;;@0a|/`\\V\;@\h9\C}/|\o\^;@\;~/H\\;@\E\\\~/)^emS;@\	/(;@\\n/-`\;@q\qt/x\\e;@O/h\;@F|\'f/dWZF\\;@jIG/{?\;@\-\|/\`\;@s/0+/eN\;@SY/aR||B\;@jg\R/wg\\;@f}/\G\;@~7|/jl\;@\\\U{/\\\;@IVy/C\5v\;@\A	3mw/\VC\;@1{Ov/n\\;@\y]r/UN\;@Mp/\.PR`\;@j~^o/	\<\;@5+-#m/f8\;@?\0Ml/\LM\;@n1?74m/	M\;@\\nn/XL\;@*\Dp/\\w\;@^)\o/6\\;@rm/Is\n\;@r \nfl/\\\\;@\V\l/~{\\;@\I`sn/hW\;@]z\n/E\n\;@U[rp/<g\;@Lq/t\)\;@DkEs/&v\;@\YNt/:6U\;@M\Zt/\nH\;@.u/&\\\'d\;@1>\v/\;@yw/ <\;@KxB?y/Eb\Z\;@zy/\\O\;@O\0\\z/\IU\;@h[\:{/)Wx\;@:p{/O\9\;@w4E{/k\\;@R{/\\tp\;@ x|{/\0\9\;@\I`{/xe\;@\\\Zz/L\nF%\;@Ii6\x/o\'\;@I\L\v/7\;@\\\t/;I/\;@Ps/g)YNB\;@\L:q/\s]\;@+0duo/(\>\;@PUXn/N\P\\;@\V\l/\"m\OT\;@-\\;k/\0%\;@\M\\\j/\\n(\\;@0j/h$B#\\;@\j=&j/^\n\;@T5A\}h/>4\;@?g/l\F\\;@\f/\n\;@*nEe/E\\;@Mac/K\4\;@\`\b/\\W;\;@\pa/y7\;@2p@K_/?\\\\;@N\1]/\v\;@#\~j\\/{J=\;@\o[\\/G\;@)	0\\/\K\Z\;@[/`E\\;@\i*Y/\\;@u \\W/\<\;@\\#V/3\V\;@&\T/FA\;@MG\07S/\\U\;@+\R/oa\;@I|\S/r/0+\;@0hS/2\"QhY\;@3m\JS/\LL\;@YS/H\\\\\\;@|PkR/ \\;@ir1\Q/N#E\;@\0Q/\t\\;@\_!seP/\R1\;@4y\SO/CF7\;@=\\\M/>@\;@t~\K/Ps\\;@\&I/!\\z\;@\H/\(\\r\;@1y\|G/R)v4\;@E/\;@\0|D/X9\\;@;9Cq\C/^o%\;@\nK<lB/pC\;@\A/	\c\;@k\@/b0\\;@N?/N\P\\;@Yn\=/\n\;@\\l;/;\;@\\>:/4.\\;@|e\8/\\h\\;@xG\j7/8*7Q\;@\"rz6/X\\;@aM5/i\Q\\;@.n4/h\;@[3/\;\;@\/2/zI|\;@\\\\0/1^\;@z./;\O\;@;_-/7P\|\;@1,/Hi\;@\\*/k=&R\;@\\v5)/C9B\;@\\1\'/9DJ\;@EB[&/Mx$^\;@ZK%/5[y;@W\(/\\O=;@\mP\r/\(;@Clp/y\'e;@d.J;@\y]\.\\t\z;@9(\.Dn;@-\R\\\.\*;@u\\.;6\;@K\^b\..\;@\\.|V\;@\.=\!7\\;@\	$.B\;@%\`.Uy\;@uv28J.Ul\\\;@\\a.\;@CX%.Yni5$\;@T~.K>v(\;@:tz.\9?\q\;@ \\.\\e\i\;@\n].v\;@&.\\;@i:.C\\;@0B.X\\;@;\\.\'\;@\\m\\.\Z3\;@\\P\\.h\;@w~\.%VF\;@n\.&\;@<$\.9\m\\;@\xwd\.\T]\;@x\\.ywd6\;@!Z+\\./Ie\;@]u\.\\]\;@Rb\\.\]\;@!\F\\.,\;@+n\b~\.?:\;@#~\r\.\;@\.\\l\\;@\\.\\2\;@\.\;@i.wj.7\;@\\[v.aHZ\;@\\\\.\XyV\;@@5_.6o\;@x\Wf._b,\/\;@\X.\h\0o\;@\jdW.S\\;@\n1Tm.\mlv\;@\\(yu.`un\;@8t.v\1<\;@\0q.4\\;@%\\R.rar\;@\v\Z.vn\\;@EB[.=\;@H6W\s.k\;@\|zl.0\\;@aM.Yk(\;@B*.\#\rnk\;@ {\.\\0d\;@|8c.\7\\;@/4\'/.F\ne\\\;@C\\.B^&\\;@J\\.s\\\;@	\c.9w\\;@*T7..\\;@w,IE.)\;@t[.I\;@*p\r.W>\\\;@VL.N@a\;@v0b.\:v\\;@OI.\#\;@\\\(y.\j,a\;@z\c\.ep:\;@}\.9B\\;@b\r.\;@h.o\;@.VF\;@}uU.T\;@\R.1/\;@N.g\\;@	g.O\\\N\;@S.aq8\;@\\Z\a.|DL$\;@&%.`u\;@<.tB\K\;@F6.O\\;@\N\\{.\\bg\;@VWy.`\+\\\;@0^|\v.0\\Z\n\;@x.@\\v\;@2y.\\;@\z.rar\;@\\".|\\\;@yq.I\\;@Bxq.?\;@E\\&.Y\;@\.\;@e\ZM..-B4\;@\\\"\.k\\;@hzL.y\;@\\.\rnk\\;@4c.d\;@\k./;@D.l.\r;@?.a\\;@2d.i\\;@Ef.Mg\';@S=.\\9\};@#\.H\\0<@QJV.<@\8~.c\Z<@0EH.j@+0<@\'.\C<@x].\<@up7.O!W\	<@	3.sb<@l`q8.2\<@)\".\0\<@[A\.=\\\\r<@\D.8.\\<@\.E.8<@a\.\(<@.p <@\X_\".jIG<@\4}v.G\\\<@p\.z4<@-\1.c<@fO7P.v28J^<@Av.6o\Z<@8-x\W.p $<@T\0g.\"J <@e9:.QN<@wD._~<@\F\I.G <@?\0M.!<@AaP.\)\\F\"<@R.:=\\\"<@w\:.TPQ#<@PV\.=)\Z\$<@l]j~.ge%<@B.c)&<@t	4.[!\&<@@Pn\.\'<@\OT6.E|V(<@ra._\(\)<@`\"./j\0+<@=}.\"\08\-<@.\\\Z.<@R.\n\\0<@;.iSul2<@|y.G\P3<@.\T\#3<@|$%=.\\4<@hs.`5<@Tr.sePmp6<@\"R\..h\"7<@1>.L;9<@\AB/.sHjd:<@\E.\n\\\;<@\&2s.ME<<@\\k.\<*\<<@\6.i\0w=<@#J{/.u\\p><@368.\\><@\\n.D?{?<@70.\e6@<@\*l.(F@<@\Pd.\\qA<@\Yf.\kF<@\Z1\c.	YG<@\I.=N<@m\.\~O<@T.{\H<@\B.!qK<@\=\4a.\\\tYLP<@\\.Q<@\%|.\\V`T<@\@\|.hU<@5y\jv.\"\ >P<@__\R#t.q\P<@Om.%WU<@Xn.\8\\\V<@(\g.QdVS<@-[f.\n,T<@\U\^.t?PnW<@\\`.0X<@7A`\X.\'iT<@7\"NW.T8TU<@	4\\Q.(\r5Z<@\c\S. 	v]<@#O.`w\W<@c=	L.yt\X<@MJ\D.>h]<@sE.\nh\"lx^<@H[?..9(ab<@AJA.E\\i<@MJA<.}y\u<@?.a4\\w<@2kM?.{<@P,C.\0\\<@QO?D.G6W\<@M.\:F.\/<@P\\"F.&\p<@\\\e[.7C<@L\\.B<@zZ.R~R\<@\\,sZ._\<@%ZxZ.W zR<@ZJPZ.\\\\<@/\Z.bX9<@\Z.<@1$\'Z.\\X<@b->X.Q<@kC\X.TJ\<@fdX.t)*<@\Y._#I<@aMeY.T-<@>$DY.\\D<@7\"NW.\$<@{&3V.U/\d<@f1V.2\"QhY<@\&\+V.sb\<@\\W.s\<@\K8V.\Ze3\<@\h\0W.+f\<@l\\V.};\<@=\[W.d\u\<@(W.\pt\\<@%s,W.^J]2\<@)x\nRW.!u;\<@#uW.#~\\Z\<@.rOWW.Q_\<@q\Z\nW.}!\\<@\([ZU.y\<@nWU.\{c\0\<@\\\nU.0\\\\<@`\T.2t\\<@N\\\S.[*\M\<@zT.|\/\<@eS.A\\<@h>\n-K<@\\\O-|\'f<@:\z-B\=@h.K-Ki =@-78\>=@@V&-_&^=@7M-;B=@.o-&\\=@z-)\\=@6w\\-;\O=@\0Q0c-/=@b\=-=@\y-a\\+e=@R\r=-\\'i=@<k]h-@7n1=@\0{-1=@\-0\\Z\n=@5\\-.s=@a- a\=@TPQ-\=@((E+-Z\=@\04-\D-=@\0\-q\@=@FN-[K=@-\';=@W\el-i=@6:-b=@,\-#K\X=@l-#K\X=@k-\3=@z\-O7P\=@\ZD-?\=@I\\-EgE(=@\K7-w(=@M$-0c\n\8=@\e-|A	=@b-\k^\Y=@(\\=-L5=@</O\-+=@/HM-=@-\\-c\3=@\[-\r.=@px-aK=@|\-\qn=@H0~-\8)\{=@i\\>-;=@8W-jIG=@\4-OZ=@t\-6T=@ZU-ePmp\"=@\\\-\=@[-~\Z\7=@\H-\o=@.\\[-c>=@{-1Tm7=@g-\r:=@Q\-`\"=@`<~-s=@<r\}-\"k=@;\%8}-eq\=@\\\+z-Wt\=@gE\Dw-\\u=@X5\;v-o+6=@Ou-\Q=@\t-\\=@~s-\n=@#m--X=@\"k-\=@\x\\l-LD=@^m-6\es\=@vn-\#F\=@+o-=- \=@\+p-\\\\=@!1\p-\\WW\=@\\p-_\\\=@8gDio-\nF%u\=@\(n-n\\)\=@\m-z\\\\=@Tl-<r\=@\r\\l-RAE\=@\'yk-\KU\=@\	k-\5&\=@gei-3nj\=@nh-\Jvl\=@\<f-L\\=@q\\e-\9\=@i:;e-\UZ\=@ad-\\'i\=@\\-\c-\\=@eb-&\=@\n7c-2\\=@@x\=d-\<@\=@Sd-&VF#\=@5%Yc-\\\\=@\\rna-p\=@E\Va--LN\\=@e\ZM.\`-\\\\=@S8_-kQL\\=@^-@\\v\=@]-Y4\=@8\\m\\->]\\=@GR^[-01\"Q\=@\s]Y-2uWv\=@9B\W-M0k\=@J\hU-()\0\=@\sS-g~5\=@jO-W\=@.=\\L-ng_y\=@BN-d\r1\=@/\wW-FA\=@@_X-\=@9\X-\B\=@7Ou\\X-p\\=@m<\bW-\\\=@\[X7\U-z=@\I\'T-D!T=@\gS-/\L=@\\^\S-)D/=@\0\\R-\\\\\=@d~$Q-\\=@\:P-Z\7\=@\\LiM-\"\Q*\=@J-|\_=@6YI-~;=@E>I-\\=@\i I-]QJV=@j	I-d\=@*QJ-L=@\\<K-dj=@\K-\\'c|=@\\&K-3J=@K:\lJ-CsFZ=@$H-{h=@\\aNH-0Ie9\0>@GM-\O=\\0>@@L-U>@&L-\SrN\>@\&\K-0.s>@R]\L-Jy\>@Q._xM-m>@G\&jiN-$>@\N-(\n<>@\O-\(\\'>@\b\P-\\\g>@`Q-L{)<>@Q5UR-\TO\	>@vR-\'I\L\n>@`fS-\a\>@p]1#T-9	/>@bXT-2s\c\r>@XT-]7V>@\(V-&jj\>@\oBX-\`\\n>@9|[-\p<>@]\]-p\G>@\0VGt^-b>@UN`-S8>@G:#/c-pUj>@K\>d-Y>@@\Zd-Z>@YiR\ne-@M>@_u\Hg-L/1>@-\g-\>@\9h-Tb.>@\\=\j-\'_[?>@oDl-!\>@`\\n-|\r>@\\p-aS\Q>@q-\>@b*\3r-Vc>@-\DJs-::F>@0ACt-\\4>@K\rJw-2: 	>@\rLny-\>@9!{-gd >@j|-\>\ >@\y7~-f}!>@u\--]6\">@*W-9]#>@\i-#>@V-q\Ws$>@\"1A-FzQ_%>@\j\-I\\"i7&>@)\\-\\I\'>@Lk\\^-\'OYM\\'>@j-\(>@_D\1u-\)>@\=]-$y+>@\\o-\\\,>@/g+-o->@w*\-\\w.>@*\-CR/>@\rP\Zj-gE\D/>@J\-\/>@	\-\=$|\/>@QdV-lMK0>@\\-o2>@E/Xn-~p\2>@\c> -|\/3>@\-sI\v4>@H\-\\gA4>@MDu-LQ._4>@	T -J@L4>@-zl4>@,\-7A`\4>@\}U.T-55>@\*\-\d<5>@q-85>@\-\D<5>@|l;-kC5>@i\V-9:Z5>@2\r-k{5>@?\\\2-i5>@\\}-\\\\5>@N\\\-=\6>@F-\\sG\5>@S\k%t-)\\'$5>@aj\-J?5>@\\5\\-+5>@r\)\-r5>@8aA\-}5>@Zm\-\"\*\\4>@*\Y\-\-4>@\\\\\-J_9\3>@m\-3>@}%\-\3>@r\-}|\.4>@\s\\-N4>@\!\\\-%A\n5>@;T\\-AI05>@\C|\-HV5>@y\'e\-oG8-x5>@Rh\-i5>@:KT\-,D5>@U\\-7h5>@\^\-\je6>@1Z\-2W\6>@\vL\-T9\)97>@*4\\-%z\r7>@\:v\\-\r\\7>@BB/h-c7>@\#-\0<Bu7>@\\-_\n]7>@u\\m-2\FY7>@\l-^zk`7>@cD(-\#\rn7>@#^-i\"6>@\0S-',1607362055,1607362055,NULL,NULL),(6,'Muchinga',_binary '\\0\0\0\0\0\0\0\0\0\0\0\0\0\0\	\0\0\+>@=&>>@\\n&j\q>@%\\&\\>@\"4&\\\/>@H|&rl=C>@&5\8EG>@1&\M\>@]P&y	5>@\}&:dw>@_sa&~E}>@e5]Ot&\e\\@>@\#&>>@KP\&:vP\>@@\j\&\,\?>@o&=\>@u;O&n\o>@i&6>@\N\"&y>@\&+,>@to&#\\S>@\<@&,\o>@\\u&!9>@x&b*\3>@\\^z&7k>@2!}&z,C>@~P)|&\qn>@\V\z&SW>>@\O=\x&&\\\'>@qqTnv&\Z>@dt&\n\b>@iN^dr&X\I>@5up&U\7>@:Zn&F>@6Yi&(~k>@.\Ue\e&\\\3\?>@\\gyd&>@\3g}b&\\o>@aX5`&i>@Q0c\n^&E7\>@-zm[&e\>@\Z\\W&T8T\>@+QrV&\N\\\>@*U\-U&\N^\>@Vj-T&\<\>@9MaQ&@\>@c\'N&;k]\>@v\ZiM&0\'\>@\K&.\>@0J\_\I&\\>@\G&\O@\>@\#E&S	O\\>@\\'bD&@3\\>@Y\B&\\\\\>@to@&\\U\>@~>&G\r6u\>@\/<&Un\>@r\S:&_&\>@\7&WuV\>@xN4&\x:\>@\/0&\BW\"\>@/m8,\r,&n\V\>@r\}\(&mQf\>@3\\(%&\wE\>@!w(&{\>@O\\W \Z&\e6\>@z\\"&DN_\\\>@M&g)YN\>@Gq&f\ikD\>@;Y\&\w\>@2\&FN\>@DJ &\\\\>@g*!&3P>\>@@g\"&OS\\>@\\#&1\\>@\5$&$)\ah\>@F$&W\>@P6\\n\\"&/O\\>@\\!o!&\cg\>@\u+&\\>@\&+\>@`\\&\@m\>@wE&Rr\>@\K\&\h\\>@\\\&b.\n\>@\{\r&\\>@&T^\rP\>@ ^\/\\r&\>@\&\%\\>@\\9&C6.\>@\W\\\\n&\hV\>@?	&i\>@R\Q	&zVo>@\J	&>\D>@sG&H0~>@\IU&>@rP\L\&\9\\>@g\!\{&\no>@W\&\o_>@AV&C >@B	3m&!>\>@i\&\K7>@a\0&S%\\R>@9\n\0&.\M\>@=N%;I>@\%Y2\>@);%\s\>@\\'+%}Xo\\n>@{M\nJ%WY\>@\%s`>@6%\2\,%>@h\K6%iQH2>@\(yu%aUN>@Ex\%>@mR\%D\>@\\%\r{,}>@\S:\%	\V>@cZ\%pw\n>@\\m3\%l?\\>@G\I\%M\\>@\\m\%\vL>@lMK\%`\\>@#tu\\%msp>@R\%Av\0?@\%w\?@6\\\%\SW?@\0!\%\x:?@\\%|?@r0\%?@Os\%b0\?@Ug$B\%NW\?@bdU\%;%?@&8\\%\w~Q?@*V\r\\\%\bE\r?@}\%\?@\n\\%\d\\?@F\%3o\u?@_D\1u\%j?@\%F?@JV\\\%YL/?@>\%n\?@&\%$?@.\%{	?@pz\\\%!\\	L?@GG\%\\&\?@);\%=|\\?@\\\%]3f?@}qJ\%(\4?@,cC7\%\\X?@\%s\{?@~7C\%+d?@V\\\\%]5\?@^\n\%\K\'?@og_y\%S	O\?@\,\i\%7n1?7?@C\up\%i\Q\?@\\%@:s?@(\%?\\\2?@77M\%h:;?@\%\V\?@\R\%ZKi?@]\\Z\%\Z\\0l?@`\\\%c\?@]\%\{L?@\\\%5?@\%3\\Z?@\\)\\%v\\Z?@!3\%$y?@J\%5#?@F\T=\%3\?@K8\%#k$?@\rR\%!\X4?@!\% ?@\%9GW?@S[\ \%f-?@\04J\%|l;!?@_\%f!?@\	Lu\%oEb\Z\"?@M,\\%wIQ#?@\9x&4\%\U+~%?@%r\%=_\\6&?@\E\ne\\%%Zx&?@f}\%>\^&?@\\\'\%\@-\'?@^\%+\'?@-X\%&(?@!\K\%L\)?@\[\b\%b)?@Hi\%o*?@\;p\\%(\+?@\\([\%n\!-?@81$\'%;.?@c!:%\-?@9Z\%M0k-?@t~\%F#W<-?@Ee%eN\,?@T-%U2\0Tq+?@>W[%7N\n*?@`\"\:%\\I?*?@\;%8Q)?@u%\a(?@q%N\r4s\'?@1%%A&?@\\U%;$?@_%1#%?@1&%rn\%?@\ZK%\@-&?@Zc\	%\n$>\'?@$Di%\\(?@<P<%[d)?@\x\"%F+?@P4`%zO\,?@|]%j\0\n.?@v%+J	.?@%}qJ/?@ti%`\/?@Ip%\y\9[0?@s\%%vmo0?@f%]\1?@\6h%\V3?@\r\\n%@M-[\3?@h%%r04?@Lk\%\\c>4?@\0%\\t4?@p?\%\\3?@\'%[\7\q3?@/^|%\&p\2?@\%\2?@N_\\,%)%\1?@y\n%0*1?@%o\0?@\%iT\d/?@\/%Dio-?@%\\^,?@\y%fYJ+?@V\r\\\%7h*?@\\%7l[\(?@1\%=~o\'?@4F\%\\'?@\,{%\e&?@\\-\%o&?@3}%\e&?@S:%\\&?@F\%\g&?@6\Ko%yt#,*&?@\05%\'3\Vz%?@3\k%\$?@C%PQ+#?@FCT%Cq\"?@Nt%I-L\"?@2\r%\!?@ZrL%q\\!?@obHN&%9!?@\\%\!?@i%/l\V^\"?@AGZ%\v#?@Gsd\%2F$?@CVz~%Gsd\%?@qX\ZQ}%S\\'\&?@{%\\q\\'?@*1	z%k(?@77\',y%r\{)?@\\P1\w%y*?@;\Ov%K;+?@P9u%6\\x\",?@k&\t%\\\\-?@\>Vs%j1x.?@{k`s%r0/?@\\\Zr%;s	\/?@b(\'r%-\'0?@Sq%)1?@;q%^Cp\\2?@\\c>p%\v\Z3?@\p%IV\3?@\$\\\#p%\\\m6?@\!p$p%_\D6?@1%p%t?Pn7?@=c_p%\9?\q8?@q%Sy;\i9?@Nar%&p\n:?@oe\2s%\1\3/;?@\Z\0ms%\<?@t\%zs%:6U<?@\0\ZKr%!9=?@C+r%&l??@\o%KA?@zn%I5CB?@\p%@-C?@Y2\r%\{\_C?@|^\s%0D?@-v%\D?@\\rx%\0\E?@\dqy%g\\E?@m\\y%jGqF?@k{%y%fOG?@9x%\8jG?@Vw% \=H?@JO\cv%)\ \H?@\n+TTu%#K\X\I?@zs%\7\J?@2t\r%RK?@\Zq%R\qL?@\~p%w\\N?@(	m%\\|@O?@3l%c\tv2P?@[\Jj%Z\'.\O?@i%o\O?@j{\g%uN?@4F\b%\?N?@\ r`%; \N?@\\M_%TQ\N?@n\!^%\N?@\2R\\\%Q5UN?@\iZ%\fM?@\\CU%\[X7\M?@\\U]T%y:WN?@\S%\"\{N?@<(AQ%[\:\N?@\\O%\0]O?@vkN%Tt$P?@mp\"M%;Ug$R?@\fM%\\gS?@M%V\\\4U?@3o\uN%t\\U?@O%DW?@\v>XN%5\a0W?@\K%t\\\V?@_AhJ%sePmpV?@6v\I%[dU?@\ZH%\\\T?@d;\OG%T?@x$^F%+jS?@#E%S?@E<D%GW\\:S?@\ZH@%cG\PS?@>W[?%dST?@7N\n>%yVW?@>\r\<%UK:\X?@p=\n\;%TD\[Z?@:%r\_![?@\3I:%n]?@	g9%\uX_?@6\09%^\pX\Z`?@JY8%a?@\\fG7%\6c?@2\g@5%ue?@Y\d:4%F{g?@?mT3%\\n(\g?@Fw;3%v4h?@\\4\2%5?j?@i\\i1%\rk*k?@	%W1%_Rl?@ip[[0%L5n?@zI|.%\C\n?@\5=((-%+fo?@\\\+%WLp?@Z*%/O\Rr?@f%%\\!s?@\\"M#%\\Zs?@b*\3\"%I\\\*u?@U	g%Dl\u?@}i%.\|v?@@OI%	kc\w?@9\\%P\Ry?@C\\ %\#z?@5[!%Maz?@!%\\\={?@d73\"%Q|?@GtF#%H6W\s|?@\!S>$%2\\|?@;\\R%%AI0}?@z\&%\\\;}?@\\'%p(|~?@)\"\*\(%eP3~?@\rJ@L*%\'XQ?@.\R,%@\?@\e6,%g?@7\N,%	Ln?@F\\+%.9\?@Va*%jGq?@H\\\\\)%`E?@u \\\'%Z\Z?@G\\%%\E\n?@\Ko.\"%\-\?@v() %6ZP?@h\'%\\0OZ?@`\"\:%Pv0?@\ %\?@E\r2!%&\\\'?@\\\"%\p?@\ZL#%Swe?@w1\t#%\W?@f#%F\r2?@G\g\u#%ZEh\?@LH%\?@R~R\%V\1?@a\'\%\%\/?@\\%m;m?@B\%i3NC?@]\%?@\?%J	z?@oa\%	2*?@A%?S[?@t3%+i\7?@D1y\%i\L?@U3k) \r%O\?@\r\r%B#?@+g\%\k]j?@\&N\%<$?@cz\%r4GV~?@IK\\%?@g%L?@\\E%\n1?@R<%/?@\\\%H?@jkD0%e2?@#-#%jI?@&S%z?@wG$s,&6?@\uB$Av?@)\^\$ =E?@9{\\$\AA)Z?@\,A$\"5\b?@\$`\\V?@\`\$?@{\$oG8-x?@F\\\\$\%\2\?@V|C$s69\?@4J%$^\?@s~\$X9\\?@S\"^F$\z\?@2t\$\{\\\?@\\O\s\$\rK\?@~\!\$\\?@\HK\\$	\\?@\a\\$8*\?@\r:\$\Mq\Z\?@\'K\$C,cC\?@	\$\?@	MK\$Zd;\\?@W zR\$&7\?@b\$w-!\?@\\\$\\\O\?@\r\$\\\?@Z*oG8\$rjg\\?@vk\\$\x\n\?@HJz\$qS\\?@\w\$vQ\?@a\n+\${h\?@sh\|\$Kw\\?@Z	\%\$\0M\\?@\g\\`\$0(\\?@\Xl\$\\h\?@\t$JC\?@\\$=,\\?@H|$\\w\?@:$\8\\?@{2$x\\!\?@oe\2$aTR\'\?@\A\L$a\?@s.\Ue$1\\?@>$X|\?@\^\$3\O\?@\"1A\r$Z\c\?@dyW=`$\\?@H$rzf\?@$\\?@\o	?$g\\S \?@\D2$\'.\?@5\e$Ac&\?@t$\\r-\?@x$\\\\\?@h!$x\'-\\?@\ >$[Z\r?@\($$]QJV?@)t^$uYLl>?@A\v$,`?@4\'/2$A\S?@W[\$!q4?@7n1?7$\\b?@\\\=$jl?@#S$\ !\?@Q_$\G5\?@$)=\K?@~$\\\y7?@\0Q$\?@*$5_%?@QH$&?@)$ ?@\$E?@L\$!?@(\{\$vU?@\\~$y\z\L?@fv|$o?@N@a{$S?@\xJxz$\%\\?@Dy$:/K?@\:T{$U?@\?&M{$QC\0@@sLx$5;\0@@+.\u$\}\0@@`r$\\0@@8-x\Wp$\c\0@@\vL\m$f\\0@@=k$\0{\0@@Mh$8>[@@oEEf$#\#\@@@\\d$C3@@b$x\@@\;_$\\0@@\^$i{\0@@;O\0]$z\0@@\J[$\\0@@\+X$\G5\\0@@\T$\\rx\'@@\3KT$Om@@\\P$@\\v@@\qN$\\\\l@@zCnK$n\\S@@\Q\I$M7Q@@1\F$4-2\Z@@\g\D$\F<\\\0@@q6D$=)\Z\0@@w*B$0DN_?@e@$v;O<?@\,>$Ve\?@y9\;$\Z1\c\0@@b.\9$Gve\0@@\\riT8$\"D\0@@\h\07$\0@@Or5$\=j\0@@3$T[\0@@>v()0$IZ\0@@&4I,)/$\\\*\@@\'JB\"m+$Gw;S@@=	l\)$\qt@@=\($\MbX@@y\($UW@@\\fG\'$I0\\Z@@Q}&$.rOWw@@+j0%$ y\P@@X7\#$@@@\ $x\\T@@&7$Y\@@h[\:$\@@S\"^$t_\lW@@$Mn@@f\$}@@{/h$5\@@\0U\$7@@O\\\\$9B\@@m8,\r$bd	@@J\$\\\	@@\ $e\ZM.\n@@\r4s$M\n@@\!\\T$|]\n@@\\\\$x\q@@3($\\9{g@@\\V\$Hi@@W\$.\@@g\s\r$mscz\@@U$4@@Ku/$F\@\r@@4\k\\n$tw\r@@VE\n$Tq\\r@@}\\*\	$\0VGt@@a\\+e	$[@@Q0c\n\$rZ@@\rJ_$\/o@@P6\\n$b(\'\@@\'\\$@@\'$-s@@\\E$K!q@@$\|\@@1=a#|\@@~{\#c{-\@@L8#\c\\@@y\Z0H#\'@@!\#\Zh@@\\#N\@@p\#)x\nR@@\\&\#`\eM,@@0\\Z\n#a@@H\Z\\\#Un@@4~\\#\\l#@@s=A\#\\\\@@\\#K@@\C|\#/g@@b(\#[\\@@\\#\\_Z\@@lMK\#\@@t\\\J\#A\@@\\T\#np@@\\\#p]1#@@\\#\#\3K@@C6.\#\=j@@&\#\\@@]2\#7n1?@@s(CU\#q\\@@K\#E|V@@\\Z\\#\&p\@@	SK\\#6\@@4Y\#A~6r\@@S\q\#gx@@\\r0\#$\pt@@?\#S@@x\\#%\\@@{\#Ln@@*nE\#pxADj@@\\\n~\#k@@\#CR@@@.q\\#c+hZb@@S:X\#6\Nx@@\\OV\#\z2@@\n#+mq\@@\<+i#\O\\@@_%#\\V\/@@o;2V#427@@*#	2*@@z4#G\n@@#{h@@A#@t@@OrM#\>\\@@q#EKO\@@&\"\#\nI\@@62;#\r\o@@ek#\o^@@E,b\a#\\@@3}#B@@|%#@@\'\UH#t(%\Z@@9#5\Z@@MJ\#P\I\5@@D@#\*@@i##GG@@v#E^@@\c\"#\'.\+@@NCT\#k\t@@bFx{#U\z@@\.Q5#\Z\1@@FZ*o#\@@#\V	@@\(#Yt@@\l\%#\}9@@X}w#\\\O@@\n(z\#g,\N @@\?#*:\ @@#\ @@S#-	PS\ @@k*# C\*!@@\nj#\\.u!@@\8b->#\"@@Z#dZ\\"@@$\F#xa#@@\\\r#*$@@A#\Ze3$@@W\#X%@@\\m4#Kw\%@@\\Z#\'%\\%@@66#3&@@s\n#nnLOX&@@\\#\M~N&@@(r#:\l&@@\S#\0\&@@\!#=\'@@ \E\ne#\t=\u\'@@\ r#\/(@@\l\?3#\`\(@@\3~#1zn)@@j}#)@@,\F<\}#v*@@\\1~#._x%+@@hX\~#i+@@\#w,@@,z}#\d,@@x\Wf|#\'I\L,@@?z#&75,@@\%\y#9\,@@\x#.\\e+@@Vv#2\+@@\\t#*6\u\+@@\\s#\i\+@@\Cr#+@@}.q#\+@@1o#S,@@/^#Su8,@@\g@]#8+\,@@c[#*\T-@@=1XY#\GC-@@AX#O\\\-@@J?\\V#\Q-@@_9\S#\\-@@bhurR#\&1,@@X\+Q#\;J,@@\\N#7/N,@@\\\M#I,@@LjK#c\\qq,@@/hJ#\+,,@@lXSI#Z+@@\+e\H#1Mc+@@ \=H#4\\*@@\n$>G#e\*@@q::F#\`*@@<	F#\Nj*@@L\D#IV\)@@\\B#GC)@@\I}Y\A#\Zd)@@k\SUh@#r5+-)@@Yj\h?#v\(@@R	O\=#%<(@@];#((@@W9\m:#h+m(@@^s9#X\E(@@\p\Ws8#s\\'@@-X8#SZ%@@\<00#Zd%@@M\..#p\i%@@\c\"\,#3m\J%@@\\O*#]\%@@F\@)#Z\$@@\(#kc$@@\\eO\'#\"R\.$@@d:tz\%#\\\$@@x?n$#2;\#@@K##ph#@@\. #n2o#@@#7\Y#@@\n2#SD#@@y#l\)#@@u\\#F{#@@=r#\\C\"@@P\\"#@C\\"@@Hqh# \nfL\"@@[\\#qqTn\"@@$}ZE#T\"@@8k\r#2p\"@@\\S #&<Y\"@@g\n#?5^I\"@@(\'\UH	#P<\"@@IFq#\r.\!@@\\\0#+\MF!@@w##!@@+d\"M\!@@Qf\"HPs!@@;3\"Z$9!@@\\\"\"T\!@@\"\CX!@@\"!@@\\"\"3\"@@2W\\"?S[\"@@z6>W\\"F;n!@@od\\"\v/\!@@.\\"	!@@ZJP\\"~T\~!@@8\\"tb\c!@@&\\\'d\\"\@-!@@\\\\"Y2\ @@\\0d\\\"GT @@Ss\\"\ @@w\\\\"J% @@\L\\"\9 @@\\"\"D @@\|\\"_\\ @@\\"\\riT\ @@?\\\"l @@`\\"\nIf!@@0!\\"9U!@@_\\"]5\ @@\)\\"\+e\ @@((E+\\"\Z @@d73\\"\\\ @@o\rl`\"(\\\@@S:X\"yY|@@\\\\"?nJ@@1[*\"\"S>U@@/\"K?a@@\"$\}@@7\"\!\Q@@3<Fy\"\\t@@\\A\"/K;5@@\]\"\V*@@0\\"mW\e@@l\"X\0S@@ \"kC\8@@dY0G\"\\Z@@\"\\T2\"s4\Z@@\\\3\?\"9\Z\Z@@G\"?\Z@@,AF@\"\\r@@Ef\"ge@@*~\"\\&@@\{\\")\@@\"E`o@@:W\"v\1<@@4\<\"\y7@@\0vi\"-v@@};\"Lk\\^@@\r\"\\@@pY\"c\@@J8\"Mg\'@@]\\Z\"HQ@@t\"|&\Z@@\\0l@\"8k@@$\rnk\"|Y@@$>w\"&@@\9\}\\"d\b\@@4w\\"\R@@u\\p~\"\nG@@\\|\"K@@\	{\"Un2@@Ssy\"g\\@@VGtv\"\Z@@VBwIt\"CR@@\3r\"X\+@@@n\"B@@m\06 Bl\"QI@@\\<\j\"LN@@kBZch\"\WXp@@\*\pf\"@@Ll>\re\"u\@@` c\"1\%@@;\yb\"75\|@@ \a\"`@@u\`\"\R\@@h\^\"\>9\n@@(\\\"I	@@Fw;[\"\"k\r@@Y\"}V)@@\\zVX\"\"S>U@@hzLW\"\#@@N\1U\"P29@@&\Z\)T\"\3K@@:<\P\"$a\N\"@@\n\\IO\"\;F@@!\>\0M\"@4\@@rjg\J\"i\@@!6XH\"\@@\\F\"\R@@(N>E\"f\@@5\r\D\"@@w0b\0B\"5c\tv@@\D\@\"\@@*\#<\"\\w\@@\0\\\Q;\"\k\@@\:\"u@@kF8\"9\rQ?@@\\\=7\"(-\\Va@@k{5\"\[\b@@\nH4\"\\m@@\R2\"\kA\@@L\1\"	i@@\/\\r\.\"IH@@A$C-\"\'n@@ao,\"2\FY@@^+\"L8@@B\O*\"\0S@@\c> \)\"(8\'@@4\($)\"(\r5\nI@@8L\"\[@@e\"}\\@@=I \"4\@@\^}<-\"]jJ @@y\"pB\"E.@@*\\g\\@\"\Q\8@@gA(\;\"\ O!9@@\\A\"v:@@r\\QA\"\k^\Y?@@\#&M\"O\\>@@Xo\\n\W\"\Q\E@@8\n*\"\\dpH@@x!~\"\\\tYLJ@@d\z\"tb\cM@@\\\Z\"fO@@U2\0Tq\"b\rS@@b[>\"\uoU@@<i\\n\"j/\X@@b\ \"`YiR\n\\@@?\\"(\`@@\\|#\";b@@8d\"s,\d@@_\"cbqmf@@B\nB\"2Wg@@\\\\"U\Zeg@@[\\"\g@@6\u\!\"\\Xmg@@Hlw\"	5C(h@@+j0\r\"u7Ouh@@E\[\\"\O9&o@@&M\"Q5Ur@@\"F^\\s@@$>w\\"QUs@@\rg&\\"\m2u@@b\vK\\"\u$w@@\P1\\\\"\'iz@@\.4\i\\":\\\Zy@@ \\"\y@@uX\\"U1y@@\\\\"sFZ*y@@F\\\\"KTo\rz@@\XL\\"y@@_\\"Iy@@>z\}\\"_y@@ZF\=\"\e6\z@@u?T\"M\{@@(+\"Z[!|@@\\"\\}@@;A\"\n1~@@[;\"\j~@@y\):\"u\y~@@mr\">?@@J?\\"1\'h\@@*\\"+\	@@&P\\"\"\KU@@\bbq\"@@*\\"\&@@\\9\"+\X@@Ee\?\"w@@\T]#Y.@@#C\5v@@I%#\@@U1#\\`@@\]#,@@\G#\,^@@|!#\Fx@@Ip$#+1\J@@b,\/\'#\I@@c0\+#yC@@\n(z\3#2Mc{@@\Z8#\n\F\@@K?\\\:#75\|@@\C?=#C\5v@@\A#&R\\@@g\pD#J %v@@\\F#\=>@@J\5oF#T !@@|@#bi\G5@@\\g#?#\0vi@@a1\?#\	K<@@{OD#fl\f@@Gr\G#j@@+DK#\q\_@@Eb\ZM#G\r6u@@|+\X#sP@@l>\r[#j3@@+\X##	@@Z5\\S#Peo@@vQ#1/@@z\c\L#\r4s@@\g#\E#P[@@lMKD#\r@@._x%A#CF7@@-\>#9@@%Tpx9#vS\k%@@ 3##tu@@\,%\I0#	@@gd4#MW@@P\R)6#	\@@Rb\6#rp\@@i\r9#r@@y7#l^\Y-@@\\\U3#\*@@\"R\.1#\QF@@\1#9@@\f\\j3#\0@@\\\3\?7#I~@@\\0\	:#\n@@{J=<#:[@h=@@Q}>\@#\^`V(@@\~KD#F@#H@@\\K##EdX@@BQ#\Z\Z@@ZU#\U@@\nX#\JR@@\t [#2ZGU@@\0B^#WV@@6\$#ga#qS@@\s\c#+\,@@xi#-cyW@@O$jfm#\J\.@@jp#/m8,\r@@-%\I(u#\O@@\7\q\w#KK@@a.\e~#w\@@\_\~#[@@!g#`@@\]\#\"T\@@k~E#G\&@@;#h[\:@@jh#\_\+@@H[\#tLh@@Cp\\\M#_)\@@\?C#\g\\@@bd\#\yS@@\\\y#{G@@nH#v@@@r#@@\\W#\4\r@@ \\	#$c@@t\\gy#ePmp\"@@v\_#x7N\n@@\\gA#b.\@@X#\d:t@@O?#\N@@?g#f@@dV\p#\ZD@@9#],@@_#{+@@P\R)#\>@@\\\#@Q@@\xy:\#\M\@@,=)\#\;\\r@@\.\#@@\y\'\#;\%8@@\i2\\#|ds\<@@^V$&\#4@@\\h\\#_\@@Ih\#Q\@@\s\\\#|@@B\<E\#(	@@T\\#@1d@@<Mf\#]2\@@Wy#o;2V@@\h9\C#\*@@ES#\(]@@\\}r#<@@$9#n;2@@\;jL$(@@_&$~8H@@\\U$\\\"@@S\$I,)w@@ \U+$\Z@@}t\\$ |(@@5[y	$)Z@@[$\F$k,am@@-z\r$%Tpx@@\$\+V]@@\U,~S$\ O!@@u\Hg`$\{/@@P$\Z{@@}>$\R@@\bE\r$\M(D@@w\r\Z$\l@@G6W\$\)n@@\%qVD$(@@\Z\lY$Q<@@\\9$0+\~@@]= $\\@@0:!$-Y\@@\G\"$Sh\@@<|#$AaP@@E\$$Vb@@,%$$]3@@N&$.o@@\\\\&$l\@@\"\'$ec]@@vN($[@@Vc)$\v@@\3g-$I@@H0$\\\@@\w2$\@@\\\03$\\H/j@@]t5$f\@@=\[7${gUI@@\f5$\\0@@l\2$?8:V@@\Bt4$\_vO@@0\{4${fl@@S^+4$|\r@@wJ\4$\\0d@@04$9@@y]`74$\N@@\Z\14$d=\@@V)5$x|{@@.\\7$&p\n@@\H9$\n\8@@ \:$%vmo@@.S<$sL@@\Yf=$gc%\Y@@0\>$fYJ@@T3k)@$\l@@%LA$aE|@@v\\C$^c@@G	1D$g\@@UfJ\G$Z1\	@@}\I$Un2@@\\`K$.@@\'O:P$*@@xx\Q$+PO@@WR$&@@c\J!S$\w@@>\\r\)U$?W[@@}\U$\r@@\qdW$M^i@@\\'c|X$&m@@vX$q@@\0kY$\F\@@\\\Y$e4y@@]\wb\[$	MK@@g]$0\r\G@@\\\]$U@@%r^$Y,@@\8h`$H@@\\"Mc$\\T@@\LLbe$!Yn@@\\V\Ig$~@@(\'\UHi$|@@4.\j$zm6Vb@@\.5k$Jw\@@Gjk$e\\J@@\1Mk$\U3@@Q0c\nn$U@@%\o$@@\r$<$@@n\\Su$F@@B</w$\\@@!x$k@@2t\w$\):\@@\\v$<\@@**w$\O\\@@=Byw$\'\\@@%\/y$Mn\@@v}$\SV\\@@D\H~$\v\\@@o1$\;jL\@@L5$M$\@@g$@@ $\\@@\\$/g@@QB$\qo~@@J~X$\YN@@-z$#\#\@@:vP\$\s\\@@E2$\*@@M$?$D@@\\\$\%8@@w+Kt$Ac&Q/@@~p>u$\2@@\UZ$H@@\$)*@@o\'$\Z\\@@\3$.o@@9\m$\\@@\\ZN$Oo+@@p\[$\"@@Z	$~31]\@@\Z$\rc\@@\Z$3\k\@@\W:$\>\0M\@@\cx\$\\\T\@@4J%$\\\\@@\\B$?\@@~\\Z.r$3<Fy\@@$t]@\@@q>\$q\\Q\@@#\\$\KS8\@@W\$5\'/2\@@\^\x\$\b\@@Gt\$K\\@@.c}\$\\\#\@@,\$Z\'.\@@]~p>\$GS=\@@.\\$\\9\}\@@5\Ry;\$`\\@@v6\\$,F]k\\@@L\ZuT\$w\r\@@A-\\$FG\@@\\0OZ\$\W:\@@=_\\6\$ F6\@@\J!K\$I5C\@@@d&\$V\{\@@=\$O\\@@glt\\$j2\m\@@<p\\$XO\@@+PO\$\_\@@o\rl`\$.\M\\@@\\$j\@@T\\$\#G\@@MN\S\$aP\\\@@/\$\\m4\@@\\B\$\\@@`\\$\+,\@@\\\$E\\\@@8I\$)B\v\@@.$4\\\@@^\$\\\\@@\\<$\\@@4\f$S\@@\3g}$9]\@@\}$\'jin\@@\'\Q$Os\@@h\s$\~d\\@@c!:$\(\@@Z}u$O)\\@@\|?5$\\@@=~$k\@@\\\\\rM%\\\@@r%R\\@@\=\%!yv\@@\"\{%3Mg\'\@@9EGr%1\@@	%Wt\\@@\j%16\@@,26%\Ze3\@@e%6U\\@@\\\4%u\@@\d<\r%\0u\\@@FZ*o%&qVDM\@@D\\X%R<\@@-\l%\ZOq\@@A&9%\\\@@3%\@@\PMI%\"N\'\@@\\,%5+-#\@@9+&%B\\@@Q\E\%t@\\@@To\rl %\0r\\@@Q\y\"%\\@@\'I\L&%I\@@\,&%JiW\@@\\$%[\\@@\;j$%?\,\@@g$%2\\@@\.\\\"%\\'\@@\\"%c\\@@g!%B\@@(F\!%$\@@n\y#%$\}\@@\]$%\\mU\@@o\'%q\\\@@!3*%;m\\@@\\Y+%\k\@@.\,%\\@@>/%\f\@@\g0%(\@@:5%-u\@@U6%B=\@@t_\l7%\\@@\N\`7%6\g\@@N\8%o%;6\@@]Ot]9%\K\@@V\{<%gx\@@\yt=%\cw\@@\\%>%0k\@@\n2&?%;\G\@@;q9^@%\@@PDD%oI\@@\8\\\F%y\n\@@AI%\@@\"N%3E\@@\"\\0&P%$0\\@@XQ%{G	\@@v\\fGR%t#,*\\@@h\uP%8\\@@\\S\0O%G\@@DQ%c+hZb\@@}\AzR%\n2\@@\\S%v\@@Y\/U%u\\@@_V%\0S\@@@_X%y\'e\@@2q Z%F\-t%\@@Z[%;9Cq\\@@\]%d\u\@@U-\(_%^\@@pUj`%\\@@lwf%j\\\@@N\r4sg%\u\Zi\@@h\h%4)\@@[\\\i%7k\@@C\j%\@@\w.l%\3g}\@@J\n%U/\d\@@>Ab{p%\`H\@@K?q%\UZ\@@oe\2s%\\"@@\"7\\rt%eu@@jQLv%\\7\@@7x%GTn@@De\w%-?p\'@@sh\|w%\8\0@@!6Xx%[\@@\~k\'Jz%(`;@@5\{%is@@+,}%\@@<7\%tZ@@OC\%\j{@@L!u%\:T@@I,|}%z9@@\;\~%\v\0@@K8%%\@@8gDi%n|b@@\r%VGt@@XvM%>\@@/Ie%9y@@ByG%\LL@@Kg%@@\_w%v\Zi@@U\6%\\u@@a\%g)YNB@@\%C@@)\/%b\vK@@\\\=%f@@2\%\%\h\\r@@jMS%\MbX@@G;n%oJy@@3P%\/@@\M)%\\'@@g%5s@@t[\"%\\\\P@@vN%\i@@]%\@@y\"p%A@@pC%\\@@J\n,)%ak@@\%\k\@@f\?%v@@\\0%Vj-@@\K%KY8@@Fxx%d@@E$]3%\\O@@q\%g@@s~\%	\@@n.%!q@@\)1	%-\\@@P6\\n%\\G@@1%aobHN@@\\<%\ZyY@@Afg\;%x$(~@@M\*%%\1@@Y|E%;@@d]\F%p@KW@@W\'g(\%F]k\S@@2q %n@@\r%mscz@@%-=@@\p\%a\'@@@%f\I@@9\Cm%IZ@@6\Ko%@V&@@OD%\\r@@b.%K;@@\'i%@@C\%<l\@@=+i\7%U\\\Z@@t3%[]N	@@O\%\\.\\@@\r%77\',@@%;\f@@,\%\8@@q4GV%5|\@@GUD%.@@#j\G%\n2@@Qkw%5?@@/0%.6@@\"q%XO@@\\c%7@@*\]%\&N\@@z5@i%Ot]@@Va%ED1y@@Q+L%;@@\ZS\%\uoEb@@S%\SUh @@\#c%6\@@%\\<@@\\\J%JzZ@@%Tp%j0\r\G@@QJ%[\J@@?\%9A@@\"%\=\\r@@	\y%v@@?n|%\rK!@@Tp%rOWw,@@4L%@@\\[%\\T@@y=%\]@@\\%\rJ_@@Ku/\%\\XP@@\'\%P@@\\%\'3\Vz@@\0:\%L\nF%@@\"\I\%>@@F^\\\%\@@Y\\0\%o)@@\\L\%<@@3\%@@\ES\%\@@R	O\\%+l @@\N?\%i@@O$jf\%@@d\r1\%B=@@1\0\\%-V@@n5\\\%R^+@@F\%\r\@@w\%e\ZM.@@{h\%\ihw@@LD\%\;\\r@@r	\%X@@Z\\%\@@\\W z\%\c\@@Swe\%_L@@\"k\%eo)@@\\w\\%.v2@@[!\\%L\1@@\\%\\{,@@\:q9\%IQ,@@6\\\%)@@	i\%\/1\"@@J\E\%rfB@@c\\l\%@M@@Z\Z%<FzQ@@//>%\\\\H@@c${%&4I,)@@G\r6u%Qn@@6:%\D2@@X`%;]@@E%jkD0@@6\\0&=;k@@\\\0&\:@@Dl\&@@&\@@\\\n&@@+\\&\\9@@{\v\\Z	&\i@@qh&\ihw@@\9&!Y@@Wx&h@5@@X\0_&D5%Y@@H`\&@@A&Xt\5=@@d\mlv&A\F@@\\Z&@@!&\"uq@@_\lW\#&\X\@@\\#\'&mB<@@\|~(&G@@J%r)&{@@/m8,\r,&\V@@V\0&\\@@B2&\\\\@@\`\3&Cr2q@@u6&DkE@@\\rQ7&lv@@Q99&E\0@@E\<&4Y@@=N?&@@4B&S	O\@@-B4E&D3O)@@\\F&;*@@W\\H&y[\@@o\rl`I&\W@@MHk:I&%L@@h\\`oJ&\e@@)w\M&\rnk@@\DO&+\O8@@U&D@@aS\QW&\\\@@(Y&AJ\\@@f%\[&\)H@@t\\\^&)@@:\ld&z3@@,e&\\gy@@\'/2f&@@|Ai&\nO@@\ZM.\j&%S;@@VF#Wl&\D\@@Amn&1^@@o\\n\r&5\e@@Md\w&\\m@@\\\c{&L\A\@@\|&6~@@n3&\.PR`@@\N&WV@@\\"&nN%@@@\CX&V\'@@\&qR@@qN`&sF@@E@J&c#\w@@S\\0&\n\\%@@\Y&31]@@=HOC&sP@@3<Fy&4\($@@Yl&\0{@@7n1?7&o%;@@Oj\&\U@@Q&,\@@b\\!&#k\r@@S1#&4\\Z@@o\\&\S\q@@&\r@@\A^&&z0)>@@^|\&\_5\@@Y&\^\@@H\\\\\&Hh@@(I\L&p\@@O&o@@0\&?$D@@_&@#H@@\\&]mO@@ =E&!\n@@c\\&?\r@@\\vh\&\"T3k@@q\r\-\&HPs@@zS\nc\&KTo@@E\&]a@@A\&@@-?p\'\&e@@\np=\&%\@@R{\&\fG\@@\3\&m@@\\\\.\&\\rM\\@@S^\&PS\\@@@\\&J@@\je\&Q,@@V\pA\&5\\@@3R\&S@@K\&\2R@@\`R\&:*@@X\eS\&`U@@K9_\\&sc@@d9	\&8*@@c\&:/K@@@\&\\.Q@@d=	l\&\\\@@k3&\J#f@@33333\'\$\@@Aw\\'/@@e\'b\\!@@=\'^*6\u@@;\bF\'\ns\r3@@\" \'k@@\rk*\Z\'u@@+hZbe\'Kw\@@:\,B\',\yp@@\e\t\'\\r[@@mr!\'P\R@@\C\\"\'|\r@@v3\r\'\'@@I2*\'2\\Y@@9!+\'vE@@Ae+\'Go@@_R,\'%=N@@\c\"\,\'f8@@\U\\\' \r\\y@@\\5\0(^-wfw@@](|bx@@\PS\7(ZJPx@@\\L7(Xxw@@\\n\5(w\1w@@\\\*\5(|\\w@@	Y\6(\QG\\v@@\Z\\7(Lv@@L8( {\u@@\Z8(;:Fvu@@\A8(\'u@@#e\8(\t@@z\9(T\qst@@t\"T;(j\';t@@B\"m\O<(3\t@@]L3=(/\\s@@\\n>(\\s@@?(\\v5s@@v;O<?(2#\r@@\r\>(\0&r@@?(q@@7\',@(mq@@\'\A(\Plq@@\\\\XC(\sq@@;\GE(7\xp@@s`G(\\dpp@@(\\GH(y@+p@@4\($I(\o@@\1!\J(Rx\\n@@Ee\J(#n@@SzK(y\n@@\#\J(\\Gm@@\J()\\'$m@@J	\I(/\l@@\kJ(\\\\\j@@XvMHK(ij@@\"lxzL(\\\(j@@\\l\M(&(\\i@@\$#gaO(\BFi@@\nP(gc%\Yi@@5P((\h@@gP(O!W\Yh@@\wO(Gg@@k	O(~p\d@@*9\'\N(Td@@\0:P(+n\b~d@@\0qQ(x?d@@+DS(\\Xmc@@T(<k\c@@\)\JU(9c@@- V(:b@@|&\iX(\4\\b@@6\$#gY(yx\\a@@}bY(\\tpa@@h\\iY(Z\a@@\ZZ(\}`@@Q,Z(_@@e[(\\\1_@@r\h[(ZP\^@@6\\-[(/l\V^^@@-V[(\\S\]@@`X|[(mR\X]@@\T\\Z(\n2&]@@Z((\\'\\@@\X(&\\@@I+W({\\@@{G	Y(\.[@@oZ(ah[@@tu\b[(f-[@@ds\<G\\(3M\~Z@@`\\(-=Z@@\<\\(0\qY@@\L:Y(XrY@@t_\lW(\'\+VY@@\wakV(I2\X@@sFV(\)rX@@c:\0\V(\6S!X@@?#KV(d\C\W@@fM,U($\\(W@@f~S(\nIfW@@{\v\\ZQ(\4OV@@GTN(\\8V@@\\'GI(#EdXU@@N} y\H(m\T@@\I([\S@@1\\I(+\F<S@@j3NCTI(\\\R@@sEI(t[R@@f}I(\Sr3R@@x\'K(I\\\Q@@eK(\E|\'fQ@@\rRL(\D\P@@\r.\UM(5\\P@@%<L(\S:P@@\L(]C\O@@o(|N(8hO@@\O(93LmO@@j\vO(rO@@uR(dwN@@\Q(E2N@@9d\Q(\M@@	MS(xaM@@6XS(~k	M@@)T(\}L@@h\^`V(\(@L@@\o\V(\e\-K@@\X(J@@-vZ(\\>QJ@@(\\(%\J@@:\](r\I@@+](\QI@@.S\\(gI@@@j[(I@@-sZ(\\'H0I@@\\\\\X(Rd=I@@\9W(\\\\BI@@{&3V(?>I@@a\\:\T(oe\2I@@?mTS(VWI@@b+hZR(	nH@@E>\'Q(\'HlG@@\\P(RhG@@RxP(i\F@@\pt\N(\\\\F@@\S4M(=\F@@RL(>\LF@@\'K(&m\E@@c0\K(i4E@@o\\n\J(\\\D@@O:`J(N\'\\rD@@Pi4I(]\\'D@@f-G(d;\OC@@+/E(\|\XC@@\ZKD(\iO\9C@@\C(L8C@@\\A(\\\B@@\L?(&p\nB@@5~\$?(/\nB@@\2>(v\A@@\bc>(\q\_A@@.R(?(\\6@@@\"1A\r?(?i@@@U1>(-$@@@O\I\=(\'v?@@y\=(\:\?@@\^\'=(8\\m>@@_=(py>@@`p\=(+0du=@@U.T<(4\=@@,z=({\`<@@8k=(\e\\@;@@3>(\\\:@@\'|?(-x\W:@@sh\|?(\\ZI:@@28*?(*:@@\B>(\3.:@@Uy<(\\0:@@$\9:(\\9@@\\8(\c\T9@@\	7(\5\8@@(\6(\8@@\E\n5(n/8@@wg\3(4B8@@Ja\\L3(qx\7@@\~3(M*\Zk7@@\n1(\<7@@KxB?1(zm\6@@\\0(v5y\j6@@*\P0(5@@WL0(#*T75@@I0(Rr4@@rZ1(\uoE4@@-1(I%r3@@pC2(\I\\2@@ \"5\2(l;m2@@@4\2(\Q\2@@z\1(2Q\1@@d_1(GN1@@T\0g\0(n\\p1@@>Y1\\0(1|DL0@@y\Z/(&0@@JA4.(:0@@/3l+((CUL/@@S]\+(\s\.@@r\\Q)(\\0OZ.@@\\((.@@J4*((\8a.@@\\e&(\ZX.@@%:\$(\-s.@@q!\F\"($]J].@@\(A{-@@-y<-(oa-@@`\0\C(\\a-@@>(@,@@Tn.(6\\+@@|F(\+@@W\, (*5{+@@=B\"(mYg|+@@:x&4I$(yq\*@@\	_\&(\\)@@\((s69|(@@\na\'(\b\\\'@@O\\((\"N\'\'@@/m8,\r,(JEc\\&@@Dk-(\\F&@@\\.(\\8\\$@@\\"2(E\\Z$@@L<3([\#@@|5(s+$@@\v\6(`5\!$@@\l8(\\#@@\ZX:(>\\Z-$@@};@(\\C\#@@~k	I(\B\"@@;\ZJ(\\\"#@@&%\N(\\ID#@@ZxZ~P(U1$@@i\Q\T(\u\Zi%@@|EV(PQ+%@@T\\W(0Qd%@@\wZ(.%@@\\L0\\(PQ+%@@\v>X^(MKF&@@<H_(@KW&@@`8_(Cl\&@@Cl`(P\\\&@@\;Jb(G ^\/&@@V+~g(!\\	L%@@\'\Qk(\(\$@@t><k($@@\\Nl(C8f$@@\t(rP\L\#@@\fd{(\\#@@\u\Zi|(#@@7\(\\=#@@\]M(>6#@@\\l\(\\n#@@P%(\_w#@@_(`;(V\f#@@\Jvl(\5w\"@@	pz\(\A\L!@@\,s(\8!@@.\:(1\'h\!@@{P(\\!@@\MFa(nK\!@@ {\(_cD @@\Y(\0\3h\@@	YK(P,@@\`(\rND@@x?n(2\\Y@@?6(\{*@@]0\(e73\@@@2:=(W#\2@@B\(b@@YX((\\r@@\M((U\-\@@tA}(H5\\@@(8\'()]@@r\{(\\1@@(F=D@@(\/fKV@@\\r0(8d@@aMe(q]\Z@@dx\g(Do@@Q<(uV\1@@>(B@@\vhX(~8gD@@\\=\'o(\\0d@@BA)Z(JGp@@\0(]n0\a@@\|\X(KK@@`_?(nlv@@fO7P(\\r:@@p|\%(<l\"3@@|y\\(@@g\67\(Mc{-@@<.\(\.5@@H\Q\(\\!@@\x\(\	K@@\(b0\@@x\Z\(\@@-v\(\Sr3@@\6\\(J4*@@+5{\(Y.@@\'\"\\(Z/r@@g+\(\SW>@@\0\(\@@\\(\Nj@@]\(}\@@\\bg\(K\1@@rk\m\(|S@@=\\(6\0@@!yv\(M\nJ\@@R^+\(X8I\@@TD\[\(LO\@@^\(\P1\\@@FSw\(:6U@@-	PS\\(\c\\ @@\\0\(\'@@n\@\\(&L1@@^2\\(q $@@am\(_@@\U\6\\(`-@@o\(@@m\p(6,\n@@&l?(ywd6@@C (p^j@@\_(z\@@\(Ac\]@@_(\|x @@@P%(\Z\Z@@6\\n\0)P\W@@X\0)\)n@@\)l\\@@R\\\\)}\\\E@@cD)\~K@@\:8\)I@@0Xr\r)<e5]@@[\)Y.@@T)~\D@@\r\\)@@4Op)\-\\@@C\)\@@l]j~)[O@@\r)J\4@@Sul\Z)[A\+@@i5$\)n\!@@dP3$)[\@@Zbe4))\T@@3.n+)\\\O@@\nU.)\{/@@\0\ZK2);\u@@>x5),)@@\;jL9)u\&@@\\A%;)\\	/\r@@\'\_=)^\r@@}\=)d\Tk\r@@\Zh>?)iP4\r@@\m3\A)\zp\@@\JI)\"H@@i9\CmK)+\@@ \X4M)\@@kJGO)\@@\\\mOP)\a@@-\(Q)\'@@<T)bHN&n@@xcAaPV)N	I\n@@@\\X)1`\U,\n@@\HrZ){/	@@q{[)	@@\\\\)nl	@@x%\s}_)S\Z\n@@\Zg\`)QI\n@@9EGr_)Dio@@g8\_)Y@@\'.`)\_@@&Sb)5@@Mhd)\V%}@@#\M)e)\/fKV@@\5\\h)/\n\\n@@\\Uj)zm\\n@@`\-m)\\n@@\\n)5\\n@@\Z4Opq)3R\n@@\eOs)&\\s|\n@@lt)\e\n@@obHN&v)7\\Z\n@@U\x)\1	@@:=\z)y0DN	@@>;\z)\R\@@\$\\z)/\L@@&fe{)@@m\|)1\\Z@@G\'|)FA@@9Cq|)C3@@d\\A%~)=Y@@-\~)\\~@@0k)\@@\!o)Z\7\@@d\p)SYvQ@@)\b)@@-cyW)_vj.	@@}A	)xe	@@\w)\o_\	@@@\\v)	@@\\[v)X\@@\WXp)\:@@|?mT)ZEh\@@\\)@@+1\JZ)d@@A&9)\\l\@@M)J\@@wD\)\@@\')\[[%@@D\\)\K@@Q)tA}@@|A)\\#@@\B)N;P@@\\\\na)i\L@@2\0Tq\){mm@@xE))@@qW\")I[\@@ |()\@@#fy);@@)[DA@@x!)Q5U@@]/M)F1@@2)gaO;@@XT\\$)@@#^)5[@@)h@@6\\)\Z$@@%\/)\ Z+\@@\\m)\@@p\i)$~\\Z.@@p!\)\@@N*\Zk)\S\@@0\\\)-cyW@@x)&L1@@M:/)H\\0@@(\v)G<\\0@@\\)Z_\0@@^)8L\0@@a)wGo\0@@z<d)hhs\0@@\)yt\\?@x\nR)w\\?@x\\T)b?@H)o?@Z\7)\?@>?)c\3?@yq)x]`?@\{\_)\n1\0@@\~K)~7C\0@@\)\JY\0@@\T)Rc\0@@+\	)(Hlw\0@@\p\)m\o?@Ac&)a\\+?@\\nD)\=yX?@-\\)\9\\?@-$`ty\)bd?@\p\\\)h\\n?@)U\\)\'f\?@B^~\)\\u?@\N\"\)Y5s?@ x|{\)z??@r\Sr\)d\\?@.rOWw\)\\/fK?@\I\)\?@[)\eS?@,\E|)J\o	?@[)\\?@)\?@\"\k^\)\W\\?@\5>\)u\?@n2o\)\%qVD?@}ZEh\)\G5\?@\<+i\\)UfJ\?@B\)\0\'h?@\\)33333?@M1AG\)2: 	?@_\:\)I&\?@{\)P?@s\\)l;m?@1>\\)g(\x?@n\\)8\GnM?@DP5z5\)_?@_(`;\)N\1?@vR_v\)bd?@z\\)/\|\?@cC7\)f/\N\?@\-\)x\nR\\?@gB\)[\d8\?@\\)I6\?@o\)tz\?@Sz\)\2\\?@R\\\)e\ZM.\\?@uX\)\\M\?@\\\)\?@m\<+\)\W\?@\i\) (\{\?@)k{\))$\;\?@+\\).\|\?@~7C\)sG\?@#\)\/\?@7\)\:8\?@#\\)\?@{\)\nLu\?@\cx\\)_F\?@W\\)*Ral!\?@T\d\)/\?@$\)]\a\?@6l\\)!\Z\?@\\)aQ\?@GR^\)J\\?@4iSu\)hhs\?@2\\)\Z\\A\?@\,A\)l\\C\?@\oB)\Y\?@SX)\u\?@T8T)\a0\?@h]\@)<\r$\?@p|\%).\\?@Fa\\r)40&\?@.\)m\{\?@]P\2)&\?@<\\)\\?@fffff)Q1\\?@\)\PMI\?@\z2*Os\?@bd\*6\\-\?@If*5\?@~*\l#\?@DkE\*1\	\\?@{Z\'*HV\n\?@\zM*?\\'\?@6M*W\?@}\\	*\\n|\?@\*^\Y-\?@m\*\\W\\?@\\q5*E\\Z\?@cD(\n*\Z\?@\\M	*@z\\?@6\	*j\L\?@*QN\?@`V(\*B\?@t\\gy*#\?@_[?*J\E\?@\8j*.KR\?@Su8*F \?@a4+*.o\?@\l*\\\\?@IIC*y\\T\?@a\*\\c\?@9d\*{)<h\?@\*-\?@a^Cp*K!q\?@\v\0\r*v-\?@oJy*\?@I*o\'\?@=6*|F\"4\?@+j0*\?@\\$[]*\@\?@\,\i*/\\?@;k]*+\\6\?@mt\Oq*\5\"\?@W}*\:\?@lZ)r!*_\?@\%\2\"*B\\"LQ\?@h\HK%*\	m\?@0du\$*\I\?@\"r$*\Y5\\?@a8\0C#*\R1\?@\"*\H5\?@\\+\#*\\\'\?@n\%*?mT\?@P6\\n\2*v\\?@2Y\d2*\\?@\\0*\\\;\?@\V%}0*lw\?@v0*%]3f\?@d732*RE\?@\ \hU3*y\'e\?@%\\\4*]2\\?@\>6*[\A\?@u7Ou8*#^\?@p:\8*\\#\?@\04J7*@\?@Z\Q6*X\?@|R4*.\\?@Dj\\43*\ \?@i1*u\a\?@\\\/*r2q \?@>\-*}\"O?@I,*%?@\\7+*Z\'.?@\,*\\r0?@/-*<\8b-?@i\Z\0*D.l?@(^em3*W	3?@	4\\y4*(?@:\\5*\&\?@\&7**\\F?@5(8*l>\r?@7qrC9*|\.P?@H\Q9*\Y?@\\:*3f?@\>*\p\W?@\>@*	\P?@\\vhXD*5N\?@$\F*E\'K?@\E_AI*$?@~SXJ*2F?@`?\O*36t??@cAJP*T?@E\VQ*,\Z?@\npUR*B 8?@#\S*@7n?@+,U*,D?@]lZ)Z*F\j?@M\[*\d?@+C3O^*1/?@:\H_*jl?@\}`*ZP?@,\'a*\E|\'?@3\b*yGsd?@oe\2c*f\\?@-s,f*%W@?@8k*g*8?@*\h*(vU?@I0\\Zj*\"H?@\\\k*]x?@KF>o*xG\j?@9\\m4p*\'\+V?@!r*%\"?@\\Ur*.?@Qmx*/?@P:`y*B\%U?@q\'}*\Li?@T*\lIF?@\K6l*i\q?@\\h\*\g?@y\0*jI?@\\L*>?@c\]K*d?@\q*^\I?@\ZD*C\b?@Y0GQ*\\?@\*RZ?@0\70*\\!\?@*4*I\\\?@/>:u*GTn?@\)*>[?@A\<*\j?@uX*\?@\nUf*j\q?@\\|@*\M?@O\*5?@+g*?@cbqm*\q\\r?@PR`L*u?@`\\*Sz?@V*\*?@we*\_?@\\*\?@O\9*^\Y-?@(\\G*ut\\\?@.py*^H0?@\&*\_Z\\'?@\Y*4E`?@\,	PS*:r?@\r*{Nz\?@;\G*!\Z?@J+*@?@sL*\\?@\`R|*>@\?@*~?@Rb*j*?@W\I\*t@\?@m*\i&?@S*C5%?@P%*F\?@{i\0*/m8,\r?@\'k\C4\*\n2?@F\\\*X%?@\\\B\*\?@<i\\*9{\\?@\\n~b\*ky\z?@L$z\* )\"\*?@\\{,\*&5?@d\,\\*QlMK?@\bD\*\t?@Rd=\*x?@Sz\*F\?@\+\*l\\TO?@an\*\?@l\u\*u;?@Y_\"\\*`?@\d\\\*!r?@[T\*]2\?@l>\r\*#M<?@kF\*D\d?@LM7\*TTJ?@(\\=\*H\9?@4\*d\?@l\*\]gE?@\\_Z\*f?@\\*r0\0?@UJ\\*\\uS~?@^~\\*?\,}?@\0\*!\|?@V\*\'2s\{?@JGp\*MI\\\z?@p $\*\\\1w?@:vP\*v?@T\*;Mfu?@\*+mq\t?@DO\*GQg\q?@C\\\*}\Xp?@\TG\*L\\\o?@\Wy\*=^Ho?@a2U0*\*Qio?@\*W\fn?@\"\*I\\\*m?@Rh\*+\l?@\na\**4l?@QhY\*><Kl?@\ \*\o\n+l?@\-]\*}\.PRl?@\\]\*+dl?@\I\*\^\l?@\"5\b*\_{fm?@\@m*q\\m?@75\|*\;\~n?@*\*\Z\o?@\@9w*~so?@\-*JV\\o?@\0*\\{n?@F*F\g\m?@R{*\A^&m?@\*1a4+\k?@b*0EH\j?@@*t{i?@\Zv*r1\qh?@\?2:*\\wg?@:\\r*\\vf?@\\H*\&\0f?@n*P<f?@\\*`<e?@i\'*v\e?@yC*be?@Z)r*(~ke?@\yS*0d?@Br*\Rd?@*\\pc?@u\y*\Z/\$b?@\/*`a?@\\6*3`?@(*o_?@\-*KU^?@a*vq\r\]?@\\y7*\VS^?@\*wG^?@/0+\~*k\^?@\\W|*T9\)9_?@d73y*\\t`?@[t*:\0U`?@o$\r*!Y`?@X9\p*\;a?@\b0m*YLl>a?@\j*L5b?@\\\Jg*)_\Bb?@:x&4Id* \\a?@\\9#b*\1 {a?@8+`*l\\TO^?@\-[*.\;1\]?@>h\\Y*&\]?@Q\X*,D]?@@MU*\'v]?@R*\\\D]?@T3k)P*\Q\\?@\I\5O*Fve\\?@n/iN*\_!se\\?@\!S>M*d\\?@O\E*\\n\\?@	C*r75\\\?@3\B*?\,]?@Jh@*S\\U]]?@d\\A%>*\	m]?@m<*\]?@sJ_9*oG8-x]?@RAE\7*Z\]?@\}5*\25	\\\?@pvk4*b\\?@\6De3*\U\V?@KWx\"*\.m8,Y?@W<\*!<\8Z?@k\}\n*fN\\Z?@\\?)\R?@\\9\})%}eI?@u\)x\'??@Y/\).;\?l5?@\9)-?@e\X*\\8\r%?@mB<*\T?@	?*MKF?@\\\0qW)\Y\\?@\\);/K;?@2\\)6\\>@\'3\Vz\)t\Y\>@\j{\)T\\$[\>@\\\)\>@?N0\) \\>@4f\)\\"\\>@ux\\)-$`ty>@wd6\)W\n\\\\>@@3iS)\\\>@p1=)H>@)_>Y1>@\>`z)BY\>@2Al)?q\0\>@ \o_V)\^f>@vn\P):z>@\R$?)1\c>@oe\23)\1=B>@MEC)w\\Z>@k\H)\\[%X>@ua9)70>@&l?))>@il)`>@\\\\0)>@}\)Ym_u|>@G8-x\(Qi{>@:p\(}W>@\2R\\(\;jL>@N*\Zk(o\>@t><(9\'0v>@W}(fyl>@++(d:tzf>@ (W[>@(*R>@2\(	G>@\M(D(\gy\=>@=^Hw(\&N\3>@\=jn($~\\Z.*>@\p<i(\!>@\\\](*\\g\\>@.KRQ(\*\]g>@\j\\?(\`\Z>@\"40(-\n>@fC(\p\\=@\_Z\\'(pQ=@UW(2SZ\=@\\=\'o(()\0\=@\\\'(B\=@%s<(0\=@R\hJ(\x:\=@\n1H(\n\\=@\lD(\n\F\=@G\g\uC(~W[\=@]x@(\=@\\?(4J\=@^\>(0\a[\=@M-[\<(\\\=@\\4\:(is\=@59(\\\=@H}8(SvA]\=@\06(w;S\\=@\\9?5(1\q\=@B&93(K\\=@D\1(	2*\=@\^0(\\ZJ\E\=@\\.(\ \=@.(\\=@%vmo,(k\\=@&\:*(\\m\=@j\G)(\O}:\=@5\\o((^-wf\=@u=\u\\'(s\=@u\a&(}.\=@ZGUD%(/Xni\=@;V)=\#(oC\\=@a8\0C#(S<.E\=@\>\\"(`\U,~\=@Cf\"(\o\\\=@9FG!(b\vK\=@\\\0!(\0\=@F\T=(\\\\=@\r\(~31\=@\05(\\0l@\=@l(R`L\=@\8#(oc#\\=@+6+(\v\=@7p\(\0t//\=@Z\\((\=@K\\\(\=@Y\\;(%C\=@\\\'(x\\=@2:=\(ut\\\\=@2W\r(8N\n\=@x\(\\f\=@x\\n(\\=@\	(QfL2\=@=\(M#\=@9\Z(!3\=@\s\v(a\\r\=@3Q\\(\(\\=@Hk:!(Xc\'\=@\"\Z(\r\W\B\=@=\r$}(\\>\=@\\V%(Y/r\=@;\bF\0(2r\=@\S\q\'\):\\=@\r34\'{1\\=@f\"\\'\w(\n\=@%w\Df\'\^\=@p\\'\YN\=@\\tp\'Q._x\=@&\Z\\'U\=@b\\'f}\=@Y/r\\'@\,\\=@F|\'f\\'$y\=@|\\\\'N\\=@m5\\\'V`\\\=@0(\\'Yk(\=@\,\\\\'~{\=@%Zx\\'\\=@*1	\\'\Z\=@\\\\\'[\\=@\\'q\\\=@-$`ty\\'g\=@\}\\'\"rl\=@(a\_\\'\\\=@\\r\\'e<\r\=@=\\'kQL\\=@\%\:\\'y\\A\=@\m\8\\'!!\\\=@]\l\\'\\=@\:8\\'Q,\=@S<\\'b\\=@\\\'\z2\=@\+\\'`\\\"\\=@\\\\\\'Ku/3\=@t\"\\'\+\=@u;O\\'O\6\=@}\\\E\\'M\\=@\\'s\\=@\6\\\'=`2\=@>\\'?:?>@+m\'\\8	S>@DKO\'\\q>@\&<\'Gtq>@N:\'0\\r\q>@B6\'I0ep>@\x:3\'Sx\\o>@2\'lY.o>@h\\'0\')x\nn>@56\.\'(\\n>@\\\4d,\'30n>@\N\"(\'\g\n>@||Bv\&\'\	o>@\rra\"\'D\\p>@\K\'\'^~q>@9@d\'% &\Br>@p#e\'(x>@\\\\'\\~x>@p\'\'Y\x>@9\\m4\0\'k\\y>@e&F	=z>@\j&\O\s\'|>@\6De&&\0*}>@y?n|&\zj\}>@W\o&M\>@GUD\&\\->@5\nIf&gaO;>@\jdWZ&&>@y\n&\{>@2&\w)u>@k\r\"&w\o>@	.V\&\4>@m5\\&lX>@1AG\&(#.>@\&i>@q\\&\r\n>@~\T\&\e>@\T\&\k>@k\ndv\&>@qa\\&Z(>@\U\\&G>@\T\&1`\U,>@s\&\l>@\: \&a>@\\Fu\&zk`>@(~k\&\9\\>@<\&p\">@ao\&\c?>@\g@&\rq7>@\\#&\K>@&\Nwx>@k\&\"w>@h&wN#>@Co&Q>@\k&Br>@47&T3k)>@N\&O&\8)\{>@\hV&>@<&\%\>@`<&CV>@,&\+>@=&',1607362055,1607362055,NULL,NULL),(7,'Northern',_binary '\\0\0\0\0\0\0\0\0\0\0\0\0\0\0\0\0JB\"m\\>@\"\g 5\\o\>@\#\rnk \t\\>@mm q\[u\>@c\\\q y7R\>@\	m9w  q\>@\PMI [\Y\>@\\UG L8\>@L\1 \\$\>@\\ Lo.\Z\>@2 (CUL\>@0 +1\JZ\>@\9 r1\q\>@(\ +j\>@\ 0\0\\>@}\ W\"P\>@\P\ I0\\Z\>@>\ \vKr\>@mV}\ WuV\>@\Li-\ $W@\>@jQL\ \/\>@6\\-!\p?@\\[<!,\}?@/n-!(\n?@6:2!`\?@\M)8!{!U?@R:!\\\?@\UG<!z\?@\w\@!\\?@\t=\uA!;Mf?@q\\A!u? ??@\';B!@\!?@r\\A!5u$?@\r{,}@!6\\n\r%?@\/@!5\'?@\6\>!Tl(?@&v=![z4)?@0*\<!mIF\*?@|&\Z<!5N\+?@4Op:!HZ\-?@\ZD6!\V.?@\\Va35!fN\\.?@6sHj4!.\\.?@\S\q3!U.?@VF.!\r\"\.?@A~6r\,!\\zi0?@S\\\-!L\*1?@\"O,!x\=\\2?@ [+!c3?@@/0*!\\\\4?@\\ne)!\"3<6?@\x\"(!A_7?@\;F*!\\8?@D$]+!cZ:?@D,!\0|D<?@,\/!XV\<?@s//!o\'=?@S<.E,!`\=?@y]`7,!0}!@?@MG\/!Xr\@?@_\2!<\r$A?@>[{3!e5]OtA?@\E|\'6!xx\A?@?7!^B?@;m\9!\Z1\cD?@0*=!\ZE?@t\\\>!\LMF?@*\\g\\@!`8G?@\@!(z\cH?@\p@! +\pI?@\[@!Y/rJ?@T?!K?@\dz>!\vK?@\np=!|+\L?@rP\L;!gM?@,f9!% &\BN?@\0n7!J\'L5O?@\.Q5!Rr/P?@;\zj5!@P?@\`66!YQiR?@Q\o&6!;\ZS?@d\0\6!\n-S?@\x8!\I\S?@J`s9!&L1U?@h8!\ZU?@\\\9!>?V?@s8!i\VV?@,\yp7!*W?@B$C7!`.X?@\t\9!P\\\X?@\Zn\9!\.4\Y?@n;9!I-LZ?@0h8!\\FZ?@ \\5!\i \[?@|Y5!\(@\\?@7C4!}	^\\?@>;\2!%)\ \\?@ *\/!\'\\\?@Hi.!\\\]?@5&\\\R-!cM^?@-\,!\_?@0a,!#2\`?@;Mf-!L\`?@PQ+/!-`?@aQ1!p1=a?@\r3!vRb?@7C4!\n2&c?@\36!De\c?@O;!1v\Kd?@[=!y7Rd?@#?!\e?@aQA!eg?@\\"\B!^/M\h?@LnYC!\zMj?@y;\iC!t\\\j?@~C!u=\u\k?@dP3D!:6m?@\w\-;D!D|n?@\ECD!P9&o?@d\D!.q?@0du\D!,\n(r?@%$\6D!\r?@\\\\E!\.us?@\7D!\\t?@)=\KE!\u6\u?@\\wF!-!lv?@toH!Vcw?@,J	J!yUgx?@H7\"N!M+y?@~PO!a\'\y?@P\Q!g?RDz?@\i2S!|\r{?@]J]2V!|E^\{?@,X!\v|?@Z!\I}?@\\\V]!\\I\'~?@}\O9^!\0{\~?@l\\^!\\r?@\n-\`!\EC?@\\W_!\'0?@g]!\?@|	\\!\~d?@#*\\!	s\r?@+hZbe\\!;\u?@\)\\!l#?@&OYM_!\9?@)%`!\.Q?@ZkBb!|,}?@^\d!P\I\5?@E\f!!sePm?@eIi!?@(Ik!5Y?@\\m!q\Z\n?@Ur!r3?@\&jinu!)\0\3?@_\x!\"6X8I?@&fe{!e8?@\1~!k	i?@E*k!46<?@k!;?@q&!5\($?@n\\)!.?@2*A!i?@\}!S1#?@@_!h[?@\\2!\P?@\\j+!0?@(\x!\0?@]m!&fe?@<O<g!h[\:\?@\#G!`?@::F!T\\ ?@\|\!\(?@B\\\D!\)9\'?@>!A?@Co!/\\?@.!\"1\?@Z!\k?@\o\n+!\Pj/?@zPPV!-AF@?@*\\g\\!\\q?@u\0\]\!\\2?@cZ\!49A?@8Mp\!\8\0?@\\\!fH?@\3\X\!?@\p\!]\\?@_x%\\!D|?@\\\9\!px?@+\]\!+J	?@\F\!M\g?@d\C\\!-z?@F\!\5\"?@|\!5C?@\K\!4f?@\%\\\!1\'h?@tLh\!\ne\\k?@t//\!\/\\r?@R\!T?@U-\!N\P\?@\\\!M\rO\?@\\*C\!qR\?@!3\!YO\?@}?5^\!_w\?@P5z5@\!x7N\n\?@[?g\\!)\\'$\?@c\ZB>\!z\\?@\\!cFx{\?@I+\! \X\?@k\}\!am\?@z6>W\!7\',\?@xADj\\!n\t\\?@5~\$\!q9^\\?@^2\!:\Z\?@|\.P\!Tn.\?@3\k\!b\4\\?@N\\\!Ec\\l\?@0&\!\YN\?@y\w\!Eb?@+\!X\0?@\n)?\!Hi?@|\!i?@\r\!cyW=?@\Z[ A\!\0\'h\?@t\"\!a\?@$\}!*~\?@hx\!\\\?@\w!W\f\?@\\&!\n?@\jd!\\r0?@#W<\0\"T\{F\"?@Ip\"\)?@\\e\"?@[rP\n\"t(?@\"7\Nx	?@@\"\cw?@@5_\r\"\?&M?@\\Z\"\$?@\5\Ko\"&?@\S\0g\"`\s?@C\"\n5?@F\"MHk:?@%\j\"VfJ\o?@1C\ \"\%\:?@Ad&\\"F?@^c\\Z\"?:?@\\vhX\"\&1?@} y\P\"=a?@u\\"\p;4,?@Ec\\l\">+N?@\:8 \"&l?@\-\|!\"\\0?@\\}\"\"S\"?@\d\VA$\"|[T?@bi\G5$\"\S4@@x\'#\"\e6@@Bl\"\\p@@\y]\Z\",\S\@@Y0GQ\"[DA\n@@\r\"=+i\7@@\F\"v@@8Q\"\\'@@~u\r\"<p\@@\\W\"(\r5\nI@@8L\"(8\'@@4\($)\"\0S@@\c> \)\"L8@@B\O*\"2\FY@@^+\"\'n@@ao,\"IH@@A$C-\"	i@@\/\\r\.\"\kA\@@L\1\"\\m@@\R2\"\[\b@@\nH4\"(-\\Va@@k{5\"9\rQ?@@\\\=7\"u@@kF8\"\k\@@\:\"\\w\@@\0\\\Q;\"\@@*\#<\"5c\tv@@\D\@\"@@w0b\0B\"f\@@5\r\D\"\R@@(N>E\"\@@\\F\"i\@@!6XH\"@4\@@rjg\J\"\;F@@!\>\0M\"$a\N\"@@\n\\IO\"\3K@@:<\P\"P29@@&\Z\)T\"\#@@N\1U\"\"S>U@@hzLW\"}V)@@\\zVX\"\"k\r@@Y\"I	@@Fw;[\"\>9\n@@(\\\"\R\@@h\^\"`@@u\`\"75\|@@ \a\"1\%@@;\yb\"u\@@` c\"@@Ll>\re\"\WXp@@\*\pf\"LN@@kBZch\"QI@@\\<\j\"B@@m\06 Bl\"X\+@@@n\"CR@@\3r\"\Z@@VBwIt\"g\\@@VGtv\"Un2@@Ssy\"K@@\	{\"\nG@@\\|\"\R@@u\\p~\"d\b\@@4w\\"&@@\9\}\\"|Y@@$>w\"8k@@$\rnk\"|&\Z@@\\0l@\"HQ@@t\"Mg\'@@]\\Z\"c\@@J8\"\\@@pY\"Lk\\^@@\r\"-v@@};\"\y7@@\0vi\"v\1<@@4\<\"E`o@@:W\")\@@\"\\&@@\{\\"ge@@*~\"\\r@@Ef\"?\Z@@,AF@\"9\Z\Z@@G\"s4\Z@@\\\3\?\"\\Z@@\"\\T2\"kC\8@@dY0G\"X\0S@@ \"mW\e@@l\"\V*@@0\\"/K;5@@\]\"\\t@@\\A\"\!\Q@@3<Fy\"$\}@@7\"K?a@@\"\"S>U@@/\"?nJ@@1[*\"yY|@@\\\\"(\\\@@S:X\"\\\ @@o\rl`\"\Z @@d73\\"\+e\ @@((E+\\"]5\ @@\)\\"9U!@@_\\"\nIf!@@0!\\"l @@`\\"\\riT\ @@?\\\"_\\ @@\\"\"D @@\|\\"\9 @@\\"J% @@\L\\"\ @@w\\\\"GT @@Ss\\"Y2\ @@\\0d\\\"\@-!@@\\\\"tb\c!@@&\\\'d\\"~T\~!@@8\\"	!@@ZJP\\"\v/\!@@.\\"F;n!@@od\\"?S[\"@@z6>W\\"3\"@@2W\\"!@@\\"\"\CX!@@\"\"T\!@@\"Z$9!@@\\\"HPs!@@;3\"M\!@@Qf\"!@@+d\"+\MF!@@w##\r.\!@@\\\0#P<\"@@IFq#?5^I\"@@(\'\UH	#&<Y\"@@g\n#2p\"@@\\S #T\"@@8k\r#qqTn\"@@$}ZE# \nfL\"@@[\\#@C\\"@@Hqh#\\C\"@@P\\"#F{#@@=r#l\)#@@u\\#SD#@@y#7\Y#@@\n2#n2o#@@#ph#@@\. #2;\#@@K##\\\$@@x?n$#\"R\.$@@d:tz\%#kc$@@\\eO\'#Z\$@@\(#]\%@@F\@)#3m\J%@@\\O*#p\i%@@\c\"\,#Zd%@@M\..#SZ%@@\<00#s\\'@@-X8#X\E(@@\p\Ws8#h+m(@@^s9#((@@W9\m:#%<(@@];#v\(@@R	O\=#r5+-)@@Yj\h?#\Zd)@@k\SUh@#GC)@@\I}Y\A#IV\)@@\\B#\Nj*@@L\D#\`*@@<	F#e\*@@q::F#4\\*@@\n$>G#1Mc+@@ \=H#Z+@@\+e\H#\+,,@@lXSI#c\\qq,@@/hJ#I,@@LjK#7/N,@@\\\M#\;J,@@\\N#\&1,@@X\+Q#\\-@@bhurR#\Q-@@_9\S#O\\\-@@J?\\V#\GC-@@AX#*\T-@@=1XY#8+\,@@c[#Su8,@@\g@]#S,@@/^#\+@@1o#+@@}.q#\i\+@@\Cr#*6\u\+@@\\s#2\+@@\\t#.\\e+@@Vv#9\,@@\x#&75,@@\%\y#\'I\L,@@?z#\d,@@x\Wf|#w,@@,z}#i+@@\#._x%+@@hX\~#v*@@\\1~#)@@,\F<\}#1zn)@@j}#\`\(@@\3~#\/(@@\l\?3#\t=\u\'@@\ r#=\'@@ \E\ne#\0\&@@\!#:\l&@@\S#\M~N&@@(r#nnLOX&@@\\#3&@@s\n#\'%\\%@@66#Kw\%@@\\Z#X%@@\\m4#\Ze3$@@W\#*$@@A#xa#@@\\\r#dZ\\"@@$\F#\"@@Z#\\.u!@@\8b-># C\*!@@\nj#-	PS\ @@k*#\ @@S#*:\ @@#g,\N @@\?#\\\O@@\n(z\#\}9@@X}w#Yt@@\l\%#\V	@@\(#\@@#\Z\1@@FZ*o#U\z@@\.Q5#k\t@@bFx{#\'.\+@@NCT\#E^@@\c\"##GG@@v#\*@@i#P\I\5@@D@#5\Z@@MJ\#t(%\Z@@9#@@\'\UH#B@@|%#\\@@3}#\o^@@E,b\a#\r\o@@ek#\nI\@@62;#EKO\@@&\"\#\>\\@@q#@t@@OrM#{h@@A#G\n@@#	2*@@z4#427@@*#\\V\/@@o;2V#\O\\@@_%#+mq\@@\<+i#\z2@@\n#6\Nx@@\\OV\#c+hZb@@S:X\#CR@@@.q\\#k@@\#pxADj@@\\\n~\#Ln@@*nE\#%\\@@{\#S@@x\\#$\pt@@?\#gx@@\\r0\#A~6r\@@S\q\#6\@@4Y\#\&p\@@	SK\\#E|V@@\\Z\\#q\\@@K\#7n1?@@s(CU\#\\@@]2\#\=j@@&\#\3K@@C6.\#p]1#@@\\#\#np@@\\\#A\@@\\T\#\@@t\\\J\#\\_Z\@@lMK\#[\\@@\\#/g@@b(\#K@@\C|\#\\\\@@\\#\\l#@@s=A\#Un@@4~\\#a@@H\Z\\\#`\eM,@@0\\Z\n#)x\nR@@\\&\#N\@@p\#\Zh@@\\#\'@@!\#\c\\@@y\Z0H#c{-\@@L8#|\@@~{\#\|\@@1=a#K!q@@$-s@@\\E$@@\'$b(\'\@@\'\\$\/o@@P6\\n$rZ@@\rJ_$[@@Q0c\n\$\0VGt@@a\\+e	$Tq\\r@@}\\*\	$tw\r@@VE\n$F\@\r@@4\k\\n$4@@Ku/$mscz\@@U$.\@@g\s\r$Hi@@W\$\\9{g@@\\V\$x\q@@3($|]\n@@\\\\$M\n@@\!\\T$e\ZM.\n@@\r4s$\\\	@@\ $bd	@@J\$9B\@@m8,\r$7@@O\\\\$5\@@\0U\$}@@{/h$Mn@@f\$t_\lW@@$\@@S\"^$Y\@@h[\:$x\\T@@&7$@@@\ $ y\P@@X7\#$.rOWw@@+j0%$I0\\Z@@Q}&$UW@@\\fG\'$\MbX@@y\($\qt@@=\($Gw;S@@=	l\)$\\\*\@@\'JB\"m+$IZ\0@@&4I,)/$T[\0@@>v()0$\=j\0@@3$\0@@Or5$\"D\0@@\h\07$Gve\0@@\\riT8$\Z1\c\0@@b.\9$Ve\?@y9\;$v;O<?@\,>$0DN_?@e@$=)\Z\0@@w*B$\F<\\\0@@q6D$4-2\Z@@\g\D$M7Q@@1\F$n\\S@@\Q\I$\\\\l@@zCnK$@\\v@@\qN$Om@@\\P$\\rx\'@@\3KT$\G5\\0@@\T$\\0@@\+X$z\0@@\J[$i{\0@@;O\0]$\\0@@\^$x\@@\;_$C3@@b$#\#\@@@\\d$8>[@@oEEf$\0{\0@@Mh$f\\0@@=k$\c\0@@\vL\m$\\0@@8-x\Wp$\}\0@@`r$5;\0@@+.\u$QC\0@@sLx$U?@\?&M{$:/K?@\:T{$\%\\?@Dy$S?@\xJxz$o?@N@a{$y\z\L?@fv|$vU?@\\~$!?@(\{\$E?@L\$ ?@\$&?@)$5_%?@QH$\?@*$\\\y7?@\0Q$)=\K?@~$\G5\?@$\ !\?@Q_$jl?@#S$\\b?@\\\=$!q4?@7n1?7$A\S?@W[\$,`?@4\'/2$uYLl>?@A\v$]QJV?@)t^$[Z\r?@\($$x\'-\\?@\ >$\\\\\?@h!$\\r-\?@x$Ac&\?@t$\'.\?@5\e$g\\S \?@\D2$\\?@\o	?$rzf\?@$\\?@H$Z\c\?@dyW=`$3\O\?@\"1A\r$X|\?@\^\$1\\?@>$a\?@s.\Ue$aTR\'\?@\A\L$x\\!\?@oe\2$\8\\?@{2$\\w\?@:$=,\\?@H|$JC\?@\\$\\h\?@\t$0(\\?@\Xl\$\0M\\?@\g\\`\$Kw\\?@Z	\%\${h\?@sh\|\$vQ\?@a\n+\$qS\\?@\w\$\x\n\?@HJz\$rjg\\?@vk\\$\\\?@Z*oG8\$\\\O\?@\r\$w-!\?@\\\$&7\?@b\$Zd;\\?@W zR\$\?@	MK\$C,cC\?@	\$\Mq\Z\?@\'K\$8*\?@\r:\$	\\?@\a\\$\\?@\HK\\$\rK\?@~\!\$\{\\\?@\\O\s\$\z\?@2t\$X9\\?@S\"^F$^\?@s~\$s69\?@4J%$\%\2\?@V|C$oG8-x?@F\\\\$?@{\$`\\V?@\`\$\"5\b?@\$\AA)Z?@\,A$ =E?@9{\\$Av?@)\^\$s,&6?@\uB$z?@wG$jI?@&S%e2?@#-#%H?@jkD0%/?@\\\%\n1?@R<%L?@\\E%?@g%r4GV~?@IK\\%<$?@cz\%\k]j?@\&N\%B#?@+g\%O\?@\r\r%i\L?@U3k) \r%+i\7?@D1y\%?S[?@t3%	2*?@A%J	z?@oa\%?@\?%i3NC?@]\%m;m?@B\%\%\/?@\\%V\1?@a\'\%\?@R~R\%ZEh\?@LH%F\r2?@G\g\u#%\W?@f#%Swe?@w1\t#%\p?@\ZL#%&\\\'?@\\\"%\?@E\r2!%Pv0?@\ %\\0OZ?@`\"\:%6ZP?@h\'%\-\?@v() %\E\n?@\Ko.\"%Z\Z?@G\\%%`E?@u \\\'%jGq?@H\\\\\)%.9\?@Va*%	Ln?@F\\+%g?@7\N,%@\?@\e6,%\'XQ?@.\R,%eP3~?@\rJ@L*%p(|~?@)\"\*\(%\\\;}?@\\'%AI0}?@z\&%2\\|?@;\\R%%H6W\s|?@\!S>$%Q|?@GtF#%\\\={?@d73\"%Maz?@!%\#z?@5[!%P\Ry?@C\\ %	kc\w?@9\\%.\|v?@@OI%Dl\u?@}i%I\\\*u?@U	g%\\Zs?@b*\3\"%\\!s?@\\"M#%/O\Rr?@f%%WLp?@Z*%+fo?@\\\+%\C\n?@\5=((-%L5n?@zI|.%_Rl?@ip[[0%\rk*k?@	%W1%5?j?@i\\i1%v4h?@\\4\2%\\n(\g?@Fw;3%F{g?@?mT3%ue?@Y\d:4%\6c?@2\g@5%a?@\\fG7%^\pX\Z`?@JY8%\uX_?@6\09%n]?@	g9%r\_![?@\3I:%TD\[Z?@:%UK:\X?@p=\n\;%yVW?@>\r\<%dST?@7N\n>%cG\PS?@>W[?%GW\\:S?@\ZH@%S?@E<D%+jS?@#E%T?@x$^F%\\\T?@d;\OG%[dU?@\ZH%sePmpV?@6v\I%t\\\V?@_AhJ%5\a0W?@\K%DW?@\v>XN%t\\U?@O%V\\\4U?@3o\uN%\\gS?@M%;Ug$R?@\fM%Tt$P?@mp\"M%\0]O?@vkN%[\:\N?@\\O%\"\{N?@<(AQ%y:WN?@\S%\[X7\M?@\\U]T%\fM?@\\CU%Q5UN?@\iZ%\N?@\2R\\\%TQ\N?@n\!^%; \N?@\\M_%\?N?@\ r`%uN?@4F\b%o\O?@j{\g%Z\'.\O?@i%c\tv2P?@[\Jj%\\|@O?@3l%w\\N?@(	m%R\qL?@\~p%RK?@\Zq%\7\J?@2t\r%#K\X\I?@zs%)\ \H?@\n+TTu% \=H?@JO\cv%\8jG?@Vw%fOG?@9x%jGqF?@k{%y%g\\E?@m\\y%\0\E?@\dqy%\D?@\\rx%0D?@-v%\{\_C?@|^\s%@-C?@Y2\r%I5CB?@\p%KA?@zn%&l??@\o%!9=?@C+r%:6U<?@\0\ZKr%\<?@t\%zs%\1\3/;?@\Z\0ms%&p\n:?@oe\2s%Sy;\i9?@Nar%\9?\q8?@q%t?Pn7?@=c_p%_\D6?@1%p%\\\m6?@\!p$p%IV\3?@\$\\\#p%\v\Z3?@\p%^Cp\\2?@\\c>p%)1?@;q%-\'0?@Sq%;s	\/?@b(\'r%r0/?@\\\Zr%j1x.?@{k`s%\\\\-?@\>Vs%6\\x\",?@k&\t%K;+?@P9u%y*?@;\Ov%r\{)?@\\P1\w%k(?@77\',y%\\q\\'?@*1	z%S\\'\&?@{%Gsd\%?@qX\ZQ}%2F$?@CVz~%\v#?@Gsd\%/l\V^\"?@AGZ%\!?@i%9!?@\\%q\\!?@obHN&%\!?@ZrL%I-L\"?@2\r%Cq\"?@Nt%PQ+#?@FCT%\$?@C%\'3\Vz%?@3\k%yt#,*&?@\05%\g&?@6\Ko%\\&?@F\%\e&?@S:%o&?@3}%\e&?@\\-\%\\'?@\,{%=~o\'?@4F\%7l[\(?@1\%7h*?@\\%fYJ+?@V\r\\\%\\^,?@\y%Dio-?@%iT\d/?@\/%o\0?@\%0*1?@%)%\1?@y\n%\2?@N_\\,%\&p\2?@\%[\7\q3?@/^|%\\3?@\'%\\t4?@p?\%\\c>4?@\0%r04?@Lk\%@M-[\3?@h%%\V3?@\r\\n%]\1?@\6h%%vmo0?@f%\y\9[0?@s\%`\/?@Ip%}qJ/?@ti%+J	.?@%j\0\n.?@v%zO\,?@|]%F+?@P4`%[d)?@\x\"%\\(?@<P<%\n$>\'?@$Di%\@-&?@Zc\	%rn\%?@\ZK%1#%?@1&%;$?@_%A&?@\\U%N\r4s\'?@1%%\a(?@q%8Q)?@u%\\I?*?@\;%7N\n*?@`\"\:%U2\0Tq+?@>W[%eN\,?@T-%F#W<-?@Ee%M0k-?@t~\%\-?@9Z\%;.?@c!:%n\!-?@81$\'%(\+?@\\([\%o*?@\;p\\%b)?@Hi\%L\)?@\[\b\%&(?@!\K\%+\'?@-X\%\@-\'?@^\%>\^&?@\\\'\%%Zx&?@f}\%=_\\6&?@\E\ne\\%\U+~%?@%r\%wIQ#?@\9x&4\%oEb\Z\"?@M,\\%f!?@\	Lu\%|l;!?@_\%f-?@\04J\%9GW?@S[\ \% ?@\%!\X4?@!\%#k$?@\rR\%3\?@K8\%5#?@F\T=\%$y?@J\%v\\Z?@!3\%3\\Z?@\\)\\%5?@\%\{L?@\\\%c\?@]\%\Z\\0l?@`\\\%ZKi?@]\\Z\%\V\?@\R\%h:;?@\%?\\\2?@77M\%@:s?@(\%i\Q\?@\\%7n1?7?@C\up\%S	O\?@\,\i\%\K\'?@og_y\%]5\?@^\n\%+d?@V\\\\%s\{?@~7C\%\\X?@\%(\4?@,cC7\%]3f?@}qJ\%=|\\?@\\\%\\&\?@);\%!\\	L?@GG\%{	?@pz\\\%$?@.\%n\?@&\%YL/?@>\%F?@JV\\\%j?@\%3o\u?@_D\1u\%\d\\?@F\%\?@\n\\%\bE\r?@}\%\w~Q?@*V\r\\\%;%?@&8\\%NW\?@bdU\%b0\?@Ug$B\%?@Os\%|?@r0\%\x:?@\\%\SW?@\0!\%w\?@6\\\%Av\0?@\%msp>@R\%`\\>@#tu\\%\vL>@lMK\%M\\>@\\m\%l?\\>@G\I\%pw\n>@\\m3\%	\V>@cZ\%\r{,}>@\S:\%D\>@\\%>@mR\%aUN>@Ex\%iQH2>@\(yu%\2\,%>@h\K6%s`>@6%WY\>@\%}Xo\\n>@{M\nJ%\s\>@\\'+%Y2\>@);%;I>@\%.\M\>@=N%S%\\R>@9\n\0&\K7>@a\0&!>\>@i\&C >@B	3m&\o_>@AV&\no>@W\&\9\\>@g\!\{&>@rP\L\&H0~>@\IU&>\D>@sG&zVo>@\J	&i\>@R\Q	&\hV\>@?	&C6.\>@\W\\\\n&\%\\>@\\9&\>@\&T^\rP\>@ ^\/\\r&\\>@&b.\n\>@\{\r&\h\\>@\\\&Rr\>@\K\&\@m\>@wE&+\>@`\\&\\>@\&\cg\>@\u+&/O\\>@\\!o!&W\>@P6\\n\\"&$)\ah\>@F$&1\\>@\5$&OS\\>@\\#&3P>\>@@g\"&\\\\>@g*!&FN\>@DJ &\w\>@2\&f\ikD\>@;Y\&g)YN\>@Gq&DN_\\\>@M&\e6\>@z\\"&{\>@O\\W \Z&\wE\>@!w(&mQf\>@3\\(%&n\V\>@r\}\(&\BW\"\>@/m8,\r,&\x:\>@\/0&WuV\>@xN4&_&\>@\7&Un\>@r\S:&G\r6u\>@\/<&\\U\>@~>&\\\\\>@to@&@3\\>@Y\B&S	O\\>@\\'bD&\O@\>@\#E&\\>@\G&.\>@0J\_\I&0\'\>@\K&;k]\>@v\ZiM&@\>@c\'N&\<\>@9MaQ&\N^\>@Vj-T&\N\\\>@*U\-U&T8T\>@+QrV&e\>@\Z\\W&E7\>@-zm[&i>@Q0c\n^&\\o>@aX5`&>@\3g}b&\\\3\?>@\\gyd&(~k>@.\Ue\e&F>@6Yi&U\7>@:Zn&X\I>@5up&\n\b>@iN^dr&\Z>@dt&&\\\'>@qqTnv&SW>>@\O=\x&\qn>@\V\z&z,C>@~P)|&7k>@2!}&b*\3>@\\^z&!9>@x&,\o>@\\u&#\\S>@\<@&+,>@to&y>@\&6>@\N\"&n\o>@i&=\>@u;O&\,\?>@o&:vP\>@@\j\&>>@KP\&\e\\@>@\#&~E}>@e5]Ot&:dw>@_sa&y	5>@\}&\M\>@]P&5\8EG>@1&rl=C>@&\\\/>@H|&\\>@\"4&j\q>@%\\&>>@\\n&\+>@=&CV>@,&\%\>@`<&>@<&\8)\{>@\hV&T3k)>@N\&O&Br>@47&Q>@\k&wN#>@Co&\"w>@h&\Nwx>@k\&\K>@&\rq7>@\\#&\c?>@\g@&p\">@ao\&\9\\>@<\&zk`>@(~k\&a>@\\Fu\&\l>@\: \&1`\U,>@s\&G>@\T\&Z(>@\U\\&>@qa\\&\k>@k\ndv\&\e>@\T\&\r\n>@~\T\&i>@q\\&(#.>@\&lX>@1AG\&\4>@m5\\&w\o>@	.V\&\w)u>@k\r\"&\{>@2&&>@y\n&gaO;>@\jdWZ&\\->@5\nIf&M\>@GUD\&\zj\}>@W\o&&\0*}>@y?n|&\O\s\'|>@\6De&F	=z>@\j&k\\y>@e&Y\x>@9\\m4\0\'\\~x>@p\'\'(x>@\\\\'u]>@Cr2q\&jj\Z_>@\ytu&\\'c\0>@\w&]\l=@Z\Z&PVW\=@\\n&V\n\=@W\&Z\=@Qi\\>&>w\\=@L\&u\Hg`\=@o1\&=}\=@\\U+\&8d\=@\\\&\\B\=@#\i\&\=@\Z&\\&|\=@aj\&!!\\\=@\QF\\\&f2\g\=@\\h&\*)\=@\mR	&w\'-\=@rP\L\&9(\=@2>\^&G ^\/\=@\r\\n&p?\\=@wG\&v\\=@=\\0&\2g\=@\p%\\o\=@\_%i\=@8d%\R\\=@D%(Hlw\=@F\v%!\\=@\0w%\m3\\=@*[%K<l\\=@\Z%\\=@\_ %FN\=@n%B\O\=@1\0&%?>\=@TpxAD%e\2\=@:<%\:\=@p=\n%\\\Z\=@pDk%\`\=@7m\i%s/\\=@,%\A\L\=@cAaP%\9\\\=@?N%o\=@\E(%\\\\=@\g@%\\=@\rk*%S\"\=@:&%?\\=@\\c>%(\\h\=@?q\0%	\=@(\v%]\$?\=@bA\n%q\\=@A%od\=@C\r%_b,\/\=@2\l%\X\\=@A\\\\0%4\\o\=@^}t\%%!\=@Ac&%*WY\=@D\%$\'\n\=@*Wx%lw\}=@U\\B%%\/=@Tn.%i7=@\Z_$%y7R=@8%u.=@R\Q%O[#q=@\5\%|i\=@\Po~%v=@\rx}%||Bv=@%Wp%QU=@.W?6\o%\^f=@YOn%\}=@PoFm%C\K=@o\\Zl%\r-Z=@jLj%\	F=@2\Fi%\\v=@\h%C\r=@:6Uh%N;P=@,\'i%-=@aMi%{/=@\}i%#	=@\(yui%|=@\\\/i%\=@\c> \i%*W=@T\j%Yb+=@7m\ij%\=@\7k%p\=@\>l%r\7=@m%\:=@,I\p%_a=@`fs%Or=@3t%lX=@uv28Jv%k#=@\\Hw%\n\=@%c\\qy%=@X7\{%#	=@,\\f*|%Z\Z=@*TPQ}%cB\%U=@! %N\&O=@;%FSw=@=|(B%YJ=@6#%v\~k=@Z\%73\p=@\%\fH=@\%rm\=@b1\Z{%\=@f-%C=@\\\Z%P\2=@\\!o%$\F=@\\%(=@1\q	%\,%\I=@\<%2\=@\\\T%\3=@%I-LN=@^\%T=@{\\"0%\\\\\=@%i\=@\ZD%\g\u=@t%%\\=@\\%%Kr&=@\rR	%l\~=@>s%n\\S~=@\Z[ A%\0Sh}=@\0\C%5C|=@RcB\%%/o\j{=@w-!%s+\Xz=@1\%gey=@T\Z%\nx=@-%S\Qw=@Q%\}v=@X\+%5t=@`8\0%\!\q=@]\%\\7\p=@\5\"%\\_Zp=@\qs*%\o=@\\4d<%\ro=@-\\a%Pv0n=@c${%ilm=@\\\n%|m=@K<l%ol=@Pmp%wk=@f\6%\!\kj=@\%[1\i=@\P%jIGi=@q=\n%\:]g=@8t%B	\f=@-=%\{c\0f=@\\%	id=@=%\\d=@\ahur%\7\q\c=@\0R8%\bb=@	l\3%i>\"b=@78%\S4a=@\!%X\+a=@N\\%`=@V)%YM\]_=@%\\^=@3&c%\0!^=@ %\0]=@M\\u%dx\g\\=@\\\\\Q\%h\ej\\=@MK\%7\0!f=@gc%\Y\%4`e=@\n/\%\\e=@Eb\Z\%	e=@/\n%L\ZuTe=@s69%n\e=@\8%\:c=@`s	%?\ZNc=@1\0\%\t.c=@\2g%1~\Z\c=@\"5\b&\Rd=@6\e\&fj!e=@\\w\&8\n*f=@n\(&0:i=@;8\n&[\j=@HD&\"k=@\\r&<l\"3l=@]&u\Hg`l=@}&Zfl=@\5w&	.V\l=@/\&\\l=@&/N|l=@P\\Z&Xl=@k]h&79|l=@*mq&G\&jm=@02&%\?l=@\bE\r1&fN\\j=@s\c\0&Hi=@\Y\0&\8)\{h=@E/Xn1&\,\ig=@R\h2&)x\nf=@\0\ZK2&\R\\Ue=@\\r\3&,&d=@|]4&\J\n,d=@b(\'\5&(\_=@\Z\'X1&R%S_=@i-/&9a\hV^=@L8-&a\\\=@\Z)&@KW\\=@n(&\	h\"\\=@\S:X\'&\\CZ=@9]&&\"4Y=@Wt\%&\\!W=@J*&&]\ZJV=@1{O&&&l?U=@>U&&lS=@\%&Z\\Q=@d\\$&[O=@)\\=$$&\\5\K=@L5\"&r0K=@\<!&JF\J=@$ &~\I=@!;oc&R\\I=@:Z\Z&|]H=@Q&\F=@J)\&}\\\E=@i:&n\\)C=@\L0k&V\\A=@[&~m@=@\\Z\	&;\\@=@7M&^2\?=@f&\"nN%?=@\&\@>=@_\&\<=@N\\0&jQ<=@v;O<%\mU==@Q+%X5=@[{% ^\/\-=@<\\\%k)\0=@s\h\%(\\=@y\P\%\im=@\BW\"\%\w=@\\\'\%5B?S=@V\n\%U\\B=@Y\%\1\=@u|\\%\o=@\tYLl\%t	\\Z=@\%ZF\==@]6\\\%<e=@5\|\\\%T\*g=@ <\%jJ=@\j,a\%$(~=@oC\\%\O\\ =@\a\%*T7#=@\\U\%\4O$=@\1!\\%9\\$=@cM\%1=a%=@\\%E};4=@X8I%8+4=@\\S%s+4=@i\r%4\H4=@\zM%\Z44=@Q\%4GV~4=@\\|@%w(2=@ %eYJ2=@&\"\d%cc^G2=@j4%\Li1=@R\%\n1=@\AB/%2=@ =E%(|2=@QlMK%q\\H/2=@i\\%\0*Q2=@B%_?\3=@\\4}%\,\i3=@*8 \"%\"\Z\Z4=@\\c%\	K<4=@80%\\$4=@Cg%\[3=@\\~%h\$\3=@w\r%Y2=@o\'%]1=@F\W\%\|?1=@c>%I1=@GtF%Wt\1=@Z\>\-%T\qs2=@\c\"\|%5=@\w%3.n7=@\0\ u%QU:=@A\p%7<=@vn%I\\\*==@\Gm%H\n>=@El%;l\"3?=@gBk%\\W@=@j%nrA=@Wyah%\"UB=@%\YI+f%\\-\C=@\\Vd%){K9_D=@msc%?nJE=@\\\+b%DAcF=@(\\G`%1XrG=@p\/_%u7OI=@8*]%$K=@[%\&N\wL=@.6Z%[vM=@.\W%Ky N=@^\kV%\#\rnO=@c_`S%\d<\rP=@R,\ZR%?:u\P=@@w\P%q\[uQ=@i\LO%$ER=@+`pM%\~S=@\\\I%LDT=@CYZG%\?\@U=@rw@%e\0\\U=@pvk9%B@\nV=@Ex7%\)\\FV=@\fc%6%#tu\V=@o}Xo4%6\\-W=@\#G3%\\\Y=@P\\1%u\Z=@V@1%\6[=@r\71%B@\n^=@v+.2%4.\^=@|b*\3%t?_=@D74%RU_=@\n5%k`=@\wak6%2\\`=@\7%W\2\a=@A,_9% \Gb=@$\:%d=@\f:%\\d=@\\g?:%`e=@++M:%p%;6i=@q{+%$&h=@?Q)%lXSYh=@x?n\'%}x #h=@\\"t%%\\2g=@fL\Zg#%\\>9\nh=@F\? %Tlh=@\6%,I\h=@\\O\%\\i=@\'%yCnj=@\Z2%+2: 	k=@nM-%zk=@6v\%>&R\k=@O!W\Y%$}ZEl=@\\r%D\\\m=@X)k%odm=@DL$z	%=\\\m=@\\rM\\%I\n=@c:\0\%R\n=@R/I%b\o=@r\j%\0C\p=@t{Ic%\WWjq=@5\%	vr=@oUfJ%c#s=@A*\%s=@*\.$:#J{s=@\r$Ah:s=@L\\\$`<r=@\$\\q=@/Ie$Tp=@g\I}$\\0&Pp=@\~K$\$o=@D$\\n=@3$Ky n=@\n$_\\,m=@s\^$\9x&4m=@[&\|$kl=@W\$eV\p;l=@`$~k=@ms$Bk=@8\q\\\$k=@\2\\$![=k=@`X|\$$k=@@&M\$\k=@5\;N\$+\l=@aN\&\$N\m=@%:\\$O0m=@\$\LLn=@r&O\$\Q\o=@\mnL\$\"\\0&p=@,\F<\\$0+\~r=@\3K\\$b\rs=@W\\\$.\s=@d\r1\$=+i\7t=@4F\\$y\"t=@7\\\$hWu=@\xwd\$\9?\u=@1~\\\$r9>v=@\$D.l\v=@,D\$\t w=@F\T=\$[A\+w=@\\$=x\\v=@\$\'o|\u=@|a2U$Xvu=@^\k$mu=@Pqx$+TTv=@{P$\\1\w=@\$Zmx=@A*$r75\x=@\%<$#EdXy=@5Ea$:\\=\y=@.\lI$\06qz=@\\\;${%9`{=@~\Az$W\"P|=@%?\W$=\\n}=@\$\bbq}=@\\@$ y\P~=@e\E$?5^I=@\\!$+m=@\Fu:$\\\=@l$8d=@\\\Z$\\$=@\r$\v|=@h[$q9^\=@\C$eS.=@C</O$Lg\=@M\.$X\=@\0\C$m\)\=@\-c}$\=@2#$$(~=@\([Z$N\P=@\\i$\z2=@;\$w|\=@cyW=$=@\1$	8=@R{m$\=@$d \.$om=@@g$3d=@a\w}$\N=@Mx$^$\HLP=@p\\H$\r=@\K8$zR&5=@g$u:=@\t\\$Mg\'=@L!u$6\=@o\'$\<0=@FA$[\\=@E|V|$\\\=@R%\\j$R%S\=@nj$F\~\\=@J\n,i$\}\=@^\Y-g$\rM\=@>If$L\\=@g,\Nf$\=@QIf$\I\\=@T4\f$H\=@\h$m\\=@\\\&i$	\P\=@F>xj$(_\=@\\]\k$V\f\=@7Ck$\\=@_wl$t\=@e\ZM.n${\=@\O\n$^\=@Buso$\\=@\\\\QJp$lw\}\=@@_p$\'N\w(\=@mo$kMG\0\=@>$@Mm$y;\i\=@\\%\j$\\ Ac\=@rwh$xC\Z8\=@%\s}f$\\?k\=@&d$\\\=@d\\1c$p\\=@8\GnMb$K\\\=@eq\`$9\'\>\=@\!7\\r`$\e\\@\=@Z\r\^$}\.PR\=@\]$^v\=@ \X\\$g_y\=@=\KeZ$,+MJA\=@5\\oX$!\=@\r\nU$\V\\=@|\.PR$a\=@\upO$\8+\=@%?\WI$>\=@l#\fF$\bFx\=@\\\\B$\\=@]1#=@$\np\=@:$;\=@/\\8$\5\\\=@4\Z6$M2r\=@sb\3$\\<\=@\9?\q0$+/\=@EA+$\J#f\=@1($zpw\n\=@c\$$~,\=@;\"$\rN\\=@E$Kq\=@\}$_\=@\h\Z$t\\\\=@$|\o\$aX5\=@\rLn$7\x\=@\0\	$4\?O\=@/$Y6sHj\=@6\\\$=#\Z\=@DXo$B\'\=@q:	$+@.q\=@ \0\$|b*\\=@N\\$uU\=@[;Q$\K\[\=@Ss\0$\\=@\jd#\r6u\=@3#I\'L\=@:p\\#\CmF\=@~b\#\|@3\=@ZKi\#\\=@j{\\#\=@n\y\#!#\\=@P5z5@\#<f\=@t\Oq\#\V\=@*%\0\#^\\=@\h\0o\#\;1\\\=@71$\'\#Xr\\=@e\S\#,\\=@\X\\#\\\=@?\\\#&\\=@zS\nc\#\5|\=@,\\\#\zM\=@b\\\#\\=@p\\#\"\=@\'\#o\j\=@\_!s#\J\=@4-2#s\}\\=@\\\N#<\=@3#\\\\=@-\i#427\=@M##D\=@5\($#KP\\=@%#1\\PN\=@Z1\	#\T\\=@zZ#\\K\A\=@ \E\ne#v;\=@UN#d\=@-\#n\8)\\=@?#~r \n\=@	%W#a\Z\=@y\Z#\^EF\=@/o#\nUf\=@3\y#yC\=@\\"[#N\\\=@%xC\Z#Ww,I\=@2#]\=@,\}#\\=@h\\`o#\je\=@f\"#\.\\=@\S4#)?\=@$z#`s	\=@.5#\3.\=@\`#3\\=@L\#%:\,\=@6\\x\"#T\=@c\]K#R~R\\=@\\eO#%z\r\=@##GW\\=@` #\\m\=@Bxq#!\X4\=@&S#g\=@=tZ#ME\=@i\{#JY8\=@Mx#\3Ib\=@\\mr#\\\\>\=@oa\p#\'K\=@\\\n#\Ap\=@\j#!!\\\=@J\ci#ari\=@Hh#Y,E\=@\\wf#W@\\=@&ve#:$P2\=@M#e#\\N\=@De#t\\\J\=@uYLl>f#\R\=@\\8	g#\\=@\uXg#I\'L\=@\\Ng#\\\\\=@\,h#\'\=@\@-f#\nb\\=@)Ze#M\=@\'f#=N\=@\\Xg#\=@s\Ag#^f\(=@6qrg#_cD=@%\g#q=@8#+g#k=@\\nDg#d\]K=@Wc#g#|=@\\riT\d#>+=@`\\a#%r=@\<`#\'=@\\^#e\0\=@1C\ ^#\rW\=@\7{\]#r\@H=@K\h^#fe=@(d\ml^#\2=@z3M\^#\Z\2=@\\G\_#s\}\=@k*\^#b=@\\S\]#ByG=@\e6\\\#{O=@\,B\\#A\r\=@\\q[#\\=@\tx[#;v=@*q\Z#>\=@?Z#\\<=@yY#\u=@\tYLlV#F	==@zT\U#7C=@\/fS#8#+=@R%\\R#V\'g(=@R(__S#u\y=@:\lT#%\\R=@2|R#6\=@\t\Q#W\f=@(a\_Q#x\=@>\P#o\'=@lO#l\f=@G\&jiN#2\=@\NM#z\(=@(\vL#AG=@DL#q=@|\M#1\=@\/gN#9=@$%=N#ht=@\MN#H\'=@\Z_$M#=@\r.\M#^gE=@(N#ds\<G=@W[\N#,H3M=@EH\\N#>U=@&U\MM#`=@\\L#Ww,I=@TTJ\K#]S =@.\M\J# %=@wI#^=@+~G#NA~6r=@	IG#=@PkG#\x=@\G#Ze=@ip[[H#2|=@\_{fI#\\\=@\qQ-J#\%\2=@2\	\\H#-wf\=@N\r4sG#-=@\~OSE#\E=@`\"C#@j\'=@]B#\/o=@u9% &A#Za^=@\?#\|zl=@w\>#_\\6:=@f\r\W5#UN=@D4# [=@If\6#!r=@Ze6#n4@=@7N\n6#V\f=@,\'5#~\[~=@_3#K|%=@\&72#\~=@u\/#\E_A~=@\aN\.#0\mP{=@oa-#_\Qz=@\n\.#\jH\cy=@\JU/#t)*v=@\\A%+#\C?w=@1!\*#}>x=@U\'#3w=@V\r\\\%#\Z\\w=@\@1$#\\^zw=@G\g\u##c|lw=@n4@\"#\\'_w=@F\\ #Clw=@o\#\cx\w=@0E4#\:x=@\f#0!x=@E>\'#\Xlw=@vQ\#Ov=@\\'G#4\`u=@>{.S#3t=@\^(`;#|b*\s=@4#rR8s=@&\[X#c\\lr=@}\#]lZ)r=@[1\#N]q=@\K#\ZS\\p=@\\bg#\0\3h\o=@\t=\u#c\'o=@\~#\/n=@\r34#\\mm=@$]J]#\M)l=@\`H#g\k=@qR#:3Pk=@7#j=@Kq#\\\%i=@#\\)\#I_h=@\#rCQg=@F\#n\(g=@.n#Uq7f=@YO#me=@\\\0#\*e=@dY0#YPid=@B]#\\c=@L\#\\\#c=@e\E#\\b=@H\Q#,\F<\a=@\%<#YL/a=@A|`\#\`=@!q#\'\`=@Bl#in\Z_=@T\d#\1\l^=@CR#\B]=@V#@\\=@8\Z\r#n\[=@\|\\*#^MZ=@AI0\r#5$\Y=@\\r\n#\\Y=@\rg	#Y=@4#[;Y=@|y\#I2Z=@jMS#,G\@Z=@2\Z#sZ=@)\"\*\\0#\\Z=@\\\M\r4\"2\ZZ=@\#\"#Y=@B\\"|\rY=@b\"\X=@\\"7T7Y=@[\\"L\ZuTY=@=b\"p_\Y=@:vP\"a\X=@z\\\"\j,amX=@\\\\"4E`X=@AEt\\"d\puX=@Y\!\\"\\\eW=@e\VA\\"Rb\V=@\Pj/\\"\n.V\`V=@K!K\\"\ U=@\y\9[\\"3<\T=@\\\";)T=@\\"]9\S=@V\\\";]S=@\G\\"YoCS=@\4\8E\\"\\mS=@\\7\\\"5\eS=@\Pj/\\"0a4+S=@`\"\:\\"S=@ q\\"\NwT=@_&\\"iW!\\'U=@Oo+\\"&\5\T=@J\" \\"w1\tS=@m_u\\\"$\S=@r\\"W@\\S=@\qn\\"\\$T=@6\\"-cyWU=@wF[\\"n,(V=@7/N|\\"yt\\W=@S\"\\"*\Y=@ \\"U\YZ=@::Z\\\"\rk*[=@%!\"\W)[=@3\"\\\=@\;\"nP\\=@` \"Y\+\\=@,c\"\w\-;\\=@U\\"Tb.\\=@\0o\"\\n~b\\=@\ZQ\r\"-\\=@j0\r\G\"w/\Q\\=@Y\\\"2ZGU\\=@\J\"<e5][=@\/\"R8\Y=@\n\\"\fc%\Y=@h\\W\"H\)sY=@\"I\Z=@og_y\"\'k\C4Z=@b	\"gZ=@L6l\"E*kZ=@\s`9\"v\\fGZ=@\ \"z\\Y=@\\"dX=@\\"fdX=@,\"\X=@#[A\">^HX=@&\"\\"\Zg\X=@\rD\"RZW=@(CUL\"\o\nW=@\\S\0\"UV=@5y\j\"\\V=@3\"\h\V=@-\"8d\V=@\/fKV\":3PW=@IC\"q\0W=@j<\")\0X=@\\e\"\\vX=@k\\"T5A\}X=@k\"-yX=@{h+\"ysV{X=@>]\~\"\)rX=@sJ@L\}\"p:\X=@\b|\"g\||X=@R^+y\"8+X=@Ec\\lw\"\,\\V=@m6Vbu\"2\U=@zft\"twU=@-s\"U\\U=@\rNr\"\8+V=@uXp\"\)\\FV=@\%\2m\"I\\\U=@A_j\"*8T=@+/e\"(R=@Lf\"[\d8R=@gE\Dg\"\\\Q=@)\h\"0\r.Q=@RI&j\"\'jinP=@sI\vk\"[\\\3\O=@:l\"GO=@`\\8m\"%ZxN=@\o\n+l\"{&3N=@.\|j\"72M=@\\\5\i\"\}M=@H\\0g\"\J\HM=@\'Ke\"*\\nM=@`Z\\'c\"\\L=@n2db\"\ rL=@?Uba\".\\K=@\\_\"&\oK=@H[_\")xJ=@\\c> `\"aI=@{G	a\"9w\G=@N#-_\"z?G=@A	]^\"Rb\F=@$^\]\":\zF=@;\u[\"}\O9F=@\,\Y\"U\E=@cV\"\@H0E=@\K\\T\"\V\,C=@\Q\"~$AB=@Q\Q\"4\\ZB=@dO\"A=@\\L\"$F\-tA=@\;\J\"\@A=@\\\BI\"\?>=@x!F\"pUj>=@\$\E\":Fv==@\jE\"\<=@>>tAE\"F;=@.\Z2E\"gx;=@\Q*\	E\"v5y\j:=@i:E\"}\\9=@AE\"HnM-9=@sFF\"5\\8=@\mnLG\"+MJA7=@\\v>H\">6=@vH\"]\pX6=@KbI\"\\\B5=@&MI\"\Z\.\4=@DioI\"?\3=@ 	vI\"rf2=@$H\\H\"Pmp\"1=@\r\-H\"k0=@wJ\G\"{O0=@l6F\"k&\0=@0*E\"\\\\1=@\rC\"Vc	k/=@\B\"O.=@3$B\"y\M.=@\A\"\2n.=@Y?\"Q%-=@\\\\.=\"\9,=@Z\\'\>\"x`\0\+=@Z}u=\"\J\n,=@U3Y;\"\r\n)=@\:\"Tl\\(=@q9^\9\"Vc	kc(=@R\'9\"\\\'=@k};\"\'=@i\<\"]u\'=@-<\"\&=@;\"\\r-&=@E\\Z:\"\"w\"=@()\06\"5$\!=@\Z\.\4\"\'> =@\!\\01\"4Lk=@70\"l\\=@\\?/\"9+&=@\\1/\"yM=@\;.\"!=@i\\I+\"$c=@(\\'\"/Ie=@a5&\":V)==@:s	\'\"\- =@[	\%q&\"W\Y\=@E@J$\"\\H=@{1\\"\"^=1 =@VDM \"\nH =@\X\\\"-%\I(!=@l\\"f!=@#\";p\G\"=@e8\Z\"\)\z\"=@\PM\"y\#=@]0\"\Pj/%=@]\&\"\d~\'=@\\\\"k) \(=@RB\"\E(*=@\o\\"|\/+=@vKr\"\P1\\,=@^SH\"d9-=@w;S\\"]\-=@F\g\"O\-=@,am\"#0\70-=@\\R\"}^\#-=@o,(\\"\n-=@\n\"\-=@;.R\"l%t\-=@\C\"	//=@\{\rq\"\0=@e2\!\6o0=@P[\!Y\0=@qTn!d<J%<1=@n/i!\PS1=@}!T\\$[1=@H4\"!\\"LQ.1=@\!\\0=@t\Oq!\v\0=@b\!\\\$1=@\T\#\!2T\T2=@\JR\\!\3=@+\!\9\5=@,(\4\!n2o9=@>\!\]M:=@gx\!m;=@P\!H<=@\!\\\(y==@s-Z\!O?>=@\o	?\!\"nN%?=@d> \!mA=@\"\\!k)\0B=@ah\!B=@v\\!>x\C=@S\!\\\:E=@Z\\\!>E=@\\[\!\2nF=@$A\!D+G=@3\\!8*7I=@\X\!~\I=@X\+\!t[J=@\\ih\!a\9\J=@U&\!c|lK=@T\!\\L=@[\\X!|}KL=@$9!\rRL=@d[!zmM=@.Xx!\\\\M=@\\;\!#\dTN=@;Qi!E\[\N=@9w!c@zO=@\!c\\ZP=@{)<h!c\P=@\ZL\!U;Q=@xa!D(bQ=@\t!V!JB\"m\O=@\\Xw!XnO=@\(v!\w~QR=@3\s!?`\S=@/s!#U=@?9\ns!m^=@`r\Zs!y=_=@\[r!n|b`=@Ov3m!m6Vba=@M\.f!t<fb=@7b!\ !\d=@\\\_!#e=@\$\]!\\f=@\\\\!\Q\g=@\&p[!G\\i=@`#IX!9~i=@fL2rV!ahk=@%P!\46l=@HM!\m=@\r\Z\'H!(*\Tn=@E!jLn=@F~D!\G\n=@,=)B!^So=@+\@!\\'o=@]i?!xEp=@4c\t>!\25	r=@8H=!\\]s=@>;!V\'gt=@K\H:!\Ju=@o\T9!E\u=@Z}uU8!\Bx=@d91!A_z=@B/!v\{=@*U\--!\|=@n*!sP}=@!8.\&!UN}=@={.S#!B\O}=@2\CP5\"!0AC|=@=#\Z!\\W}=@q\\r!}\"O}=@|E^!\Wf,~=@\\\!s\~=@~T\~O!>>!;o=@!\g=@]0 -\R\\=@Rx\ q4GV=@-\o ]9=@\V\ F@#H=@d\pu #~\r=@n\o\ `<=@eQ\E\\ \\\\QJ=@A\\ >+=@4\r\\ \\n=@\3\ \Jvl=@\\\\ zO=@f\6\ CVzN=@e\7i\ \\.u=@<jL\ \ZNo=@J\\ g\'\=@<;k\ (\\G\=@}\ 0G\=@E,b\a\ |\=@^\6S\ \0{=@4y\S\ =@9\Cm\ c=@=a\ |y=@Z\ 3=@GQg\\ 9{gU=@\\"\ \ =@M2r\ K\\J=@X\C M\\=@sCS \=@\<; \l >@CBYu JB\"m\\>@\"\g ',1607362055,1607362055,NULL,NULL),(8,'North-Western',_binary '\\0\0\0\0\0\0\0\0\0\0\0\0\0\0\0\0\X32\:@i2\*1Xr\:@/\$\*>7j\:@\r8K\r\*.\\:@?{\*M\\:@j*\*^c\\:@6qr\*t\_\:@}(\*\~k\'\:@\*b\\:@+\E*5	F\:@Mi-*46<\:@^*d\\:@DKK*gs\:@\,+>B*\:@f,\.+\\\:@\O\1+c`\\:@e\\5+W\\:@ZH\6+G\g\u\:@\o\nS+eo)\\:@ W+%\\ID\:@NZ+\|\X\:@Qy9\\+(\r5\n\:@JiW^+-\\:@ia+2g\:@#e+\\:@\cg^f+~\:@?h+lp\\:@\kzPPj+\/g\:@\\am+\A^\:@\r\'8o+\>9\n\:@\5\t+Bp\-\:@C5%Yw+\:@Nty+\\:@x\\T{+X\C\:@\\nf{+\"h\$\:@qN`:}+\:@\D\+Z[!\:@[\A+\&\:@Fy\+N^d~\:@\XL+Fx{\:@\\\zi+~\:@\fG\+6qr\:@N\z+\:@+\:@+F\:@\\;+i\\:@#/kb+R*\	\:@z\\\+j\:@J+\0|:@8J^c+\BW\"P:@\0+\SV\:@w\+!r:@7\+-	PS\:@b+\O\:@mR]+@Q:@\y+2\:@\\t\z+\\0F:@VE+(\4:@3\\(+\\-\\:@6#\E+ %vmo\:@|,}+!\\\:@${!+$w\D\:@\\V\+\&\:@0\+f\:@\8\\+bG\:@\\l\\+>\:@bm\+0{\v\:@DN_\\\+\0;7m\\:@d\\+0\r.\:@\\.Q\+5\;N\:@l{%9\+]z\:@\\n(\+\\:@\n\\\\+BF\:@!\Z\+_\:@\+\Kp\\:@eo)\\+o}Xo\:@\T+D\:@!++\p\\:@/+\:@\#+DR%\:@}Y+Oe\:@UJ\+.s,&\:@[K+\Ry\:@=\np+\5&\\:@8+\\:@uX\+;\u\:@4\\o\0,n/i\:@o\e,\\\(y\:@)@,\\:@,\q\:@m\\]\,-]6\\:@0\,n\\:@4$,$\p\:@1zn	,J\\:@ zR&5,\\l\\:@e\r,1@	\:@GT,<\\r\:@z\\",K\:@L,\\\\5\:@9\\\\,4B\:@Tb,8 \"5\:@Cl\,\Z\lY\:@\0q,j\0\n\:@`!seP,v\:@\*l ,S\\0\:@eYJ&,d\3\:@XO(,\w~Q\:@0*-,\(\:@\\\B1,\{E\:@\\t!V7,e:@d\,\9,F!:@8;,DmFA:@c\n\8>,\S9\:@\V*@,.q\\:@JCB,9@0G:@FaED,\vKr:@2H,ka\9:@N\'\\rJ,\\:@<N,n\\p:@\}P,\\\:@\Zh8eV,\`6:@\\O=Z,n\:@8\\\,\v/:@m^,\I}Y\:@P\\a,\\\0:@>e,\	m:@{mmi,L\nF%:@\{Ll,	.V\:@\%\r,l\\\:@)v4s,vN:@x^*6\u,\\riT:@n\Ex,!u;\:@l?\\|,sY:@{\\~,mIF\:@5\,q:@>x\,6\\n:@EI\,\ :@\K\\,F\~\\:@G\g\u\,\"S>U\:@,cC7\,u><K\:@;\\r\,\r~1[\:@il\,3\:@B#\,DM\:@E|\,\\\:@`s	\,Z\:@#-#\,^i\:@\_\+\\,d\:@!\,\ v\:@<FzQ\,+j0\r\:@\"o\,#c\:@m\,0h\:@4J%\,jj\:@\ZKX\,\\:@\K\Zu\,A\:@a\\r\,\v\:@Y\,Ov3\:@a4\,.\Ue\\:@4\,{gUI\:@\	\\,\\:@KTo\,E\\:@t><\,MN\S\:@I\\0O\,sG\:@D3\,k	i\:@i\"\,_\\\:@vj.7\,<2V\:@(F\\,\:\:@\\5\,%}e\:@%]3f\,N\:@\U\\,\`\:@x\Z\,D4\\:@c*\,\:@T\,\C\\:@4iSu\,{\:@n\,\:@\,/H:@L\1=\,Ll>\r:@%z\r\,:@>?\,T8T:@**\,}w+:@L~\,\1\l:@\;(A\,E*-:@sc\,0a:@\o_\\,GZ\Q:@\?3\,3O):@\6p\\,g:@\'o|\\,\":@NA~6\,\c\:@y\,yt#,*:@\,\ :@\5>\,\(\:@\ZO\,1v:@O\\,q:@\r\,>\'I:@=a\,RG\\:@\\\n\,\cg:@\a\,\\B\:@F;I\,T:@\,*:@&OYM\,x\r:@\\%\,bf\(:@\S\*\,\0\9:@	\%qV\,\\\;:@)Wx\,[\:@#\\,\ \hU:@\\,\4\r:@O\\,O\\:@(`;\,K:@<\\\,\\:@i\0w\,$\pt:@1\\\,\zI:@F\,/:@-\,=B:@$z\,\WW:@Tz\,.=\:@\i\,uX:@\\y,=b:@\(\P,\tYLl:@_,eT\:@\\W;,5%Y:@D6.6,V&:@\,8\n*:@EGr,j\:@|8c,7~:@>,\:@0e\,CT:@	Q\0-:@\\-<:@~jt-\\m:@G(\r-\b\:@7\Y-j\:@QMI\\-bg\n:@\|\\n-sw:@K\>-2\"QhY:@HZ\\r-D\:@e-Q0c\n:@}\\-xs:@2|-/HM:@\\-\'~:@\--]a}:@\`\"-K\X\U{:@\&E-A*\y:@`\-W\n\\\x:@\-fg\;x:@!-.Tv:@0-n4@v:@L\Z-u:@\B-F\jt:@-\\\s:@\|#g-oHs:@\qn\-@Zkr:@zI|-\\\q:@e\F ^-<q:@I~ -np:@\\\/#-CRo:@D3$-a\$\o:@}\%-\k]jn:@	\'-9\m\m:@#c\'-S\\m:@qd(-\k:@`r\Z+-jJ>vk:@5|\.-)x\nRk:@Rr/0-,\Yj:@voEb2-W\\\i:@u\5-Lh:@*s8-\^(`;h:@dT8:-\\bh:@fO;-RAE\g:@\e6\<-N@g:@?-x\'\f:@\c\rA-k\\uf:@\\@B-MKFf:@\:]C-qe:@\\0E-{2Qd:@\\\'+F-\Xa:@\t=I-=\`:@\%jJ-g\||`:@\0qK-_\lW\_:@Z![M-\I_:@\\!N-\p<_:@kP-IK\\_:@\x>R-_:@*s\V-\^:@i-W-:p\_:@a\\\-\rN`:@\\\EC^-@\\`:@	\_-ia:@\Q\c-Zwga:@\8\0f-{Y`:@\GCg-@M_:@\h-\"-\^:@^2i-\qQ-^:@-z\i-f]:@\\0\j-rt[:@l\l-wNytW:@\"4\o-26W:@\7\\p-\\V:@,\p{r-\U:@p t-\/\S:@lt-baR:@h\ejt-\5wP:@]gA(o-)WP:@\\\i-\z2QP:@cZ\f-;\:P:@\e-\	O:@F7c-\Z\6N:@M1AGc-/XniM:@h[\b-\RL:@v5y\b-e\ZMJ:@hb-}I:@\\`-5H:@Z\Z_-[^\6G:@\\^-@\\vE:@W\\m]-x\\D:@(N>]-\>VC:@l\ndv]-\\g#C:@JU\\\-Oyt#,B:@J%\\-TrA:@u\bT\\-\0\A:@\S\[-^sa@:@[;QZ-L<?:@\\X-a3\>:@T^-W-C9B>:@\Z\AV-}=:@\^}<U-T<:@(rU-X\";:@\,\T-::@r9>R-eo)\9:@@KWP-E<8:@	\P-`\U,~7:@\P-&9{6:@RP-R\\T5:@!uP-}zl3:@n\\P-0Qd1:@\\rP-\s0:@5a\O-(/:@\`6M-,H3M/:@\\K-c/:@F\=\F-,\0:@i\D-SvA]0:@^o%C-I+0:@o\rl`A-\Y-\0:@/@-dV\0:@O>-S\\\"1:@\r9!<-T<\9@	0,-R\9@8-P9@.T-\\'9@F\v-T\:9@y\-m\J9@-\cx\9@T-Ql9@&r-\|9@\>\\Z-\\\C\y9@\\\%-Cu9@\rP\Zj\"-$_	\r9@r1\q$-\bT4n9@Gi(-[{k9@o/i\)-\f9@\#\rn+-gCA\\9@.\*-0!X9@g\r\W\*-vT9@\r+-N9@2!--\RJ9@6<R.-\F9@p\//-;9@Sz3-/\69@3SZK8-5#49@rk\m<-$}ZE09@F\\\Z?-\+9@,\<-\/\%9@a\N\"\?-\{\#9@\\f*\C-\V%9@\d\\B-\;9@\9?\A-DO9@\0\	A-mB<9@E\\A-yUg9@\->-dvS9@@Zk:-YO9@?g7-\09@\|\3-q8@a/-Yt8@y\&1,-x\1!8@5?&-\K8@\lY-\r\-8@\\ZN-f\|8@x#\-\"O8@p1=-=B8@{\\r-`tys8@y3M-NoD8@\v/-\k\8@/EH,M:/8@],q\\9@`o`r,9@/0+\\,\JZ\r9@L\\03\\,\\{,9@N\6\,M\=	9@F>x\,7M9@0\\,5\($\r9@\bb\,\C|9@&\\,I+9@\\"-\,\Pj/9@l\\,N\&O9@\_Z\\',=#9@\\\',o9@\\;,6\\n\r9@`,h;\\Z9@UJ,_n9@?74e,^zk`9@\\m,a\9@\j=,`. 9@J\h,C3O!9@\,3O)!9@Sul,ti9@^i,W9@V$&,.9\\Z9@/\\{,\y9@3Lm{,zq\\Z9@M~\t,|	9@\\Z\m,+hZbe9@=;km,\l9@|\m,\zG\r9@Up,\.\\\n9@&7m,	Q9@S\o,\l9@1^\j,J@L9@\" i,.\9@Q/4\'g,\8@D\g,\\}U.8@\D\ni,\\S\8@\Z\d,\\8@P,c,88@\`,\N$\8@\r\"\^,\\I\8@t\y\^,p\GR\8@-\(Y,\6\8@f1V,T7\8@oB@T,!lV\8@ZF\=S,qTn\8@\R,*~\8@DP,EKO\\8@N]L,\d\0\8@O?L,\y\8@\QN,\\\8@u\K,6\\n\r\8@bN\&G,{1\\8@\n-A,\%\8@[]N	A,}\\z\8@^\I<,\^zo8@}>8,w\\8@<|3,v|\H8@`\2,a1\8@\o\n+-,\8@&fe(,:KT8@\n\$,E8@q\,f,8@#/kb,\(8@\\,n8@\ns\r3,W8@F};l,5Y8@\\\\\0,LnYk8@f\\+\a/8@a+O8@\%+H\z8@r\+(8@?\+=;k8@I+77\',8@V\+\H_8@;*\0,S\\08@C9\+u8@EKO\+%:8@\\\\+ezF8@\`\"\+\FX8@\\I?\+u\0\]8@eI\+l\8@:\S\\+\\'8@GZ*oG+\\"t8@\\'+J8@\9\}\+G\?8@g\+\`\;8@l+h\^8@P+G8@l\\\+\u+8@~7C\+36t?8@\\\\+d\8@\\`\+c8@;oc#\+\8@g\K\+\\^z8@\;\\r\+`d{8@\"w\+<\\{8@\i2\m\+Sy8@!:\+(=w8@\@1\+GUD\s8@jK\\+:\q8@\"\Q*\\+\J\.o8@9A\+wL]l8@7\4D\+\\<k8@%c\\q\+jIG9h8@6\x\+}\\*\e8@=c_\+q:\Vc8@ta\+\Q`8@k$	\+L\\\\\8@Q{\+8h>Z8@L/1\+|8cW8@y\r\+zAU8@kb\\+`V8@:&\+J\>\U8@mYg|\+r0S8@~b\\+<KPQ8@Z\+\f\\jO8@-`\\+\m\\pN8@\d\+(O8@j \\\+\\ZNQ8@\d\0\+)N8@c\+\J8@\'g(\x\+{\5ZF8@;q9^\+\V\D8@\SV\+1ZC8@p\\\+d_=8@\n]\+kE\\>8@C\+\Z\;8@\GR\\\+!\K88@=\+\\\;58@\\+-</38@\\+h\u08@\Z8\\+3,8@\Z\+n*8@VZ\+	\\'8@^\+\^&8@\n\\I\+\5Z$8@0\+,D!8@\"\\T2+\\_\8@\\\\+[\\Z8@\\\\+D+g8@_L\+*nE8@t}\+1a4+\8@x\\+4\r\8@>Y1\\+S\\08@\\Z\*+`\ 8@u\+]\Fx8@h+wJ8@w*\\+=Ab8@\\\+t\Y	8@+\o[8@2:=\+|\o\^8@\\C\+4.\8@QI\0,%\1\08@\\,\l 7@\f,OWw,7@n\,L\\03\7@`X|[\0,;I7@rf+[z47@\n.\+\\\e\7@&\\\R+^)\\7@\\+I \7@\"rl=+?=x\\7@o\KS+1\7@+xZ~\\7@r>s+1\n\7@\*,q0\7@b\\,5&\\\R\7@!sePm\0,`?\\7@\i+zZ\7@s+Hh\\7@\6\+|ds\<\7@\\N\\\+EJy\7@+\'\7@\T\Z+jQL\7@w*+l+\7@	O\\'+]o\7@\+`i7@f\+xF[D7@,\r,7@Z`	,E`o7@=Y,D(b7@	%W,rR87@\R#3\r,;O\07@,\,v\Zi7@4\\yT,?\G37@\^	,6u7@QI\r,F\?7@f/\,(7@\\,\m\87@2\m\,\0B7@V-,\x7@\\x\",DK7@9t\y,\7@HV\Z,_]7@J+,QC7@\",&757@\'%,S!u7@7(,jMS7@\\-,M7@P@\/,qS7@U1,\\I?~7@|3,e{7@@t\_2,5*p\rx7@d<J%<1,t7@/61,V\'o7@\\3,};l\"k7@\\Li5,nh\N?h7@%\8,?f7@f\=,26d7@L7A`E,*n\bb7@HM,\2R\`7@\\e6S,cc^G^7@G\\U,b\UY7@\+T,\rV7@ajKU,>\T7@\ZuT5Q,TR7@_	U,iQH2O7@\\uS,vL7@j\LR,>K7@pZ,jf-H7@U\6_,@3\D7@\\],(\v@7@\o\\\,\>7@4J%a,\\<7@\j+e,$a\N\":7@u\e,\\b87@9\`,Nyt#87@\"[,o[t87@\yT,M\*67@#ng_Q,B\y37@\>VS,\\=$|37@W\2\Y,n/7@$\\\[,2r/7@|	U,\$07@6\D.P,9\n327@K|%H,37@o\\n\B,\0\q67@\@m?,y@+<7@#,,M\==7@0^|\&,oN\\>7@\J=B!,$>w>7@x~Q\Z,,>7@!,\+=7@;l\"3,SY<7@ }A	,>U:7@oD,(\r5\n97@\\Y+`R||67@Fx{,\\\47@MLb,\Y\h17@>U\n,Jy\.7@\,)7@d]\F, a\&7@|,L;!7@H5\\,t^c7@LnYk,jWV7@\n1\n,7h>\Z7@49A,\\E_7@e+X:%7@,\p{+S7@\_w+6\\n7@\\"R+\kA\\r7@x\Wf+EA7@%\s}+\_57@#,x\1!7@\r,\6@+X6s6@++MJ+)6@\\\"+\|x 6@)_\B\+$6@5#\+z\(6@I%\+n\\)6@\'3\Vz\+_~\6@MN\+-Y\6@O\6\+Zwg\6@1\+?6\6@c`\\+a\6@4d<J%\+x\\6@uX\+\6@{\w+i\6@p71$\+aQ+\6@P%\+\R\\6@f2\g\+qx\6@\\-\+\m\8)6@~$A\0,#k$6@N`:\\0,^9\S6@(\+-X6@L\\+,6@\h\+I\\6@&U\M+\`\n6@;O<g+Ze6@c\ZB>+\6@%\0\+\\g#6@T-\+@6@2\CP5\+$|\o6@	\V\+\DR6@P\Zj\+e\6@9{\\\+KWx6@G\0\+n(6@!1\\+\t\6@YiR\n\+v16@j \\\+\7{6@?g\+\Q6@G\z\+$D6@\\6\+A\!\06@\+A,9$}6@\ r\+\\^(`{6@!\\+\y\w6@tB\K+`8s6@C 8+o>;p6@t\y+!\\'\>m6@\HLP+\fk6@\s+u\\pj6@\Y+ke\/g6@j\+\9c6@\+tDK_6@*S\A+\'\\\6@+|A[6@+ZwgY6@\Z/+\\]\W6@&6+\\\\R6@d\7+m5O6@;TSu+|c\0M6@\"9U+n\K6@=+7l[\H6@?=x\+f\E6@\C6+WC6@Wzm6V+\\\=6@FN~+U*;6@\\}+^0\66@+};46@KRb+@d16@_\\W+s\.6@}#g]+\s+6@5\'/2+a\(6@	g+\/1\"%6@\ra++\]gC\"6@>7+i{6@lP+:M6@\r5\nIf+\'L\\6@\d+\#6@{+6@xM+\\\+\n6@u \\+x\6@Y\|+At\6@J\\x+Q\r=6@\\s+QN5@Pvp+gs5@cm+q\-\5@\3.l+c=	5@\Hrj+?\\\5@w\\\*_\5@YO0\*\5@)\0\3\0*\\^\6@))|\rq6@H\0*\"ng6@3)\rU1~\Z7@?Pn\)\"\Q*\7@UP)wD\7@uw\r)i\G5\7@z\0*\ZC8@\!\)&U\M\r8@\\zV\0*]9\8@Gi\0*Ot	8@\)#\8@\()S\F;8@g) _>Y\r8@G\n)1B\\n8@@\)%\YI+\n8@\,^)32\]	8@/HM)6#\E8@p_\)x\8@tF\)ul8@.\)g8@\\4\)FI\8@S?o*R\)FD1y8@[\)\\\Z8@fYJ\)g\8@\r~1[\)B8@VIdd\)CVz8@]\l\)\eM,8@G=D;\)\\\08@\\f\r\)-\i8@+KtY\)h?RD8@%;6\)cyW=\08@4c\)5%Y7@\\\\)F^\\7@t(\)MhXR7@\)7@C\\)s7@\cg^\)\ZK7@\E\~\)^EF7@J]2\)RE7@\ >\)\'7@(__\\)MHk:7@9D\)\7@\\)z7@\Y\)A-\7@\"h\$\):?\q\7@[\0m\)c>7@nl\).\\[7@jh\)7@\\X7\\)\0\	7@d\]K\\)\\7@S\G\)`r\Z\7@I)\\)5Y\7@=\)\r\\\7@k6)\\\7@U)n/\7@&)\\~\7@%L1)\n7\7@O7P\),g\7@U1)S\7@Z.)\/fKV\7@)\L\\7@\C\0)1~\Z\\7@*%\0) c\7@\c)]\pX\7@-_\?)e\?\7@\\})Y|E\7@h;)r\)\7@v)&fe\7@5z5@i)y H\7@\|R)\t.\7@)fC\7@(	)J~X\7@f\\)H]\7@\\)\'eRC\7@\\V\)\\\\7@L/1)$*T7\7@B\')KF>\7@%s,\)l\7@%\/)26\7@{h+)\$\7@\@,)\WXp\7@\\")jj\Z_\7@\A%c)f-\7@H3Mg)\`\>\7@A]P~)rZ\7@z\}\\|)#\w~\7@*\\O{)\\\y7\7@p\qw)<I\7@I,|}u)E\[\\7@\o^t)W<\7@h\'s)!XU/\7@\\q)\QcB\7@?o)X\\7@Dm)#\7@\niA\'l)YO\7@@_h)\<\7@yY|e)>@\7@iUc)!\\7@\X_b)!\7@glt\_)K\^\7@\d\VY)!yv\7@BUW)t\7@U)L5\7@Xc\'T)\\e\7@jR)*q\\7@\&2sQ)\\\\7@tN)E\J7@\{\rI)G\\7@+jH)TD\[7@stE)\#\rn7@\VCB)o\'\7@6\0@)<O<g7@E|>)7@j<)b7@\I`;)\R7@\D2:)vS\k%7@m\<+9)oa\7@J\6)\\\$7@A\\5)T~7@\6o4)7@\\\.),z7@E,)R/I7@n))};7@r\\')\r\\7@rR8#)y7@H )\0\'h7@N\)\\\\57@~\$\)e7@\?k~)g%7@\2R\))\"7@\uX)H7@\7i\Z)\#7@)_7@~3)w7@d]\F)ti7@)\z27@s	\)KK\7@bA\n\n)^emS<7@8\n*\n)(^em7@{\v\\Z	)\\r07@0	)$\@7@\@m)v28J^7@ *\)\C67@\\\\5),cC77@9\'\>)<l\"37@Yh\);V)=\7@={.S)7@\"\k^\)J|\7@P(\Fu:7@\i(\(\\'7@\ (V*7@{b(\\A%7@C\(K\8@K$(d\8@tw(LqU\w8@j\\(\8@\6\^(8@]/M(\\8@\bE\r\(m58@\0\]\(\\\\	8@P0A\(n8@YZ\(\0k8@OqN\(\LM8@|_\\\\(8@/L\n\(q8@9\\\(QI8@\e\-\(yGsd	8@\ng\(z\n8@G\(\\8@f\(D\\\8@4f\(U8@[\(	F8@\:\(\{E8@B[\(r8@k{%\(T8@;\\(w\8@\\(G8@\Z\)\\(s48@)\\'$\(Y\8@GTn.\(\M8@\($\\(\ahur8@W\\(d=8@\\c\(?4\8@	.\(]8@\0A\(vk\8@2(N\r4s8@\w(\\:\<c8@yC(mYg|8@t\\q5(^zk`8@hzL(s\8@1[*(8@ %((\8@\o\DI(\8@B\(u)\\n8@\(b8@j\\(HP8@4\((L8@\n\b(\28@t^c(TJ\\8@PD(\A8@3\,%(:p\8@01\"Q(p\\\M\r8@&p\n(L{)<8@J\(\8@`(9\\8@V\\\4(~\8@\k(aX58@p]1#((8@*\#(\J#8@E;( \E\ne\r8@[A\(\0\8@\\(u?8@.\(\2\8@\\}(\\Z8@\|(cB\%U8@R\>\G{(\\\n8@ay(\VC\n8@$	\Px(upx	8@Kv(F|\'f8@U\t(\\rx8@\0={.s(\W\\\8@q(V\pA8@YL/q( =E8@{G	q(\0t//8@![\p([t\8@Omp(	c8@L\[\\n(#K\X\8@m(/i\Q8@\\r:l()\ \\08@k(\~K\08@6oi(\\7@7\"Ng(\y7@/He(!uq7@u`(0\mP7@.\0_(q\i\7@@](vR~7@z2\[(\Z|\n7@j%Y((\\=7@\\G\W(\\&\7@d\uV(f~7@tZAU(v\7@_c$(=N7@:r3\0(/\7@fy\'A.q\\08@p $\'/8@y:W\'Z\88@K\\'d9	8@\'q\qt8@W`\\V\'x\g8@;\zj\'L4\8@$z\'J %v8@Uj@+\'\(8@r\'`r\Z8@AEt\'!Z+\8@P\\'Y\+8@c\0=\'J\8@]6:\'8@8a\'|8@	kc\'\\\\\\08@H]\'\W8@[\'rS\\\08@;\\.\'I0e\08@\\'|\7@Q1\\'aHZ7@LhXz\'`\7@t	\r\'\@]7@($\q\',\7@\go\'7@m\'GS=7@}Xo\\nk\'T5A\}7@\\\Yi\'PB7@T^\rh\'\\7@t(e\'\\7@\\%b\'\)\\F7@|\'fb\'\\7@X:%`\'u!V7@\\\[\'.7@vuX\'o>;7@L2rV\'SD\7@&fU\'\~7@6.6T\'DO7@\{R\'G\Z\\7@\c?P\'g}\1Y7@\\N\'LT7@xbL\'n,(7@t[\"L\'H\7@\\dJ\'\f/7@\rI\'__\R7@D\F\'\\Sr7@\\ABD\' \r\\7@u\B\'\\K7@=\@\'\R$_	7@\\>\'\\E&7@=\'	=b7@=+<\'G\z7@u7Ou8\'Oe7@Z\Q6\'\*)\08@	]\4\'W\"P\08@Hi63\'\&1\08@z0\'n\08@U.\'z\w)8@xE,\'\\\8@c${,\'F\W\\8@	%W)\'\\8@Gx$(\'\Xl8@rp\$\'\oB8@\I\ \'?W[8@O\'t&8@o;\'\Q8@d#\\'qS8@,\\'aX58@F};l\'i\	8@@ C\'`\\	8@\r\'\\\	8@\\W;\'S	8@5\\	\'\T8@$+\\'J8@\\\\'\\gA8@\\'	\y8@*\J=\'zrM\8@F\=\&w\n\8@9(a&I\\\8@\n\Z&B8@s\&\Pn8@\0n/&\.4\8@\';&\zj\8@;\\r&.8@&\:&\O\8@\g\&@8@1z\&6\8@Fx{\&8@sJ_\&#8@\\_Z\\&\HF8@\d\\&O8@}\&\rQ\8@?N0\&\'\Q8@/\|\\&0E8@\\&Nd\8@|zl\\&:\\8@\v\&T\z\r8@K\&c8@\W\\"\&\\\8@,\\&h8@6t?P\&&P\\"8@+@.q\&<D8@_\&\\Zfh<8@HN&n&\[X78@\>\0M&\0d\F8@T<&\'K	8@:\\Y&\Z[ A	8@B*W&	\Z3z	8@wWU&p	8@{gUIT&H\\\\\	8@&P6\R&\\2	8@!>\P&&:\,B	8@}\\zN&lt\O	8@\nM&Z\r{,	8@zK&=+J		8@0BH&G`8@JO\cF&5B?S8@h?RDE&{H8@h[E&&8@D6.6E&\J!K8@2\D&\	8@l	gC&e5]Ot8@?>A&\=@\\08@=&\}\0R\08@Vb:&b*\08@\'-\\V9&!:8@#*T77&DKO8@?x\5&\E&\\8@BX%4&\n-\8@|Bv\\.&NG\078@:w\&&_~8@\w$&\'8@0c\n\8#&X<H8@j\\!&-\DJ8@\\&\J\8@I\Z&9!8@l\&3\8@9\Cm&5~\$8@?V\&dZ\8@k	&S#38@4&h\8@&$z\8@R8\&Qf8@?Z&DO8@m	&Am8@zn+&*\t8@\n\&%L18@j1x& h8@\Z1\c&S\\t8@2\CP5&Nf8@[}uU%{.S\8@\\\%g\\j+8@\Sr3%\SW8@\O9&%fIZ8@6>W[%~8H8@\%\Jvl8@P[%\s}8@66%?{8@2\%\\8@\dz%\,8@\\\%,8@fy\%\<G\8@F\@1\%m8@5_%\%~k	8@]n0\a\%38@\"\%j38@K\0)U\%>j8@ +\p\%B>\8@z4\%0J\_\8@wg\\%x	N} 8@\}9\%Ct	\08@\v\%f7@:\\\Z\%t7@\X\\%,`7@\\%T\7@6\\%E\J7@\%\/-\7@,\}\%o7@\1\%\R\08@\\zi\%#	8@\rLn\%t\\gy8@I4\%v\\r8@\LM\%/8@\'1\%\G|8@-@\j\\%\*q8@A,_\%F68@[\d\%we	8@ |(\%\`\n8@L\%\Q\8@k|&\%B\\8@\ >\\%3pa8@i\V\%%\8@p$\`S\%\8@FzQ\%!8@U\%\\8@\\m\%p_\8@\5|\%%S;8@\r.\\%u/3l8@UMu\%wH1@8@-\l\%%VF8@am\%1|DL8@Cn\%0E8@<\\\%d?H8@OC\\\%\\N 8@\;_\%X\Z!8@p\4(\%\\!8@wJ\%\\E_!8@Z\'.\\%.9\ 8@:;%\%\ZO 8@\r\-\%8@O\\%Xq08@L\\%\V\,8@!\\\%\\9d8@\\rg&\%5\8@\Z\%I6!8@DkE\%L8!8@\R\%F};l\"8@Z}u\%lX#8@}\1Y\\%g\,#8@d=%|?mT#8@\0%#8@=;k%&\|$8@.\%,\\;$8@a\%Bus#8@%\0vi#8@h[\:%#8@\\%Gp#e#8@\g%r\#8@ZkB&6\\x\"$8@J\&e<\r$8@X&c\]K$8@-v&;\$8@\_YiR&o%8@O],\&\s&8@\n\F&^K\=\'8@\ Z+\&>v()(8@#&\4)8@R&p@KW)8@\y\'&I2*8@\G3&\Zj\*8@\nl&m+8@p\i\r&i\xJ,8@gH&\0-8@\0vi&iT.8@\n&?=x\.8@E\[\\n&E`/8@\8	\n&\\'b08@D?{&\\08@\\\4&k$	\18@W\\m\r&\5\28@A	]&)38@5D&&\38@\\P1\&\'.48@\T&$\;\68@\Ue\&\n98@\&\\\	;8@0&)	;8@\A&NZ\;8@g`\eM&\a<8@r\Z\n&\7L4H=8@\b\\&wj.7>8@#qp\&EH\\>8@_zo&?8@s\c\&O\I\A8@\rND&\rB8@\j=&jC8@MhXR&\7L4HE8@z\&cD\F8@Rb\&ulG8@R\&\%H8@<;k&R\\TI8@rfB&\\I\'J8@\O\\&l<\J8@\&N&5%YK8@	&\\\nM8@yGsd&k\\M8@\\%&\\ON8@\&dZ\N8@^?&!qO8@D)&h8Q8@ =E&\WWR8@\\R&R8@F\Z&\ZLS8@D\Z&n5\\S8@P\\Z&\q\jT8@*P&\e\U8@:?\q\&7UV8@=^H&&\V8@$ &P)W8@\\\"&w;S\X8@6\4$&}sY8@\\O%&AEtZ8@J\&&Cg[8@\xy:\'&\>\\[8@+\p\\'&\N^\\8@A;(&c\^\']8@Q(&\0u\]8@~k	)&\i^8@^\6S)&\\_8@{G)&\4a\`8@\\U++&qX\ZQa8@E\0.&[va8@\\./&=\!7\a8@/.\0&\;Jb8@\k1&pzc8@x\2&\3/\c8@\M\\4&F\\c8@w\rg6&\\Yc8@[y\\7&(\b8@a\p9&6uc8@/3l=&M\~2\c8@mq\d?&XY\c8@\\riT@&P}:c8@SC&%\1 c8@oD&s\Ac8@\(\F&f/\Nc8@q\@H&r\\	c8@\ohJ&_\b8@]J]2N&2\\b8@d9Q&1#a8@A>\T&;\u`8@Ks+\X&Aw\a8@\SUh ^&:\S\b8@\\^&E>c8@\\gA`&9\d8@Z\a&Ue8@Zc&$\9f8@Y\e&`d8@1[*r&\Z\d8@\"s&CBYe8@.\;1\u&g\f8@w\rgv&\\'+g8@v&aX5h8@jtx&2\h8@	M{&g8@#-\R|&R%Sg8@zI|\|&w(f8@\O8}&\@we8@^H0~&80Qde8@zQ~&-e8@ |(&I,|}e8@\&Ipf8@^&\\\2f8@1	&k\=e8@m\p&hs\d8@_\&\Y-\d8@F0&\\Zfhd8@\\\&gbc8@F\j&Ug$Bc8@3\x&\\=\b8@\\u6&QNb8@\"8.&v5y\jb8@=&o\Iab8@\r&Mab8@t(%&,(\4b8@cC7&2goa8@f2}&}w+_8@\&K^8@v\&}\]8@-\R\\&U\p]8@,&\\\8@\\&eI)\\8@\&\F\\\8@qS&r\[8@\&Rb\Z8@\<+i&\\6Y8@^9\S&d\TkY8@`tys&u\8FW8@z\0\&!\\V8@dV\p&.uU8@@&?wT8@]L3&)S8@q\@H&\lQ8@<	&xy:WP8@T&wGN8@i{&M8@qN`:&anrL8@T&\o{\J8@\s&B\I8@\\z&7A`\H8@{\\&c\\qqH8@:Z\&3`G8@.s,&\&>\6I8@AJ\&FGJ8@!\"5\b\&\\"K8@4\&=aL8@q\&\M8@V{\\&X\0SN8@\\ w\&\K\'O8@@\\\&lXSYX8@\\@\S\&k	Y8@W#\&@g\Z8@W\&\Z8@^\\&\'OYM\[8@\\&ek]8@\\\&\\^8@%W\&_\`8@C\up\&vl\ua8@)\"\*\\&\\\ra8@\oB\&jb8@YL\&bQ+Lc8@m\\~\&\\\c8@U]\&fyd8@qh.\&0.sf8@\T\&J\" g8@U\&\g8@:\\\Z\&@#Hh8@\\0F\&^\ni8@	\&\h\0k8@C9\&Ywk8@\\U+\&jk8@`i\&\\"Mk8@Q\\\&?\l8@v\n\&|Ym8@t|8c\&L2rn8@Co\&s69|n8@\\r-\&[!\n8@G:#/\&8\o8@j\L\&\Yp8@j\h\\&#q8@n\&\n\r8@0/>:\&\r8@_w\&EKO\s8@P\\\\&\\\t8@jf-\&\u8@\n\F\\&!%u8@yq\\&;w8@>j\&1\\Zy8@B]\&>y8@\\&oz8@%s,\\&;2V{8@\L\&!\Z}8@\yt\&0E4~8@\=yX\&\NG8@y\\&\06q8@LT\&5\"8@J\\&\8@\e\ik\&\<8@[\J\&=b8@QO?\&\V8@\h\0o\&\\UG8@ O\&\68@LnY\&T\{F\"8@x\&\k\8@<e\&tw8@\\\\&%\pt8@\^\&\.u8@%+\&\\Z\r{8@n,(\&D8@&\&\$8@|\\&]5\8@\YN\&OG8@l ]\&\qPi8@0AC\&Yk(8@E\T\&\8@	c\&-C\\8@8>[\&V-8@yZ~\*\&~31]8@8\\&R8@~:p\&\"\8@a\&\\Z8@[%X\\&{\\8@t\&\\\8@h \\&g%8@\9\\&Tb8@p(|\&	m9\8@\Z\&M,8@\i&\&$]38@}	^\&T !8@.R(\&2\"QhY8@\O8\&c\=y8@6!1\\&fj!8@\0)U\&\\	8@ \&t	8@\\w\&Sx\8@\H.\&x?n8@g\&@+0d8@!\&[\8@QB\&eI)\8@%\\&>s8@k\\&\8@\q\&\8b->8@+\]gC\&\\-\8@y$^\\&\'8@R\&=HOC8@%s,\\&i{8@#c\&\n8@2\l\&\\8@sg&\\&LJ8@\\\\&U\#8@f\&\&S8@\&\\\o8@^\&\8@t_\l&&758@&F08@]\Fx&W|C8@7\^&k8@/\H&W zR8@_a&LP8@\\&,\N8@Oo+&#8@s\<G\&i\\8@0\&J`s8@+\\6&e8@M&$@M-8@B\&58@[wT&$\\I8@k(&?8@)Z&`!seP8@	s\r&:p8@lXS&-$`ty8@\oB&\K8@\\V%&Vdt@8@H&(z\c8@w&m\E8@0AC&c\ \\8@\\I&MLb8@n&h\u8@#&\X8@\"k&\c!:8@@\&ZHs8@;\&\8@p\\;&1/8@9\)9\'&<2T8@v&A8@%A\n&2\\A8@p\$&\l\%8@x\nR&1|DL8@/\"j&\D-\8@{/L&\8@&t\8@\rP\Zj&L4HS\8@\~&e\Z\8@8t&{m\\\8@!t\%&M\8@a\9&Kr&\8@>[&w\r\\8@J\\&\\Zfh\8@/\"j&[|\n\8@\&\&jin\8@CR%&y\\8@\\EC&zQ\8@\?k~&GJ\8@\&|&\i\8@x&dvS\8@\\"&\\C\8@J/&\\\8@/\\0&+j\8@\\\/&\#bJ\8@o\\n\&fj!\8@\rP\Zj&Ad&\\8@Y\\F&\\8@v\[&d> \8@/HM&\qs*\8@h&n\!\8@_>&\M\\\\8@q:&5\\\8@\M&SD\8@kc&	\\\\8@D3O)&3\V\8@\`&\v\8@\f&E\\Z\8@q&I\8@`-&Vb\8@N`:&F`o`\8@I\L&\Zl\<\8@q\i&LJ\8@g&\5&\no\8@(\&?\8@Av&\\j+\8@U\&J\8@|&*\3\8@\J=B&$F\-t\8@\\k&\ref\8@\\&(b\\8@\|&\8@H&w~\8@$&\\8@\\&\_YiR\8@R\\\\&?\r\8@\t\\&\\m\8@^y&z\\8@<\&S!u\8@\&\\\8@c${&S\\8@7&\\m\8@\&U\8@b1\\&m_u\\8@\\\6&sg&\\8@6\\&HP\8@\_!s&3Lm\8@^a&\"O8@MW\&U2\0Tq8@Y\+&i3NC8@\t!V&XU/\8@eN&\\\@8@]\\7&<3p8@+\]gC&_$\\\8@t//&\?8@]P&|	8@@&/N|8@\\\n&*\ \h8@.\&b(\'\8@ &3<Fy8@\0&0)>>!8@&\`8@\Z&0\8@&}q8@x\x[&\`\8@\06&\\'c|\09@!\&\H9@Ec\\l&{\\9@]gA(&1^\9@L8&B*9@.\~&\\"9@\X_\"~&A\<9@g}&?89@$^\}&\W)9@\}&\>V9@n\~&\Z\9@1w-&P,c	9@=|(B&,-X\n9@y\)&7N\n\n9@7\',&t?Pn9@>\@&\B\\9@DJ&}\\*\\r9@U]&l ]l9@F\&\n\9@/2F&T9@\9#J&!\\*9@)&Rew9@\{L&c>9@7/N&b1\\9@\&\el\9@3m\J&^9@;&\99@b\c&\Zd9@n&F\g\9@Ss&?V\9@u&Ve\9@ |(&\y9@\&T\9@k	&h#\M)9@A\"&9@w0b\0&MJA9@\&oJy9@\\&]\E\9@427&x9@9\v&__\R# 9@\Tka~&8\ 9@W}&m\\]\!9@%|&yCn\"9@r|&6\u\!#9@3|&Ji#9@P\Zj|&\ $9@\|&X\\%9@\<{&[;Q&9@?N0z&\\o&9@Ay&\'%\\\'9@Jz&\\w(9@\n8z&t\v4)9@}\"Oy&,z)9@$\`S\y&W#\2*9@N~Nz&vKr*9@\'Wz&S\\+9@[\Jz&\%,9@\%jz&v\-9@y	5z&^\\Z.9@c\\K\y&QL\\03/9@$y&,\\/9@\u\Ziy&z719@\S[\x&\@,19@F_Ax&7U\\29@&o\x&\39@F!y&C.49@y&z\Z0H49@\4}vx&\yS59@7w&H0\\69@&8\u&[kBZ79@yx\\u&\Zg\89@^\nu&ddY099@W\\mu&$\n-\99@kD0.u& \;9@v=t&A\f\;9@wF[t&Uy<9@y\0t&q\\\"=9@\\O\s&k\\=9@Ir&5\\=9@l|&\q&\\(]>9@7\\q&rl=C@9@t><Kp&\:\@9@75\|n&\}9]A9@\ !\l&\\iB9@\'k&\\zpD9@\a\k&BZc\	E9@\\Dkk&[\ZE9@F\j&W\oF9@$]J]j&N\=F9@{i&^K\=G9@\BW\"h&=\H9@*\0\3hh&\\KI9@Z}uUh&gDioI9@\g&\\1\J9@\*C3g&YM\]K9@)f&v\nL9@ie&hhsL9@yt\d&8:V)M9@Xc&J\N9@kdWZFb&QS\\'P9@zZa&JY8R9@/KRb&=r\}S9@J8d&K#fyT9@|&\Zd&CusU9@:Me&^H0V9@}ZEhf&]P\V9@5\|\\f&*\\W9@B\e&\\[%XX9@f\Ie&y\wY9@\Bd&\ZXZ9@E<d&+\Z9@`\we&EZ9@~g&\"\08\Y9@SDi&r\ZCY9@\\ZJ\El&^\X9@>>tAm&\W9@- n&RUW9@\\p&\n\W9@ePmp\"r&N\V9@	\\s&LK\1V9@MEt&-@\j\U9@	]\v&&(\\U9@k#w&\nj\U9@\V%}x&=,\U9@\?d\y&\\ wV9@\I`{&LK\1V9@3w|&AV9@\\>Q~&3$V9@\\!&{U9@e\a&}eT9@i8en&\\r[S9@oUfJ&iSulR9@y\S&WQ9@	s&0R9@i\0w&+jS9@Y&4-T9@&jU9@\-&F\@1V9@ewh&d\\V9@z&	V9@*\D&i\U9@/\H&.\RT9@F\@1&\\\cS9@_\\,&9\\Q9@GT&6\0O9@kc&h\\nN9@Z\&f+/K9@z3j&7UqK9@\2\&|FK9@rm&\\K9@sY&\L9@\&\%<M9@+\X&b\M9@(\4&\\QN9@\\\&rm\O9@V*&^\IP9@3A&\\\Q9@[\nH&\n\KSP9@u\\l&\Z\\O9@\b~nh&]3fO9@+&\r\\O9@K;&6P9@\\k&Ox	N}P9@)&ysV{P9@\nJ\&h.O9@\W\\\&yO9@\\&&vN9@\`&2\LN9@]ky&\i2\mM9@\\?k&E\L9@&^TK9@:\&YJ9@\\\\H&p\I9@W&G	1H9@\s\'\&\=>H9@\\0&dSH9@*Z^&%sH9@\3&Vn2H9@|&9D\H9@|c\0&U\H9@0&m\EI9@$&\[&>hI9@y	5\&\{\rqI9@|y\&B%c\\I9@nJy\&V|CI9@7\\\&N\H9@Pn\\&\\H9@\r\&4I9@\\[\&\\J9@\\C\&YZJ9@?x\\&\\\;K9@h\s\&!\K9@o\&\\\L9@lt\O\&sIM9@5c\tv\&gM9@:\&-\\oM9@%\&HPL9@\c\\ \&1%\eL9@\}\\& [K9@5[y\&0\\\L9@B[\&\\n\M9@\&I5CN9@&\\&]V$N9@o>;\&\\N9@<+J\&\N9@\rQ\\&.\N9@]C\\&]N9@E\\ZJ\\&9DJN9@_\|\&&Q/4O9@\\\&O9@\o\\&;6N9@\\_\\&vN9@$&&i>\"N9@\\\&&S\{FN9@QL\\0&h@5O9@\&4fN9@B\O&~N9@ND&\N9@,D&\\nEO9@sePmp&2pP9@^.\;1&yQ9@*\\F&<P<Q9@09&_^}tR9@\8~&\"p$\`S9@0G\\&CULT9@r&8LS9@Z\'.&Un2R9@\Y\h\'wF[Q9@\Z\7L\'iUMQ9@\\'9\P9@\(@\\'\"O9@\@\'u\"T3O9@\S\*\'#N9@\\\O\'5M9@D\1uW\'{2\L9@\*C3\'b\ L9@\0o\\'\[\bK9@*W	\'\"K9@[\7\q\'\`\>L9@\\~\'\M9@x\r\'9\)9\'N9@\\t_\'b\N9@N\\'/O9@Q\\'O9@\~\'&\oO9@P\W\'v;O<O9@c\'\\N\\N9@U2\\'\k\N9@o`r\'S;\\N9@J	\\'s0\0\N9@s)*\'N~NN9@xb\'>N9@e\\'9t\yN9@\9?\!\'Qi\\>O9@\"\'\\O9@#\'hYP9@\\^(`#\'(b\R9@i\$\'\?S9@\bbq%\'\S9@/&\'\*lT9@~\'\'Xni5T9@\'i(\'`u\HgT9@4h\\*\'8*5{T9@a^Cp,\'{\LxT9@@\-\'x\WfT9@3iSu/\'<fT9@KxB?1\'a\xwdT9@m\J2\']xT9@yY4\'_@/T9@\^\'5\'\.T9@TYh7\'d\TkU9@&\\9\'\U9@\!\;\'_\(\U9@vOj=\'\\.U9@\m\\p>\'sE)U9@??\'%$\6T9@~SXB\'\,V9@LS8C\'pCV9@$D\'qt\W9@B?\E\'YNB\Y9@<L\F\'[\0mY9@=rG\'\[9@\\\:I\'&\2]9@&P\J\'\8^9@\FxL\'fL\Zg_9@\\dpL\'iP4`9@_iN^L\'oa\`9@{!UL\'\u6\a9@R\hL\'\;\\rc9@\pM\'\	K<d9@uYLl>N\']kye9@\aP\'a\*f9@=#Q\'dg9@4R\';\\Ri9@.\;1\U\'5j9@@ilW\'dl9@\'.X\'\wl9@h=|(Z\'\o_\m9@\\\ZZ\'[A\+o9@0\\\'lDp9@I*S\\\'FGr9@\n\Z\'\\9s9@zR&5Y\'b\At9@B]\Y\'\I}Y\u9@:V)=[\'U2\0Tqw9@^\'4c=y9@za\'09\\{9@g\d\'\C\r{9@\f\':6U|9@Di\'\s\v}9@@Qj\'8.\~9@l;mm\'\'@~9@u|o\'\\\>9~9@L\q\'A\S~9@\\0s\'yq\~9@=+t\'wG\~9@sIu\'z6~9@mw\'Rr~9@\'x\'\\~9@\SrN\y\'1\t~9@\/|\'`~9@\(}\'iQ\~9@a4\\\'yS~9@\kA\'\\~9@\<\!7\'l;m}9@S$_	\'\Kp\}9@N^\'8\Z|9@>\'\\\tYL|9@\s`9\'.=\\|9@\r x\'\nGJ}9@iW!\\'\'t\)~9@+\]gC\'xx\~9@SP\'9@q $\'k\9@ \>\0\'y9@\0X\'o9@\\'6?9@\\qqTn\'LN9@\\'\!p$9@3\'m\\B9@\?\'h9@\hUM\'l\\9@.\0\'39@\8\0\'\_w9@\\'	PS\9@,\\'\9@.Xx\'U\9@\*l\'6\\n9@\B\'FD1y9@GTn\'&f9@J*\'\oh9@\#F\'S>U9@wkF\'\2\9@h=|(\'\x[9@vU0\'\m39@\|\'s69|9@z\'+j0\r9@\^\'ey\'N\19@\b\J!x\'\9@v\'S<.E9@\QcB\u\'7RH9@TUh u\'3d9@\\f\rv\'9@! _Bw\'\"k9@nw\'|\_9@GZ*oGx\'\\uS9@N\r4sw\'\\9@vu\'\\C9@~\u\'\.m89@\Bx\'\Q9@&\:z\'\x!9@}\X|\'K\9@d]\F\'#9@i4\'+*Z9@\"2\\'	^)9@{M\nJ\'h+m9@F~\'/\$9@m\'\n]9@ne\'\\W9@\n.V\`\'Ym_u9@>	l\\'8T9@P\'\\'\>9@\zM\']3f9@\K\'QlMK9@\2\,\'y9@v3\r\'\r9@\'8\9@Xf,\'?=x9@U/\d\'\o\9@-y<-\'\u\Zi9@r4\'W\29@D\\'E9@Q9\'` 9@IV\'\,^,9@\\':\z\9@^\'\\\\9@Xs`\'\*\9@\0g\\'.\H\9@W\"P\'jIG9\9@\\\'293L\9@>x\' b\9@GS\')\9@\h9\C\'-s,\9@:y	\'u|\9@kC\8\'C,\9@IEc\\'hE,\9@\nb\'g\9@h\'Zbe4\9@$%=\'c\9@\Z_$\'\X\\9@Ku/3\')?\\9@sePmp\'QfL2\9@vA]\'rdP\9@p\\;\'{G\9@\u\';6\9@B?\'\9@~\'-\B;\9@QhY\'9\9@a\\'\\9@\\oh\'\\9@\'`<\9@G6W\'.rOW\9@\"j\'.rOW\9@|\'\7>[\9@LQ\'\j\9@\d\\'S\9@vS\'\\9@Qn\'\\9@\'\\\9@5\Z\'M+@\9@\R)v\'~4\9@=\'o|\'\}\9@GUD\'\9@9U\'v?T\Z\9@NG\\'\\\\9@[\\\3\'\\%\\9@^\\W\'4w\\9@(E+\\'2#\\9@RAE\\'l\\TO\9@h\HK\\'qS\\9@4-\\'79@A$\\'9@T\\'K\\9@\4}v\'\0{\\9@%\\' \9@Cl\'\Fu:9@)H4\\'\.9@\`\\\'\9@\\;\\\'v+.9@\\\#\\'\\Dk9@K\\'r\9@\\X\\\'M9@,IEc\\'H9@:p\\\'&9{9@yy:W\\'>9@\\\'q\\|#9@:\H\\'y\w9@\\\'$@9@f\\\'9\\'9@\/\\\'z9@\\@\\'1\q	9@:\H\\'\\{,9@%\/\\'P\9@\\{\\'M9@ByGs\\'\	Y9@,26\\'\Z\\9@\\\\\\'\y7:@J\\\n\\'_F\\:@`\\'7j\:@\iO\9\\'M\\:@N\\\'e:@\)r\\'o(	:@+1\JZ\\'y\\\n:@7\0\\\'\\q:@\\'\\\mO:@\\\\'5#\\r:@\'\\\':@q\\\'4\a:@.\R\\U\\'\}:@MG\\\'\::@\\',\\:@\\\\\'\L::@iQ\\'\=\:@\w\\'(\\h:@/\\sG\\'&\Z:@wE\\'\2:@\.Q5\\'\=yX:@\\\'\G\:@w}\\\'+\y :@\nO\\';%\":@U4\\\\'Q$:@FN\\'[&\|&:@j#\\'4$\':@k)\0\\'l\F\(:@|\\'Y*:@:\8\\'P29+:@\\B\\'j\,:@\"\\'\\`-:@2\\'ZHs.:@\\F\\'\0:@	z\\'\'0\1:@\Z3\\'rM\\2:@\\\\'ME3:@\\'3\3:@\7>[\\'6T4:@5\\\'rar5:@\u\\'\\\P16:@ep:\\'\k7:@\*\\'hwH18:@\\\\\\'\\\b9:@W@>\\'^-wf::@\\\',cy;:@\t!V\\'\\"<:@\"gx\\'\)n=:@o\\n\\\'\8>:@m\\'\\v\>:@Swe\\'W\\\@:@\\'TI:@\\\\'hX\J:@E\\'xaK:@\\'4`L:@RcB\%\\'\.PR`M:@l=C8f\\'\\\#N:@Yl\\\'\O:@oH\'\\'9\P:@\P[\\'9}=_S:@Rh\\'JGWU:@n\b~n\\':\0\V:@>\'I\\'L\\\W:@zI|\\'G\X:@\f\\'5C(^Y:@\\\'t&mZ:@\\\\'9[:@R\\\'\Y\h]:@0b\0\\'K\`^:@\r\-\\'g\;p_:@.\0\\'z4_:@_vj.\\'{Y`:@S%\\R\\'a:@\\\\'2c:@h\K6\\'\\r\c:@\\\'J\\\ne:@I*\\'mg:@?\\'\ECh:@\\'G\\'&%i:@_y\"\\'\Sj:@\C?\\'Vk:@g\\\'7\Nl:@J\" \\'-%\I(m:@FCT\\'^\n:@\LM\\'\\Udtp:@jM\\'4-r:@l	g\\'Ht:@[{\\'w\\v:@l!\A	\\'lMKx:@={.S\\'z:@\\\\'hzL{:@PUX\\'X|:@F\@\\'a2U0*}:@g&\5\\'M-~:@p\\;\\'m5:@2<X\\'Yg|_:@8\\'\\X:@)\\'\y:@\`6\\':@`W\\'\@]:@Rf`\\'/g:@_\\\'\R:@\j{\\'\Z:@J[\\\\\'\:@kMG\0\\'}8H:@\\\'\T:@LQ._\'36t?:@\GH\'ms:@AF\':@/\\0\'\\=\:@Tl\'\\H:@,\\\'CA|:@}\\'#k$:@q\'\$:@Rb\\'Os:@k#\':@	Q\'\0t//:@P9\'v:@is\'W\\\:@\B\'x\:@\'w\\:@\,\\\'f~:@1>\^\\'z\\":@I.!\\'u:@F\\'E\n:@$\'f}:@\'%\\\'V@\):@Zd;\O\'5:@\0&\'\r:@\k\',\:@\r \'a:@lXS\'S[:@	q\\\'\Z:@O\'~n:@\<\'q:\V:@0\70\'=+i\7:@X\\\'/4\'/:@	s\r\';T:@c\'6X:@(CUL\'ke\/:@4w\\'\:@-\\Va3\0(p#e:@\\0(\\H:@$W\0(]:@u|\'\r\G:@\yt\'R\\%:@-\\;\'\\:@.\|\'\}u:@\/\'\V\,:@**\'\s:@\G\Z\'\P:@.q\\\'h\\?:@Ku\'O:@\\\\>\'I\v|:@?\'Am:@,.\M\\'\Li:@Q\\\\\'\\\:@-]6\\',\'\:@Kb\\'[\\:@$t\\'Hm\:@\\X7\\\'D)X\:@/:\\'\H\:@!rz\\'\\'$\\:@7k\'\y\:@c\\K\'A.q\\:@\I\'PoF\W\:@5x_\'\:@W=`2\'f/\N[\:@?V\'9\0n\:@\q	\\'\\nI\:@&\Z\'2=B\\:@mR\\'-\\o\:@I\\'\\I?\:@\}8H\'fk}\\:@Bv\\f\'\\-\\\:@CR\'\"\{\:@\g@\'uBY\:@I\'C+\:@\\a\'.v2\:@W\'GXT\\\:@%w\Df\'\\\:@CR\'\\:@\e\\'\\"[\:@B\5v\\'o(|\:@Nt\"\\'?\ZN\:@\C|\\'H\:@\M~\\'B:<\:@\\u\\'\NG\:@9>Z\\'#d \:@f2}\\'\\J\\:@A C\\\'I\\:@\]\\'7\:@LK\\'\cw\:@5a\\\'\:@\~\\\\'s:@\"k\\'`:@\25\\' \"5\:@\$\\\\']6:\:@sP\\'u:@{J=\\'WBwI:@7a\\'\:TS:@\wD\\'\\!:@ {\\\'8\q\\:@\n\\'\x:@*\\\'v\\r:@De\\'/\Q:@\zG\'/\:@\\G\'S\{F:@z\'Ag\:@eo)\'\Z\\:@N@\'\N\`:@A\+\'V:@/R(_\'W\n\\\:@PPV\\'\PM:@\\'\K:@@\Z\'Qm\0;@GW\\\'g*;@H\'\;@p\'Gq::;@\>V\'ek};@\\\'uV\1;@z9\' \E\ne;@,\'eN;@]a\';@\X;\'#D;@DgE\'V\\\4;@\n)?\'E/Xn;@)[$\'\n_\;@)\'\\;@h\,{\'p\;@2\	\\\'];@vS\k%\'b,\/;@J+~\'D;@6\"~\'@mT;@\&\0~\'\(\\r;@q\GR\{\'V;@\0\'h{\'CYZ;@\\~x\'\0\4;@:@0Gw\'>s;@Ur\'sF\n;@qn\'=N;@\L\Tm\'i\G5\;@t\'\k\'\ ;@c|lc\'!?n\n;@?^\'Qkw\n;@[\'\Y\n;@Z\'z\\	;@\!p$X\'\\;@j~^W\'o\4;@\\\V\'!\\*;@\\L0T\'im\Z\;@\$\\R\'R\;@5}vuM\'j\\;@mI\'YKi;@\\NG\'\$;@d\F\'\\n\r;@,\oD\'\;@\CB\'_\\,;@rA\'VDM;@i\0w9\';s\\;@\p<7\'\06q;@T\:6\'	\y;@\<E~5\'{L4;@A\n4\'\nf	;@qJ[\\3\'!\"5\b\n;@\1\'\Q;@/\'8;@LN/\'3;@\\'/\'p1=\r;@26/\'o\KS;@\\\\1\'i4;@%2\'\8\rQ;@\Z$2\'a;@M!u;3\' |(;@\R4\'j;@d\\4\'z\\;@\\n~b4\'u8J;@X<3\'o1;@\#b2\'Ks+\;@B1\';@vU0\'h;@\_\/\'q\;@0~\Z.\'\c\;@g\n\\-\'/ ;@c\\l.\':#/k\";@9\\/\'^o%#;@\"9U0\'O6$;@%t\Y1\'A%;@\x1\'\\\%;@%jj1\'\0X9\);@\&O:1\'\#b*;@UN0\'\<\!7+;@j\h\-\'\W)+;@Vc	kc,\'\B;Y,;@Y\*\'Hm\,;@3`)\'4`-;@80(\'NM\g/;@\~d\(\'\+1;@n(\'U2;@<;k\'\'W#2;@d&\':3P3;@Nf%\'\\3;@Pf$\'\+I\3;@U\"\'\\riT4;@> \'%\\\4;@\v\'B{\7;@\\5\'S	O\7;@y7\'I~8;@\"\:\'w;S\8;@\Fx<\' %\8;@\ikD0>\'\\f9;@\'B\' 9;@X\ZQ\rC\'\g\\8:;@\D\'%:\,:;@\(\QGG\'n\\S:;@-\H\'\|\\*:;@\"\nlK\'0\L:;@ \\M\'3:;@v\~kO\'w\rg:;@H\QQ\'R%\\:;@Ps\R\'%VF;;@\\DT\'d*\\;;@v;O<W\'f!<;@kX\'\Z1\c<;@\_\[\'J]2<;@\:\\\'\\W<;@iSul^\'\\:;;@\\H/j_\'\pt\:;@\<`\'\S:;@xa\'W\f:;@H0\\b\'6\es:;@T7\c\'\n:;@.e\'\\\:;@i\ai\g\'x];;@(^emk\'\\52;;@j\\m\':;@\.o\'\;:;@zq\'(F\9;@r\'\n-9;@#-\Rt\' \E\ne9;@&U\Mu\'|l;9;@N;Pw\'\"N\'9;@j\0y\'7\\r8;@{\{\z\'\\'G8;@5}\'*\#8;@Ry9\~\'@N09;@\rx#\'::;@\(\P\'\\:;@:\`\'u|;;@A-\'b4;;@\'\nLu<;@\	F\'82<;@l	g\'q>;@@\'\\\>;@V\',d?;@U\'JCA;@\,\'wGC;@++MJ\'dC;@\j=\')RJ;@%X\\'}]tS;@\Zh>\'\ApT;@\\fG\'NV;@B\\'{+W;@MeQ\E\'Q\E\W;@\\c\'f\V;@\\n\'(=W;@f\S9\',F]k\W;@_\(\'X;@,`\'<,Y;@(\\'J\Y;@\8\n\'bo[;@D\'\#F\-\\;@(\Z\'F0];@\_w\'T\];@\`R\'\\^;@\'y\0_;@WBwI\'\\0`;@\%\\'V\\\`;@&\'ba;@A\\'30b;@@\'0\c;@Z\\'/\$e;@uV\'KR\\e;@\ES\'\)\\Ff;@\|\'\ypwf;@\_w\\'jf;@\ZS\\\\';g;@} y\P\\'\`h;@l\\\\'\K7i;@f\-\\'t\\q5j;@f\-\\'0El;@u\\l\\'ODm;@_2\\\'\\\=n;@h:;\\'L3\\n;@\	b\\'qJ[\\o;@F\\'e4y\o;@8~\\\'%Tp;@Qj/\\\'5q;@x\\\'+i\7r;@K\3\\'9\\w;@FaE\\'A\\"x;@\\\n\\'\tx;@\\\'c\x;@]\N\\'iUK:\y;@\\O\\'|a2U0z;@:\l\\'\'\y;@\"w\\'\Df.py;@\\T\\'F\'Kw;@*\'5\w;@1\Z{\'h\4w;@\~4\'_w;@+\'\w;@-$\'cdUw;@9)\{\'w;@P\2\\'\\uw;@EI\'Ugw;@5U\'-]6v;@<g\'_\v;@\\\\\Q(]@v;@4iSu(\E(v;@\r(\ \\^v;@;:Fv\r(!\Zv;@|_\\\(oe\2w;@\"\ >(\ESw;@\8EGr(^\/\\rw;@iQ\(mscz\v;@y@+(\Ew;@n2o(\M(x;@*%\0(-$x;@M(Tb.x;@E\n(	5x;@7U\\\Z(ky;@9\Z(P8Lz;@+\3(C3{;@F\(\QF|;@}\\(\S\*};@BP(+d~;@pZ\Z(1v~;@&75(^~;@Qd(a~;@\H+ (g_y~;@\"p$\`#(\;(A;@49A$(aE|;@f\%(Hh;@i\q&(7;@^\'(O$jf;@\%\)(\rN;@/3l+(;@GR-(g\ej;@*9\'\.(x\\e;@!Y0(2q ;@n2(Clp;@r \nf4(\\;@i5(4\i;@\6(\};@\'\7(w7N;@\I:(T^\rP;@w\Z/=(;@KXc?(B[;@mR\@(LK;@&P6\B(tu\b;@IJzZE(\G;@\'-\\VI(`;@:\lL(8\Z;@\'|O(|E;@U(\\H/j;@\r\\W()YNB\;@`\Y(3&c;@[{B[(B;@-</](cM;@v7Ou\](OZ;@P\\@^(qS;@X\\^($0;@<J%<_(ari;@?5`(N];@Ha(\\\\.;@V(\b(ND~;@\d(\}\;@||Bv\f(N\\W;@\"\ >h(GJ;@J}Yi(&\:;@lj(I;@\\\ri({\;@+}i(q];@WZF\=m(\Z4;@	5C(n();@{en(\A	3m;@\rn(\\j;@_o(\Z;@\\~p(Y;@)z\cr(\\;@m\06 Bt(%!;@5\v(|;@\\x(<3p;@\Tkaz(\SUh ;@{(CB;@[%X\|(;@~(ALj;@M+(\hV;@w7N(Wy;@(	\O;@^(\\'c|;@r2q (\\;@g\R@(Pf;@8~(QI;@J\rm\06(\'y3;@\v4E(g\,;@\\ID(H4\";@\\\(3;@_(`;([\a/;@%\\\#(B\\\D;@	2*(;];@\3h(%;@?\\(6Vb;@\\\r(5s;@\|zl(Rr;@*=%\();;@%\s}(#;@d\0\(L~;@\Z!($;@{c(5u;@\!\Q(\2;@_x%(s;@\=(+`p;@(~7;@?q\0(A.q;@\WXp(\;@Z\\(M(#;@`\(:;@.q\(D3O);@3\(Xr;@(\~;@0e\(F\g\};@\\\mO(|\o\^};@0\(|;@/\w(!\{;@kC({\`|;@q(\\0};@\(\C<~;@m\<+()x~;@\V	(GW#;@w\'(\ >\;@(;@\6S!(`\;@\AB(mQ~;@:9Cq(y<-?p};@F\=(\Y\|;@P<(Q_z;@\z(\3Iz;@\'(U@\y;@R<(	iy;@}?q\0(\tx;@\F(\\\w;@q;(p $w;@\SrN\(QL\\03w;@\[[%(hzLw;@\w(Aw;@\`R|(\w;@={.S(.W?6\w;@-\\o(@`w;@^\Y-(E\Ju;@E\(C\Ht;@H(B\Lr;@x(v\r;@X(!s;@FG(\s;@`-(\st;@(aMeu;@\	(5Sv;@\\e6(,e\Xw;@i(~\Z\7x;@ |((|Yy;@L(>Uz;@zL(y;@0(m\x;@J%r(Tn\v;@\P1\(h\\5v;@\9({v;@[A\(M(#v;@\"(\ikD0v;@s\^(u;@\^}<}(W\t;@\r5\nIf}(l$	\t;@@~(8h>r;@qTn~(iq;@QfL2(O\\\p;@N\\P(+P\p;@\-(<p\o;@2\3/(\n;@\\n(\05lm;@\K\Z(@3\l;@\}(7\wl;@\r($k;@\.\(hd;@kGq:(5Lk\\\;@+\	(rdP[;@Mg\'(0+\~Z;@a\\:\(\V;@\\Z-z(W\fN;@o\4(d\r1N;@\B(9)\{M;@&P6\(\}VM;@:\0U( 	vM;@ F6(\4OL;@0[w(p L;@M\\(o\K;@(J\o	K;@]P\2(DkEK;@\\(\\!J;@\\uS(S1#J;@	\\(=Fy\\H;@{Cr2(@0G\G;@kj(\F;@\;jL(\CVD;@\\\(o$\B;@\\\(\je\?;@\(J\rm\068;@rf(o(1;@|A	(\xy;@D(^\;@x\\!($\;\;@(x\\!;@>(\\;@(\\;@IV(\'\Q;@(\\\;@33333()H4;@QI(w\;@\'_[(\(\\';@~l(Rb;@\"6X8I\(R;@#K\X\\(\z;@KXc\(KF>;@};\(:vP;@^\(S\\0;@mW\e\(@;@DO\(\ns\r3;@\\\(;@E\[\\(;;@~p>u\((\r5\n;@)\\\(W\n\\\;@+\	\(\I;@Gh\(\4O;@$@M-\(D\\;@\7i\Z\(\\nD;@\.\(;@\\-\\(\Z2;@\\\d\(;@l ]l\( ;@>	l\\(\\\\\;@$\(>\;@|\\(qs*;@&\[X\(=\\;@bqm\(}\\;@m\(\\}U.;@G`\\(7\N;@X\\\(\dT;@	\(\g?R;@\-I(`;O;@\\:\<(\T];@9\(.rOWw;@r	(\;@G6(\\m;@\`(\E;@5x_(j#;@\S([\Ye;@5-<(R\;@X:%\0)\2g;@\=\4)..;@Um77)#3;@\J)}\A;@\\)lV};@sd\)\R\F;@!?\n):r;@No){H\;@z)\Fu:;@G\z)\qo~;@-&6\)dZ\;@7\Y)\%\;@_y\")+;@)Hh;@|$%\r)x\;@\bbq\r)\\^;@r\)b\\;@=N)Ov3;@)`un;@6\)&\`6\r;@:\)\L;@F6)-\\a;@-)\}\n;@l)\\\r	;@\'y)D\\;@(r)`8\0;@>+)&;@\m)\Bi\;@\9)\,;@U0*)<p\;@A\)V\r\Z)\-c};@\\Z)\#&\;@\0)7\d;@E\n)0b\0;@]L3)\#0\0;@Y\>\)\8FG\0;@\Ap\)\A	3m:@U)\nU:@\0C\ )x{:@\2nj!)\\X:@\\,z\")W\Y\:@~\*O $)\S:@^Cp\\&)\o\\:@()`.\:@8{\5*)\:@\|\+)E;:@B\<E.)\\m:@7\00)k\:@bA\n2)\/\:@&\p4)\(\:@#~\r6)^:@*-98)\\(]:@&:\,B9)X\E\:@e:)*TPQ:@\8j;)GXT\\:@\o\^}<)\\K:@N>)%Zx:@~QB?)P:@\?)\J:@Y\@)H6W\s:@$\n-\A)(\Z\:@\rC)SB^\:@KKC)\\:@H\\B) \\\:@Y_\"\B)\:@MfB)>\:@[nC)\\O\:@\\\CG)z\\\:@DI)7\\\:@uBYJ)ZK\:@\nM)Y\\:@~N)\f\:@:$P2Q)\[\:@[{S)V&R\:@uU)%Zx\:@Y\"W)#\dT\:@L\Y)~\\:@e<\r\\)L/1\:@\1\0_)u\\p\:@1w-a)\"\Q*\\:@2v\Kpb)D\[\\:@Sc)\n*~\:@@ti)D;\:@k)TUh \:@v1\l)3`\:@q\\\n)~\~\:@1	p)\z2Q\:@}zls)\\;\:@\>rk\u)E\\:@\X\Ux)\\:@OZz)y	5\:@\n})\!\k\:@\~)5?\:@m\{)X\:@eN))<hv\\:@\j=)Xc\'\:@,am)\\Z\:@R{)E\\:@\\1) _B\:@6\Nx)}\.PR\:@Z	\%)z\\\:@/\$)8d\:@7P\|)X%\:@t\\gy)\UZ\:@\na);S\\:@;3)<O<g\:@L\\)\\:@3$)\>\:@<\~)sJ@L\\:@+)?Qy\:@\\\)2\g@\:@m\{)`\\:@	8)h\:@75\|)w\'-\:@u \)w\0\:@x\)\\:@~\*O )\Z\:@)0\:@\\5)\ZQ\|\:@\O\\)g\:@\)ky\z\:@\\)=\[\:@\!\)=S\:@+):\\:@	l\3)\sDK\:@\r\)\<0\:@[ A\)Q\o\:@u\a\)\\I\'\:@t><K\)Mi-\:@\\\\)h$B#\\:@\\\)\%\:@5Ea\)Pk\:@.\\H\)\0U\\:@b.\)?\6\:@;A\)P3\:@\C\)A\\\:@RB\)Q3\:@0{\)\\):@sE)\)fe;@(8\'\0*_L\Z;@I\\0*?\'I\;@\r*jQ;@Zm\*Qew;@d\\A*\\H;@~*g;@S\Z	*\;@\\Z*kGq:;@>\*\R;@yu\*G;@>\'I*g;@\\**\0\3h;@b.\n\Z*/\x;@\r\\*	\V;@a5*{;@v\ *\\`;@I2\"*\b\J;@0[w#*\Z4\;@3\k$*\\;@s\%*\A%c;@\\m\'*5z5@i;@}\)*F_;@k\C4+*\W\\;@<-*b/;@>\@0*)<hv\;@n\1*nl;@3d3*BY;@	]\4*\\\;@EJy6*\$;@j2\m7*;@NE8*)[$\F;@]M:*6\0;@/=*\\\0;@?*JCB;@vn\@*D;@\!\QB*\O\\;@09\\C*)v4;@BD*V-\(;@|8GE**8 ;@&7E*a\\r;@4\ZF*K#fy;@\IF*M\;@CVzF*u\\n;@>\DF*=	;@\\W\G*z7	;@eG*o.\';@\\rg&H*D\rc;@\(\H*>uRz;@]\\'J**\J=;@<\b\J*\\\\;@\OYK*\3;@Z\\M*(;@\\\0qWO*l\\C;@UNQ*\"\k^\;@CRS*\r;@^\T*E\\0;@26W*x\:@\\X*\<\0;@t\"T[*\x\':@2\m\^*LQ._:@\\p_*\\\:@Xa*[:@\G\)sc*y:@X|[d*_2\:@\iO\9i*H:@<\rl*+mq\:@\n]n*8*5{:@\p* \>:@\\0&Pt*\Z:@j\1v*\mr:@\0\m\x*b\A:@9]{*\i \:@\\\|*\\K:@s\~*<\~:@-\\e*:@+g*\\r\e:@?8:V*\nE:@B\nB*T\{F\":@\0*\@:@j*J(:@0\*K:@\*zq\:@\\n}*Y\\0:@voEb*x	:@IH*c{-\:@vi\a*ZU:@iUM*f+/:@U=*y7R:@K\*.</\:@\DIH*\E\:@3pa*\\\\:@\C\0*P0A\:@cZ\*U\:@\k\\*^=1\:@\Lx$\*3iSu\:@\\hq\*\"\`\:@\#&\\*\\\rM\\:@\*+1\JZ\:@mq\d\*\X32\:@i2\*',1607362055,1607362055,NULL,NULL),(9,'Southern',_binary '\\0\0\0\0\0\0\0\0\0\0\0\0\0\09\0\0K\1i<@\f\\j0\\\nA<@\|0g#<@{\\\0?mT<@RU\08+\;@>\n\K0=\\\;@`0\Y5\;@ 0p\;@2\L>1\r\'8;@\k\U1`>Y1\\;@\n*~i13SZKX;@sV{1+\E$;@\\\\\1*\\';@O)\\1\\l#;@\\\1\u\\;@-&(1\0\	;@\\rg&1\ v\0;@vi\a1^zk`:@\H1\;_:@UN{J\1cAaP:@iWV1$\\:@1\0\1U:@^1U:@m1C3O:@(%1a\:@\\m1\\:@LK\11\\:@+1\J19A:@\uR_1JU\:@/u;1\q\\:@:@0G1S\G:@\I\1< \:@}\\1{k`\:@^1*p\r\\:@\)H1-\:@M~\1S\\\"\:@E+1Zh\4\:@41t)*\:@$(~1s\\:@\\16X8I\:@_9\1o\\:@\1}=_\\\:@h>\n\1V_\:@\\\C1\\_Z\\:@r31\\G\\:@p\n+T1s)\:@2\1\\l\\:@U1\j\:@\"1<,\:@k1\\n|\:@o\'1~P\:@t\1\%\:@)\"\*\1GG\:@Wj1x13\O\:@8Q1\X\\:@E-1n\:@sE2\\\n~\:@p(|2)\:@A&920*\:@({K92	\rL\:@5bf\2\\TO\\:@*Z^2kF\:@x\2dT8\:@5}vu2)\\\:@QU2]u:@\\'\>2f:@Q	2\\X:@\*gz\r2/\:@Ex2og_y:@p`r\2<R!:@=^H2\:@\$?\W2P\\:@\V\,2\\,z:@:\\2FSw:@\%<2E*k:@2:@2\1:@p\-2k*:@mR\r2HOC:@)\n29#+:@\\'\>2\\0:@q4GV2t&:@`2d;\O:@X8I\2EEN:@1x^*6\:@:Z1R/I:@D31g:@\0t//1\-\|:@zO\1D:@?s(1*:@\0={.1\G:@R%S11\q:@\f130:@\1}:@ 1\:@&1\\ !:@\"QhY17:@eO1S:@-\DJ1m\}:@5D1S\q|:@\1]m\{:@\Az1b[>z:@b\\!1t:@\01Wxr:@\ZPoF\1\w}\p:@\\g1\Qn:@[18@dm:@\\\1\*\]gk:@it31i:@\0\41.h:@Tm7\19g:@Ex\1yCf:@j-\B\1\rcd:@o$\\1Zdc:@`d\1C`:@\\1\]:@<1\\P\11\\:@\\n\\1!9Y:@\'E\'K\1-C\\V:@.\+=\1\vL\U:@\a0\1\|?qT:@b\\\1a\R:@\uoE\1lw\}Q:@IMf\1=+i\7P:@s\\1\8O:@]\\1<1\\PN:@`YiR\n\1\(L:@;7m\i\1\\NK:@\$#ga\1Z\cI:@j\U\1\\G:@|~!<\1\F:@d\1\\'c|E:@)%\\1L\D:@\\\17n1?C:@a\1RDUA:@<.9\1\?:@/2F\1RP>:@#K\X\\1X=:@x\\\1rk\m<:@j\';\1\0\\<:@Md\\1	/::@\1nnLOX::@\#F\\1\\9:@Q\1[z49:@m\OT6\1YR9:@\?\1G`8:@6\\\1	\P7:@VF\\1\Xl3:@8\1?2:@\{,G\1	q\\1:@B\1K;50:@e\\J\1\\]/:@\{F\"4\1O\-:@w\r\1~\~,:@\'JB\"m\1J_9\+:@\1Md*:@bdU\1De):@,\17\\Z(:@G,\1G\':@Z\1\':@\rP\Zj\1I\\0O&:@\\1\w)u%:@\\:U\16:$:@/L\n\1fb#:@-\i\1\3g}\":@</\1k,am!:@0\\1<l\"3 :@s0\0\\1\&:@U\\1OI:@Wc#\1\Jvl:@;\1B:@4I,)w\1B\v:@9{\\\1%A\n:@;\\\1y:@\'L\1Ov:@VF\1\+H:@!yv\1s\^:@ZN\\1R1:@g\||1Fq:@\t\1q>?:@u9% &1g:@_(`;1)\\Z:@\\\1\Q:@\	1h\\n:@mp1D\Z:@:6U1o\\:@1yaX:@Qr1%$\6:@1I\:@X\eS1\N:@8#+1zFw:@kF1\P:@\\=\'o1\`\":@<e51X\":@U31\{:@\.\"1\:@Mx$^1S:@\\)14-:@I1n\o:@b\vK1\j:@\rU1~1\l\?:@6\,1\c?\r:@\\\*\1p\n\:@	Ln1&\Z\):@@\1,g~5:@.8_1d\\A%\n:@\\1b\\!	:@Z![1.\\:@\\bE1#k\r:@\H\\"1N\1:@\\\\Z1\O\s\':@7-:1:@1w-1x\\e:@(N>1d\\:@\^1\W\0:@&\\\R1Cn\0:@?1\q\\r9@\\\wb1`_?\9@w\r1Cb9@T1\9@\ZPoF\1\ \\9@\`R1W9@,&1\R$_9@z\\"01\V\9@.Y\&1Z[!9@l\\12\FY9@x]1zUg9@1e9@2\1\0\	9@1>\^1$t9@\G\1I\L\9@d\01E\n9@n1l\ndv9@\\!o11\\9@UN1\J#f\9@+/1\o\9@r#D12w-!\9@Qkw19d\b\9@}\"O1,-#\9@\AA)1t\\q5\9@\e112o\\9@Yk(1?Q\\9@\\"-1\S:\9@BY1\0]\9@\'|1P8L\9@\'\d\1\9@X\0_1\t\9@/1\	F\9@dyW=`1\'\"\\9@5Y1~\\9@#=1\C\9@o`r1\o[\9@\\~1{h\9@@#H1n;2\9@\\o1m\9@\=]1J\9@\(1X\0S\9@`1n/\9@\\-\1\v\9@~$A1Ek\\9@\"\dT1d\C\\9@\l1p]1#\9@t\n1\S\0g\9@[`1\6\9@6\1i3\9@\\\D1e~\9@^1\T2\0T\9@-v\1\9@~n\\1De\\9@n/\1X\9@?J\1\"\9@n\1\0\\9@z\1\\9@GC\1^\D\9@\\\\\1t\\\\9@q\\1	c\9@\g\1\\\2\9@X\1w\o\9@1A\r\\\19\0\9@h=|(\1K\9@P\0\\1\[\b\9@wg\\1\:T\9@{c\1i\0w\9@]\\7\1\\9@/\1\/\\9@\\1^c\\9@\fH\1m;m\9@\c\1GR\9@\o\n+\1\%\/\9@@\1\A\9@\\J\\1yCn\9@Ad&\\1p#e\9@d9\1vu\9@\b\J!\1;\\.\9@aUN\1\L\T\\9@N$j\1	0,\9@&l?\1Y\9@[nK\1f0F$\n\9@:/K\1l$	\\9@R\.\1]P\\9@-@\j\\1I-LN\9@\7i\Z\1G\9@\\1J\^\9@,\}\14)9@:\1Md9@\D2\1\9@B\O\1.o9@E(\1;\Z9@.9\\1++MJ9@\M~\1\2P9@\o\\\1\HLP9@\R\\19@\WWj\1y9@\0A\18G9@\v\\Z\1X9@\\1H]9@\H}\1|\r9@-\l\1\xwd9@NG\07\1\+H39@9]\1S\\%9@HR\\\\1!9@\L\1\T9@>z\}\\1\r9@q\0\'h\1q:\V9@\\-\\1/\r9@;q9^\19@WL\1W}9@j\1h9@M\\1s	\9@\Zb.\1i49@\Zn\\1}V)9@\bc\1(CUL9@s0\0\\1?V9@&%\\1+\39@{H\1\\r:9@\\#\1A\}\0R9@\7\\1\B9@\\|#\1\9@\\r\\1ip9@m\1\_Yi9@><K\18{\59@TN{\1-\R\\9@n;\1\0\49@:w\\1Ft9@\1\(\P9@	v\1&TpxA9@^I\1B&99@j{\\1\\X9@=\\\199@y:W\1\\rM\\9@bI\1\\9@\B\1U9@w/\Q\1\P9@^/M\\19@;\\1=\!79@\\\\1J/9@h\13E9@^*6\u\1\bFx9@3\O\1\LLb}9@W@\1\i2{9@j\\\1R\\%y9@|`\\1DKv9@\L\Z\1Up9@	n\13o9@?\\1k~Em9@&\5\\1\S:Xk9@F\1\5j9@G`\\1zQf9@x\[\1Ae9@rl=C\1F\r2\d9@\\\nI\1\\\\Ba9@&|\1\Y9@HJz\1,X9@j#\1oo>O9@Z\1\\9\}K9@?Q\1{hG9@H}\1p:\D9@2W\\1\B9@\hr1\1@9@N	I\1\V?9@H`\\1\R\\U=9@\ZM.\\1fk}\69@IEc\\12\59@$y\\1\"QhY39@s\<G\\1|19@%\\R\\1*Ral!09@/R(_\1\im\Z/9@Nq\Z\1F\-t%.9@\4\R1\fH-9@]C\1lA\!,9@e\7i1\l<(9@TUh 134\(9@;p1,\\(9@eRC1#\'9@\^\1\9\"$9@\B1R\>\G#9@_\"\:1C9B\"9@1W!9@&1Xx!9@MSt1-\\!9@-AF@1Tn\\Z9@\nU1O)\9@1>\9@1/\\9@\\\M\r41\+H3\Z9@)B\v1\\mU\Z9@~\Az1<f29@`U1\Pn9@_D\1u1F\\\9@e\ZM1r9@8en1/\\\9@~\Az1\Z0H9@\\i1.9@\\\1O>=e9@\r1j9@zq\1nnLOX9@o\'1m29@31\M9@QB1w$9@\t1#e\9@|ds\<1\:\n9@1B\<E\n9@\w1]P\\n9@a\>1}Q9@#J %1ak9@1{\w9@|1\\R\9@6Y1k\'JB\n9@`\\81\8	9@}\X1\V\I\9@\Y1[\Y9@c16\9@\{i1s\^9@zCn1L!9@\rnk1pC8@4M\~21;\\R8@z2\1\$8@c\n\81\\r\)8@N]1EF$a8@f\?1\\\8@n2d1>\\Z-8@E\n)?1\\\8@1	O\\'8@1)\d8@\np=1.\s`8@ \01L\\\8@a\|1Tt$8@o\1i\8@%\"1Oyt#,8@\\@\S1^M8@/^|}1\\~8@#z1_\8@r \nfx1b\\8@Nv1^~9@#t1\"gx9@&\\\'ds1MN9@\\q1\\R\9@sp1\\\9@Hp1(\9@\rCn1j\9@\\riT\l1=\\n	9@IHmi1\E9@<\r$i1?\9@rl=Ch1(E+9@Gp#eg1*\9@)@f1-v9@\\rf1n\ZK9@j\0e1=_\\69@	ia1p\\s9@\C|`1V\'g(9@;^1e\\9@;Mf]15;9@Y\\\\1:p9@\Z1g{9@h[Y1p?\9@kMGX1,9@x7N\nW1)9@u\U1l9@M~\T1g\ej9@]0\R1\n,9@\P1|Vj	9@ICO1\\n9@:=\\N1L\9@	.N1\\cw\r9@qM1QC9@\d\L1,_\9@\L1/9@3fK1\o9@R8\I1\Mq\Z9@ZfH1t\\\9@\\F1<;k9@\C|D1q:\V9@rC1ES9@7nA1}s9@\mRA1-=9@B=A1\3\9@(.\@1Z9@\\\d8?1t\\9@\\\Qc>1n\\)9@\25=1<09@\x\@e<1&9@^;1\n\Z9@\91\r.\9@\ng\81x\\9@mR\X71Nyt#9@S61I&\\Z9@\c!:41Fxx\Z9@:\H31,\n9@\\21-{9@Z	\%11*9\'\9@\}8H01U=9@t\\q5.1<\b\9@w\Z/-19\rQ?9@\\+1im\Z\9@q\Z|*1nz9@H]\\'1~\\0\Z9@GW\&1#\Z9@_\(\%1J~X9@\$1\PS\9@\\jH\#1i9@?Q!1T\9@1aQ 9@H1/\!9@Mt1r9>\"9@\V%1\\\U#9@g\p16\0%9@;V)=\1H7\"&9@FI\1iP4(9@wF1\(yu)9@\\Z1w**9@u\1z*9@PVW1Y,E*9@1A\r\\1\m2+9@K\^1\Z\+9@#1D7,9@Rb1.,9@\&1z4+9@\N1\s+9@ari1C7\*9@8\Z\r1Uik|*9@/\Q1\"R\.)9@\7>[1\\zV(9@\\C\n1v\\'9@\q6	10(9@\x:1\\\r)9@I1s-Z)9@2681z\0\)9@Fq1&c`)9@\.1%\\\#)9@/\$1:w\*9@&\"\d\01P9&+9@Mf0\%,9@)D/04\H,9@\>rk0\YL,9@L\0\%\/,9@@_0\0t//,9@ho}X0m\i*,9@@P0Z.+9@L\0w}\+9@\T0DKO+9@dV\0+\*9@-$`0C\Z8\*9@L<0N019@I\01DN_\?9@p\'0M+A9@\'jin0\\	LA9@\HLP\0?6A9@\2n\0H\B9@\G\0\ZyYC9@\>\-W\05\D:9@,\o\0x\:9@t\0\:9@\\\0g;9@$0\\0\\;9@b\Z0]\=9@i\+I0\0Sh=9@dU0\JR\=9@\\\0\[u>9@QhY0\\!S>9@O\\07\^>9@f10&3\>9@\70\0?9@\rc0fKVE=9@\{L0\3.<9@)\\q0; \:9@#LQ.0b\\99@ND0\Dk\79@\J0rf79@h\40Z69@\2\,%0=C8f\39@\K0\ref29@\|\0\'.09@,)w\0*\D09@\\0\x:/9@\\0E\r.9@\\02\\,9@pY0a\'9@a0&\\%9@\L0k0Op\"9@\:v0T\:9@\l0 9@!U0	.9@/^|09@\0\\Z\*9@R\h0/i\Q9@g\,0<f9@}\02kM9@D0f2\g9@Y.0l\\9@&R?o0k\}9@3680,\'9@u0}\\9@F\\\0\Z0\rU1~\n9@`?\0\:TS\n9@Y.\0?`\9@-0o9@f0a\\+e9@[0\#09@\_0Ec\\l9@Z1\	0\\4}9@B05Y9@1x0^\rP\Z9@;B0Nyt#9@Z0ge9@\\~0U\\\Z9@\A\02\09@40&0F9@t0}:39@d\r1~0sp9@Gt}0b*9@\\|0L	9@\\ez0@\,\	9@!x0p\n9@{\ww0\N9@.\\v0\\"0\79@\\Qv0\\"9@V_u0-zm9@MJ\t0h:;9@%\?t0=\\9@]\].\s0\ v\9@>r0\\\\n9@\fF?\Zr0\\r-9@\Ziq0\Udt@9@?mp0\4\r9@x\o0{P9@LKo06\D.9@V\'g(n0Yk(9@Q\\\m0K<l\9@|	l0\im9@GW\\j0\8\rQ9@V_i0\)s9@\.Q5h02\\Z9@}V)e0S\k%t9@}w+Kd0F9@\\c0_F 9@`V(\`0-B4!9@w\Df.`0#9@jj^074e$9@b:\0^0\;\$9@d\]]0&9@\<0\\0Y.\'9@}[0\"H*9@AZ0/9@nW0*\19@1\"QhU0L\1=29@1\T0G729@\8~T0E39@\9\}\S0$Di69@gS0QB\y79@0R0\k\99@\%\Q0\zj\99@e5]OtQ0G:9@OsP0\\:9@\0d\FP0mQf;9@O0?<9@ c\ZBN0\\E_=9@|}KL0Q=9@rm\K0N>9@\0={.K0t{I?9@ \\J0/g?9@v\I0E@J@9@K\0)I0Q9A9@0(\H0C9@\H06.6D9@dH0k)\0F9@!H0	gF9@8i\Z\G0^SG9@\n\\\G00Ie9H9@x#\G0\ni\H9@\\q5G0$%=J9@\\F0u\~K9@E06uK9@l?\\D0eI)L9@\<C0KTo\rL9@#tu\B0l`q8K9@\\a?0\\1\3K9@\\Bi>0G:#/K9@\/1\"=0\{*K9@<06 B\\9K9@5\b\:0\K9@B\\80\l\L9@\9!70/IeM9@A{50(\hr1N9@cAJ40q\0O9@MT20\=\P9@x\10>UR9@\\.0CS9@\o&-0 %\T9@I2\*0a\\rU9@	5C(*0%\eW9@j)0t(%X9@\>)0!\ZY9@ADj\\(01\Z{Z9@(1\'0Fw;[9@R_vj&0\U3\\9@d9%0\{\\9@&$0\<E~]9@h\V#0Q\o^9@:Z\"0Kr&_9@\-\"0Ii6\`9@ |(!0\\\na9@m_u\ 0\b9@\x\\ 0)\dqc9@\0xy:Wd9@[Z\r0\we9@:KT0\'f9@QL\\00Org9@R\r=0h9@MhXR0~Pi9@I40\u6\i9@f\\n0\VCj9@0d\\j9@1#03}k9@nj0T\Z1\k9@+0C\\l9@\3I\Z0i{m9@\0\^}<m9@07P\|n9@o[t0/$o9@^*6\u0o9@V}b0$Din9@X\"0\5&l9@\3\X0}ij9@V$&0r\\Qi9@\ rh0\\h9@)x\n0>g9@$\p00Ee9@n0\!Hc9@\c\\0f\a9@0B0m:Y`9@+0T9\)9_9@\Z/\0!W\Y^9@\\V0\\]9@ht0>\D]9@gDio0]9@)0\_Z\\']9@\E0_#I\\9@@0\ZDZ9@]0\\"Z9@OI049AX9@\&\r0\^\W9@\1uWv\r0E\nU9@\ne\\k\r0\Q*\	U9@\\\0\\yTS9@U\\B0*7QKsS9@Yj\h0H\c\CS9@v5y\\n0qvkS9@2	0*s\R9@\b\J!0%\ptR9@aHZ0Ab{R9@36t?0s)R9@}\"O0UR9@\=>t0gxS9@\n\b\004S9@^\003dS9@I/\\nIT9@\/|$%=T9@\"4/\\vhXT9@\\>Q/\	.U9@K;5/V9@p[[x^/W9@Ral!\/X\W9@|,G\/=#\ZY9@-&6\\/<BusY9@\\l\\/Y9@\\o{\/.Y9@E\[\\/W9@\>\/HjdrV9@3Q\\\/d:tzV9@_(`;\/dZ\V9@I\rm\0\/V	W9@e6\$\/bI_9@\\1\\/!\n`9@\k\,	/ga9@x/(_\Bb9@\r\/rmb9@L\\/q\Ws`9@	Q/n`9@E)!XU/Uq7`9@YyV/\Bd9@(/\\\e9@;\:/3\e9@e6\$#/$e9@\k\/ qd9@)/3\3d9@4/!9e9@U	g~/Qde9@%P6}/D+g\d9@2w-!|/oDc9@_F\\z/\TG\a9@\\8\ry/SY`9@iSulv/^_9@&\t/\\\\9@V\D\m/\-\\9@&n/GS=[9@\+n/\a\7W9@t|8cx/@rV9@J({{/;V9@\KS8}/>T9@\,^,/R9@Ah:/\\rR9@\,\/ng_yP9@\\\/?74eO9@\3\X/2v\KpN9@k*/+O \K9@^SH/\\6I9@\\/5\;NI9@5	F/\H9@y\\T/{\LxH9@:Y/\B;YH9@\\'\>/lxz,C9@Mr/?\VB9@hp/*A9@\\W\o/\\x\"?9@Zj/&\>9@E;i/r9>9@@\\h/g\\=9@\\~lg/=9@PrMdf/k*>9@]9\c/1wA9@8\n*Z/1\	\D9@28J^[/a5F9@\H.Y/\\G9@.oY/_#IH9@bG\PW/XvMH9@v\/R/3EH9@?Pn\O/H9@s\{M/d\^<9@-\o;/\\Z99@\vhX:/r99@oH7/qJ[\\79@|E^\3/z3M\69@\Wf,2/*n\69@\\.u//\Zb<9@\ej!/\\\H=9@z2 /x\>9@SY /\qn?9@$\/\u\\?9@\ /\x\&1@9@\#/\;jL@9@~\\\\Z/\p\Ws@9@r\{/P\\@9@Ji/\rjC9@[z/Z_&F9@\Ap\\r/\IF9@\7\/V\'G9@+Nf	/\-G9@d/`\F9@\@]/Tt$D9@d\/\bT4B9@\yT\/@9@w\1/\ !\?9@*Wx\0/eS>9@Pqx.Y\&>9@\0X9\.\2.>9@	.s=9@C(^e.\Z4Op=9@3d.EN\=9@X.&3\>9@\\\.1DN_\?9@\\hq\.z\w)A9@\U\.\M\A9@[ A\.\b0\C9@\\D\.&l?E9@\.\\\H9@Z+\\\.H\\\\\I9@_~\.\M9@\v\0\.fP9@z\\.\\ziP9@~4bf\.p^jO9@R<\.N_\\,O9@`\\.\\\N9@bX9\.\'\KN9@v\1\.t)*N9@\V*.+S9@wG\j.\_T9@8+&.\YV9@.&3\V9@?9\n.\U\V9@).v5yV9@)[$\F.s\U9@x\.@\)VU9@E$]3.\K6lQ9@{.RZQ9@\"ng.l\\9@P\.\\\49@\F\.\)\9@\Y.9@V.\\:@\wD.+1\J\":@h[.\i\[:@D/X.mY.\:@\AB/.^):@.\i:@0.(	\:@\\[.6\,\:@AMG.oe\2:@\X\._L\0;@*~.@I\0;@E\T.F\:@?.%\\\:@8\'0\.$a\N:@%\\\./PR`\0;@=\\.W zR2;@\)\..E;@Mo/\E;@\\'Gp/\1\lF;@\q/\2F;@-=r/QL\\0G;@\,	PSs/7G;@xq\Zt/+2: 	G;@\\\u/\>\-WG;@*\tv/\npUJ;@IZ\{/;n\tK;@7\G~/o\L;@W&R?/K\L;@\x\"/G\\M;@}\/8-:YN;@AGZ/\N;@{/CN;@m\~/q<N;@\"u\|/m\{N;@\9x&4y/mpN;@\w/[O;@\\\\"v/\ZuT5Q;@\(u/v\Q;@s/\.4\Q;@(F\q/\.\Z;@;P<R/\-v[;@hO/A\F\\;@7~L/a];@\\RI/g_y^;@RAEE/)D_;@L\*A/-u\_;@\\"?/=HOC`;@!=/\p>?`;@aQ+</c(\'\U`;@!yv9/\Q`;@;2V7/B\\`;@\o^4/293La;@\\1/\Onb;@$\;\./zZc;@9\0-/zod;@$~+/=d;@U\z)/\\~d;@x\r%/2d;@\~#/\&d;@>{.S /R\\d;@\r\'8/Z e;@\\!\/\&e;@_w/tF^f;@ZN\/6qrg;@$\\(/#\Jvh;@\/+\h;@\0{\/jWVh;@f.py!/(bd\h;@1#/\\2i;@L2r&/=	l\i;@\*C3\'/{\5Zj;@4`_\'/2SZk;@\\I\'//g+l;@2&/gem;@s\\q%/3pan;@,)$/\"4n;@5_%#/x_o;@30&/l\<*o;@l;m(/jvp;@]&*/jP4`q;@6 B\\9+/\0r;@\SV+/N~Nr;@:=\*/~<r;@]/M)/\s;@^emS<&/%s;@qo~\$/r1\qt;@\"\<#/\{\\t;@;Ug$\"/\AA)Zu;@\)9\' /QF\\\0v;@;T\/\A\v;@z\{/\yw;@M\rO/\\\	y;@,\o/\\{z;@s\f/,\'};@B	\\Z/\r};@@w\/<jL|;@\\'/\/J\_|;@_\\M/*\3};@`/8K\r~;@O\/46<~;@H/u\bT;@V\f/C\;@\\rJ@/\'3\Vz;@\8\n/6\,;@k/\\;@&/?`\;@\6o/G;@z\\3/j;@\Z/^M;@*4\/\2R\;@K\^b/L\\;@\\\\/F!;@\/:;@\<c_/]h;@\:q9^/T\\$[;@&l.5F\j;@_a.;@I~\.X\0S;@;.R\0/\\na5;@\g\\\0/\k;@v\\0/\Z\kA\;@b\r.p>uR;@T\.m\\];@U4\\.9;@\@e.P;@` .@&M;@OjM.\\V\;@,.G\;@	8.\\\h;@\"u\.&\;@Pn.e\;@@/0.mo$;@y3M.8\;@C 8.jt;@\t.\QcB;@H5\\.\v;@`U.\;@U/\d.;@Ljh.3};@W\".\y;@jWV.k\m\\;@F\\\Z.1\q;@\</i\V;@3\/q6;@\03/V\f;@/\;@I\\\/\&2s;@y\M/\	;@lY./<\r;@d\3/4-2\Z;@sb/t{;@\</\{;@/HM/wf\\\;@Z\f/uX;@A/4\l;@\g#\M	/a56;@E>\'	/m;@/m5;@\P/y;@o/c\tv2;@{)<h/Z}uU;@j\v/D\;@4\`	/\\;@\o\\\n/f\(;@N/1\;@p#e\r/?;@9\\m4/\0\];@tF\/mQf;@CR/|R;@6.6/\u;@g\n\\/PV\;@\I/\	F;@\,\/)[$\F;@\\!/\d<\r;@jIG/\T;@+\\Z/~31;@\\L0//L\n;@\8b->/&VF#;@\[[% /\r\;@s\"/t\\\J;@Ma#/\t ;@c`\%/Q;@a\&/N\;@LnYk(/\ZM.\;@,g*/\\m;@\,/P%;@B=-/*:\;@\\b,/tZA;@a,/k$	;@\n-/-;@\\o//O\\\N;@tF\1/F\;@ta3/z;@r6\4/V`\\;@H\n6/[\;@28/\\\L;@W\:/TW>\;@</;\:;@\\q?/\P;@q\Ws@/\\\\;@Z\7\A/j\\4;@c\C/J&v;@.!E/*\t;@\5\KoG/\\nK\;@3H/6X;@/\I/l ];@y\Z0HJ/\Zn;@5&\\\J/\<t;@h[\J/eN;@\[K/`;@\GL/\/-\;@\_vON/^,;@ALjP/\t\;@\}R/|;@_T/;@_\\WV/_%;@\\-W/Qr;@N*\ZkW/;@BW/|];@w*\V/[$\F;@k\U/4;@6sHjT/\d`;@wf\\\S/}s;@\xZQ/\Xl;@g^O/m;@! _BO/\"\\);@\\N/-\R\\;@F^\\O/\;@\kO/u;@C=P/e\Q;@\5oQ/\\\V;@L7A`U/r\;@Mg\'T/!XU/;@I\\"i7R/\\aN;@ \P/[]N	;@}iN/R?o*;@\^zoL/TsP;@	I/zW;@#*T7G/LT;@F/\\k\;@ur\G/BC\;@\JI/{p\;@i\\IK/ \>\;@J\hM/\;@JiO//R(_\;@Y|EO/\[[\;@\>rk\M/\R1\;@4y\SO/\t\\;@\_!seP/N#E\;@\0Q/ \\;@ir1\Q/H\\\\\\;@|PkR/\LL\;@YS/2\"QhY\;@3m\JS/r/0+\;@0hS/oa\;@I|\S/\\U\;@+\R/FA\;@MG\07S/3\V\;@&\T/\<\;@\\#V/\\;@u \\W/`E\\;@\i*Y/\K\Z\;@[/G\;@)	0\\/{J=\;@\o[\\/\v\;@#\~j\\/?\\\\;@N\1]/y7\;@2p@K_/\\W;\;@\pa/K\4\;@\`\b/E\\;@Mac/\n\;@*nEe/l\F\\;@\f/>4\;@?g/^\n\;@T5A\}h/h$B#\\;@\j=&j/\\n(\\;@0j/\0%\;@\M\\\j/\"m\OT\;@-\\;k/N\P\\;@\V\l/(\>\;@PUXn/\s]\;@+0duo/g)YNB\;@\L:q/;I/\;@Ps/7\;@\\\t/o\'\;@I\L\v/L\nF%\;@Ii6\x/xe\;@\\\Zz/\0\9\;@\I`{/\\tp\;@ x|{/k\\;@R{/O\9\;@w4E{/)Wx\;@:p{/\IU\;@h[\:{/\\O\;@O\0\\z/Eb\Z\;@zy/ <\;@KxB?y/\;@yw/&\\\'d\;@1>\v/\nH\;@.u/:6U\;@M\Zt/&v\;@\YNt/t\)\;@DkEs/<g\;@Lq/E\n\;@U[rp/hW\;@]z\n/~{\\;@\I`sn/\\\\;@\V\l/Is\n\;@r \nfl/6\\;@rm/\\w\;@^)\o/XL\;@*\Dp/	M\;@\\nn/\LM\;@n1?74m/f8\;@?\0Ml/	\<\;@5+-#m/\.PR`\;@j~^o/UN\;@Mp/n\\;@\y]r/\VC\;@1{Ov/C\5v\;@\A	3mw/\\\;@IVy/jl\;@\\\U{/\G\;@~7|/wg\\;@f}/aR||B\;@jg\R/eN\;@SY/\`\;@s/0+/{?\;@\-\|/dWZF\\;@jIG/h\;@F|\'f/x\\e;@O/-`\;@q\qt/(;@\\n/)^emS;@\	/H\\;@\E\\\~/|\o\^;@\;~/`\\V\;@\h9\C}/;;@0a|/a6\;@-\Vx/p;@r7v/);@\t/k\;@pCr/B\;@G,\l/=N;@ \\*j/]\].\;@t\\i/Cus;@d=j/J\E;@\\ZNm/\V\0<@Yn/Z<@\\Zn/\'<@\+n/\<+i\<@.\R\\Un/Cl<@>?n/)<@Uq7n/ +\p<@:@0Go/D\[\<@bodq/G\z<@\r/9w^<@4d<J%t/\\\r<@\z\v/\<@rLw/\d<@\rW\x/uV\1	<@y/ <\n<@Naz/=\[<@\nE{/Uj@+<@!\{/\\\6\r<@\\,{/a<@\NG\{/W	3<@WAt\{/vk\<@S\Z|/\.\<@\3K|/\OT6<@(\\=|/0<@J\|/Q+L\<@`[?g}/Vc	kc<@\\~/NE<@t\\\~/?\"<@YvQ/6?<@]/<@/H\<@qt/\&\<@B\\/am<@_/!\hUK\Z<@\ypw/`\U,~<@u\8F/\G<@\/vX<@>\/r<@\a[>/$<@BX%/0:!<@\"1A/#\E\"<@)/R$<@\(/z\%<@oe/s\&<@\\r:/\\jH(<@:\\\Z/t%)<@g)/5*<@(~k/~*<@q\/S<.E,<@<i\/\M\,<@	/\x-<@S$_	/--<@S\\'/\rP\Zj.<@\'/\\;.<@(/f.<@\4\\/c.<@~1[/L\[\\.<@d\^/)/<@f\r\W/q\s/<@5\nIf/[y\\/<@Z~\*O/\Q0<@\0/\0<@U/SH\1<@\&2s/bd\3<@4iSu/){K9_4<@\yQ/sE)5<@0GQg/X;s\5<@Q\\\m/DkE7<@2t\/c\tv28<@_\/\Z\.\8<@t[/\\":<@|V/TPQ;<@l\,	P/c\=y<<@\\\e/h\=<@\-/c\r?<@\j,/dP3@<@Z,E/V@<@B/0@<@t@\/WA<@t?Pn/(\r5B<@\\/?QB<@\\G/f/\N[C<@\0\Z\0/SD<@\l\%/ddY0E<@p/\+zE<@</U\zE<@;/u\\mF<@mYg|/H\\0G<@w>X/1\G<@B/\s]H<@kC/Pi4I<@Kb/2q J<@\\\O/P6\\n\J<@E+/\\y7L<@4f/@\\L<@^f\(/MN<@Le%/.\nO<@\\vh/:\lP<@_sa/\"OP<@-`\/x\x[Q<@u/g\,S<@\/S<@\\*\/Z\W<@}s/nYk(Y<@\^\x/#Z<@k\\/\"k\rZ<@I/j/No[<@\V/b\\]<@HP/\'I\L^<@CV/pa\xw`<@(rw/yaXa<@i/\6pb<@W\\:/mb<@d\/Qic<@V|/\\\c<@ge/\d<@/\Ze<@(/jinf<@\%/`>Y1\\i<@HV/\i<@#/Cj<@\\\'/26tk<@Tl/\k<@Vj-/-Z\l<@O\\C/}m<@5/-\m<@F\\\\/\\\2n<@H0~/\i2\m<@HN&n/m<@\a0/a\\rm<@t{Ic/?\\m<@\np/\JYn<@E\r/o<@[/N\}p<@y/|\rq<@v\n/_cDr<@ \>/\\Ks<@/j\0/b{\s<@\/\0\m\t<@\/?rk\mu<@\+\\f/dS<@U/a\<@~n/^\\-<@#c/ca<@\18/\W<@@m/\\u<@,,\/m\\]<@g\/\\a\7<@z\Z0H/r<@W/,G\@<@@r/T^\rP<@\\bg\/&<@\0\/jv<@\nw\/\-]<@+\/\[<@=#\/\\<@T^\rP\/\eM,<@\52;\/}w+<@v28J^\/+<@@`\/L\*<@I\\/YyV<@T\/<J%<<@RAE\\/!\A	3<@S\"^\/CV<@J*\/qR<@\\4}\/|c<@p $\/\<@y\j\/v<@m\\/yy:W<@f\\\\\/\\2<@%W@\/c\\qq<@\0\3h\\/n<@\/a\<@,AF\/Db*<@.\'H\/1\\\0q<@w*\\/%<@\\/4\($<@\\\\/!\'<@pA,_\/{\l<@\e\\\/VF#W<@|\/2\<@*\J=\/*oG8-<@}\\/n<@Fw;\/A\+<@\/\\ w<@*\\O\/\rU1~<@}\\\\/	<@\=\/\ZK<@GS\/G\<@z<\/\\\<@2\L\/<\\r<@}w+\/ZD\<@9A\/v\\<@\nO\/p>uR\<@t%\?/ZxZ~\<@dw\/P\<@P\\b\/!%\<@A{\/|G	1\<@\/\\\<@m\/\\E\<@\\0\/\0*Q\<@6sHj\/wE\<@	\/\Y\h\<@t\\\\/@g\<@~\Z\7\/\C\r\<@\/Z\\<@R\/6U\\<@$\6D\/p\\\<@\/(Hlw\<@\`6\/%?\W\<@\n\KS\/:=\\<@\}\/)\<@\A\/|E{\<@S\\U]\/i\<@DM\/{gUI\<@\X\\\/\\<@\H.\/\"1A\r\<@s\h\/jh\<@#[A\\/\\f*\\<@\4\\/\\<@\|zl\/\r\\\<@\ \/?9\n\<@\\i\/p\\\<@9\\m4\/\\2\<@\MFa\/M#\<@RG\\\\/\\\\<@4F\/Mg\'\<@\\)\/O?\<@H,/oD\<@\/(\\<@\g/\\rQ\<@[/vS\<@4E`/\\<@\\#/\<@/N\\\<@&s,\/+f\<@k	\00Qv0b\<@\\\,0U-\(\<@\\\0F^\\\<@q0|DL$\<@\R0u\\\<@T0\^\\<@	\rL0LnYk\<@v0yV\<@Z\0Mf\<@\Z\10\\>Q\<@4c=	0MM7\<@w\r\n0fj!\<@l\\0\<@>0v\<@E\n)?\r0\b\\<@S=\r0C\\\<@\80BP\<@s0\<@E0\\9#\<@\\o0Vb\<@E(b0N\g\\\<@XO0}\\\<@o[t0,)\<@m01\\\0q\<@n0vmo$\<@b1\Z{0_~\<@\\09\<@ut\\\\Z0\Y\h9\<@0\s0Z~\*O\<@smB0!sePm\<@\Z0\Bt\<@@0\S:X\<@aO;5!0=M\<@\&$0k\t\<@9\$0^/M\\<@;\\R%0\@-\<@{i\0\'0,`\<@r>s*0\Mq\<@=\50\{\<@&S60\8\<@\}V90O>=e\<@\Z\\:0pC\<@k\C4?0)\\<@\%\B0_9\\<@\\iC0Dh\<@,9$D0\\dp\<@g{H0R	O\<@#I0N^\<@W]jJJ0\j\<@\\\J0|	\<@\"K0\8\<@!YL0\<@\ZQ\|M0\n\F\<@#\#\Q0S\\t\<@}.Q0\0P\\<@IQ0\\<@\\mR01\0\\<@.R(S0P)\<@\\PT0Zc\	\<@}\"W0\<@\\|#W0m5\\<@\IDY0O\\\<@Z0\r\\n\<@\YZ0zFw\<@\\W[0\\\\<@\ZO\\0Wt\\<@@g\^0.s\<@\\\n~_0\j{\<@W\\`0W\\<@\\Fb0#J %\<@\\"0\7h0 ^\/\\<@d_i01\f\<@\\Wj0\g\u\<@\Jk0C \<@\\k0Oe\<@\!p$l0\\"R\\<@}\Xl0i\<@<Lo0uOU\<@+5{p0\\ne\<@p\q0 \\\<@56\r0\\O=\<@f\s0Q\<@MStt0I-L\<@g,\Nv0OWw,\<@v?T\Zy0\V^?\<@ y0C 8\<@\Z3z0\FXT\<@\"S>U{0.:Yj\<@\[|0\\Z.rO\<@vMHk|0\l\<@\\:\<0\"\\<@\ZL0\N\`\<@\"\{0ve\\<@\+z0o+6\<@\\\0@Zk\<@\}00\<@9\)9\'0U\\B<@BA)Z0g)Y<@Q0c\n04Y<@\\Z0\nbk<@\0<d<@0K\1i<@\f\\j0',1607362055,1607362055,NULL,NULL),(10,'Western',_binary '\\0\0\0\0\0\0\0\0\0\0\0\0\0\0U\0\0\H_8@;*\0,77\',8@V\+=;k8@I+(8@?\+H\z8@r\+O8@\%+\a/8@a+LnYk8@f\\+5Y8@\\\\\0,W8@F};l,n8@\ns\r3,\(8@\\,f,8@#/kb,E8@q\,:KT8@\n\$,\8@&fe(,a1\8@\o\n+-,v|\H8@`\2,w\\8@<|3,\^zo8@}>8,}\\z\8@^\I<,\%\8@[]N	A,{1\\8@\n-A,6\\n\r\8@bN\&G,\\\8@u\K,\y\8@\QN,\d\0\8@O?L,EKO\\8@N]L,*~\8@DP,qTn\8@\R,!lV\8@ZF\=S,T7\8@oB@T,\6\8@f1V,p\GR\8@-\(Y,\\I\8@t\y\^,\N$\8@\r\"\^,88@\`,\\8@P,c,\\S\8@\Z\d,\\}U.8@\D\ni,\8@D\g,.\9@Q/4\'g,J@L9@\" i,\l9@1^\j,	Q9@S\o,\.\\\n9@&7m,\zG\r9@Up,\l9@|\m,+hZbe9@=;km,|	9@\\Z\m,zq\\Z9@M~\t,\y9@3Lm{,.9\\Z9@/\\{,W9@V$&,ti9@^i,3O)!9@Sul,C3O!9@\,`. 9@J\h,a\9@\j=,^zk`9@\\m,_n9@?74e,h;\\Z9@UJ,6\\n\r9@`,o9@\\;,=#9@\\\',N\&O9@\_Z\\',\Pj/9@l\\,I+9@\\"-\,\C|9@&\\,5\($\r9@\bb\,7M9@0\\,M\=	9@F>x\,\\{,9@N\6\,\JZ\r9@L\\03\\,9@/0+\\,q\\9@`o`r,M:/8@],\k\8@/EH,NoD8@\v/-`tys8@y3M-=B8@{\\r-\"O8@p1=-f\|8@x#\-\r\-8@\\ZN-\K8@\lY-x\1!8@5?&-Yt8@y\&1,-q8@a/-\09@\|\3-YO9@?g7-dvS9@@Zk:-yUg9@\->-mB<9@E\\A-DO9@\0\	A-\;9@\9?\A-\V%9@\d\\B-\{\#9@\\f*\C-\/\%9@a\N\"\?-\+9@,\<-$}ZE09@F\\\Z?-5#49@rk\m<-/\69@3SZK8-;9@Sz3-\F9@p\//-\RJ9@6<R.-N9@2!--vT9@\r+-0!X9@g\r\W\*-gCA\\9@.\*-\f9@\#\rn+-[{k9@o/i\)-\bT4n9@Gi(-$_	\r9@r1\q$-Cu9@\rP\Zj\"-\\\C\y9@\\\%-\|9@\>\\Z-Ql9@&r-\cx\9@T-m\J9@-T\:9@y\-\\'9@F\v-P9@.T-R\9@8-\\9#9@jdrj-%9@\"u\->x\9@1\f!-\9@K%-*\9@\_!se(-4-2\Z9@E/Xn)-\`9@pa.-X329@\\Z3-0&9@\\[\;-U/\d9@fJ\o	@-ip[[9@h\\8E-Gq::9@\jeJ-8G9@ng_yP-\\D9@p\U-J\\\n}9@W#\2Z-\nfL\Z{9@g%^-\}y9@$\6De-^{9@(-\\Vak-4BX}9@i\q-iWV~9@)yuy-d|9@\\/-Q._x}9@M\Z-8\L}9@/-\|9@>-g\K6z9@]P\2--@w9@1\-\0)Ut9@\uS\k-\'Hls9@s=A-l\r9@\p{-\^zop9@:\-\n\\m9@K-T4m9@@m\\-:n9@K|%\-NDn9@ZU\-fc]\r9@Y\\0\-\\]\w9@\\\\\-?mTw9@(A&-/2Fv9@MKF-\HK\u9@yu\-o\v9@\$\"\0.D\1uWv9@n/.-?p\'t9@u7O.lo9@,G\@&.c\\Zl9@D\\'.QJk9@/\x-.Z	m9@2.\\\\l9@f0F$\n=./\l9@D.\yi9@l|&\I.^2e9@WE.\\\\\`9@}x #H.h\c^9@@x\=L.x%\s}[9@cyW=P.z\W9@nQfLR.dQ9@h_.ZS9@9Z\l.\Sr3T9@QUr.>T9@7\w.\h9\CU9@zO\.4BT9@#~\\Z.RZQ9@\"ng.\K6lQ9@{.@\)VU9@E$]3.s\U9@x\.v5yV9@)[$\F.\U\V9@).&3\V9@?9\n.\YV9@.\_T9@8+&.+S9@wG\j.t)*N9@\V*.\'\KN9@v\1\.\\\N9@bX9\.N_\\,O9@`\\.p^jO9@R<\.\\ziP9@~4bf\.fP9@z\\.\M9@\v\0\.H\\\\\I9@_~\.\\\H9@Z+\\\.&l?E9@\.\b0\C9@\\D\.\M\A9@[ A\.z\w)A9@\U\.1DN_\?9@\\hq\.&3\>9@\\\.EN\=9@X.\Z4Op=9@3d.s=9@C(^e.\2.>9@	.Y\&>9@\0X9\.eS>9@Pqx.\ !\?9@*Wx\0/@9@w\1/\bT4B9@\yT\/Tt$D9@d\/`\F9@\@]/\-G9@d/V\'G9@+Nf	/\IF9@\7\/Z_&F9@\Ap\\r/\rjC9@[z/P\\@9@Ji/\p\Ws@9@r\{/\;jL@9@~\\\\Z/\x\&1@9@\#/\u\\?9@\ /\qn?9@$\/x\>9@SY /\\\H=9@z2 /\Zb<9@\ej!/*n\69@\\.u//z3M\69@\Wf,2/qJ[\\79@|E^\3/r99@oH7/\\Z99@\vhX:/d\^<9@-\o;/H9@s\{M/3EH9@?Pn\O/XvMH9@v\/R/_#IH9@bG\PW/\\G9@.oY/a5F9@\H.Y/1\	\D9@28J^[/1wA9@8\n*Z/k*>9@]9\c/=9@PrMdf/g\\=9@\\~lg/r9>9@@\\h/&\>9@E;i/\\x\"?9@Zj/*A9@\\W\o/?\VB9@hp/lxz,C9@Mr/\B;YH9@\\'\>/{\LxH9@:Y/\H9@y\\T/5\;NI9@5	F/\\6I9@\\/+O \K9@^SH/2v\KpN9@k*/?74eO9@\3\X/ng_yP9@\\\/\\rR9@\,\/R9@Ah:/>T9@\,^,/;V9@\KS8}/@rV9@J({{/\a\7W9@t|8cx/GS=[9@\+n/\-\\9@&n/\\\\9@V\D\m/^_9@&\t/SY`9@iSulv/\TG\a9@\\8\ry/oDc9@_F\\z/D+g\d9@2w-!|/Qde9@%P6}/!9e9@U	g~/3\3d9@4/ qd9@)/$e9@\k\/3\e9@e6\$#/\\\e9@;\:/\Bd9@(/Uq7`9@YyV/n`9@E)!XU/q\Ws`9@	Q/rmb9@L\\/(_\Bb9@\r\/ga9@x/!\n`9@\k\,	/bI_9@\\1\\/V	W9@e6\$\/dZ\V9@I\rm\0\/d:tzV9@_(`;\/HjdrV9@3Q\\\/W9@\>\/.Y9@E\[\\/Y9@\\o{\/<BusY9@\\l\\/=#\ZY9@-&6\\/X\W9@|,G\/W9@Ral!\/V9@p[[x^/\	.U9@K;5/\\vhXT9@\\>Q/|$%=T9@\"4/\\nIT9@\/3dS9@I/4S9@^\00gxS9@\n\b\00UR9@\=>t0s)R9@}\"O0Ab{R9@36t?0%\ptR9@aHZ0*s\R9@\b\J!0qvkS9@2	0H\c\CS9@v5y\\n0*7QKsS9@Yj\h0\\yTS9@U\\B0\Q*\	U9@\\\0E\nU9@\ne\\k\r0\^\W9@\1uWv\r049AX9@\&\r0\\"Z9@OI0\ZDZ9@]0_#I\\9@@0\_Z\\']9@\E0]9@)0>\D]9@gDio0\\]9@ht0!W\Y^9@\\V0T9\)9_9@\Z/\0m:Y`9@+0f\a9@0B0\!Hc9@\c\\00Ee9@n0>g9@$\p0\\h9@)x\n0r\\Qi9@\ rh0}ij9@V$&0\5&l9@\3\X0$Din9@X\"0o9@V}b0/$o9@^*6\u07P\|n9@o[t0\^}<m9@0i{m9@\0C\\l9@\3I\Z0T\Z1\k9@+03}k9@nj0d\\j9@1#0\VCj9@0\u6\i9@f\\n0~Pi9@I40h9@MhXR0Org9@R\r=0\'f9@QL\\00\we9@:KT0xy:Wd9@[Z\r0)\dqc9@\0\b9@\x\\ 0\\\na9@m_u\ 0Ii6\`9@ |(!0Kr&_9@\-\"0Q\o^9@:Z\"0\<E~]9@h\V#0\{\\9@&$0\U3\\9@d9%0Fw;[9@R_vj&01\Z{Z9@(1\'0!\ZY9@ADj\\(0t(%X9@\>)0%\eW9@j)0a\\rU9@	5C(*0 %\T9@I2\*0CS9@\o&-0>UR9@\\.0\=\P9@x\10q\0O9@MT20(\hr1N9@cAJ40/IeM9@A{50\l\L9@\9!70\K9@B\\806 B\\9K9@5\b\:0\{*K9@<0G:#/K9@\/1\"=0\\1\3K9@\\Bi>0l`q8K9@\\a?0KTo\rL9@#tu\B0eI)L9@\<C06uK9@l?\\D0u\~K9@E0$%=J9@\\F0\ni\H9@\\q5G00Ie9H9@x#\G0^SG9@\n\\\G0	gF9@8i\Z\G0k)\0F9@!H06.6D9@dH0C9@\H0Q9A9@0(\H0E@J@9@K\0)I0/g?9@v\I0t{I?9@ \\J0N>9@\0={.K0Q=9@rm\K0\\E_=9@|}KL0?<9@ c\ZBN0mQf;9@O0\\:9@\0d\FP0G:9@OsP0\zj\99@e5]OtQ0\k\99@\%\Q0QB\y79@0R0$Di69@gS0E39@\9\}\S0G729@\8~T0L\1=29@1\T0*\19@1\"QhU0/9@nW0\"H*9@AZ0Y.\'9@}[0&9@\<0\\0\;\$9@d\]]074e$9@b:\0^0#9@jj^0-B4!9@w\Df.`0_F 9@`V(\`0F9@\\c0S\k%t9@}w+Kd02\\Z9@}V)e0\)s9@\.Q5h0\8\rQ9@V_i0\im9@GW\\j0K<l\9@|	l0Yk(9@Q\\\m06\D.9@V\'g(n0{P9@LKo0\4\r9@x\o0\Udt@9@?mp0\\r-9@\Ziq0\\\\n9@\fF?\Zr0\ v\9@>r0=\\9@]\].\s0h:;9@%\?t0-zm9@MJ\t0\\"9@V_u0\\"0\79@\\Qv0\N9@.\\v0p\n9@{\ww0@\,\	9@!x0L	9@\\ez0b*9@\\|0sp9@Gt}0}:39@d\r1~0F9@t02\09@40&0U\\\Z9@\A\0ge9@\\~0Nyt#9@Z0^\rP\Z9@;B05Y9@1x0\\4}9@B0Ec\\l9@Z1\	0\#09@\_0a\\+e9@[0o9@f0?`\9@-0\:TS\n9@Y.\0\rU1~\n9@`?\0}\\9@F\\\0\Z0,\'9@u0k\}9@3680l\\9@&R?o0f2\g9@Y.02kM9@D0<f9@}\0/i\Q9@g\,0\\Z\*9@R\h09@\0	.9@/^|0 9@!U0T\:9@\l0Op\"9@\:v0&\\%9@\L0k0a\'9@a02\\,9@pY0E\r.9@\\0\x:/9@\\0*\D09@\\0\'.09@,)w\0\ref29@\|\0=C8f\39@\K0Z69@\2\,%0rf79@h\40\Dk\79@\J0b\\99@ND0; \:9@#LQ.0\3.<9@)\\q0fKVE=9@\{L0\0?9@\rc0&3\>9@\707\^>9@f10\\!S>9@O\\0\[u>9@QhY0\JR\=9@\\\0\0Sh=9@dU0]\=9@i\+I0\\;9@b\Z0g;9@$0\\0\:9@\\\0x\:9@t\05\D:9@,\o\0\ZyYC9@\>\-W\0H\B9@\G\0?6A9@\2n\0\\	LA9@\HLP\0M+A9@\'jin01DN_\?9@p\'0N019@I\0C\Z8\*9@L<0+\*9@-$`0DKO+9@dV\0w}\+9@\T0Z.+9@L\0m\i*,9@@P0\0t//,9@ho}X0\%\/,9@@_0\YL,9@L\04\H,9@\>rk0\%,9@)D/0P9&+9@Mf0:w\*9@&\"\d\01%\\\#)9@/\$1&c`)9@\.1z\0\)9@Fq1s-Z)9@2681\\\r)9@I10(9@\x:1v\\'9@\q6	1\\zV(9@\\C\n1\"R\.)9@\7>[1Uik|*9@/\Q1C7\*9@8\Z\r1\s+9@ari1z4+9@\N1.,9@\&1D7,9@Rb1\Z\+9@#1\m2+9@K\^1Y,E*9@1A\r\\1z*9@PVW1w**9@u\1\(yu)9@\\Z1iP4(9@wF1H7\"&9@FI\16\0%9@;V)=\1\\\U#9@g\p1r9>\"9@\V%1/\!9@Mt1aQ 9@H1T\9@1i9@?Q!1\PS\9@\\jH\#1J~X9@\$1#\Z9@_\(\%1~\\0\Z9@GW\&1nz9@H]\\'1im\Z\9@q\Z|*19\rQ?9@\\+1<\b\9@w\Z/-1U=9@t\\q5.1*9\'\9@\}8H01-{9@Z	\%11,\n9@\\21Fxx\Z9@:\H31I&\\Z9@\c!:41Nyt#9@S61x\\9@mR\X71\r.\9@\ng\81\n\Z9@\91&9@^;1<09@\x\@e<1n\\)9@\25=1t\\9@\\\Qc>1Z9@\\\d8?1\3\9@(.\@1-=9@B=A1}s9@\mRA1ES9@7nA1q:\V9@rC1<;k9@\C|D1t\\\9@\\F1\Mq\Z9@ZfH1\o9@R8\I1/9@3fK1,_\9@\L1QC9@\d\L1\\cw\r9@qM1L\9@	.N1\\n9@:=\\N1|Vj	9@ICO1\n,9@\P1g\ej9@]0\R1l9@M~\T1)9@u\U1,9@x7N\nW1p?\9@kMGX1g{9@h[Y1:p9@\Z15;9@Y\\\\1e\\9@;Mf]1V\'g(9@;^1p\\s9@\C|`1=_\\69@	ia1n\ZK9@j\0e1-v9@\\rf1*\9@)@f1(E+9@Gp#eg1?\9@rl=Ch1\E9@<\r$i1=\\n	9@IHmi1j\9@\\riT\l1(\9@\rCn1\\\9@Hp1\\R\9@sp1MN9@\\q1\"gx9@&\\\'ds1^~9@#t1b\\8@Nv1_\8@r \nfx1\\~8@#z1^M8@/^|}1Oyt#,8@\\@\S1i\8@%\"1Tt$8@o\1L\\\8@a\|1.\s`8@ \01)\d8@\np=1	O\\'8@1\\\8@1\s8@d\F 1uq\r8@\\a1\\8@.5#1\Z3z\8@1hhs\8@\b\J1D\8@#1q\@\8@h\\n1g)Y\8@F\'K1J_9\8@\619t\y\8@i\\n1!\\8@Rc1RA\8@1O\\8@\d<\r16\8@.\|1.\8@\01v\\8@[1!8@1\\q8@7P\|1vN@8@%1F68@ %vmo1\\a8@|%1)@8@X9\~1\b\*8@\c?1G\g\u8@; \~1G\\8@~:p~1{8@31Or8@\\\	1_\|x8@>e1lA\!8@w1\\v58@?8:V1B8@Q?1\\-\8@\o_1\H58@-2\Z1q\\\"8@\(1\nMK8@Sz1568@N],1\	\8@WL1I%8@4\1\ES8@.\:1N	I|8@~\n\r\~1h\Wz8@\S[\|133333w8@\\\'{1f`Xr8@\C\z1z\\m8@\z1	\\k8@\;z1C:<g8@? ?y1}$%=e8@#2\x1@3iSa8@\L^x18k]8@%\"y1\;\\r[8@Y.\z1\W8@\}\n\r|1/EHU8@_;}11d\Q8@>\|1k#O8@\\\"M|1\\J8@\\\{1\\G8@Ct	|1\\ZNE8@\n.\|1YB8@ zR&5|1\@8@\',z1\xZ=8@N{Jy1T498@Fy1! _68@M#z10\\\\08@_\(1Pv0n7@H`1(H0\l7@\\`ob1g\||l7@M1-C\\j7@Y/1_\h7@wN@16<Re7@s\A17\Nd7@\M1k\ndvb7@\\\O1n(_7@uYLl>1\-\s\\7@p\'v1;O\0Y7@\&1M1AGW7@L1\\\@7@uX\1j\h\=7@ 1sK!q;7@	Q1m\<+97@\LM1\5\"87@1{\\57@Kq1m\i*47@]\p1*1	27@b.~1bJ$\\07@b\{1I)\.7@\z1R,7@\C|x168&7@Zc\	w1D$7@HPw1@\$7@,s1AI0!7@\_YiRr1\27@\n1pz7@\tj1$]J]7@ii1Kq7@jQ`1GR^7@\\'c|U1\\@\S7@yZW1+d\n7@SweT1z3M\7@\\"Q1\\7@|VN1\\L07@\yrM1T\0g\\07@cyW=L1\7@\G1\o\\6@\\ AcH1v\6@O\\\NE1J\o	6@\4\rB1J({6@8gDi?1Y\\6@u\bT81\\\\6@4F\21-y<-?\6@\`01o^\6@v*1/\6@\n-\(15^I\6@	z%1\\@\6@\\m3!1}w+Kt\6@\\\1f\6@o\1w(6@Z\Q1N\}6@\01{Cr26@(z\c1\rW6@0Xr	16@81$\'1v\1<6@\0wR~R6@\Wf,0\r6@\>\G0(-\\Va6@3\p\0x\\T6@(\\0;Fz6@\\nf\0706@0E\0 6@t{I\08t6@\;\0K=By6@8\0>yX56@\i\0\*6@!r\0aQ+6@mwN\0\:TS6@\b\04\?O6@{Y\0\\jH6@\Z\0m\0)yu}6@\0$\n-\}6@N\\P\0q>w6@WBwI\04BXi6@\\0)%\\6@{\5Z0b\vKV6@\8+0\jW6@\[u0o\rl`U6@\0W\P6@	0,0\]N6@\\}r0\<+i\G6@Q/4\'0\nbkC6@z]z0y>6@GJ06?>6@/h0\%<<6@-&60_^}t26@\\0\\bg26@~\\Z.r0%.6@F_0sL)6@*[0#~\\Z&6@U\0px0$6@L\0!6@E\0}05\r\6@L\|0\+\\f6@{3jJz0\g\6@r4GV~u0\ng\6@vq\r\q0q6@,26p0_\Q\Z6@\\'Gn0\V\/6@GZ*oGh0\\6@n\_0\r1^6@\'Z0`p\6@%W0K6@\S[\T0Di\6@vR0\\96@:*Q0Yn\6@-\RN0+L\k6@e\aM0\	6@vI0\6@oUfJG0|\S\n6@\E0\6@A\vB0k36@QB0Qy96@CVz>0\s\'\6@w;0\5@;0i\'5@X\"70\5@E\r250\\\Z5@\%\250\rnk\5@?Qy10o\m5@pQe\00&\\\'d5@IG\0.\	/5@jI+q\-\5@\3.l+gs5@cm+QN5@Pvp+Q\r=6@\\s+At\6@J\\x+x\6@Y\|+\\\+\n6@u \\+6@xM+\#6@{+\'L\\6@\d+:M6@\r5\nIf+i{6@lP++\]gC\"6@>7+\/1\"%6@\ra+a\(6@	g+\s+6@5\'/2+s\.6@}#g]+@d16@_\\W+};46@KRb+^0\66@+U*;6@\\}+\\\=6@FN~+WC6@Wzm6V+f\E6@\C6+7l[\H6@?=x\+n\K6@=+|c\0M6@\"9U+m5O6@;TSu+\\\\R6@d\7+\\]\W6@&6+ZwgY6@\Z/+|A[6@+\'\\\6@+tDK_6@*S\A+\9c6@\+ke\/g6@j\+u\\pj6@\Y+\fk6@\s+!\\'\>m6@\HLP+o>;p6@t\y+`8s6@C 8+\y\w6@tB\K+\\^(`{6@!\\+A,9$}6@\ r\+A\!\06@\+$D6@\\6\+\Q6@G\z\+\7{6@?g\+v16@j \\\+\t\6@YiR\n\+n(6@!1\\+KWx6@G\0\+e\6@9{\\\+\DR6@P\Zj\+$|\o6@	\V\+@6@2\CP5\+\\g#6@T-\+\6@%\0\+Ze6@c\ZB>+\`\n6@;O<g+I\\6@&U\M+,6@\h\+-X6@L\\+^9\S6@(\+#k$6@N`:\\0,\m\8)6@~$A\0,qx\6@\\-\+\R\\6@f2\g\+aQ+\6@P%\+i\6@p71$\+\6@{\w+x\\6@uX\+a\6@4d<J%\+?6\6@c`\\+Zwg\6@1\+-Y\6@O\6\+_~\6@MN\+n\\)6@\'3\Vz\+z\(6@I%\+$6@5#\+\|x 6@)_\B\+)6@\\\"+X6s6@++MJ+\6@+x\1!7@\r,\_57@#,EA7@%\s}+\kA\\r7@x\Wf+6\\n7@\\"R+S7@\_w+X:%7@,\p{+\\E_7@e+7h>\Z7@49A,jWV7@\n1\n,t^c7@LnYk,L;!7@H5\\, a\&7@|,)7@d]\F,Jy\.7@\,\Y\h17@>U\n,\\\47@MLb,`R||67@Fx{,(\r5\n97@\\Y+>U:7@oD,SY<7@ }A	,\+=7@;l\"3,,>7@!,$>w>7@x~Q\Z,oN\\>7@\J=B!,M\==7@0^|\&,y@+<7@#,,\0\q67@\@m?,37@o\\n\B,9\n327@K|%H,\$07@6\D.P,2r/7@|	U,n/7@$\\\[,\\=$|37@W\2\Y,B\y37@\>VS,M\*67@#ng_Q,o[t87@\yT,Nyt#87@\"[,\\b87@9\`,$a\N\":7@u\e,\\<7@\j+e,\>7@4J%a,(\v@7@\o\\\,@3\D7@\\],jf-H7@U\6_,>K7@pZ,vL7@j\LR,iQH2O7@\\uS,TR7@_	U,>\T7@\ZuT5Q,\rV7@ajKU,b\UY7@\+T,cc^G^7@G\\U,\2R\`7@\\e6S,*n\bb7@HM,26d7@L7A`E,?f7@f\=,nh\N?h7@%\8,};l\"k7@\\Li5,V\'o7@\\3,t7@/61,5*p\rx7@d<J%<1,e{7@@t\_2,\\I?~7@|3,qS7@U1,M7@P@\/,jMS7@\\-,S!u7@7(,&757@\'%,QC7@\",_]7@J+,\7@HV\Z,DK7@9t\y,\x7@\\x\",\0B7@V-,\m\87@2\m\,(7@\\,F\?7@f/\,6u7@QI\r,?\G37@\^	,v\Zi7@4\\yT,;O\07@,\,rR87@\R#3\r,D(b7@	%W,E`o7@=Y,7@Z`	,xF[D7@,\r,`i7@f\+]o\7@\+l+\7@	O\\'+jQL\7@w*+\'\7@\T\Z+EJy\7@+|ds\<\7@\\N\\\+Hh\\7@\6\+zZ\7@s+`?\\7@\i+5&\\\R\7@!sePm\0,q0\7@b\\,1\n\7@\*,xZ~\\7@r>s+1\7@+?=x\\7@o\KS+I \7@\"rl=+^)\\7@\\+\\\e\7@&\\\R+[z47@\n.\+;I7@rf+L\\03\7@`X|[\0,OWw,7@n\,\l 7@\f,%\1\08@\\,4.\8@QI\0,|\o\^8@\\C\+\o[8@2:=\+t\Y	8@+=Ab8@\\\+wJ8@w*\\+]\Fx8@h+`\ 8@u\+S\\08@\\Z\*+4\r\8@>Y1\\+1a4+\8@x\\+*nE8@t}\+D+g8@_L\+[\\Z8@\\\\+\\_\8@\\\\+,D!8@\"\\T2+\5Z$8@0\+\^&8@\n\\I\+	\\'8@^\+n*8@VZ\+3,8@\Z\+h\u08@\Z8\\+-</38@\\+\\\;58@\\+!\K88@=\+\Z\;8@\GR\\\+kE\\>8@C\+d_=8@\n]\+1ZC8@p\\\+\V\D8@\SV\+{\5ZF8@;q9^\+\J8@\'g(\x\+)N8@c\+\\ZNQ8@\d\0\+(O8@j \\\+\m\\pN8@\d\+\f\\jO8@-`\\+<KPQ8@Z\+r0S8@~b\\+J\>\U8@mYg|\+`V8@:&\+zAU8@kb\\+|8cW8@y\r\+8h>Z8@L/1\+L\\\\\8@Q{\+\Q`8@k$	\+q:\Vc8@ta\+}\\*\e8@=c_\+jIG9h8@6\x\+\\<k8@%c\\q\+wL]l8@7\4D\+\J\.o8@9A\+:\q8@\"\Q*\\+GUD\s8@jK\\+(=w8@\@1\+Sy8@!:\+<\\{8@\i2\m\+`d{8@\"w\+\\^z8@\;\\r\+\8@g\K\+c8@;oc#\+d\8@\\`\+36t?8@\\\\+\u+8@~7C\+G8@l\\\+h\^8@P+\`\;8@l+G\?8@g\+J8@\9\}\+\\"t8@\\'+\\'8@GZ*oG+l\8@:\S\\+u\0\]8@eI\+\FX8@\\I?\+ezF8@\`\"\+%:8@\\\\+u8@EKO\+S\\08@C9\+\H_8@;*\0,',1607362055,1607362055,NULL,NULL);
/*!40000 ALTER TABLE `province` ENABLE KEYS */;
UNLOCK TABLES;

--
-- Table structure for table `right_to_role`
--

DROP TABLE IF EXISTS `right_to_role`;
/*!40101 SET @saved_cs_client     = @@character_set_client */;
/*!50503 SET character_set_client = utf8mb4 */;
CREATE TABLE `right_to_role` (
  `id` int NOT NULL AUTO_INCREMENT,
  `role` int NOT NULL,
  `right` text,
  `active` int DEFAULT '1',
  PRIMARY KEY (`id`),
  KEY `fk_right_to_role_1_idx` (`role`),
  CONSTRAINT `fk_right_to_role_1` FOREIGN KEY (`role`) REFERENCES `roles` (`id`)
) ENGINE=InnoDB AUTO_INCREMENT=1614 DEFAULT CHARSET=utf8mb3;
/*!40101 SET character_set_client = @saved_cs_client */;

--
-- Dumping data for table `right_to_role`
--

LOCK TABLES `right_to_role` WRITE;
/*!40000 ALTER TABLE `right_to_role` DISABLE KEYS */;
INSERT INTO `right_to_role` VALUES (608,4,'View Users',1),(1284,5,'View Roles',1),(1293,10,'Manage Users',1),(1294,10,'Manage Roles',1),(1295,10,'View Roles',1),(1296,10,'View Users',1),(1498,1,'Manage Users',1),(1499,1,'View Users',1),(1500,1,'Manage Roles',1),(1501,1,'View Roles',1),(1502,1,'View profile',1),(1503,1,'View audit trail logs',1),(1504,1,'Manage provinces',1),(1505,1,'Manage districts',1),(1506,1,'Manage camps',1),(1507,1,'Remove provinces',1),(1508,1,'Remove districts',1),(1509,1,'Remove camps',1),(1510,1,'Manage markets',1),(1511,1,'Remove markets',1),(1512,1,'Manage commodity configs',1),(1513,1,'Remove commodity config',1),(1514,1,'View commodity prices',1),(1515,1,'Remove commodity price',1),(1516,1,'Manage interview guide template questions',1),(1517,1,'View interview guide template',1),(1518,1,'Remove interview guide template question',1),(1519,1,'Manage story of change categories',1),(1520,1,'Review Story of change',1),(1521,1,'Attach case study articles',1),(1522,1,'Manage faabs groups',1),(1523,1,'View faabs groups',1),(1524,1,'View category A farmers',1),(1525,1,'View FaaBS training records',1),(1526,1,'Review back to office report',1),(1527,1,'Manage FaaBS training topics',1),(1528,1,'View FaaBS training topics',1),(1529,1,'Remove FaaBS training topics',1),(1530,1,'View facilitation of improved technologies/best practices report',1),(1531,1,'View training attendance cumulative report',1),(1532,1,'View physical tracking table report',1),(1533,1,'View programmes',1),(1534,1,'Manage AWPB activities',1),(1535,1,'View AWPB activities',1),(1536,1,'Manage components',1),(1537,1,'View components',1),(1538,1,'Manage AWPB templates',1),(1539,1,'View AWPB templates',1),(1540,1,'View AWPB activity lines',1),(1541,1,'Manage AWPB activity lines',1),(1542,1,'Submit District AWPB',1),(1543,1,'Approve AWPB - Provincial',1),(1544,1,'Submit programme-wide AWPB',1),(1545,1,'Manage province consolidated AWPB',1),(1546,1,'Approve AWPB - PCO',1),(1547,1,'Manage AWPB funders',1),(1548,1,'Setup AWPB',1),(1549,1,'Approve AWPB - Ministry',1),(1550,1,'Manage programme-wide AWPB',1),(1551,1,'View PW AWPB',1),(1552,1,'View MGF module',1),(1553,1,'View MGF Concept Note',1),(1593,3,'View profile',1),(1594,3,'Collect commodity prices',1),(1595,3,'View commodity prices',1),(1596,3,'Submit story of change',1),(1597,3,'Manage faabs groups',1),(1598,3,'View faabs groups',1),(1599,3,'Remove faabs groups',1),(1600,3,'Manage category A farmers',1),(1601,3,'View category A farmers',1),(1602,3,'Remove category A farmers',1),(1603,3,'Submit FaaBS training records',1),(1604,3,'View FaaBS training records',1),(1605,3,'Remove FaaBS training records',1),(1606,3,'Submit back to office report',1),(1607,3,'Plan camp monthly activities',1),(1608,3,'Remove planned camp monthly activities',1),(1609,3,'View facilitation of improved technologies/best practices report',1),(1610,3,'View training attendance cumulative report',1),(1611,3,'Submit project outreach records',1),(1612,3,'Remove project outreach records',1),(1613,3,'View project outreach reports',1);
/*!40000 ALTER TABLE `right_to_role` ENABLE KEYS */;
UNLOCK TABLES;

--
-- Table structure for table `roles`
--

DROP TABLE IF EXISTS `roles`;
/*!40101 SET @saved_cs_client     = @@character_set_client */;
/*!50503 SET character_set_client = utf8mb4 */;
CREATE TABLE `roles` (
  `id` int NOT NULL AUTO_INCREMENT,
  `role` text NOT NULL,
  `active` int DEFAULT '1',
  `created_at` int unsigned DEFAULT NULL,
  `updated_at` int unsigned DEFAULT NULL,
  `updated_by` int DEFAULT NULL,
  `created_by` int DEFAULT NULL,
  PRIMARY KEY (`id`)
) ENGINE=InnoDB AUTO_INCREMENT=11 DEFAULT CHARSET=utf8mb3;
/*!40101 SET character_set_client = @saved_cs_client */;

--
-- Dumping data for table `roles`
--

LOCK TABLES `roles` WRITE;
/*!40000 ALTER TABLE `roles` DISABLE KEYS */;
INSERT INTO `roles` VALUES (1,'Administrator',1,1222,1603902498,1,1),(3,'User',1,1603902583,1603902583,1,1),(4,'test',1,1614068089,1614068089,1,1),(5,'Test 2',1,1619185146,1619185146,1,1),(10,'Admin',1,1621730405,1621730405,NULL,NULL);
/*!40000 ALTER TABLE `roles` ENABLE KEYS */;
UNLOCK TABLES;

--
-- Table structure for table `users`
--

DROP TABLE IF EXISTS `users`;
/*!40101 SET @saved_cs_client     = @@character_set_client */;
/*!50503 SET character_set_client = utf8mb4 */;
CREATE TABLE `users` (
  `id` int NOT NULL AUTO_INCREMENT,
  `role` int NOT NULL,
  `first_name` varchar(255) NOT NULL,
  `last_name` varchar(255) NOT NULL,
  `other_name` varchar(255) DEFAULT '',
  `title` varchar(10) DEFAULT '',
  `sex` varchar(7) DEFAULT 'Male',
  `phone` varchar(45) DEFAULT NULL,
  `nrc` varchar(45) DEFAULT NULL,
  `username` varchar(255) NOT NULL,
  `email` varchar(255) NOT NULL DEFAULT '',
  `status` smallint NOT NULL DEFAULT '10',
  `auth_key` varchar(32) NOT NULL,
  `password` varchar(255) NOT NULL DEFAULT '',
  `password_reset_token` varchar(255) DEFAULT NULL,
  `verification_token` varchar(255) DEFAULT NULL,
  `camp_id` int unsigned DEFAULT NULL,
  `district_id` int unsigned DEFAULT NULL,
  `province_id` int unsigned DEFAULT NULL,
  `updated_by` int DEFAULT NULL,
  `created_by` int DEFAULT NULL,
  `created_at` int unsigned NOT NULL,
  `updated_at` int unsigned NOT NULL,
  `type_of_user` varchar(45) DEFAULT 'Other user' COMMENT 'Type of user different from role. This is there to ammodate users that belong to camps, districts or province\nAvailable types {Camp user, District user, Provincial user, Other user}',
  PRIMARY KEY (`id`),
  KEY `fk_users_1_idx` (`role`),
  KEY `fk_users_2_idx` (`camp_id`),
  KEY `fk_users_3_idx` (`district_id`),
  KEY `fk_users_4_idx` (`province_id`),
  CONSTRAINT `fk_users_1` FOREIGN KEY (`role`) REFERENCES `roles` (`id`)
) ENGINE=InnoDB AUTO_INCREMENT=15 DEFAULT CHARSET=utf8mb3;
/*!40101 SET character_set_client = @saved_cs_client */;

--
-- Dumping data for table `users`
--

LOCK TABLES `users` WRITE;
/*!40000 ALTER TABLE `users` DISABLE KEYS */;
INSERT INTO `users` VALUES (1,1,'Francis','Chulu','','Mr.','Male','+260978981234','123454/21/23','chulu1francis@gmail.com','chulu1francis@gmail.com',1,'gB_PJTElMSxW^IfiNmpYT^7qva3?Hy:a','$2y$13$/igl4SBKySwX9QQc352pKef5YX6gRSI8nx/8vkTvyD0RYNDXIjIvO','-GDPDTEgVpbCySh94TqY4hRrma_XkSty_1616662153',NULL,0,0,0,1,NULL,11,1616662153,'Other user'),(5,3,'Chulu','Francis','','Mr.','Male','+260978981345','123454/21/23','francis.chulu@unza.zm','francis.chulu@unza.zm',1,'gB_PJTElMSxW^IfiNmpYT^7qva3?Hy:a','$2y$13$/igl4SBKySwX9QQc352pKef5YX6gRSI8nx/8vkTvyD0RYNDXIjIvO',NULL,NULL,NULL,NULL,NULL,1,1,1604659275,1604660233,'Other user'),(6,1,'test','Test','','','Male','','','francis.chulu1@unza.zm','francis.chulu@unza.zm',2,'gB_PJTElMSxW^IfiNmpYT^7qva3?Hy:a','$2y$13$/igl4SBKySwX9QQc352pKef5YX6gRSI8nx/8vkTvyD0RYNDXIjIvO','LZ-pePN17FJB7Mg1CtyYyRsNH5tohaz6_1607174006',NULL,NULL,NULL,NULL,1,1,1607174006,1607174024,'Other user'),(9,3,'Test','Test','','Mr.','Female','','','test@unza.zm','chulu1francis@gmail.com',1,'gB_PJTElMSxW^IfiNmpYT^7qva3?Hy:a','$2y$13$/igl4SBKySwX9QQc352pKef5YX6gRSI8nx/8vkTvyD0RYNDXIjIvO','PF4j04-lRuOClA4gXY-oTX_95V6Ap-2-_1607181915',NULL,0,0,0,1,1,1607181915,1607186786,'Other user'),(10,3,'test','Test','','Mr.','Female','','','test1@unza.zm','francis.chulu@unza.zm',1,'gB_PJTElMSxW^IfiNmpYT^7qva3?Hy:a','$2y$13$/igl4SBKySwX9QQc352pKef5YX6gRSI8nx/8vkTvyD0RYNDXIjIvO','VlfAXnPz_XY_5s6E7x2Qi_SpPhIEl9I0_1607181970',NULL,NULL,2,1,1,1,1607181970,1616772648,'District user'),(11,3,'test','Test 3','','Mr.','Male','','','test2@unza.zm','francis.chulu@unza.zm',0,'gB_PJTElMSxW^IfiNmpYT^7qva3?Hy:a','$2y$13$/igl4SBKySwX9QQc352pKef5YX6gRSI8nx/8vkTvyD0RYNDXIjIvO','pFOgJWyUKdULYoTNxXctPhB4CEv8LpzB_1607182013',NULL,NULL,NULL,1,1,1,1607182013,1614016783,'Provincial user'),(14,10,'Please','me','delete','','Male',NULL,NULL,'admin@emis.com','admin@emis.com',1,'CpmiIyoNtGGkHX0meoIJU7sGcRqQcXm5','$2y$13$AYj8JnzR1i0DDTQ5OYerHek8g5.Ch9ZrKjpg4ZJtAchchVGwVIWhy',NULL,NULL,NULL,NULL,NULL,NULL,NULL,1621730406,1621730406,'Other user');
/*!40000 ALTER TABLE `users` ENABLE KEYS */;
UNLOCK TABLES;
/*!40103 SET TIME_ZONE=@OLD_TIME_ZONE */;

/*!40101 SET SQL_MODE=@OLD_SQL_MODE */;
/*!40014 SET FOREIGN_KEY_CHECKS=@OLD_FOREIGN_KEY_CHECKS */;
/*!40014 SET UNIQUE_CHECKS=@OLD_UNIQUE_CHECKS */;
/*!40101 SET CHARACTER_SET_CLIENT=@OLD_CHARACTER_SET_CLIENT */;
/*!40101 SET CHARACTER_SET_RESULTS=@OLD_CHARACTER_SET_RESULTS */;
/*!40101 SET COLLATION_CONNECTION=@OLD_COLLATION_CONNECTION */;
/*!40111 SET SQL_NOTES=@OLD_SQL_NOTES */;

-- Dump completed on 2021-07-08 12:00:00
