
-- MySQL dump 10.13  Distrib 8.0.25, for Linux (x86_64)
--
-- Host: localhost    Database: e_sapp
-- ------------------------------------------------------
-- Server version	8.0.25-0ubuntu0.20.04.1

-- phpMyAdmin SQL Dump
-- version 5.0.2
-- https://www.phpmyadmin.net/
--
-- Host: 127.0.0.1
-- Generation Time: May 23, 2021 at 11:50 AM
-- Server version: 10.4.11-MariaDB
-- PHP Version: 7.4.6

SET SQL_MODE = "NO_AUTO_VALUE_ON_ZERO";
START TRANSACTION;
SET time_zone = "+00:00";



/*!40101 SET @OLD_CHARACTER_SET_CLIENT=@@CHARACTER_SET_CLIENT */;
/*!40101 SET @OLD_CHARACTER_SET_RESULTS=@@CHARACTER_SET_RESULTS */;
/*!40101 SET @OLD_COLLATION_CONNECTION=@@COLLATION_CONNECTION */;

/*!50503 SET NAMES utf8 */;
/*!40103 SET @OLD_TIME_ZONE=@@TIME_ZONE */;
/*!40103 SET TIME_ZONE='+00:00' */;
/*!40014 SET @OLD_UNIQUE_CHECKS=@@UNIQUE_CHECKS, UNIQUE_CHECKS=0 */;
/*!40014 SET @OLD_FOREIGN_KEY_CHECKS=@@FOREIGN_KEY_CHECKS, FOREIGN_KEY_CHECKS=0 */;
/*!40101 SET @OLD_SQL_MODE=@@SQL_MODE, SQL_MODE='NO_AUTO_VALUE_ON_ZERO' */;
/*!40111 SET @OLD_SQL_NOTES=@@SQL_NOTES, SQL_NOTES=0 */;

/*!40101 SET NAMES utf8mb4 */;

--
-- Database: `esapp_db`
--

-- --------------------------------------------------------


--
-- Table structure for table `audit_trail`
--


DROP TABLE IF EXISTS `audit_trail`;
/*!40101 SET @saved_cs_client     = @@character_set_client */;
/*!50503 SET character_set_client = utf8mb4 */;
CREATE TABLE `audit_trail` (
  `id` int unsigned NOT NULL AUTO_INCREMENT,
  `user` int NOT NULL,
  `action` text NOT NULL,
  `date` int unsigned NOT NULL,
  `ip_address` varchar(255) NOT NULL DEFAULT '',
  `user_agent` varchar(255) NOT NULL DEFAULT '',
  PRIMARY KEY (`id`),
  KEY `fk_audit_trail_1_idx` (`user`),
  CONSTRAINT `fk_audit_trail_1` FOREIGN KEY (`user`) REFERENCES `users` (`id`)
) ENGINE=InnoDB AUTO_INCREMENT=1231 DEFAULT CHARSET=utf8mb3;
/*!40101 SET character_set_client = @saved_cs_client */;


--
-- Dumping data for table `audit_trail`
--


LOCK TABLES `audit_trail` WRITE;
/*!40000 ALTER TABLE `audit_trail` DISABLE KEYS */;
INSERT INTO `audit_trail` VALUES (58,1,'Viewed audit trail logs',1607168395,'155.0.76.2','Mozilla/5.0 (X11; Ubuntu; Linux x86_64; rv:83.0) Gecko/20100101 Firefox/83.0'),(59,1,'Viewed audit trail logs',1607168415,'127.0.0.1','Mozilla/5.0 (X11; Ubuntu; Linux x86_64; rv:83.0) Gecko/20100101 Firefox/83.0'),(60,1,'Viewed audit trail logs',1607168543,'127.0.0.1','Mozilla/5.0 (X11; Ubuntu; Linux x86_64; rv:83.0) Gecko/20100101 Firefox/83.0'),(61,1,'Viewed audit trail logs',1607168553,'127.0.0.1','Mozilla/5.0 (X11; Ubuntu; Linux x86_64; rv:83.0) Gecko/20100101 Firefox/83.0'),(62,1,'Viewed audit trail logs',1607168580,'127.0.0.1','Mozilla/5.0 (X11; Ubuntu; Linux x86_64; rv:83.0) Gecko/20100101 Firefox/83.0'),(63,1,'Viewed audit trail logs',1607168719,'127.0.0.1','Mozilla/5.0 (X11; Ubuntu; Linux x86_64; rv:83.0) Gecko/20100101 Firefox/83.0'),(64,1,'Viewed audit trail logs',1607168791,'127.0.0.1','Mozilla/5.0 (X11; Ubuntu; Linux x86_64; rv:83.0) Gecko/20100101 Firefox/83.0'),(65,1,'Viewed audit trail logs',1607168812,'127.0.0.1','Mozilla/5.0 (X11; Ubuntu; Linux x86_64; rv:83.0) Gecko/20100101 Firefox/83.0'),(66,1,'Viewed audit trail logs',1607168819,'127.0.0.1','Mozilla/5.0 (X11; Ubuntu; Linux x86_64; rv:83.0) Gecko/20100101 Firefox/83.0'),(67,1,'Viewed audit trail logs',1607168825,'127.0.0.1','Mozilla/5.0 (X11; Ubuntu; Linux x86_64; rv:83.0) Gecko/20100101 Firefox/83.0'),(68,1,'Viewed audit trail logs',1607168834,'127.0.0.1','Mozilla/5.0 (X11; Ubuntu; Linux x86_64; rv:83.0) Gecko/20100101 Firefox/83.0'),(69,1,'Viewed audit trail logs',1607168843,'127.0.0.1','Mozilla/5.0 (X11; Ubuntu; Linux x86_64; rv:83.0) Gecko/20100101 Firefox/83.0'),(70,1,'Viewed audit trail logs',1607168852,'127.0.0.1','Mozilla/5.0 (X11; Ubuntu; Linux x86_64; rv:83.0) Gecko/20100101 Firefox/83.0'),(71,1,'Viewed audit trail logs',1607168885,'127.0.0.1','Mozilla/5.0 (X11; Ubuntu; Linux x86_64; rv:83.0) Gecko/20100101 Firefox/83.0'),(72,1,'Viewed audit trail logs',1607168898,'127.0.0.1','Mozilla/5.0 (X11; Ubuntu; Linux x86_64; rv:83.0) Gecko/20100101 Firefox/83.0'),(73,1,'Viewed audit trail logs',1607168908,'127.0.0.1','Mozilla/5.0 (X11; Ubuntu; Linux x86_64; rv:83.0) Gecko/20100101 Firefox/83.0'),(74,1,'Viewed audit trail logs',1607168957,'127.0.0.1','Mozilla/5.0 (X11; Ubuntu; Linux x86_64; rv:83.0) Gecko/20100101 Firefox/83.0'),(75,1,'Viewed audit trail logs',1607169080,'127.0.0.1','Mozilla/5.0 (X11; Ubuntu; Linux x86_64; rv:83.0) Gecko/20100101 Firefox/83.0'),(76,1,'Viewed audit trail logs',1607169095,'127.0.0.1','Mozilla/5.0 (X11; Ubuntu; Linux x86_64; rv:83.0) Gecko/20100101 Firefox/83.0'),(77,1,'Viewed audit trail logs',1607169261,'127.0.0.1','Mozilla/5.0 (X11; Ubuntu; Linux x86_64; rv:83.0) Gecko/20100101 Firefox/83.0'),(78,1,'Viewed audit trail logs',1607169277,'127.0.0.1','Mozilla/5.0 (X11; Ubuntu; Linux x86_64; rv:83.0) Gecko/20100101 Firefox/83.0'),(79,1,'Viewed audit trail logs',1607169297,'127.0.0.1','Mozilla/5.0 (X11; Ubuntu; Linux x86_64; rv:83.0) Gecko/20100101 Firefox/83.0'),(80,1,'Viewed audit trail logs',1607169312,'127.0.0.1','Mozilla/5.0 (X11; Ubuntu; Linux x86_64; rv:83.0) Gecko/20100101 Firefox/83.0'),(81,1,'Viewed audit trail logs',1607169431,'127.0.0.1','Mozilla/5.0 (X11; Ubuntu; Linux x86_64; rv:83.0) Gecko/20100101 Firefox/83.0'),(82,1,'Viewed audit trail logs',1607169443,'127.0.0.1','Mozilla/5.0 (X11; Ubuntu; Linux x86_64; rv:83.0) Gecko/20100101 Firefox/83.0'),(83,1,'Viewed audit trail logs',1607169458,'127.0.0.1','Mozilla/5.0 (X11; Ubuntu; Linux x86_64; rv:83.0) Gecko/20100101 Firefox/83.0'),(84,1,'Viewed audit trail logs',1607169473,'127.0.0.1','Mozilla/5.0 (X11; Ubuntu; Linux x86_64; rv:83.0) Gecko/20100101 Firefox/83.0'),(85,1,'Viewed audit trail logs',1607169486,'127.0.0.1','Mozilla/5.0 (X11; Ubuntu; Linux x86_64; rv:83.0) Gecko/20100101 Firefox/83.0'),(86,1,'Viewed audit trail logs',1607169500,'127.0.0.1','Mozilla/5.0 (X11; Ubuntu; Linux x86_64; rv:83.0) Gecko/20100101 Firefox/83.0'),(87,1,'Viewed audit trail logs',1607169510,'127.0.0.1','Mozilla/5.0 (X11; Ubuntu; Linux x86_64; rv:83.0) Gecko/20100101 Firefox/83.0'),(88,1,'Viewed audit trail logs',1607169576,'127.0.0.1','Mozilla/5.0 (X11; Ubuntu; Linux x86_64; rv:83.0) Gecko/20100101 Firefox/83.0'),(89,1,'Viewed audit trail logs',1607169586,'127.0.0.1','Mozilla/5.0 (X11; Ubuntu; Linux x86_64; rv:83.0) Gecko/20100101 Firefox/83.0'),(90,1,'Viewed audit trail logs',1607169640,'127.0.0.1','Mozilla/5.0 (X11; Ubuntu; Linux x86_64; rv:83.0) Gecko/20100101 Firefox/83.0'),(91,1,'Viewed audit trail logs',1607169794,'127.0.0.1','Mozilla/5.0 (X11; Ubuntu; Linux x86_64; rv:83.0) Gecko/20100101 Firefox/83.0'),(92,1,'Viewed audit trail logs',1607169819,'127.0.0.1','Mozilla/5.0 (X11; Ubuntu; Linux x86_64; rv:83.0) Gecko/20100101 Firefox/83.0'),(93,1,'Viewed audit trail logs',1607169833,'127.0.0.1','Mozilla/5.0 (X11; Ubuntu; Linux x86_64; rv:83.0) Gecko/20100101 Firefox/83.0'),(94,1,'Viewed audit trail logs',1607170072,'127.0.0.1','Mozilla/5.0 (X11; Ubuntu; Linux x86_64; rv:83.0) Gecko/20100101 Firefox/83.0'),(95,1,'Viewed audit trail logs',1607170082,'127.0.0.1','Mozilla/5.0 (X11; Ubuntu; Linux x86_64; rv:83.0) Gecko/20100101 Firefox/83.0'),(96,1,'Viewed audit trail logs',1607170134,'127.0.0.1','Mozilla/5.0 (X11; Ubuntu; Linux x86_64; rv:83.0) Gecko/20100101 Firefox/83.0'),(97,1,'Viewed audit trail logs',1607170138,'127.0.0.1','Mozilla/5.0 (X11; Ubuntu; Linux x86_64; rv:83.0) Gecko/20100101 Firefox/83.0'),(98,1,'Viewed audit trail logs',1607170193,'127.0.0.1','Mozilla/5.0 (X11; Ubuntu; Linux x86_64; rv:83.0) Gecko/20100101 Firefox/83.0'),(99,1,'Viewed audit trail logs',1607170201,'127.0.0.1','Mozilla/5.0 (X11; Ubuntu; Linux x86_64; rv:83.0) Gecko/20100101 Firefox/83.0'),(100,1,'Viewed audit trail logs',1607170207,'127.0.0.1','Mozilla/5.0 (X11; Ubuntu; Linux x86_64; rv:83.0) Gecko/20100101 Firefox/83.0'),(101,1,'Viewed audit trail logs',1607170219,'127.0.0.1','Mozilla/5.0 (X11; Ubuntu; Linux x86_64; rv:83.0) Gecko/20100101 Firefox/83.0'),(102,1,'Viewed audit trail logs',1607170226,'127.0.0.1','Mozilla/5.0 (X11; Ubuntu; Linux x86_64; rv:83.0) Gecko/20100101 Firefox/83.0'),(103,1,'Viewed audit trail logs',1607170235,'127.0.0.1','Mozilla/5.0 (X11; Ubuntu; Linux x86_64; rv:83.0) Gecko/20100101 Firefox/83.0'),(104,1,'Viewed audit trail logs',1607170267,'127.0.0.1','Mozilla/5.0 (X11; Ubuntu; Linux x86_64; rv:83.0) Gecko/20100101 Firefox/83.0'),(105,1,'Viewed audit trail logs',1607170296,'127.0.0.1','Mozilla/5.0 (X11; Ubuntu; Linux x86_64; rv:83.0) Gecko/20100101 Firefox/83.0'),(106,1,'Viewed audit trail logs',1607170312,'127.0.0.1','Mozilla/5.0 (X11; Ubuntu; Linux x86_64; rv:83.0) Gecko/20100101 Firefox/83.0'),(107,1,'Blocked user account with email:test@unza.zm',1607186598,'127.0.0.1','Mozilla/5.0 (X11; Ubuntu; Linux x86_64; rv:83.0) Gecko/20100101 Firefox/83.0'),(108,1,'Viewed audit trail logs',1607186600,'127.0.0.1','Mozilla/5.0 (X11; Ubuntu; Linux x86_64; rv:83.0) Gecko/20100101 Firefox/83.0'),(109,1,'Blocked user account with email:test@unza.zm',1607186622,'127.0.0.1','Mozilla/5.0 (X11; Ubuntu; Linux x86_64; rv:83.0) Gecko/20100101 Firefox/83.0'),(110,1,'Viewed audit trail logs',1607186624,'127.0.0.1','Mozilla/5.0 (X11; Ubuntu; Linux x86_64; rv:83.0) Gecko/20100101 Firefox/83.0'),(111,1,'Viewed audit trail logs',1607186682,'127.0.0.1','Mozilla/5.0 (X11; Ubuntu; Linux x86_64; rv:83.0) Gecko/20100101 Firefox/83.0'),(112,1,'Blocked user account with email:test@unza.zm',1607186690,'127.0.0.1','Mozilla/5.0 (X11; Ubuntu; Linux x86_64; rv:83.0) Gecko/20100101 Firefox/83.0'),(113,1,'Viewed audit trail logs',1607186692,'127.0.0.1','Mozilla/5.0 (X11; Ubuntu; Linux x86_64; rv:83.0) Gecko/20100101 Firefox/83.0'),(114,1,'Blocked user account with email:test@unza.zm',1607186703,'127.0.0.1','Mozilla/5.0 (X11; Ubuntu; Linux x86_64; rv:83.0) Gecko/20100101 Firefox/83.0'),(115,1,'Viewed audit trail logs',1607186704,'127.0.0.1','Mozilla/5.0 (X11; Ubuntu; Linux x86_64; rv:83.0) Gecko/20100101 Firefox/83.0'),(116,1,'Blocked user account with email:test@unza.zm',1607186731,'127.0.0.1','Mozilla/5.0 (X11; Ubuntu; Linux x86_64; rv:83.0) Gecko/20100101 Firefox/83.0'),(117,1,'Viewed audit trail logs',1607186733,'127.0.0.1','Mozilla/5.0 (X11; Ubuntu; Linux x86_64; rv:83.0) Gecko/20100101 Firefox/83.0'),(118,1,'Activate user account with email:test@unza.zm',1607186786,'127.0.0.1','Mozilla/5.0 (X11; Ubuntu; Linux x86_64; rv:83.0) Gecko/20100101 Firefox/83.0'),(119,1,'Viewed audit trail logs',1607186787,'127.0.0.1','Mozilla/5.0 (X11; Ubuntu; Linux x86_64; rv:83.0) Gecko/20100101 Firefox/83.0'),(120,1,'Update role Administrator',1607186989,'127.0.0.1','Mozilla/5.0 (X11; Ubuntu; Linux x86_64; rv:83.0) Gecko/20100101 Firefox/83.0'),(121,1,'Viewed audit trail logs',1607186991,'127.0.0.1','Mozilla/5.0 (X11; Ubuntu; Linux x86_64; rv:83.0) Gecko/20100101 Firefox/83.0'),(122,1,'Update role Administrator',1607187108,'127.0.0.1','Mozilla/5.0 (X11; Ubuntu; Linux x86_64; rv:83.0) Gecko/20100101 Firefox/83.0'),(123,1,'Update profile details ',1607187362,'127.0.0.1','Mozilla/5.0 (X11; Ubuntu; Linux x86_64; rv:83.0) Gecko/20100101 Firefox/83.0'),(124,1,'Viewed audit trail logs',1607187365,'127.0.0.1','Mozilla/5.0 (X11; Ubuntu; Linux x86_64; rv:83.0) Gecko/20100101 Firefox/83.0'),(125,1,'Updated user details with email: test1@unza.zm',1607242404,'127.0.0.1','Mozilla/5.0 (X11; Ubuntu; Linux x86_64; rv:83.0) Gecko/20100101 Firefox/83.0'),(126,1,'Viewed audit trail logs',1607242508,'127.0.0.1','Mozilla/5.0 (X11; Ubuntu; Linux x86_64; rv:83.0) Gecko/20100101 Firefox/83.0'),(127,1,'Update role Administrator',1607245883,'127.0.0.1','Mozilla/5.0 (X11; Ubuntu; Linux x86_64; rv:83.0) Gecko/20100101 Firefox/83.0'),(128,1,'Viewed audit trail logs',1607247209,'127.0.0.1','Mozilla/5.0 (X11; Ubuntu; Linux x86_64; rv:83.0) Gecko/20100101 Firefox/83.0'),(129,1,'updated province name from Central to Central',1607247603,'127.0.0.1','Mozilla/5.0 (X11; Ubuntu; Linux x86_64; rv:83.0) Gecko/20100101 Firefox/83.0'),(130,1,'Viewed audit trail logs',1607247606,'127.0.0.1','Mozilla/5.0 (X11; Ubuntu; Linux x86_64; rv:83.0) Gecko/20100101 Firefox/83.0'),(131,1,'Viewed audit trail logs',1607247641,'127.0.0.1','Mozilla/5.0 (X11; Ubuntu; Linux x86_64; rv:83.0) Gecko/20100101 Firefox/83.0'),(132,1,'Viewed audit trail logs',1607247648,'127.0.0.1','Mozilla/5.0 (X11; Ubuntu; Linux x86_64; rv:83.0) Gecko/20100101 Firefox/83.0'),(133,1,'Viewed audit trail logs',1607247676,'127.0.0.1','Mozilla/5.0 (X11; Ubuntu; Linux x86_64; rv:83.0) Gecko/20100101 Firefox/83.0'),(134,1,'updated province name from Central to Central1',1607247693,'127.0.0.1','Mozilla/5.0 (X11; Ubuntu; Linux x86_64; rv:83.0) Gecko/20100101 Firefox/83.0'),(135,1,'Viewed audit trail logs',1607247695,'127.0.0.1','Mozilla/5.0 (X11; Ubuntu; Linux x86_64; rv:83.0) Gecko/20100101 Firefox/83.0'),(136,1,'updated province name from Central1 to Central',1607247704,'127.0.0.1','Mozilla/5.0 (X11; Ubuntu; Linux x86_64; rv:83.0) Gecko/20100101 Firefox/83.0'),(137,1,'Removed province Test from the system.',1607249537,'127.0.0.1','Mozilla/5.0 (X11; Ubuntu; Linux x86_64; rv:83.0) Gecko/20100101 Firefox/83.0'),(138,1,'Update role Administrator',1607251235,'127.0.0.1','Mozilla/5.0 (X11; Ubuntu; Linux x86_64; rv:83.0) Gecko/20100101 Firefox/83.0'),(139,1,'Udated district name from Chisamba to Chisamba1',1607251926,'127.0.0.1','Mozilla/5.0 (X11; Ubuntu; Linux x86_64; rv:83.0) Gecko/20100101 Firefox/83.0'),(140,1,'Udated district name from Chisamba1 to Chisamba',1607251931,'127.0.0.1','Mozilla/5.0 (X11; Ubuntu; Linux x86_64; rv:83.0) Gecko/20100101 Firefox/83.0'),(141,1,'Removed district test from the system.',1607252512,'127.0.0.1','Mozilla/5.0 (X11; Ubuntu; Linux x86_64; rv:83.0) Gecko/20100101 Firefox/83.0'),(142,1,'Removed district test from the system.',1607252524,'127.0.0.1','Mozilla/5.0 (X11; Ubuntu; Linux x86_64; rv:83.0) Gecko/20100101 Firefox/83.0'),(143,1,'Updated district name from test to Masaiti',1607252777,'127.0.0.1','Mozilla/5.0 (X11; Ubuntu; Linux x86_64; rv:83.0) Gecko/20100101 Firefox/83.0'),(144,1,'Removed district test from the system.',1607252791,'127.0.0.1','Mozilla/5.0 (X11; Ubuntu; Linux x86_64; rv:83.0) Gecko/20100101 Firefox/83.0'),(145,1,'Updated camp name from Camp 1 to Camp tes',1607253365,'127.0.0.1','Mozilla/5.0 (X11; Ubuntu; Linux x86_64; rv:83.0) Gecko/20100101 Firefox/83.0'),(146,1,'Updated camp name from Camp tes to Camp test',1607253369,'127.0.0.1','Mozilla/5.0 (X11; Ubuntu; Linux x86_64; rv:83.0) Gecko/20100101 Firefox/83.0'),(147,1,'Viewed audit trail logs',1607253762,'127.0.0.1','Mozilla/5.0 (X11; Ubuntu; Linux x86_64; rv:83.0) Gecko/20100101 Firefox/83.0'),(148,1,'Viewed audit trail logs',1607253822,'127.0.0.1','Mozilla/5.0 (X11; Ubuntu; Linux x86_64; rv:83.0) Gecko/20100101 Firefox/83.0'),(149,1,'Viewed audit trail logs',1607253858,'127.0.0.1','Mozilla/5.0 (X11; Ubuntu; Linux x86_64; rv:83.0) Gecko/20100101 Firefox/83.0'),(150,1,'Viewed audit trail logs',1607253880,'127.0.0.1','Mozilla/5.0 (X11; Ubuntu; Linux x86_64; rv:83.0) Gecko/20100101 Firefox/83.0'),(151,1,'Viewed audit trail logs',1607259589,'127.0.0.1','Mozilla/5.0 (X11; Ubuntu; Linux x86_64; rv:83.0) Gecko/20100101 Firefox/83.0'),(152,1,'Viewed audit trail logs',1607259595,'127.0.0.1','Mozilla/5.0 (X11; Ubuntu; Linux x86_64; rv:83.0) Gecko/20100101 Firefox/83.0'),(153,1,'Viewed audit trail logs',1607259607,'127.0.0.1','Mozilla/5.0 (X11; Ubuntu; Linux x86_64; rv:83.0) Gecko/20100101 Firefox/83.0'),(154,1,'Viewed audit trail logs',1607259612,'127.0.0.1','Mozilla/5.0 (X11; Ubuntu; Linux x86_64; rv:83.0) Gecko/20100101 Firefox/83.0'),(155,1,'Viewed audit trail logs',1607259625,'127.0.0.1','Mozilla/5.0 (X11; Ubuntu; Linux x86_64; rv:83.0) Gecko/20100101 Firefox/83.0'),(156,1,'Viewed audit trail logs',1607259632,'127.0.0.1','Mozilla/5.0 (X11; Ubuntu; Linux x86_64; rv:83.0) Gecko/20100101 Firefox/83.0'),(157,1,'Viewed audit trail logs',1607259699,'127.0.0.1','Mozilla/5.0 (X11; Ubuntu; Linux x86_64; rv:83.0) Gecko/20100101 Firefox/83.0'),(158,1,'Viewed audit trail logs',1607259706,'127.0.0.1','Mozilla/5.0 (X11; Ubuntu; Linux x86_64; rv:83.0) Gecko/20100101 Firefox/83.0'),(159,1,'Viewed audit trail logs',1607259932,'127.0.0.1','Mozilla/5.0 (X11; Ubuntu; Linux x86_64; rv:83.0) Gecko/20100101 Firefox/83.0'),(160,1,'Viewed audit trail logs',1607260015,'127.0.0.1','Mozilla/5.0 (X11; Ubuntu; Linux x86_64; rv:83.0) Gecko/20100101 Firefox/83.0'),(161,1,'Viewed audit trail logs',1607260051,'127.0.0.1','Mozilla/5.0 (X11; Ubuntu; Linux x86_64; rv:83.0) Gecko/20100101 Firefox/83.0'),(162,1,'Viewed audit trail logs',1607260061,'127.0.0.1','Mozilla/5.0 (X11; Ubuntu; Linux x86_64; rv:83.0) Gecko/20100101 Firefox/83.0'),(163,1,'Viewed audit trail logs',1607260109,'127.0.0.1','Mozilla/5.0 (X11; Ubuntu; Linux x86_64; rv:83.0) Gecko/20100101 Firefox/83.0'),(164,1,'Viewed audit trail logs',1607260118,'127.0.0.1','Mozilla/5.0 (X11; Ubuntu; Linux x86_64; rv:83.0) Gecko/20100101 Firefox/83.0'),(165,1,'Viewed audit trail logs',1607260130,'127.0.0.1','Mozilla/5.0 (X11; Ubuntu; Linux x86_64; rv:83.0) Gecko/20100101 Firefox/83.0'),(166,1,'Viewed audit trail logs',1607260137,'127.0.0.1','Mozilla/5.0 (X11; Ubuntu; Linux x86_64; rv:83.0) Gecko/20100101 Firefox/83.0'),(167,1,'Viewed audit trail logs',1607260408,'127.0.0.1','Mozilla/5.0 (X11; Ubuntu; Linux x86_64; rv:83.0) Gecko/20100101 Firefox/83.0'),(168,1,'Viewed audit trail logs',1607260413,'127.0.0.1','Mozilla/5.0 (X11; Ubuntu; Linux x86_64; rv:83.0) Gecko/20100101 Firefox/83.0'),(169,1,'Viewed audit trail logs',1607260423,'127.0.0.1','Mozilla/5.0 (X11; Ubuntu; Linux x86_64; rv:83.0) Gecko/20100101 Firefox/83.0'),(170,1,'Viewed audit trail logs',1607260432,'127.0.0.1','Mozilla/5.0 (X11; Ubuntu; Linux x86_64; rv:83.0) Gecko/20100101 Firefox/83.0'),(171,1,'Viewed audit trail logs',1607260449,'127.0.0.1','Mozilla/5.0 (X11; Ubuntu; Linux x86_64; rv:83.0) Gecko/20100101 Firefox/83.0'),(172,1,'Viewed audit trail logs',1607260452,'127.0.0.1','Mozilla/5.0 (X11; Ubuntu; Linux x86_64; rv:83.0) Gecko/20100101 Firefox/83.0'),(173,1,'Viewed audit trail logs',1607260458,'127.0.0.1','Mozilla/5.0 (X11; Ubuntu; Linux x86_64; rv:83.0) Gecko/20100101 Firefox/83.0'),(174,1,'Viewed audit trail logs',1607260466,'127.0.0.1','Mozilla/5.0 (X11; Ubuntu; Linux x86_64; rv:83.0) Gecko/20100101 Firefox/83.0'),(175,1,'Viewed audit trail logs',1607260473,'127.0.0.1','Mozilla/5.0 (X11; Ubuntu; Linux x86_64; rv:83.0) Gecko/20100101 Firefox/83.0'),(176,1,'Viewed audit trail logs',1607260539,'127.0.0.1','Mozilla/5.0 (X11; Ubuntu; Linux x86_64; rv:83.0) Gecko/20100101 Firefox/83.0'),(177,1,'Viewed audit trail logs',1607260544,'127.0.0.1','Mozilla/5.0 (X11; Ubuntu; Linux x86_64; rv:83.0) Gecko/20100101 Firefox/83.0'),(178,1,'Viewed audit trail logs',1607260660,'127.0.0.1','Mozilla/5.0 (X11; Ubuntu; Linux x86_64; rv:83.0) Gecko/20100101 Firefox/83.0'),(179,1,'Viewed audit trail logs',1607260663,'127.0.0.1','Mozilla/5.0 (X11; Ubuntu; Linux x86_64; rv:83.0) Gecko/20100101 Firefox/83.0'),(180,1,'Removed district Camp test from the system.',1607262303,'127.0.0.1','Mozilla/5.0 (X11; Ubuntu; Linux x86_64; rv:83.0) Gecko/20100101 Firefox/83.0'),(181,1,'Update role Administrator',1607262806,'127.0.0.1','Mozilla/5.0 (X11; Ubuntu; Linux x86_64; rv:83.0) Gecko/20100101 Firefox/83.0'),(182,1,'Added camp Camp 1',1607263313,'127.0.0.1','Mozilla/5.0 (X11; Ubuntu; Linux x86_64; rv:83.0) Gecko/20100101 Firefox/83.0'),(183,1,'Update role Administrator',1607264609,'127.0.0.1','Mozilla/5.0 (X11; Ubuntu; Linux x86_64; rv:83.0) Gecko/20100101 Firefox/83.0'),(184,1,'Added market Chisokone',1607267413,'127.0.0.1','Mozilla/5.0 (X11; Ubuntu; Linux x86_64; rv:83.0) Gecko/20100101 Firefox/83.0'),(185,1,'Added market Soweto',1607267496,'127.0.0.1','Mozilla/5.0 (X11; Ubuntu; Linux x86_64; rv:83.0) Gecko/20100101 Firefox/83.0'),(186,1,'Updated market name from Soweto to Chisokone',1607267547,'127.0.0.1','Mozilla/5.0 (X11; Ubuntu; Linux x86_64; rv:83.0) Gecko/20100101 Firefox/83.0'),(187,1,'Updated market name from Chisokone to Chisokone1',1607267577,'127.0.0.1','Mozilla/5.0 (X11; Ubuntu; Linux x86_64; rv:83.0) Gecko/20100101 Firefox/83.0'),(188,1,'Updated market name from Chisokone1 to Chisokone',1607267581,'127.0.0.1','Mozilla/5.0 (X11; Ubuntu; Linux x86_64; rv:83.0) Gecko/20100101 Firefox/83.0'),(189,1,'updated province name from Central to Central1',1607362050,'127.0.0.1','Mozilla/5.0 (X11; Ubuntu; Linux x86_64; rv:83.0) Gecko/20100101 Firefox/83.0'),(190,1,'updated province name from Central1 to Central',1607362055,'127.0.0.1','Mozilla/5.0 (X11; Ubuntu; Linux x86_64; rv:83.0) Gecko/20100101 Firefox/83.0'),(191,1,'Added province Test',1607362059,'127.0.0.1','Mozilla/5.0 (X11; Ubuntu; Linux x86_64; rv:83.0) Gecko/20100101 Firefox/83.0'),(192,1,'Removed province Test from the system.',1607362063,'127.0.0.1','Mozilla/5.0 (X11; Ubuntu; Linux x86_64; rv:83.0) Gecko/20100101 Firefox/83.0'),(193,1,'Updated district name from Masaiti to Masaiti1',1607362083,'127.0.0.1','Mozilla/5.0 (X11; Ubuntu; Linux x86_64; rv:83.0) Gecko/20100101 Firefox/83.0'),(194,1,'Updated district name from Masaiti1 to Masaiti',1607362090,'127.0.0.1','Mozilla/5.0 (X11; Ubuntu; Linux x86_64; rv:83.0) Gecko/20100101 Firefox/83.0'),(195,1,'Added district Test',1607362100,'127.0.0.1','Mozilla/5.0 (X11; Ubuntu; Linux x86_64; rv:83.0) Gecko/20100101 Firefox/83.0'),(196,1,'Removed district Test from the system.',1607362111,'127.0.0.1','Mozilla/5.0 (X11; Ubuntu; Linux x86_64; rv:83.0) Gecko/20100101 Firefox/83.0'),(197,1,'Updated camp name from Camp 1 to Camp one',1607362120,'127.0.0.1','Mozilla/5.0 (X11; Ubuntu; Linux x86_64; rv:83.0) Gecko/20100101 Firefox/83.0'),(198,1,'Added camp Camp 1',1607362135,'127.0.0.1','Mozilla/5.0 (X11; Ubuntu; Linux x86_64; rv:83.0) Gecko/20100101 Firefox/83.0'),(199,1,'Removed camp Camp 1 from the system.',1607362141,'127.0.0.1','Mozilla/5.0 (X11; Ubuntu; Linux x86_64; rv:83.0) Gecko/20100101 Firefox/83.0'),(200,1,'Updated market name from Soweto to Soweto 1',1607362167,'127.0.0.1','Mozilla/5.0 (X11; Ubuntu; Linux x86_64; rv:83.0) Gecko/20100101 Firefox/83.0'),(201,1,'Updated market name from Soweto 1 to Soweto',1607362171,'127.0.0.1','Mozilla/5.0 (X11; Ubuntu; Linux x86_64; rv:83.0) Gecko/20100101 Firefox/83.0'),(202,1,'Added market Tuesday',1607362187,'127.0.0.1','Mozilla/5.0 (X11; Ubuntu; Linux x86_64; rv:83.0) Gecko/20100101 Firefox/83.0'),(203,1,'Removed market Tuesday from the system.',1607362191,'127.0.0.1','Mozilla/5.0 (X11; Ubuntu; Linux x86_64; rv:83.0) Gecko/20100101 Firefox/83.0'),(204,1,'Updated profile details ',1607362247,'127.0.0.1','Mozilla/5.0 (X11; Ubuntu; Linux x86_64; rv:83.0) Gecko/20100101 Firefox/83.0'),(205,1,'Changed account password',1607362298,'127.0.0.1','Mozilla/5.0 (X11; Ubuntu; Linux x86_64; rv:83.0) Gecko/20100101 Firefox/83.0'),(206,1,'Update role Administrator',1607362421,'127.0.0.1','Mozilla/5.0 (X11; Ubuntu; Linux x86_64; rv:83.0) Gecko/20100101 Firefox/83.0'),(207,1,'Update role Administrator',1607362425,'127.0.0.1','Mozilla/5.0 (X11; Ubuntu; Linux x86_64; rv:83.0) Gecko/20100101 Firefox/83.0'),(208,1,'Created role Test',1607362485,'127.0.0.1','Mozilla/5.0 (X11; Ubuntu; Linux x86_64; rv:83.0) Gecko/20100101 Firefox/83.0'),(209,1,'Created role Test',1607362532,'127.0.0.1','Mozilla/5.0 (X11; Ubuntu; Linux x86_64; rv:83.0) Gecko/20100101 Firefox/83.0'),(210,1,'Removed role Test from the system',1607362535,'127.0.0.1','Mozilla/5.0 (X11; Ubuntu; Linux x86_64; rv:83.0) Gecko/20100101 Firefox/83.0'),(211,1,'Created role Test',1607362548,'127.0.0.1','Mozilla/5.0 (X11; Ubuntu; Linux x86_64; rv:83.0) Gecko/20100101 Firefox/83.0'),(212,1,'Removed role Test from the system',1607362552,'127.0.0.1','Mozilla/5.0 (X11; Ubuntu; Linux x86_64; rv:83.0) Gecko/20100101 Firefox/83.0'),(213,1,'Updated user details with email: chulu1francis@gmail.com',1607362692,'127.0.0.1','Mozilla/5.0 (X11; Ubuntu; Linux x86_64; rv:83.0) Gecko/20100101 Firefox/83.0'),(214,1,'Blocked user account with email chulu1francis@gmail.com',1607362700,'127.0.0.1','Mozilla/5.0 (X11; Ubuntu; Linux x86_64; rv:83.0) Gecko/20100101 Firefox/83.0'),(215,1,'Activated user account with email:test2@unza.zm',1607362711,'127.0.0.1','Mozilla/5.0 (X11; Ubuntu; Linux x86_64; rv:83.0) Gecko/20100101 Firefox/83.0'),(216,1,'Activated user account with email:chulu1francis@gmail.com',1607362716,'127.0.0.1','Mozilla/5.0 (X11; Ubuntu; Linux x86_64; rv:83.0) Gecko/20100101 Firefox/83.0'),(217,1,'Deleted user account with email testtest@unza.zm',1607362906,'127.0.0.1','Mozilla/5.0 (X11; Ubuntu; Linux x86_64; rv:83.0) Gecko/20100101 Firefox/83.0'),(218,1,'Created user with email: testtest1@unza.zm',1607362942,'127.0.0.1','Mozilla/5.0 (X11; Ubuntu; Linux x86_64; rv:83.0) Gecko/20100101 Firefox/83.0'),(219,1,'Deleted user account with email testtest1@unza.zm',1607362955,'127.0.0.1','Mozilla/5.0 (X11; Ubuntu; Linux x86_64; rv:83.0) Gecko/20100101 Firefox/83.0'),(220,1,'Update role Administrator',1607365503,'127.0.0.1','Mozilla/5.0 (X11; Ubuntu; Linux x86_64; rv:83.0) Gecko/20100101 Firefox/83.0'),(221,1,'Update role Administrator',1607417426,'127.0.0.1','Mozilla/5.0 (X11; Ubuntu; Linux x86_64; rv:83.0) Gecko/20100101 Firefox/83.0'),(222,1,'Added commodity category Test',1607417546,'127.0.0.1','Mozilla/5.0 (X11; Ubuntu; Linux x86_64; rv:83.0) Gecko/20100101 Firefox/83.0'),(223,1,'Removed commodity category Test from the system.',1607417550,'127.0.0.1','Mozilla/5.0 (X11; Ubuntu; Linux x86_64; rv:83.0) Gecko/20100101 Firefox/83.0'),(224,1,'Added commodity category Test',1607417556,'127.0.0.1','Mozilla/5.0 (X11; Ubuntu; Linux x86_64; rv:83.0) Gecko/20100101 Firefox/83.0'),(225,1,'Updated commodity category name from Test to Farming inputs',1607417593,'127.0.0.1','Mozilla/5.0 (X11; Ubuntu; Linux x86_64; rv:83.0) Gecko/20100101 Firefox/83.0'),(226,1,'Updated commodity category description to::Description',1607417619,'127.0.0.1','Mozilla/5.0 (X11; Ubuntu; Linux x86_64; rv:83.0) Gecko/20100101 Firefox/83.0'),(227,1,'Updated commodity category name from Farming inputs to Farming input',1607417624,'127.0.0.1','Mozilla/5.0 (X11; Ubuntu; Linux x86_64; rv:83.0) Gecko/20100101 Firefox/83.0'),(228,1,'Added commodity category Farm produce',1607417638,'127.0.0.1','Mozilla/5.0 (X11; Ubuntu; Linux x86_64; rv:83.0) Gecko/20100101 Firefox/83.0'),(229,1,'Updated commodity category description to::Description',1607417646,'127.0.0.1','Mozilla/5.0 (X11; Ubuntu; Linux x86_64; rv:83.0) Gecko/20100101 Firefox/83.0'),(230,1,'Updated commodity category name from Farming input to Farming inputs',1607417654,'127.0.0.1','Mozilla/5.0 (X11; Ubuntu; Linux x86_64; rv:83.0) Gecko/20100101 Firefox/83.0'),(231,1,'Updated commodity category description to::The resources that are used in farm production, such as chemicals, equipment, feed, seed, and energy',1607417765,'127.0.0.1','Mozilla/5.0 (X11; Ubuntu; Linux x86_64; rv:83.0) Gecko/20100101 Firefox/83.0'),(232,1,'Updated commodity category description to::The resources that are used in farm production, such as chemicals, equipment, feed, seed, and energy ssssssssssssssssssssssssssssssssssssssssssssssssssssssssssssssssssssssssssssssssssssssssssssssssssssssssssssssssssssssssssssssssssssssssssssssssssssssssssssssssssssssssssssssssssssssssssssssssss',1607417788,'127.0.0.1','Mozilla/5.0 (X11; Ubuntu; Linux x86_64; rv:83.0) Gecko/20100101 Firefox/83.0'),(233,1,'Updated commodity category description to::The resources that are used in farm production, such as chemicals, equipment, feed, seed, and energy ',1607417811,'127.0.0.1','Mozilla/5.0 (X11; Ubuntu; Linux x86_64; rv:83.0) Gecko/20100101 Firefox/83.0'),(234,1,'Updated commodity category description to::The resources that are used in farm production, such as chemicals, equipment, feed, seed, and energy ssssssssssssssssssssssssssssssssssssssssssssssssssssssssssssssssssssssssssssssssssssssssssssssssssssssssssssssssssssssssssssssssssssssssssssssssssssssssssssssssssssssssssssssssssssssssssssssss',1607418245,'127.0.0.1','Mozilla/5.0 (X11; Ubuntu; Linux x86_64; rv:83.0) Gecko/20100101 Firefox/83.0'),(235,1,'Updated commodity category description to::The resources that are used in farm production, such as chemicals, equipment, feed, seed, and energy sssssssssssssssssssssssssssssssssssssssssssssssssssssssssssssssssssssssssssssssssssssssssssssssssssssssssssssssssssssssssssssssssssssssssssssssssssssssssssssssssssssssssssssssssssssssssssssss',1607418984,'127.0.0.1','Mozilla/5.0 (X11; Ubuntu; Linux x86_64; rv:83.0) Gecko/20100101 Firefox/83.0'),(236,1,'Updated commodity category description to::The resources that are used in farm production, such as chemicals, equipment, feed, seed, and energy ',1607419166,'127.0.0.1','Mozilla/5.0 (X11; Ubuntu; Linux x86_64; rv:83.0) Gecko/20100101 Firefox/83.0'),(237,1,'Updated commodity category description to::The resources that are used in farm production, such as chemicals, equipment, feed, seed, and energy ssssssssssssssssssssssssssssssssssssssssssssssssssssssssssssssssssssssssssssssssssssssssssssssssssssssssssssssssssssssssssssssssssssssssssssssssssssssssssssssssssssssssssssssssssssssssssssssssssssssssssssssssssssssssssssssssssssssssssssss',1607419282,'127.0.0.1','Mozilla/5.0 (X11; Ubuntu; Linux x86_64; rv:83.0) Gecko/20100101 Firefox/83.0'),(238,1,'Updated commodity category description to::The resources that are used in farm production, such as chemicals, equipment, feed, seed, and energy ',1607419333,'127.0.0.1','Mozilla/5.0 (X11; Ubuntu; Linux x86_64; rv:83.0) Gecko/20100101 Firefox/83.0'),(239,1,'Updated commodity category description to::Farm outputs such as maize, groundnuts\r\n',1607423557,'127.0.0.1','Mozilla/5.0 (X11; Ubuntu; Linux x86_64; rv:83.0) Gecko/20100101 Firefox/83.0'),(240,1,'Added commodity type Maize',1607446739,'127.0.0.1','Mozilla/5.0 (X11; Ubuntu; Linux x86_64; rv:83.0) Gecko/20100101 Firefox/83.0'),(241,1,'Added commodity type Soya beans',1607447814,'127.0.0.1','Mozilla/5.0 (X11; Ubuntu; Linux x86_64; rv:83.0) Gecko/20100101 Firefox/83.0'),(242,1,'Added commodity type Groundnuts',1607447827,'127.0.0.1','Mozilla/5.0 (X11; Ubuntu; Linux x86_64; rv:83.0) Gecko/20100101 Firefox/83.0'),(243,1,'Updated commodity type name from Groundnuts to Maize',1607447843,'127.0.0.1','Mozilla/5.0 (X11; Ubuntu; Linux x86_64; rv:83.0) Gecko/20100101 Firefox/83.0'),(244,1,'Added commodity type Rice',1607447871,'127.0.0.1','Mozilla/5.0 (X11; Ubuntu; Linux x86_64; rv:83.0) Gecko/20100101 Firefox/83.0'),(245,1,'Added commodity type Mealie meal',1607447890,'127.0.0.1','Mozilla/5.0 (X11; Ubuntu; Linux x86_64; rv:83.0) Gecko/20100101 Firefox/83.0'),(246,1,'Added commodity type Roller meal',1607447902,'127.0.0.1','Mozilla/5.0 (X11; Ubuntu; Linux x86_64; rv:83.0) Gecko/20100101 Firefox/83.0'),(247,1,'Added commodity category Farm output by products',1607447921,'127.0.0.1','Mozilla/5.0 (X11; Ubuntu; Linux x86_64; rv:83.0) Gecko/20100101 Firefox/83.0'),(248,1,'Updated commodity category name from Farm produce to Farm outs',1607447929,'127.0.0.1','Mozilla/5.0 (X11; Ubuntu; Linux x86_64; rv:83.0) Gecko/20100101 Firefox/83.0'),(249,1,'Updated commodity category name from Farm outs to Farm outputs',1607447942,'127.0.0.1','Mozilla/5.0 (X11; Ubuntu; Linux x86_64; rv:83.0) Gecko/20100101 Firefox/83.0'),(250,1,'Updated commodity type category to::4',1607447952,'127.0.0.1','Mozilla/5.0 (X11; Ubuntu; Linux x86_64; rv:83.0) Gecko/20100101 Firefox/83.0'),(251,1,'Updated commodity type category to::4',1607447956,'127.0.0.1','Mozilla/5.0 (X11; Ubuntu; Linux x86_64; rv:83.0) Gecko/20100101 Firefox/83.0'),(252,1,'Added commodity type Maize Seed',1607447971,'127.0.0.1','Mozilla/5.0 (X11; Ubuntu; Linux x86_64; rv:83.0) Gecko/20100101 Firefox/83.0'),(253,1,'Added commodity type Groundnut seed',1607447992,'127.0.0.1','Mozilla/5.0 (X11; Ubuntu; Linux x86_64; rv:83.0) Gecko/20100101 Firefox/83.0'),(254,1,'Added commodity type Rice seed',1607448004,'127.0.0.1','Mozilla/5.0 (X11; Ubuntu; Linux x86_64; rv:83.0) Gecko/20100101 Firefox/83.0'),(255,1,'Added commodity type D-Compound',1607448021,'127.0.0.1','Mozilla/5.0 (X11; Ubuntu; Linux x86_64; rv:83.0) Gecko/20100101 Firefox/83.0'),(256,1,'Added commodity type Urea',1607448041,'127.0.0.1','Mozilla/5.0 (X11; Ubuntu; Linux x86_64; rv:83.0) Gecko/20100101 Firefox/83.0'),(257,1,'Added commodity type Test',1607448169,'127.0.0.1','Mozilla/5.0 (X11; Ubuntu; Linux x86_64; rv:83.0) Gecko/20100101 Firefox/83.0'),(258,1,'Removed commodity type Test from the system.',1607448184,'127.0.0.1','Mozilla/5.0 (X11; Ubuntu; Linux x86_64; rv:83.0) Gecko/20100101 Firefox/83.0'),(259,1,'Updated commodity category name from Farm output by products to Farm output by-products',1607585616,'127.0.0.1','Mozilla/5.0 (X11; Ubuntu; Linux x86_64; rv:83.0) Gecko/20100101 Firefox/83.0'),(260,1,'Updated commodity price level description to::Farm gate',1607588412,'127.0.0.1','Mozilla/5.0 (X11; Ubuntu; Linux x86_64; rv:83.0) Gecko/20100101 Firefox/83.0'),(261,1,'Added commodity price level Test level',1607588513,'127.0.0.1','Mozilla/5.0 (X11; Ubuntu; Linux x86_64; rv:83.0) Gecko/20100101 Firefox/83.0'),(262,1,'Removed Commodity price level Test level from the system.',1607588618,'127.0.0.1','Mozilla/5.0 (X11; Ubuntu; Linux x86_64; rv:83.0) Gecko/20100101 Firefox/83.0'),(263,1,'Update role Administrator',1607589736,'127.0.0.1','Mozilla/5.0 (X11; Ubuntu; Linux x86_64; rv:83.0) Gecko/20100101 Firefox/83.0'),(264,1,'Updated commodity price details',1607598826,'127.0.0.1','Mozilla/5.0 (X11; Ubuntu; Linux x86_64; rv:83.0) Gecko/20100101 Firefox/83.0'),(265,1,'Updated commodity price details',1607598831,'127.0.0.1','Mozilla/5.0 (X11; Ubuntu; Linux x86_64; rv:83.0) Gecko/20100101 Firefox/83.0'),(266,1,'Updated commodity price details',1607600021,'127.0.0.1','Mozilla/5.0 (X11; Ubuntu; Linux x86_64; rv:83.0) Gecko/20100101 Firefox/83.0'),(267,1,'Updated commodity price details',1607600044,'127.0.0.1','Mozilla/5.0 (X11; Ubuntu; Linux x86_64; rv:83.0) Gecko/20100101 Firefox/83.0'),(268,1,'Update role Administrator',1607600190,'127.0.0.1','Mozilla/5.0 (X11; Ubuntu; Linux x86_64; rv:83.0) Gecko/20100101 Firefox/83.0'),(269,1,'Updated commodity price details',1607600728,'127.0.0.1','Mozilla/5.0 (X11; Ubuntu; Linux x86_64; rv:83.0) Gecko/20100101 Firefox/83.0'),(270,1,'Updated commodity price details',1607600734,'127.0.0.1','Mozilla/5.0 (X11; Ubuntu; Linux x86_64; rv:83.0) Gecko/20100101 Firefox/83.0'),(271,1,'Updated commodity price details',1607601306,'127.0.0.1','Mozilla/5.0 (X11; Ubuntu; Linux x86_64; rv:83.0) Gecko/20100101 Firefox/83.0'),(272,1,'Updated commodity price details',1607601320,'127.0.0.1','Mozilla/5.0 (X11; Ubuntu; Linux x86_64; rv:83.0) Gecko/20100101 Firefox/83.0'),(273,1,'Updated commodity price details',1607601338,'127.0.0.1','Mozilla/5.0 (X11; Ubuntu; Linux x86_64; rv:83.0) Gecko/20100101 Firefox/83.0'),(274,1,'Updated commodity price details',1607601363,'127.0.0.1','Mozilla/5.0 (X11; Ubuntu; Linux x86_64; rv:83.0) Gecko/20100101 Firefox/83.0'),(275,1,'Updated commodity price details',1607601519,'127.0.0.1','Mozilla/5.0 (X11; Ubuntu; Linux x86_64; rv:83.0) Gecko/20100101 Firefox/83.0'),(276,1,'Updated commodity price details',1607601536,'127.0.0.1','Mozilla/5.0 (X11; Ubuntu; Linux x86_64; rv:83.0) Gecko/20100101 Firefox/83.0'),(277,1,'Updated commodity price details',1607601552,'127.0.0.1','Mozilla/5.0 (X11; Ubuntu; Linux x86_64; rv:83.0) Gecko/20100101 Firefox/83.0'),(278,1,'Updated commodity price details',1607601558,'127.0.0.1','Mozilla/5.0 (X11; Ubuntu; Linux x86_64; rv:83.0) Gecko/20100101 Firefox/83.0'),(279,1,'Updated commodity price details',1607601566,'127.0.0.1','Mozilla/5.0 (X11; Ubuntu; Linux x86_64; rv:83.0) Gecko/20100101 Firefox/83.0'),(280,1,'Updated commodity price details',1607601575,'127.0.0.1','Mozilla/5.0 (X11; Ubuntu; Linux x86_64; rv:83.0) Gecko/20100101 Firefox/83.0'),(281,1,'Updated commodity price details',1607601580,'127.0.0.1','Mozilla/5.0 (X11; Ubuntu; Linux x86_64; rv:83.0) Gecko/20100101 Firefox/83.0'),(282,1,'Updated commodity price details',1607601586,'127.0.0.1','Mozilla/5.0 (X11; Ubuntu; Linux x86_64; rv:83.0) Gecko/20100101 Firefox/83.0'),(283,1,'Updated commodity price details',1607601594,'127.0.0.1','Mozilla/5.0 (X11; Ubuntu; Linux x86_64; rv:83.0) Gecko/20100101 Firefox/83.0'),(284,1,'Updated commodity price details',1607601599,'127.0.0.1','Mozilla/5.0 (X11; Ubuntu; Linux x86_64; rv:83.0) Gecko/20100101 Firefox/83.0'),(285,1,'Updated commodity price details',1607601601,'127.0.0.1','Mozilla/5.0 (X11; Ubuntu; Linux x86_64; rv:83.0) Gecko/20100101 Firefox/83.0'),(286,1,'Updated commodity price details',1607601607,'127.0.0.1','Mozilla/5.0 (X11; Ubuntu; Linux x86_64; rv:83.0) Gecko/20100101 Firefox/83.0'),(287,1,'Updated commodity price details',1607601611,'127.0.0.1','Mozilla/5.0 (X11; Ubuntu; Linux x86_64; rv:83.0) Gecko/20100101 Firefox/83.0'),(288,1,'Updated commodity price details',1607601627,'127.0.0.1','Mozilla/5.0 (X11; Ubuntu; Linux x86_64; rv:83.0) Gecko/20100101 Firefox/83.0'),(289,1,'Updated commodity price details',1607601630,'127.0.0.1','Mozilla/5.0 (X11; Ubuntu; Linux x86_64; rv:83.0) Gecko/20100101 Firefox/83.0'),(290,1,'Updated commodity price details',1607601662,'127.0.0.1','Mozilla/5.0 (X11; Ubuntu; Linux x86_64; rv:83.0) Gecko/20100101 Firefox/83.0'),(291,1,'Updated commodity price details',1607601744,'127.0.0.1','Mozilla/5.0 (X11; Ubuntu; Linux x86_64; rv:83.0) Gecko/20100101 Firefox/83.0'),(292,1,'Updated commodity price details',1607601759,'127.0.0.1','Mozilla/5.0 (X11; Ubuntu; Linux x86_64; rv:83.0) Gecko/20100101 Firefox/83.0'),(293,1,'Updated commodity price details',1607601764,'127.0.0.1','Mozilla/5.0 (X11; Ubuntu; Linux x86_64; rv:83.0) Gecko/20100101 Firefox/83.0'),(294,1,'Updated commodity price details',1607601769,'127.0.0.1','Mozilla/5.0 (X11; Ubuntu; Linux x86_64; rv:83.0) Gecko/20100101 Firefox/83.0'),(295,1,'Updated commodity price details',1607601859,'127.0.0.1','Mozilla/5.0 (X11; Ubuntu; Linux x86_64; rv:83.0) Gecko/20100101 Firefox/83.0'),(296,1,'Updated commodity price details',1607601861,'127.0.0.1','Mozilla/5.0 (X11; Ubuntu; Linux x86_64; rv:83.0) Gecko/20100101 Firefox/83.0'),(297,1,'Added market Chisamba test',1607623358,'127.0.0.1','Mozilla/5.0 (X11; Ubuntu; Linux x86_64; rv:83.0) Gecko/20100101 Firefox/83.0'),(298,1,'Removed commodity price from the system.',1607627535,'127.0.0.1','Mozilla/5.0 (X11; Ubuntu; Linux x86_64; rv:83.0) Gecko/20100101 Firefox/83.0'),(299,1,'Updated user details with email: chulu1francis@gmail.com',1609866047,'127.0.0.1','Mozilla/5.0 (X11; Ubuntu; Linux x86_64; rv:84.0) Gecko/20100101 Firefox/84.0'),(300,1,'Updated user details with email: chulu1francis@gmail.com',1609866079,'127.0.0.1','Mozilla/5.0 (X11; Ubuntu; Linux x86_64; rv:84.0) Gecko/20100101 Firefox/84.0'),(301,1,'Updated user details with email: chulu1francis@gmail.com',1609866721,'127.0.0.1','Mozilla/5.0 (X11; Ubuntu; Linux x86_64; rv:84.0) Gecko/20100101 Firefox/84.0'),(302,1,'Updated user details with email: chulu1francis@gmail.com',1609866781,'127.0.0.1','Mozilla/5.0 (X11; Ubuntu; Linux x86_64; rv:84.0) Gecko/20100101 Firefox/84.0'),(303,1,'Update role Administrator',1609951977,'127.0.0.1','Mozilla/5.0 (X11; Ubuntu; Linux x86_64; rv:84.0) Gecko/20100101 Firefox/84.0'),(304,1,'Added interview guide question Please introduce yourself and tell me a bit about yourself?',1609956950,'127.0.0.1','Mozilla/5.0 (X11; Ubuntu; Linux x86_64; rv:84.0) Gecko/20100101 Firefox/84.0'),(305,1,'Added interview guide question What Challenges were you experiencing before the E-SAPP and why?',1609958624,'127.0.0.1','Mozilla/5.0 (X11; Ubuntu; Linux x86_64; rv:84.0) Gecko/20100101 Firefox/84.0'),(306,1,'Added interview guide question Did you do anything to solve the problem before E-SAPP? If yes, what did you do?',1609958658,'127.0.0.1','Mozilla/5.0 (X11; Ubuntu; Linux x86_64; rv:84.0) Gecko/20100101 Firefox/84.0'),(307,1,'Added interview guide question What interventions did E-SAPP put in place to resolve the problem?  Probe: Detail them according to the different steps taken.',1609958714,'127.0.0.1','Mozilla/5.0 (X11; Ubuntu; Linux x86_64; rv:84.0) Gecko/20100101 Firefox/84.0'),(308,1,'Added interview guide question Did the interventions by E-SAPP resolve the problem? Give a reason for your answer.',1609958980,'127.0.0.1','Mozilla/5.0 (X11; Ubuntu; Linux x86_64; rv:84.0) Gecko/20100101 Firefox/84.0'),(309,1,'Added interview guide question In your opinion, do you think this problem was going to be addressed if it was not for the intervention from E-SAPP? Give a reason?',1609958996,'127.0.0.1','Mozilla/5.0 (X11; Ubuntu; Linux x86_64; rv:84.0) Gecko/20100101 Firefox/84.0'),(310,1,'Added interview guide question What are the key areas of change that you noticed as a result of the intervention? Give examples. ',1609959016,'127.0.0.1','Mozilla/5.0 (X11; Ubuntu; Linux x86_64; rv:84.0) Gecko/20100101 Firefox/84.0'),(311,1,'Added interview guide question What are some of the lessons that you have learnt from the intervention?',1609959038,'127.0.0.1','Mozilla/5.0 (X11; Ubuntu; Linux x86_64; rv:84.0) Gecko/20100101 Firefox/84.0'),(312,1,'Added interview guide question  In terms of how the E-SAPP could improve its intervention delivery, do you have any recommendations/ suggestions? What do you think needs to be done?',1609959055,'127.0.0.1','Mozilla/5.0 (X11; Ubuntu; Linux x86_64; rv:84.0) Gecko/20100101 Firefox/84.0'),(313,1,'Update role Administrator',1610036540,'127.0.0.1','Mozilla/5.0 (X11; Ubuntu; Linux x86_64; rv:84.0) Gecko/20100101 Firefox/84.0'),(314,1,'Added interview guide question::\'Test\'',1610038847,'127.0.0.1','Mozilla/5.0 (X11; Ubuntu; Linux x86_64; rv:84.0) Gecko/20100101 Firefox/84.0'),(315,1,'Removed interview guide question: \'Test\' from the system.',1610038851,'127.0.0.1','Mozilla/5.0 (X11; Ubuntu; Linux x86_64; rv:84.0) Gecko/20100101 Firefox/84.0'),(316,1,'Downloaded interview question guide template',1610041729,'127.0.0.1','Mozilla/5.0 (X11; Ubuntu; Linux x86_64; rv:84.0) Gecko/20100101 Firefox/84.0'),(317,1,'Downloaded interview question guide template',1610349761,'127.0.0.1','Mozilla/5.0 (X11; Ubuntu; Linux x86_64; rv:84.0) Gecko/20100101 Firefox/84.0'),(318,1,'Downloaded interview question guide template',1610351246,'127.0.0.1','Mozilla/5.0 (X11; Ubuntu; Linux x86_64; rv:84.0) Gecko/20100101 Firefox/84.0'),(319,1,'Downloaded interview question guide template',1610351289,'127.0.0.1','Mozilla/5.0 (X11; Ubuntu; Linux x86_64; rv:84.0) Gecko/20100101 Firefox/84.0'),(320,1,'Downloaded interview question guide template',1610351300,'127.0.0.1','Mozilla/5.0 (X11; Ubuntu; Linux x86_64; rv:84.0) Gecko/20100101 Firefox/84.0'),(321,1,'Downloaded interview question guide template',1610351391,'127.0.0.1','Mozilla/5.0 (X11; Ubuntu; Linux x86_64; rv:84.0) Gecko/20100101 Firefox/84.0'),(322,1,'Downloaded interview question guide template',1610351424,'127.0.0.1','Mozilla/5.0 (X11; Ubuntu; Linux x86_64; rv:84.0) Gecko/20100101 Firefox/84.0'),(323,1,'Downloaded interview question guide template',1610351439,'127.0.0.1','Mozilla/5.0 (X11; Ubuntu; Linux x86_64; rv:84.0) Gecko/20100101 Firefox/84.0'),(324,1,'Downloaded interview question guide template',1610351454,'127.0.0.1','Mozilla/5.0 (X11; Ubuntu; Linux x86_64; rv:84.0) Gecko/20100101 Firefox/84.0'),(325,1,'Downloaded interview question guide template',1610351466,'127.0.0.1','Mozilla/5.0 (X11; Ubuntu; Linux x86_64; rv:84.0) Gecko/20100101 Firefox/84.0'),(326,1,'Downloaded interview question guide template',1610351493,'127.0.0.1','Mozilla/5.0 (X11; Ubuntu; Linux x86_64; rv:84.0) Gecko/20100101 Firefox/84.0'),(327,1,'Downloaded interview question guide template',1610351524,'127.0.0.1','Mozilla/5.0 (X11; Ubuntu; Linux x86_64; rv:84.0) Gecko/20100101 Firefox/84.0'),(328,1,'Downloaded interview question guide template',1610351550,'127.0.0.1','Mozilla/5.0 (X11; Ubuntu; Linux x86_64; rv:84.0) Gecko/20100101 Firefox/84.0'),(329,1,'Downloaded interview question guide template',1610351571,'127.0.0.1','Mozilla/5.0 (X11; Ubuntu; Linux x86_64; rv:84.0) Gecko/20100101 Firefox/84.0'),(330,1,'Downloaded interview question guide template',1610351602,'127.0.0.1','Mozilla/5.0 (X11; Ubuntu; Linux x86_64; rv:84.0) Gecko/20100101 Firefox/84.0'),(331,1,'Downloaded interview question guide template',1610351635,'127.0.0.1','Mozilla/5.0 (X11; Ubuntu; Linux x86_64; rv:84.0) Gecko/20100101 Firefox/84.0'),(332,1,'Downloaded interview question guide template',1610351667,'127.0.0.1','Mozilla/5.0 (X11; Ubuntu; Linux x86_64; rv:84.0) Gecko/20100101 Firefox/84.0'),(333,1,'Downloaded interview question guide template',1610351677,'127.0.0.1','Mozilla/5.0 (X11; Ubuntu; Linux x86_64; rv:84.0) Gecko/20100101 Firefox/84.0'),(334,1,'Downloaded interview question guide template',1610351686,'127.0.0.1','Mozilla/5.0 (X11; Ubuntu; Linux x86_64; rv:84.0) Gecko/20100101 Firefox/84.0'),(335,1,'Downloaded interview question guide template',1610352092,'127.0.0.1','Mozilla/5.0 (X11; Ubuntu; Linux x86_64; rv:84.0) Gecko/20100101 Firefox/84.0'),(336,1,'Downloaded interview question guide template',1610352144,'127.0.0.1','Mozilla/5.0 (X11; Ubuntu; Linux x86_64; rv:84.0) Gecko/20100101 Firefox/84.0'),(337,1,'Downloaded interview question guide template',1610352161,'127.0.0.1','Mozilla/5.0 (X11; Ubuntu; Linux x86_64; rv:84.0) Gecko/20100101 Firefox/84.0'),(338,1,'Downloaded interview question guide template',1610352209,'127.0.0.1','Mozilla/5.0 (X11; Ubuntu; Linux x86_64; rv:84.0) Gecko/20100101 Firefox/84.0'),(339,1,'Downloaded interview question guide template',1610352328,'127.0.0.1','Mozilla/5.0 (X11; Ubuntu; Linux x86_64; rv:84.0) Gecko/20100101 Firefox/84.0'),(340,1,'Downloaded interview question guide template',1610352358,'127.0.0.1','Mozilla/5.0 (X11; Ubuntu; Linux x86_64; rv:84.0) Gecko/20100101 Firefox/84.0'),(341,1,'Downloaded interview question guide template',1610352513,'127.0.0.1','Mozilla/5.0 (X11; Ubuntu; Linux x86_64; rv:84.0) Gecko/20100101 Firefox/84.0'),(342,1,'Downloaded interview question guide template',1610352619,'127.0.0.1','Mozilla/5.0 (X11; Ubuntu; Linux x86_64; rv:84.0) Gecko/20100101 Firefox/84.0'),(343,1,'Downloaded interview question guide template',1610352636,'127.0.0.1','Mozilla/5.0 (X11; Ubuntu; Linux x86_64; rv:84.0) Gecko/20100101 Firefox/84.0'),(344,1,'Downloaded interview question guide template',1610352660,'127.0.0.1','Mozilla/5.0 (X11; Ubuntu; Linux x86_64; rv:84.0) Gecko/20100101 Firefox/84.0'),(345,1,'Downloaded interview question guide template',1610352688,'127.0.0.1','Mozilla/5.0 (X11; Ubuntu; Linux x86_64; rv:84.0) Gecko/20100101 Firefox/84.0'),(346,1,'Downloaded interview question guide template',1610352761,'127.0.0.1','Mozilla/5.0 (X11; Ubuntu; Linux x86_64; rv:84.0) Gecko/20100101 Firefox/84.0'),(347,1,'Downloaded interview question guide template',1610352792,'127.0.0.1','Mozilla/5.0 (X11; Ubuntu; Linux x86_64; rv:84.0) Gecko/20100101 Firefox/84.0'),(348,1,'Downloaded interview question guide template',1610352802,'127.0.0.1','Mozilla/5.0 (X11; Ubuntu; Linux x86_64; rv:84.0) Gecko/20100101 Firefox/84.0'),(349,1,'Downloaded interview question guide template',1610352830,'127.0.0.1','Mozilla/5.0 (X11; Ubuntu; Linux x86_64; rv:84.0) Gecko/20100101 Firefox/84.0'),(350,1,'Downloaded interview question guide template',1610352856,'127.0.0.1','Mozilla/5.0 (X11; Ubuntu; Linux x86_64; rv:84.0) Gecko/20100101 Firefox/84.0'),(351,1,'Downloaded interview question guide template',1610352951,'127.0.0.1','Mozilla/5.0 (X11; Ubuntu; Linux x86_64; rv:84.0) Gecko/20100101 Firefox/84.0'),(352,1,'Downloaded interview question guide template',1610352968,'127.0.0.1','Mozilla/5.0 (X11; Ubuntu; Linux x86_64; rv:84.0) Gecko/20100101 Firefox/84.0'),(353,1,'Downloaded interview question guide template',1610353036,'127.0.0.1','Mozilla/5.0 (X11; Ubuntu; Linux x86_64; rv:84.0) Gecko/20100101 Firefox/84.0'),(354,1,'Downloaded interview question guide template',1610353049,'127.0.0.1','Mozilla/5.0 (X11; Ubuntu; Linux x86_64; rv:84.0) Gecko/20100101 Firefox/84.0'),(355,1,'Downloaded interview question guide template',1610353063,'127.0.0.1','Mozilla/5.0 (X11; Ubuntu; Linux x86_64; rv:84.0) Gecko/20100101 Firefox/84.0'),(356,1,'Downloaded interview question guide template',1610353074,'127.0.0.1','Mozilla/5.0 (X11; Ubuntu; Linux x86_64; rv:84.0) Gecko/20100101 Firefox/84.0'),(357,1,'Downloaded interview question guide template',1610353089,'127.0.0.1','Mozilla/5.0 (X11; Ubuntu; Linux x86_64; rv:84.0) Gecko/20100101 Firefox/84.0'),(358,1,'Downloaded interview question guide template',1610353159,'127.0.0.1','Mozilla/5.0 (X11; Ubuntu; Linux x86_64; rv:84.0) Gecko/20100101 Firefox/84.0'),(359,1,'Downloaded interview question guide template',1610353181,'127.0.0.1','Mozilla/5.0 (X11; Ubuntu; Linux x86_64; rv:84.0) Gecko/20100101 Firefox/84.0'),(360,1,'Downloaded interview question guide template',1610353190,'127.0.0.1','Mozilla/5.0 (X11; Ubuntu; Linux x86_64; rv:84.0) Gecko/20100101 Firefox/84.0'),(361,1,'Downloaded interview question guide template',1610353200,'127.0.0.1','Mozilla/5.0 (X11; Ubuntu; Linux x86_64; rv:84.0) Gecko/20100101 Firefox/84.0'),(362,1,'Downloaded interview question guide template',1610353249,'127.0.0.1','Mozilla/5.0 (X11; Ubuntu; Linux x86_64; rv:84.0) Gecko/20100101 Firefox/84.0'),(363,1,'Downloaded interview question guide template',1610353265,'127.0.0.1','Mozilla/5.0 (X11; Ubuntu; Linux x86_64; rv:84.0) Gecko/20100101 Firefox/84.0'),(364,1,'Downloaded interview question guide template',1610353289,'127.0.0.1','Mozilla/5.0 (X11; Ubuntu; Linux x86_64; rv:84.0) Gecko/20100101 Firefox/84.0'),(365,1,'Downloaded interview question guide template',1610353311,'127.0.0.1','Mozilla/5.0 (X11; Ubuntu; Linux x86_64; rv:84.0) Gecko/20100101 Firefox/84.0'),(366,1,'Downloaded interview question guide template',1610353325,'127.0.0.1','Mozilla/5.0 (X11; Ubuntu; Linux x86_64; rv:84.0) Gecko/20100101 Firefox/84.0'),(367,1,'Downloaded interview question guide template',1610353357,'127.0.0.1','Mozilla/5.0 (X11; Ubuntu; Linux x86_64; rv:84.0) Gecko/20100101 Firefox/84.0'),(368,1,'Downloaded interview question guide template',1610353373,'127.0.0.1','Mozilla/5.0 (X11; Ubuntu; Linux x86_64; rv:84.0) Gecko/20100101 Firefox/84.0'),(369,1,'Downloaded interview question guide template',1610353405,'127.0.0.1','Mozilla/5.0 (X11; Ubuntu; Linux x86_64; rv:84.0) Gecko/20100101 Firefox/84.0'),(370,1,'Downloaded interview question guide template',1610353508,'127.0.0.1','Mozilla/5.0 (X11; Ubuntu; Linux x86_64; rv:84.0) Gecko/20100101 Firefox/84.0'),(371,1,'Downloaded interview question guide template',1610353519,'127.0.0.1','Mozilla/5.0 (X11; Ubuntu; Linux x86_64; rv:84.0) Gecko/20100101 Firefox/84.0'),(372,1,'Downloaded interview question guide template',1610353562,'127.0.0.1','Mozilla/5.0 (X11; Ubuntu; Linux x86_64; rv:84.0) Gecko/20100101 Firefox/84.0'),(373,1,'Downloaded interview question guide template',1610353582,'127.0.0.1','Mozilla/5.0 (X11; Ubuntu; Linux x86_64; rv:84.0) Gecko/20100101 Firefox/84.0'),(374,1,'Downloaded interview question guide template',1610353624,'127.0.0.1','Mozilla/5.0 (X11; Ubuntu; Linux x86_64; rv:84.0) Gecko/20100101 Firefox/84.0'),(375,1,'Downloaded interview question guide template',1610353654,'127.0.0.1','Mozilla/5.0 (X11; Ubuntu; Linux x86_64; rv:84.0) Gecko/20100101 Firefox/84.0'),(376,1,'Downloaded interview question guide template',1610353667,'127.0.0.1','Mozilla/5.0 (X11; Ubuntu; Linux x86_64; rv:84.0) Gecko/20100101 Firefox/84.0'),(377,1,'Downloaded interview question guide template',1610353677,'127.0.0.1','Mozilla/5.0 (X11; Ubuntu; Linux x86_64; rv:84.0) Gecko/20100101 Firefox/84.0'),(378,1,'Downloaded interview question guide template',1610353690,'127.0.0.1','Mozilla/5.0 (X11; Ubuntu; Linux x86_64; rv:84.0) Gecko/20100101 Firefox/84.0'),(379,1,'Downloaded interview question guide template',1610353759,'127.0.0.1','Mozilla/5.0 (X11; Ubuntu; Linux x86_64; rv:84.0) Gecko/20100101 Firefox/84.0'),(380,1,'Downloaded interview question guide template',1610353783,'127.0.0.1','Mozilla/5.0 (X11; Ubuntu; Linux x86_64; rv:84.0) Gecko/20100101 Firefox/84.0'),(381,1,'Downloaded interview question guide template',1610353889,'127.0.0.1','Mozilla/5.0 (X11; Ubuntu; Linux x86_64; rv:84.0) Gecko/20100101 Firefox/84.0'),(382,1,'Downloaded interview question guide template',1610353905,'127.0.0.1','Mozilla/5.0 (X11; Ubuntu; Linux x86_64; rv:84.0) Gecko/20100101 Firefox/84.0'),(383,1,'Downloaded interview question guide template',1610353981,'127.0.0.1','Mozilla/5.0 (X11; Ubuntu; Linux x86_64; rv:84.0) Gecko/20100101 Firefox/84.0'),(384,1,'Downloaded interview question guide template',1610354052,'127.0.0.1','Mozilla/5.0 (X11; Ubuntu; Linux x86_64; rv:84.0) Gecko/20100101 Firefox/84.0'),(385,1,'Downloaded interview question guide template',1610354152,'127.0.0.1','Mozilla/5.0 (X11; Ubuntu; Linux x86_64; rv:84.0) Gecko/20100101 Firefox/84.0'),(386,1,'Downloaded interview question guide template',1610354174,'127.0.0.1','Mozilla/5.0 (X11; Ubuntu; Linux x86_64; rv:84.0) Gecko/20100101 Firefox/84.0'),(387,1,'Downloaded interview question guide template',1610354278,'127.0.0.1','Mozilla/5.0 (X11; Ubuntu; Linux x86_64; rv:84.0) Gecko/20100101 Firefox/84.0'),(388,1,'Downloaded interview question guide template',1610354293,'127.0.0.1','Mozilla/5.0 (X11; Ubuntu; Linux x86_64; rv:84.0) Gecko/20100101 Firefox/84.0'),(389,1,'Downloaded interview question guide template',1610354331,'127.0.0.1','Mozilla/5.0 (X11; Ubuntu; Linux x86_64; rv:84.0) Gecko/20100101 Firefox/84.0'),(390,1,'Downloaded interview question guide template',1610354370,'127.0.0.1','Mozilla/5.0 (X11; Ubuntu; Linux x86_64; rv:84.0) Gecko/20100101 Firefox/84.0'),(391,1,'Downloaded interview question guide template',1610354464,'127.0.0.1','Mozilla/5.0 (X11; Ubuntu; Linux x86_64; rv:84.0) Gecko/20100101 Firefox/84.0'),(392,1,'Downloaded interview question guide template',1610354478,'127.0.0.1','Mozilla/5.0 (X11; Ubuntu; Linux x86_64; rv:84.0) Gecko/20100101 Firefox/84.0'),(393,1,'Downloaded interview question guide template',1610354515,'127.0.0.1','Mozilla/5.0 (X11; Ubuntu; Linux x86_64; rv:84.0) Gecko/20100101 Firefox/84.0'),(394,1,'Downloaded interview question guide template',1610354578,'127.0.0.1','Mozilla/5.0 (X11; Ubuntu; Linux x86_64; rv:84.0) Gecko/20100101 Firefox/84.0'),(395,1,'Downloaded interview question guide template',1610354588,'127.0.0.1','Mozilla/5.0 (X11; Ubuntu; Linux x86_64; rv:84.0) Gecko/20100101 Firefox/84.0'),(396,1,'Downloaded interview question guide template',1610354602,'127.0.0.1','Mozilla/5.0 (X11; Ubuntu; Linux x86_64; rv:84.0) Gecko/20100101 Firefox/84.0'),(397,1,'Downloaded interview question guide template',1610354651,'127.0.0.1','Mozilla/5.0 (X11; Ubuntu; Linux x86_64; rv:84.0) Gecko/20100101 Firefox/84.0'),(398,1,'Downloaded interview question guide template',1610354806,'127.0.0.1','Mozilla/5.0 (X11; Ubuntu; Linux x86_64; rv:84.0) Gecko/20100101 Firefox/84.0'),(399,1,'Downloaded interview question guide template',1610354992,'127.0.0.1','Mozilla/5.0 (X11; Ubuntu; Linux x86_64; rv:84.0) Gecko/20100101 Firefox/84.0'),(400,1,'Downloaded interview question guide template',1610355053,'127.0.0.1','Mozilla/5.0 (X11; Ubuntu; Linux x86_64; rv:84.0) Gecko/20100101 Firefox/84.0'),(401,1,'Downloaded interview question guide template',1610355073,'127.0.0.1','Mozilla/5.0 (X11; Ubuntu; Linux x86_64; rv:84.0) Gecko/20100101 Firefox/84.0'),(402,1,'Downloaded interview question guide template',1610355099,'127.0.0.1','Mozilla/5.0 (X11; Ubuntu; Linux x86_64; rv:84.0) Gecko/20100101 Firefox/84.0'),(403,1,'Downloaded interview question guide template',1610355112,'127.0.0.1','Mozilla/5.0 (X11; Ubuntu; Linux x86_64; rv:84.0) Gecko/20100101 Firefox/84.0'),(404,1,'Downloaded interview question guide template',1610355158,'127.0.0.1','Mozilla/5.0 (X11; Ubuntu; Linux x86_64; rv:84.0) Gecko/20100101 Firefox/84.0'),(405,1,'Downloaded interview question guide template',1610355177,'127.0.0.1','Mozilla/5.0 (X11; Ubuntu; Linux x86_64; rv:84.0) Gecko/20100101 Firefox/84.0'),(406,1,'Downloaded interview question guide template',1610355186,'127.0.0.1','Mozilla/5.0 (X11; Ubuntu; Linux x86_64; rv:84.0) Gecko/20100101 Firefox/84.0'),(407,1,'Downloaded interview question guide template',1610355255,'127.0.0.1','Mozilla/5.0 (X11; Ubuntu; Linux x86_64; rv:84.0) Gecko/20100101 Firefox/84.0'),(408,1,'Downloaded interview question guide template',1610355281,'127.0.0.1','Mozilla/5.0 (X11; Ubuntu; Linux x86_64; rv:84.0) Gecko/20100101 Firefox/84.0'),(409,1,'Downloaded interview question guide template',1610355346,'127.0.0.1','Mozilla/5.0 (X11; Ubuntu; Linux x86_64; rv:84.0) Gecko/20100101 Firefox/84.0'),(410,1,'Downloaded interview question guide template',1610355461,'127.0.0.1','Mozilla/5.0 (X11; Ubuntu; Linux x86_64; rv:84.0) Gecko/20100101 Firefox/84.0'),(411,1,'Downloaded interview question guide template',1610355478,'127.0.0.1','Mozilla/5.0 (X11; Ubuntu; Linux x86_64; rv:84.0) Gecko/20100101 Firefox/84.0'),(412,1,'Downloaded interview question guide template',1610355532,'127.0.0.1','Mozilla/5.0 (X11; Ubuntu; Linux x86_64; rv:84.0) Gecko/20100101 Firefox/84.0'),(413,1,'Downloaded interview question guide template',1610355544,'127.0.0.1','Mozilla/5.0 (X11; Ubuntu; Linux x86_64; rv:84.0) Gecko/20100101 Firefox/84.0'),(414,1,'Downloaded interview question guide template',1610355564,'127.0.0.1','Mozilla/5.0 (X11; Ubuntu; Linux x86_64; rv:84.0) Gecko/20100101 Firefox/84.0'),(415,1,'Downloaded interview question guide template',1610355656,'127.0.0.1','Mozilla/5.0 (X11; Ubuntu; Linux x86_64; rv:84.0) Gecko/20100101 Firefox/84.0'),(416,1,'Downloaded interview question guide template',1610355676,'127.0.0.1','Mozilla/5.0 (X11; Ubuntu; Linux x86_64; rv:84.0) Gecko/20100101 Firefox/84.0'),(417,1,'Downloaded interview question guide template',1610355693,'127.0.0.1','Mozilla/5.0 (X11; Ubuntu; Linux x86_64; rv:84.0) Gecko/20100101 Firefox/84.0'),(418,1,'Downloaded interview question guide template',1610355771,'127.0.0.1','Mozilla/5.0 (X11; Ubuntu; Linux x86_64; rv:84.0) Gecko/20100101 Firefox/84.0'),(419,1,'Downloaded interview question guide template',1610355819,'127.0.0.1','Mozilla/5.0 (X11; Ubuntu; Linux x86_64; rv:84.0) Gecko/20100101 Firefox/84.0'),(420,1,'Downloaded interview question guide template',1610355864,'127.0.0.1','Mozilla/5.0 (X11; Ubuntu; Linux x86_64; rv:84.0) Gecko/20100101 Firefox/84.0'),(421,1,'Downloaded interview question guide template',1610355885,'127.0.0.1','Mozilla/5.0 (X11; Ubuntu; Linux x86_64; rv:84.0) Gecko/20100101 Firefox/84.0'),(422,1,'Downloaded interview question guide template',1610355925,'127.0.0.1','Mozilla/5.0 (X11; Ubuntu; Linux x86_64; rv:84.0) Gecko/20100101 Firefox/84.0'),(423,1,'Downloaded interview question guide template',1610355936,'127.0.0.1','Mozilla/5.0 (X11; Ubuntu; Linux x86_64; rv:84.0) Gecko/20100101 Firefox/84.0'),(424,1,'Downloaded interview question guide template',1610355961,'127.0.0.1','Mozilla/5.0 (X11; Ubuntu; Linux x86_64; rv:84.0) Gecko/20100101 Firefox/84.0'),(425,1,'Downloaded interview question guide template',1610355976,'127.0.0.1','Mozilla/5.0 (X11; Ubuntu; Linux x86_64; rv:84.0) Gecko/20100101 Firefox/84.0'),(426,1,'Downloaded interview question guide template',1610356024,'127.0.0.1','Mozilla/5.0 (X11; Ubuntu; Linux x86_64; rv:84.0) Gecko/20100101 Firefox/84.0'),(427,1,'Downloaded interview question guide template',1610356038,'127.0.0.1','Mozilla/5.0 (X11; Ubuntu; Linux x86_64; rv:84.0) Gecko/20100101 Firefox/84.0'),(428,1,'Downloaded interview question guide template',1610356065,'127.0.0.1','Mozilla/5.0 (X11; Ubuntu; Linux x86_64; rv:84.0) Gecko/20100101 Firefox/84.0'),(429,1,'Downloaded interview question guide template',1610356085,'127.0.0.1','Mozilla/5.0 (X11; Ubuntu; Linux x86_64; rv:84.0) Gecko/20100101 Firefox/84.0'),(430,1,'Downloaded interview question guide template',1610356095,'127.0.0.1','Mozilla/5.0 (X11; Ubuntu; Linux x86_64; rv:84.0) Gecko/20100101 Firefox/84.0'),(431,1,'Downloaded interview question guide template',1610356104,'127.0.0.1','Mozilla/5.0 (X11; Ubuntu; Linux x86_64; rv:84.0) Gecko/20100101 Firefox/84.0'),(432,1,'Downloaded interview question guide template',1610356136,'127.0.0.1','Mozilla/5.0 (X11; Ubuntu; Linux x86_64; rv:84.0) Gecko/20100101 Firefox/84.0'),(433,1,'Downloaded interview question guide template',1610356284,'127.0.0.1','Mozilla/5.0 (X11; Ubuntu; Linux x86_64; rv:84.0) Gecko/20100101 Firefox/84.0'),(434,1,'Downloaded interview question guide template',1610356325,'127.0.0.1','Mozilla/5.0 (X11; Ubuntu; Linux x86_64; rv:84.0) Gecko/20100101 Firefox/84.0'),(435,1,'Downloaded interview question guide template',1610356356,'127.0.0.1','Mozilla/5.0 (X11; Ubuntu; Linux x86_64; rv:84.0) Gecko/20100101 Firefox/84.0'),(436,1,'Downloaded interview question guide template',1610356388,'127.0.0.1','Mozilla/5.0 (X11; Ubuntu; Linux x86_64; rv:84.0) Gecko/20100101 Firefox/84.0'),(437,1,'Downloaded interview question guide template',1610356405,'127.0.0.1','Mozilla/5.0 (X11; Ubuntu; Linux x86_64; rv:84.0) Gecko/20100101 Firefox/84.0'),(438,1,'Downloaded interview question guide template',1610356420,'127.0.0.1','Mozilla/5.0 (X11; Ubuntu; Linux x86_64; rv:84.0) Gecko/20100101 Firefox/84.0'),(439,1,'Downloaded interview question guide template',1610356434,'127.0.0.1','Mozilla/5.0 (X11; Ubuntu; Linux x86_64; rv:84.0) Gecko/20100101 Firefox/84.0'),(440,1,'Downloaded interview question guide template',1610356442,'127.0.0.1','Mozilla/5.0 (X11; Ubuntu; Linux x86_64; rv:84.0) Gecko/20100101 Firefox/84.0'),(441,1,'Downloaded interview question guide template',1610356468,'127.0.0.1','Mozilla/5.0 (X11; Ubuntu; Linux x86_64; rv:84.0) Gecko/20100101 Firefox/84.0'),(442,1,'Downloaded interview question guide template',1610356477,'127.0.0.1','Mozilla/5.0 (X11; Ubuntu; Linux x86_64; rv:84.0) Gecko/20100101 Firefox/84.0'),(443,1,'Downloaded interview question guide template',1610356509,'127.0.0.1','Mozilla/5.0 (X11; Ubuntu; Linux x86_64; rv:84.0) Gecko/20100101 Firefox/84.0'),(444,1,'Downloaded interview question guide template',1610356546,'127.0.0.1','Mozilla/5.0 (X11; Ubuntu; Linux x86_64; rv:84.0) Gecko/20100101 Firefox/84.0'),(445,1,'Downloaded interview question guide template',1610356560,'127.0.0.1','Mozilla/5.0 (X11; Ubuntu; Linux x86_64; rv:84.0) Gecko/20100101 Firefox/84.0'),(446,1,'Downloaded interview question guide template',1610356617,'127.0.0.1','Mozilla/5.0 (X11; Ubuntu; Linux x86_64; rv:84.0) Gecko/20100101 Firefox/84.0'),(447,1,'Downloaded interview question guide template',1610356664,'127.0.0.1','Mozilla/5.0 (X11; Ubuntu; Linux x86_64; rv:84.0) Gecko/20100101 Firefox/84.0'),(448,1,'Downloaded interview question guide template',1610356673,'127.0.0.1','Mozilla/5.0 (X11; Ubuntu; Linux x86_64; rv:84.0) Gecko/20100101 Firefox/84.0'),(449,1,'Downloaded interview question guide template',1610356682,'127.0.0.1','Mozilla/5.0 (X11; Ubuntu; Linux x86_64; rv:84.0) Gecko/20100101 Firefox/84.0'),(450,1,'Downloaded interview question guide template',1610356692,'127.0.0.1','Mozilla/5.0 (X11; Ubuntu; Linux x86_64; rv:84.0) Gecko/20100101 Firefox/84.0'),(451,1,'Downloaded interview question guide template',1610356717,'127.0.0.1','Mozilla/5.0 (X11; Ubuntu; Linux x86_64; rv:84.0) Gecko/20100101 Firefox/84.0'),(452,1,'Downloaded interview question guide template',1610356734,'127.0.0.1','Mozilla/5.0 (X11; Ubuntu; Linux x86_64; rv:84.0) Gecko/20100101 Firefox/84.0'),(453,1,'Downloaded interview question guide template',1610356745,'127.0.0.1','Mozilla/5.0 (X11; Ubuntu; Linux x86_64; rv:84.0) Gecko/20100101 Firefox/84.0'),(454,1,'Downloaded interview question guide template',1610356778,'127.0.0.1','Mozilla/5.0 (X11; Ubuntu; Linux x86_64; rv:84.0) Gecko/20100101 Firefox/84.0'),(455,1,'Downloaded interview question guide template',1610356848,'127.0.0.1','Mozilla/5.0 (X11; Ubuntu; Linux x86_64; rv:84.0) Gecko/20100101 Firefox/84.0'),(456,1,'Downloaded interview question guide template',1610356921,'127.0.0.1','Mozilla/5.0 (X11; Ubuntu; Linux x86_64; rv:84.0) Gecko/20100101 Firefox/84.0'),(457,1,'Downloaded interview question guide template',1610356939,'127.0.0.1','Mozilla/5.0 (X11; Ubuntu; Linux x86_64; rv:84.0) Gecko/20100101 Firefox/84.0'),(458,1,'Downloaded interview question guide template',1610357001,'127.0.0.1','Mozilla/5.0 (X11; Ubuntu; Linux x86_64; rv:84.0) Gecko/20100101 Firefox/84.0'),(459,1,'Downloaded interview question guide template',1610357013,'127.0.0.1','Mozilla/5.0 (X11; Ubuntu; Linux x86_64; rv:84.0) Gecko/20100101 Firefox/84.0'),(460,1,'Downloaded interview question guide template',1610357058,'127.0.0.1','Mozilla/5.0 (X11; Ubuntu; Linux x86_64; rv:84.0) Gecko/20100101 Firefox/84.0'),(461,1,'Downloaded interview question guide template',1610357107,'127.0.0.1','Mozilla/5.0 (X11; Ubuntu; Linux x86_64; rv:84.0) Gecko/20100101 Firefox/84.0'),(462,1,'Downloaded interview question guide template',1610357240,'127.0.0.1','Mozilla/5.0 (X11; Ubuntu; Linux x86_64; rv:84.0) Gecko/20100101 Firefox/84.0'),(463,1,'Downloaded interview question guide template',1610357277,'127.0.0.1','Mozilla/5.0 (X11; Ubuntu; Linux x86_64; rv:84.0) Gecko/20100101 Firefox/84.0'),(464,1,'Downloaded interview question guide template',1610357293,'127.0.0.1','Mozilla/5.0 (X11; Ubuntu; Linux x86_64; rv:84.0) Gecko/20100101 Firefox/84.0'),(465,1,'Downloaded interview question guide template',1610357316,'127.0.0.1','Mozilla/5.0 (X11; Ubuntu; Linux x86_64; rv:84.0) Gecko/20100101 Firefox/84.0'),(466,1,'Downloaded interview question guide template',1610357325,'127.0.0.1','Mozilla/5.0 (X11; Ubuntu; Linux x86_64; rv:84.0) Gecko/20100101 Firefox/84.0'),(467,1,'Downloaded interview question guide template',1610357339,'127.0.0.1','Mozilla/5.0 (X11; Ubuntu; Linux x86_64; rv:84.0) Gecko/20100101 Firefox/84.0'),(468,1,'Downloaded interview question guide template',1610357352,'127.0.0.1','Mozilla/5.0 (X11; Ubuntu; Linux x86_64; rv:84.0) Gecko/20100101 Firefox/84.0'),(469,1,'Downloaded Story of change interview guide template',1610357432,'127.0.0.1','Mozilla/5.0 (X11; Ubuntu; Linux x86_64; rv:84.0) Gecko/20100101 Firefox/84.0'),(470,1,'Downloaded Story of change interview guide template',1610357961,'127.0.0.1','Mozilla/5.0 (X11; Ubuntu; Linux x86_64; rv:84.0) Gecko/20100101 Firefox/84.0'),(471,1,'Downloaded Story of change interview guide template',1610358023,'127.0.0.1','Mozilla/5.0 (X11; Ubuntu; Linux x86_64; rv:84.0) Gecko/20100101 Firefox/84.0'),(472,1,'Downloaded Story of change interview guide template',1610358035,'127.0.0.1','Mozilla/5.0 (X11; Ubuntu; Linux x86_64; rv:84.0) Gecko/20100101 Firefox/84.0'),(473,1,'Downloaded Story of change interview guide template',1610358069,'127.0.0.1','Mozilla/5.0 (X11; Ubuntu; Linux x86_64; rv:84.0) Gecko/20100101 Firefox/84.0'),(474,1,'Downloaded Story of change interview guide template',1610358187,'127.0.0.1','Mozilla/5.0 (X11; Ubuntu; Linux x86_64; rv:84.0) Gecko/20100101 Firefox/84.0'),(475,1,'Downloaded Story of change interview guide template',1610358228,'127.0.0.1','Mozilla/5.0 (X11; Ubuntu; Linux x86_64; rv:84.0) Gecko/20100101 Firefox/84.0'),(476,1,'Downloaded Story of change interview guide template',1610358245,'127.0.0.1','Mozilla/5.0 (X11; Ubuntu; Linux x86_64; rv:84.0) Gecko/20100101 Firefox/84.0'),(477,1,'Updated interview guide question from:\' What interventions did E-SAPP put in place to resolve the problem?  Probe: Detail them according to the different steps taken. \' to \'What interventions did E-SAPP put in place to resolve the problem?  <b>Probe: Detail them according to the different steps taken</b>.\'',1610358307,'127.0.0.1','Mozilla/5.0 (X11; Ubuntu; Linux x86_64; rv:84.0) Gecko/20100101 Firefox/84.0'),(478,1,'Downloaded Story of change interview guide template',1610358424,'127.0.0.1','Mozilla/5.0 (X11; Ubuntu; Linux x86_64; rv:84.0) Gecko/20100101 Firefox/84.0'),(479,1,'Downloaded Story of change interview guide template',1610358440,'127.0.0.1','Mozilla/5.0 (X11; Ubuntu; Linux x86_64; rv:84.0) Gecko/20100101 Firefox/84.0'),(480,1,'Downloaded Story of change interview guide template',1610358513,'127.0.0.1','Mozilla/5.0 (X11; Ubuntu; Linux x86_64; rv:84.0) Gecko/20100101 Firefox/84.0'),(481,1,'Downloaded Story of change interview guide template',1610358543,'127.0.0.1','Mozilla/5.0 (X11; Ubuntu; Linux x86_64; rv:84.0) Gecko/20100101 Firefox/84.0'),(482,1,'Downloaded Story of change interview guide template',1610358579,'127.0.0.1','Mozilla/5.0 (X11; Ubuntu; Linux x86_64; rv:84.0) Gecko/20100101 Firefox/84.0'),(483,1,'Downloaded Story of change interview guide template',1610358665,'127.0.0.1','Mozilla/5.0 (X11; Ubuntu; Linux x86_64; rv:84.0) Gecko/20100101 Firefox/84.0'),(484,1,'Downloaded Story of change interview guide template',1610358722,'127.0.0.1','Mozilla/5.0 (X11; Ubuntu; Linux x86_64; rv:84.0) Gecko/20100101 Firefox/84.0'),(485,1,'Downloaded Story of change interview guide template',1610358770,'127.0.0.1','Mozilla/5.0 (X11; Ubuntu; Linux x86_64; rv:84.0) Gecko/20100101 Firefox/84.0'),(486,1,'Update role Administrator',1610358885,'127.0.0.1','Mozilla/5.0 (X11; Ubuntu; Linux x86_64; rv:84.0) Gecko/20100101 Firefox/84.0'),(487,1,'Update role Administrator',1610359557,'127.0.0.1','Mozilla/5.0 (X11; Ubuntu; Linux x86_64; rv:84.0) Gecko/20100101 Firefox/84.0'),(488,1,'Downloaded Story of change interview guide template',1610359924,'127.0.0.1','Mozilla/5.0 (X11; Ubuntu; Linux x86_64; rv:84.0) Gecko/20100101 Firefox/84.0'),(489,1,'Update role Administrator',1610360300,'127.0.0.1','Mozilla/5.0 (X11; Ubuntu; Linux x86_64; rv:84.0) Gecko/20100101 Firefox/84.0'),(490,1,'Added story of change category: Test',1610361294,'127.0.0.1','Mozilla/5.0 (X11; Ubuntu; Linux x86_64; rv:84.0) Gecko/20100101 Firefox/84.0'),(491,1,'Removed story of change category: Test from the system.',1610361447,'127.0.0.1','Mozilla/5.0 (X11; Ubuntu; Linux x86_64; rv:84.0) Gecko/20100101 Firefox/84.0'),(492,1,'Added story of change category: Test',1610361454,'127.0.0.1','Mozilla/5.0 (X11; Ubuntu; Linux x86_64; rv:84.0) Gecko/20100101 Firefox/84.0'),(493,1,'Updated story of change category description to::Description',1610361478,'127.0.0.1','Mozilla/5.0 (X11; Ubuntu; Linux x86_64; rv:84.0) Gecko/20100101 Firefox/84.0'),(494,1,'Added story of change category: Livestock ',1610361550,'127.0.0.1','Mozilla/5.0 (X11; Ubuntu; Linux x86_64; rv:84.0) Gecko/20100101 Firefox/84.0'),(495,1,'Added story of change category: Subsistence farming',1610361568,'127.0.0.1','Mozilla/5.0 (X11; Ubuntu; Linux x86_64; rv:84.0) Gecko/20100101 Firefox/84.0'),(496,1,'Updated story of change category description to::Subsistence farming',1610361592,'127.0.0.1','Mozilla/5.0 (X11; Ubuntu; Linux x86_64; rv:84.0) Gecko/20100101 Firefox/84.0'),(497,1,'Updated story of change category name from Livestock  to Livestock farming',1610378652,'127.0.0.1','Mozilla/5.0 (X11; Ubuntu; Linux x86_64; rv:84.0) Gecko/20100101 Firefox/84.0'),(498,1,'Removed story of change category: Test from the system.',1610378656,'127.0.0.1','Mozilla/5.0 (X11; Ubuntu; Linux x86_64; rv:84.0) Gecko/20100101 Firefox/84.0'),(499,1,'Update role Administrator',1610381215,'127.0.0.1','Mozilla/5.0 (X11; Ubuntu; Linux x86_64; rv:84.0) Gecko/20100101 Firefox/84.0'),(500,1,'Added story of change: Test',1610388688,'127.0.0.1','Mozilla/5.0 (X11; Ubuntu; Linux x86_64; rv:84.0) Gecko/20100101 Firefox/84.0'),(501,1,'Removed story of change: Test from the system.',1610388904,'127.0.0.1','Mozilla/5.0 (X11; Ubuntu; Linux x86_64; rv:84.0) Gecko/20100101 Firefox/84.0'),(502,1,'Added story of change: Test',1610388925,'127.0.0.1','Mozilla/5.0 (X11; Ubuntu; Linux x86_64; rv:84.0) Gecko/20100101 Firefox/84.0'),(503,1,'Updated story of change: Test',1610392208,'127.0.0.1','Mozilla/5.0 (X11; Ubuntu; Linux x86_64; rv:84.0) Gecko/20100101 Firefox/84.0'),(504,1,'Updated story of change: Test',1610436102,'127.0.0.1','Mozilla/5.0 (X11; Ubuntu; Linux x86_64; rv:84.0) Gecko/20100101 Firefox/84.0'),(505,1,'Updated story of change: Test',1610436361,'127.0.0.1','Mozilla/5.0 (X11; Ubuntu; Linux x86_64; rv:84.0) Gecko/20100101 Firefox/84.0'),(506,1,'Updated introduction for story of change: Test',1610441039,'127.0.0.1','Mozilla/5.0 (X11; Ubuntu; Linux x86_64; rv:84.0) Gecko/20100101 Firefox/84.0'),(507,1,'Updated introduction for story of change: Test',1610441047,'127.0.0.1','Mozilla/5.0 (X11; Ubuntu; Linux x86_64; rv:84.0) Gecko/20100101 Firefox/84.0'),(508,1,'Updated introduction for story of change: Test',1610441334,'127.0.0.1','Mozilla/5.0 (X11; Ubuntu; Linux x86_64; rv:84.0) Gecko/20100101 Firefox/84.0'),(509,1,'Updated challenges for story of change: Test',1610441436,'127.0.0.1','Mozilla/5.0 (X11; Ubuntu; Linux x86_64; rv:84.0) Gecko/20100101 Firefox/84.0'),(510,1,'Updated challenges for story of change: Test',1610441593,'127.0.0.1','Mozilla/5.0 (X11; Ubuntu; Linux x86_64; rv:84.0) Gecko/20100101 Firefox/84.0'),(511,1,'Updated actions for story of change: Test',1610441858,'127.0.0.1','Mozilla/5.0 (X11; Ubuntu; Linux x86_64; rv:84.0) Gecko/20100101 Firefox/84.0'),(512,1,'Updated actions for story of change: Test',1610441864,'127.0.0.1','Mozilla/5.0 (X11; Ubuntu; Linux x86_64; rv:84.0) Gecko/20100101 Firefox/84.0'),(513,1,'Updated results for story of change: Test',1610445931,'127.0.0.1','Mozilla/5.0 (X11; Ubuntu; Linux x86_64; rv:84.0) Gecko/20100101 Firefox/84.0'),(514,1,'Updated results for story of change: Test',1610445938,'127.0.0.1','Mozilla/5.0 (X11; Ubuntu; Linux x86_64; rv:84.0) Gecko/20100101 Firefox/84.0'),(515,1,'Updated results for story of change: Test',1610445983,'127.0.0.1','Mozilla/5.0 (X11; Ubuntu; Linux x86_64; rv:84.0) Gecko/20100101 Firefox/84.0'),(516,1,'Updated introduction for story of change: Test',1610446060,'127.0.0.1','Mozilla/5.0 (X11; Ubuntu; Linux x86_64; rv:84.0) Gecko/20100101 Firefox/84.0'),(517,1,'Updated actions for story of change: Test',1610446106,'127.0.0.1','Mozilla/5.0 (X11; Ubuntu; Linux x86_64; rv:84.0) Gecko/20100101 Firefox/84.0'),(518,1,'Updated results for story of change: Test',1610446183,'127.0.0.1','Mozilla/5.0 (X11; Ubuntu; Linux x86_64; rv:84.0) Gecko/20100101 Firefox/84.0'),(519,1,'Updated conclusions for story of change: Test',1610446680,'127.0.0.1','Mozilla/5.0 (X11; Ubuntu; Linux x86_64; rv:84.0) Gecko/20100101 Firefox/84.0'),(520,1,'Updated sequel for story of change: Test',1610446813,'127.0.0.1','Mozilla/5.0 (X11; Ubuntu; Linux x86_64; rv:84.0) Gecko/20100101 Firefox/84.0'),(521,1,'Updated sequel for story of change: Test',1610446871,'127.0.0.1','Mozilla/5.0 (X11; Ubuntu; Linux x86_64; rv:84.0) Gecko/20100101 Firefox/84.0'),(522,1,'Updated conclusions for story of change: Test',1610446875,'127.0.0.1','Mozilla/5.0 (X11; Ubuntu; Linux x86_64; rv:84.0) Gecko/20100101 Firefox/84.0'),(523,1,'Updated results for story of change: Test',1610446878,'127.0.0.1','Mozilla/5.0 (X11; Ubuntu; Linux x86_64; rv:84.0) Gecko/20100101 Firefox/84.0'),(524,1,'Updated actions for story of change: Test',1610446883,'127.0.0.1','Mozilla/5.0 (X11; Ubuntu; Linux x86_64; rv:84.0) Gecko/20100101 Firefox/84.0'),(525,1,'Updated challenges for story of change: Test',1610446888,'127.0.0.1','Mozilla/5.0 (X11; Ubuntu; Linux x86_64; rv:84.0) Gecko/20100101 Firefox/84.0'),(526,1,'Updated introduction for story of change: Test',1610446892,'127.0.0.1','Mozilla/5.0 (X11; Ubuntu; Linux x86_64; rv:84.0) Gecko/20100101 Firefox/84.0'),(527,1,'Updated story of change: Test',1610446894,'127.0.0.1','Mozilla/5.0 (X11; Ubuntu; Linux x86_64; rv:84.0) Gecko/20100101 Firefox/84.0'),(528,1,'Updated introduction for story of change: Test',1610447031,'127.0.0.1','Mozilla/5.0 (X11; Ubuntu; Linux x86_64; rv:84.0) Gecko/20100101 Firefox/84.0'),(529,1,'Updated sequel for story of change: Test',1610450365,'127.0.0.1','Mozilla/5.0 (X11; Ubuntu; Linux x86_64; rv:84.0) Gecko/20100101 Firefox/84.0'),(530,1,'Updated introduction for story of change: Test',1610450403,'127.0.0.1','Mozilla/5.0 (X11; Ubuntu; Linux x86_64; rv:84.0) Gecko/20100101 Firefox/84.0'),(531,1,'Submitted story of change: \'Test\' for review',1610451229,'127.0.0.1','Mozilla/5.0 (X11; Ubuntu; Linux x86_64; rv:84.0) Gecko/20100101 Firefox/84.0'),(532,1,'Submitted story of change: \'Test\' for review',1610451428,'127.0.0.1','Mozilla/5.0 (X11; Ubuntu; Linux x86_64; rv:84.0) Gecko/20100101 Firefox/84.0'),(533,1,'Updated challenges for story of change: Test',1610451498,'127.0.0.1','Mozilla/5.0 (X11; Ubuntu; Linux x86_64; rv:84.0) Gecko/20100101 Firefox/84.0'),(534,1,'Submitted story of change: \'Test\' for review',1610451731,'127.0.0.1','Mozilla/5.0 (X11; Ubuntu; Linux x86_64; rv:84.0) Gecko/20100101 Firefox/84.0'),(535,1,'Updated sequel for story of change: Test',1610451779,'127.0.0.1','Mozilla/5.0 (X11; Ubuntu; Linux x86_64; rv:84.0) Gecko/20100101 Firefox/84.0'),(536,1,'Submitted story of change: \'Test\' for review',1610451849,'127.0.0.1','Mozilla/5.0 (X11; Ubuntu; Linux x86_64; rv:84.0) Gecko/20100101 Firefox/84.0'),(537,1,'Update role User',1610458402,'127.0.0.1','Mozilla/5.0 (X11; Ubuntu; Linux x86_64; rv:84.0) Gecko/20100101 Firefox/84.0'),(538,1,'Updated user details with email: test2@unza.zm',1610458485,'127.0.0.1','Mozilla/5.0 (X11; Ubuntu; Linux x86_64; rv:84.0) Gecko/20100101 Firefox/84.0'),(539,1,'Updated user details with email: test1@unza.zm',1610458500,'127.0.0.1','Mozilla/5.0 (X11; Ubuntu; Linux x86_64; rv:84.0) Gecko/20100101 Firefox/84.0'),(540,1,'Update role Administrator',1610458939,'127.0.0.1','Mozilla/5.0 (X11; Ubuntu; Linux x86_64; rv:84.0) Gecko/20100101 Firefox/84.0'),(541,1,'Updated story of change: \'Test\'s status to \'Accepted\'',1610467984,'127.0.0.1','Mozilla/5.0 (X11; Ubuntu; Linux x86_64; rv:84.0) Gecko/20100101 Firefox/84.0'),(542,1,'Updated story of change: \'Test\'s status to \'Send back for more information\'',1610468175,'127.0.0.1','Mozilla/5.0 (X11; Ubuntu; Linux x86_64; rv:84.0) Gecko/20100101 Firefox/84.0'),(543,1,'Submitted story of change: \'Test\' for review',1610468472,'127.0.0.1','Mozilla/5.0 (X11; Ubuntu; Linux x86_64; rv:84.0) Gecko/20100101 Firefox/84.0'),(544,1,'Updated story of change: \'Test\'s status to \'Send back for more information\'',1610468617,'127.0.0.1','Mozilla/5.0 (X11; Ubuntu; Linux x86_64; rv:84.0) Gecko/20100101 Firefox/84.0'),(545,1,'Updated introduction for story of change: Test',1610468675,'127.0.0.1','Mozilla/5.0 (X11; Ubuntu; Linux x86_64; rv:84.0) Gecko/20100101 Firefox/84.0'),(546,1,'Submitted story of change: \'Test\' for review',1610468679,'127.0.0.1','Mozilla/5.0 (X11; Ubuntu; Linux x86_64; rv:84.0) Gecko/20100101 Firefox/84.0'),(547,1,'Updated story of change: \'Test\'s status to \'Accepted\'',1610468706,'127.0.0.1','Mozilla/5.0 (X11; Ubuntu; Linux x86_64; rv:84.0) Gecko/20100101 Firefox/84.0'),(548,10,'Added story of change: From subsistence to commercial farming-Case of Mr. Chulu',1610472852,'127.0.0.1','Mozilla/5.0 (X11; Ubuntu; Linux x86_64; rv:84.0) Gecko/20100101 Firefox/84.0'),(549,10,'Updated introduction for story of change: From subsistence to commercial farming-Case of Mr. Chulu',1610472885,'127.0.0.1','Mozilla/5.0 (X11; Ubuntu; Linux x86_64; rv:84.0) Gecko/20100101 Firefox/84.0'),(550,10,'Updated challenges for story of change: From subsistence to commercial farming-Case of Mr. Chulu',1610472891,'127.0.0.1','Mozilla/5.0 (X11; Ubuntu; Linux x86_64; rv:84.0) Gecko/20100101 Firefox/84.0'),(551,10,'Updated actions for story of change: From subsistence to commercial farming-Case of Mr. Chulu',1610472895,'127.0.0.1','Mozilla/5.0 (X11; Ubuntu; Linux x86_64; rv:84.0) Gecko/20100101 Firefox/84.0'),(552,10,'Updated results for story of change: From subsistence to commercial farming-Case of Mr. Chulu',1610472902,'127.0.0.1','Mozilla/5.0 (X11; Ubuntu; Linux x86_64; rv:84.0) Gecko/20100101 Firefox/84.0'),(553,10,'Updated conclusions for story of change: From subsistence to commercial farming-Case of Mr. Chulu',1610472907,'127.0.0.1','Mozilla/5.0 (X11; Ubuntu; Linux x86_64; rv:84.0) Gecko/20100101 Firefox/84.0'),(554,10,'Updated sequel for story of change: From subsistence to commercial farming-Case of Mr. Chulu',1610472914,'127.0.0.1','Mozilla/5.0 (X11; Ubuntu; Linux x86_64; rv:84.0) Gecko/20100101 Firefox/84.0'),(555,10,'Submitted story of change: \'From subsistence to commercial farming-Case of Mr. Chulu\' for review',1610472925,'127.0.0.1','Mozilla/5.0 (X11; Ubuntu; Linux x86_64; rv:84.0) Gecko/20100101 Firefox/84.0'),(556,10,'Submitted story of change: \'From subsistence to commercial farming-Case of Mr. Chulu\' for review',1610472976,'127.0.0.1','Mozilla/5.0 (X11; Ubuntu; Linux x86_64; rv:84.0) Gecko/20100101 Firefox/84.0'),(557,10,'Submitted story of change: \'From subsistence to commercial farming-Case of Mr. Chulu\' for review',1610473231,'127.0.0.1','Mozilla/5.0 (X11; Ubuntu; Linux x86_64; rv:84.0) Gecko/20100101 Firefox/84.0'),(558,1,'Updated story of change: \'From subsistence to commercial farming-Case of Mr. Chulu\'s status to \'Send back for more information\'',1610473802,'127.0.0.1','Mozilla/5.0 (X11; Ubuntu; Linux x86_64; rv:84.0) Gecko/20100101 Firefox/84.0'),(559,1,'Updated story of change: \'From subsistence to commercial farming-Case of Mr. Chulu\'s status to \'Send back for more information\'',1610473849,'127.0.0.1','Mozilla/5.0 (X11; Ubuntu; Linux x86_64; rv:84.0) Gecko/20100101 Firefox/84.0'),(560,1,'Updated story of change: \'From subsistence to commercial farming-Case of Mr. Chulu\'s status to \'Send back for more information\'',1610473942,'127.0.0.1','Mozilla/5.0 (X11; Ubuntu; Linux x86_64; rv:84.0) Gecko/20100101 Firefox/84.0'),(561,10,'Submitted story of change: \'From subsistence to commercial farming-Case of Mr. Chulu\' for review',1610474020,'127.0.0.1','Mozilla/5.0 (X11; Ubuntu; Linux x86_64; rv:84.0) Gecko/20100101 Firefox/84.0'),(562,1,'Updated story of change: \'From subsistence to commercial farming-Case of Mr. Chulu\'s status to \'Send back for more information\'',1610474100,'127.0.0.1','Mozilla/5.0 (X11; Ubuntu; Linux x86_64; rv:84.0) Gecko/20100101 Firefox/84.0'),(563,10,'Submitted story of change: \'From subsistence to commercial farming-Case of Mr. Chulu\' for review',1610474213,'127.0.0.1','Mozilla/5.0 (X11; Ubuntu; Linux x86_64; rv:84.0) Gecko/20100101 Firefox/84.0'),(564,1,'Update role Administrator',1610474421,'127.0.0.1','Mozilla/5.0 (X11; Ubuntu; Linux x86_64; rv:84.0) Gecko/20100101 Firefox/84.0'),(565,1,'Updated story of change: \'From subsistence to commercial farming-Case of Mr. Chulu\'s status to \'Accepted\'',1610475802,'127.0.0.1','Mozilla/5.0 (X11; Ubuntu; Linux x86_64; rv:84.0) Gecko/20100101 Firefox/84.0'),(566,1,'Update role Administrator',1610531749,'127.0.0.1','Mozilla/5.0 (X11; Ubuntu; Linux x86_64; rv:84.0) Gecko/20100101 Firefox/84.0'),(567,1,'Update role Administrator',1610537883,'127.0.0.1','Mozilla/5.0 (X11; Ubuntu; Linux x86_64; rv:84.0) Gecko/20100101 Firefox/84.0'),(568,1,'Update role Administrator',1610724716,'127.0.0.1','Mozilla/5.0 (X11; Ubuntu; Linux x86_64; rv:84.0) Gecko/20100101 Firefox/84.0'),(569,1,'Downloaded Story of change interview guide template',1610726381,'127.0.0.1','Mozilla/5.0 (X11; Ubuntu; Linux x86_64; rv:84.0) Gecko/20100101 Firefox/84.0'),(570,10,'Updated profile details ',1610727288,'127.0.0.1','Mozilla/5.0 (X11; Ubuntu; Linux x86_64; rv:84.0) Gecko/20100101 Firefox/84.0'),(571,10,'Updated profile details ',1610727294,'127.0.0.1','Mozilla/5.0 (X11; Ubuntu; Linux x86_64; rv:84.0) Gecko/20100101 Firefox/84.0'),(572,10,'Added story of change media: Picture',1610732475,'127.0.0.1','Mozilla/5.0 (X11; Ubuntu; Linux x86_64; rv:84.0) Gecko/20100101 Firefox/84.0'),(573,10,'Added story of change media: Audio',1610732522,'127.0.0.1','Mozilla/5.0 (X11; Ubuntu; Linux x86_64; rv:84.0) Gecko/20100101 Firefox/84.0'),(574,10,'Added story of change media: Audio',1610734319,'127.0.0.1','Mozilla/5.0 (X11; Ubuntu; Linux x86_64; rv:84.0) Gecko/20100101 Firefox/84.0'),(575,10,'Added story of change media: Completed Interview guide',1610734439,'127.0.0.1','Mozilla/5.0 (X11; Ubuntu; Linux x86_64; rv:84.0) Gecko/20100101 Firefox/84.0'),(576,10,'Added story of change media: Completed Interview guide',1610734588,'127.0.0.1','Mozilla/5.0 (X11; Ubuntu; Linux x86_64; rv:84.0) Gecko/20100101 Firefox/84.0'),(577,10,'Added story of change media: Audio',1610734633,'127.0.0.1','Mozilla/5.0 (X11; Ubuntu; Linux x86_64; rv:84.0) Gecko/20100101 Firefox/84.0'),(578,10,'Added story of change media: Video',1610734785,'127.0.0.1','Mozilla/5.0 (X11; Ubuntu; Linux x86_64; rv:84.0) Gecko/20100101 Firefox/84.0'),(579,10,'Added story of change media: Audio',1610734886,'127.0.0.1','Mozilla/5.0 (X11; Ubuntu; Linux x86_64; rv:84.0) Gecko/20100101 Firefox/84.0'),(580,10,'Added story of change media: Audio',1610735709,'127.0.0.1','Mozilla/5.0 (X11; Ubuntu; Linux x86_64; rv:84.0) Gecko/20100101 Firefox/84.0'),(581,10,'Added story of change media: Audio',1610735730,'127.0.0.1','Mozilla/5.0 (X11; Ubuntu; Linux x86_64; rv:84.0) Gecko/20100101 Firefox/84.0'),(582,10,'Added story of change media: Audio',1610735788,'127.0.0.1','Mozilla/5.0 (X11; Ubuntu; Linux x86_64; rv:84.0) Gecko/20100101 Firefox/84.0'),(583,10,'Added story of change media: Audio',1610735890,'127.0.0.1','Mozilla/5.0 (X11; Ubuntu; Linux x86_64; rv:84.0) Gecko/20100101 Firefox/84.0'),(584,10,'Added story of change media: Audio',1610736927,'127.0.0.1','Mozilla/5.0 (X11; Ubuntu; Linux x86_64; rv:84.0) Gecko/20100101 Firefox/84.0'),(585,10,'Submitted story of change: \'From subsistence to commercial farming-Case of Mr. Chulu\' for review',1610736962,'127.0.0.1','Mozilla/5.0 (X11; Ubuntu; Linux x86_64; rv:84.0) Gecko/20100101 Firefox/84.0'),(586,10,'Submitted story of change: \'From subsistence to commercial farming-Case of Mr. Chulu\' for review',1610737488,'127.0.0.1','Mozilla/5.0 (X11; Ubuntu; Linux x86_64; rv:84.0) Gecko/20100101 Firefox/84.0'),(587,10,'Submitted story of change: \'From subsistence to commercial farming-Case of Mr. Chulu\' for review',1610737569,'127.0.0.1','Mozilla/5.0 (X11; Ubuntu; Linux x86_64; rv:84.0) Gecko/20100101 Firefox/84.0'),(588,10,'Added story of change media: Picture',1610769231,'127.0.0.1','Mozilla/5.0 (X11; Ubuntu; Linux x86_64; rv:84.0) Gecko/20100101 Firefox/84.0'),(589,10,'Added story of change media: Picture',1610771569,'127.0.0.1','Mozilla/5.0 (X11; Ubuntu; Linux x86_64; rv:84.0) Gecko/20100101 Firefox/84.0'),(590,10,'Added story of change media: Video',1610970100,'127.0.0.1','Mozilla/5.0 (X11; Ubuntu; Linux x86_64; rv:84.0) Gecko/20100101 Firefox/84.0'),(591,10,'Added story of change media: Audio',1610970117,'127.0.0.1','Mozilla/5.0 (X11; Ubuntu; Linux x86_64; rv:84.0) Gecko/20100101 Firefox/84.0'),(592,10,'Added story of change media: Completed Interview guide',1610970131,'127.0.0.1','Mozilla/5.0 (X11; Ubuntu; Linux x86_64; rv:84.0) Gecko/20100101 Firefox/84.0'),(593,10,'Added story of change media: Picture',1610975093,'127.0.0.1','Mozilla/5.0 (X11; Ubuntu; Linux x86_64; rv:84.0) Gecko/20100101 Firefox/84.0'),(594,10,'Removed Case study media type: Completed Interview guide - my sample.pdf',1610980438,'127.0.0.1','Mozilla/5.0 (X11; Ubuntu; Linux x86_64; rv:84.0) Gecko/20100101 Firefox/84.0'),(595,10,'Removed Case study media type: Picture - bg1.jpg',1610980456,'127.0.0.1','Mozilla/5.0 (X11; Ubuntu; Linux x86_64; rv:84.0) Gecko/20100101 Firefox/84.0'),(596,10,'Added story of change media: Audio',1610981018,'127.0.0.1','Mozilla/5.0 (X11; Ubuntu; Linux x86_64; rv:84.0) Gecko/20100101 Firefox/84.0'),(597,10,'Removed Case study media type: Picture - ',1610981039,'127.0.0.1','Mozilla/5.0 (X11; Ubuntu; Linux x86_64; rv:84.0) Gecko/20100101 Firefox/84.0'),(598,10,'Removed Case study media type: Audio - sample audio.mp3',1610981242,'127.0.0.1','Mozilla/5.0 (X11; Ubuntu; Linux x86_64; rv:84.0) Gecko/20100101 Firefox/84.0'),(599,10,'Removed Case study media type: Picture - ',1610981265,'127.0.0.1','Mozilla/5.0 (X11; Ubuntu; Linux x86_64; rv:84.0) Gecko/20100101 Firefox/84.0'),(600,10,'Removed Case study media type: Video - sample video.mp4',1610981287,'127.0.0.1','Mozilla/5.0 (X11; Ubuntu; Linux x86_64; rv:84.0) Gecko/20100101 Firefox/84.0'),(601,10,'Removed Case study media type: Completed Interview guide - ',1610981304,'127.0.0.1','Mozilla/5.0 (X11; Ubuntu; Linux x86_64; rv:84.0) Gecko/20100101 Firefox/84.0'),(602,10,'Removed Case study media type: Audio - ',1610981431,'127.0.0.1','Mozilla/5.0 (X11; Ubuntu; Linux x86_64; rv:84.0) Gecko/20100101 Firefox/84.0'),(603,10,'Added story of change media: Completed Interview guide',1610981490,'127.0.0.1','Mozilla/5.0 (X11; Ubuntu; Linux x86_64; rv:84.0) Gecko/20100101 Firefox/84.0'),(604,10,'Completed interview guide template was downloaded',1610981894,'127.0.0.1','Mozilla/5.0 (X11; Ubuntu; Linux x86_64; rv:84.0) Gecko/20100101 Firefox/84.0'),(605,10,'Completed interview guide template was downloaded',1610981947,'127.0.0.1','Mozilla/5.0 (X11; Ubuntu; Linux x86_64; rv:84.0) Gecko/20100101 Firefox/84.0'),(606,10,'Completed interview guide template was downloaded',1610981969,'127.0.0.1','Mozilla/5.0 (X11; Ubuntu; Linux x86_64; rv:84.0) Gecko/20100101 Firefox/84.0'),(607,10,'Removed Case study media type: Audio - sample audio.mp3',1610982034,'127.0.0.1','Mozilla/5.0 (X11; Ubuntu; Linux x86_64; rv:84.0) Gecko/20100101 Firefox/84.0'),(608,10,'Removed Case study media type: Video - ',1610982099,'127.0.0.1','Mozilla/5.0 (X11; Ubuntu; Linux x86_64; rv:84.0) Gecko/20100101 Firefox/84.0'),(609,10,'Removed Case study media type: Picture - FIFA.jpg',1610982111,'127.0.0.1','Mozilla/5.0 (X11; Ubuntu; Linux x86_64; rv:84.0) Gecko/20100101 Firefox/84.0'),(610,10,'Removed Case study media type: Completed Interview guide - my sample.pdf',1610982144,'127.0.0.1','Mozilla/5.0 (X11; Ubuntu; Linux x86_64; rv:84.0) Gecko/20100101 Firefox/84.0'),(611,10,'Added story of change media: Completed Interview guide',1610982179,'127.0.0.1','Mozilla/5.0 (X11; Ubuntu; Linux x86_64; rv:84.0) Gecko/20100101 Firefox/84.0'),(612,10,'Added story of change media: Completed Interview guide',1610983644,'127.0.0.1','Mozilla/5.0 (X11; Ubuntu; Linux x86_64; rv:84.0) Gecko/20100101 Firefox/84.0'),(613,10,'Updated story of change media: Completed Interview guide',1610983659,'127.0.0.1','Mozilla/5.0 (X11; Ubuntu; Linux x86_64; rv:84.0) Gecko/20100101 Firefox/84.0'),(614,10,'Added story of change media: Completed Interview guide',1610983827,'127.0.0.1','Mozilla/5.0 (X11; Ubuntu; Linux x86_64; rv:84.0) Gecko/20100101 Firefox/84.0'),(615,10,'Updated story of change media: Completed Interview guide',1610984163,'127.0.0.1','Mozilla/5.0 (X11; Ubuntu; Linux x86_64; rv:84.0) Gecko/20100101 Firefox/84.0'),(616,10,'Added story of change media: Completed Interview guide',1610984200,'127.0.0.1','Mozilla/5.0 (X11; Ubuntu; Linux x86_64; rv:84.0) Gecko/20100101 Firefox/84.0'),(617,10,'Updated story of change media: Completed Interview guide',1610984220,'127.0.0.1','Mozilla/5.0 (X11; Ubuntu; Linux x86_64; rv:84.0) Gecko/20100101 Firefox/84.0'),(618,10,'Added story of change media: Picture',1610984242,'127.0.0.1','Mozilla/5.0 (X11; Ubuntu; Linux x86_64; rv:84.0) Gecko/20100101 Firefox/84.0'),(619,10,'Updated story of change media: Picture',1610984357,'127.0.0.1','Mozilla/5.0 (X11; Ubuntu; Linux x86_64; rv:84.0) Gecko/20100101 Firefox/84.0'),(620,10,'Added story of change media: Audio',1610984390,'127.0.0.1','Mozilla/5.0 (X11; Ubuntu; Linux x86_64; rv:84.0) Gecko/20100101 Firefox/84.0'),(621,10,'Updated story of change media: Audio',1610984427,'127.0.0.1','Mozilla/5.0 (X11; Ubuntu; Linux x86_64; rv:84.0) Gecko/20100101 Firefox/84.0'),(622,10,'Added story of change media: Video',1610984457,'127.0.0.1','Mozilla/5.0 (X11; Ubuntu; Linux x86_64; rv:84.0) Gecko/20100101 Firefox/84.0'),(623,1,'Completed interview guide template was downloaded',1610985340,'127.0.0.1','Mozilla/5.0 (X11; Ubuntu; Linux x86_64; rv:84.0) Gecko/20100101 Firefox/84.0'),(624,10,'Added story of change media: Completed Interview guide',1610985873,'127.0.0.1','Mozilla/5.0 (X11; Ubuntu; Linux x86_64; rv:84.0) Gecko/20100101 Firefox/84.0'),(625,10,'Removed Case study media type: Completed Interview guide - my sample.pdf',1610985901,'127.0.0.1','Mozilla/5.0 (X11; Ubuntu; Linux x86_64; rv:84.0) Gecko/20100101 Firefox/84.0'),(626,10,'Added story of change media: Completed Interview guide',1610985922,'127.0.0.1','Mozilla/5.0 (X11; Ubuntu; Linux x86_64; rv:84.0) Gecko/20100101 Firefox/84.0'),(627,1,'Completed interview guide template was downloaded',1610986280,'127.0.0.1','Mozilla/5.0 (X11; Ubuntu; Linux x86_64; rv:84.0) Gecko/20100101 Firefox/84.0'),(628,1,'Exported Story of change:Test to pdf',1610987494,'127.0.0.1','Mozilla/5.0 (X11; Ubuntu; Linux x86_64; rv:84.0) Gecko/20100101 Firefox/84.0'),(629,1,'Exported Story of change:Test to pdf',1610987507,'127.0.0.1','Mozilla/5.0 (X11; Ubuntu; Linux x86_64; rv:84.0) Gecko/20100101 Firefox/84.0'),(630,1,'Updated story of change: \'From subsistence to commercial farming-Case of Mr. Chulu\'s status to \'Accepted\'',1610987526,'127.0.0.1','Mozilla/5.0 (X11; Ubuntu; Linux x86_64; rv:84.0) Gecko/20100101 Firefox/84.0'),(631,1,'Exported Story of change:From subsistence to commercial farming-Case of Mr. Chulu to pdf',1610987556,'127.0.0.1','Mozilla/5.0 (X11; Ubuntu; Linux x86_64; rv:84.0) Gecko/20100101 Firefox/84.0'),(632,1,'Exported Story of change:From subsistence to commercial farming-Case of Mr. Chulu to pdf',1610987678,'127.0.0.1','Mozilla/5.0 (X11; Ubuntu; Linux x86_64; rv:84.0) Gecko/20100101 Firefox/84.0'),(633,1,'Exported Story of change:From subsistence to commercial farming-Case of Mr. Chulu to pdf',1610987698,'127.0.0.1','Mozilla/5.0 (X11; Ubuntu; Linux x86_64; rv:84.0) Gecko/20100101 Firefox/84.0'),(634,1,'Exported Story of change:From subsistence to commercial farming-Case of Mr. Chulu to pdf',1610987751,'127.0.0.1','Mozilla/5.0 (X11; Ubuntu; Linux x86_64; rv:84.0) Gecko/20100101 Firefox/84.0'),(635,1,'Exported Story of change:From subsistence to commercial farming-Case of Mr. Chulu to pdf',1610987772,'127.0.0.1','Mozilla/5.0 (X11; Ubuntu; Linux x86_64; rv:84.0) Gecko/20100101 Firefox/84.0'),(636,1,'Exported Story of change:From subsistence to commercial farming-Case of Mr. Chulu to pdf',1610987781,'127.0.0.1','Mozilla/5.0 (X11; Ubuntu; Linux x86_64; rv:84.0) Gecko/20100101 Firefox/84.0'),(637,1,'Exported Story of change:From subsistence to commercial farming-Case of Mr. Chulu to pdf',1610987793,'127.0.0.1','Mozilla/5.0 (X11; Ubuntu; Linux x86_64; rv:84.0) Gecko/20100101 Firefox/84.0'),(638,1,'Exported Story of change:From subsistence to commercial farming-Case of Mr. Chulu to pdf',1610987830,'127.0.0.1','Mozilla/5.0 (X11; Ubuntu; Linux x86_64; rv:84.0) Gecko/20100101 Firefox/84.0'),(639,1,'Exported Story of change:From subsistence to commercial farming-Case of Mr. Chulu to pdf',1610987840,'127.0.0.1','Mozilla/5.0 (X11; Ubuntu; Linux x86_64; rv:84.0) Gecko/20100101 Firefox/84.0'),(640,1,'Exported Story of change:From subsistence to commercial farming-Case of Mr. Chulu to pdf',1610987858,'127.0.0.1','Mozilla/5.0 (X11; Ubuntu; Linux x86_64; rv:84.0) Gecko/20100101 Firefox/84.0'),(641,1,'Exported Story of change:From subsistence to commercial farming-Case of Mr. Chulu to pdf',1610987896,'127.0.0.1','Mozilla/5.0 (X11; Ubuntu; Linux x86_64; rv:84.0) Gecko/20100101 Firefox/84.0'),(642,1,'Exported Story of change:From subsistence to commercial farming-Case of Mr. Chulu to pdf',1610987928,'127.0.0.1','Mozilla/5.0 (X11; Ubuntu; Linux x86_64; rv:84.0) Gecko/20100101 Firefox/84.0'),(643,1,'Exported Story of change:From subsistence to commercial farming-Case of Mr. Chulu to pdf',1610987964,'127.0.0.1','Mozilla/5.0 (X11; Ubuntu; Linux x86_64; rv:84.0) Gecko/20100101 Firefox/84.0'),(644,1,'Exported Story of change:From subsistence to commercial farming-Case of Mr. Chulu to pdf',1610988009,'127.0.0.1','Mozilla/5.0 (X11; Ubuntu; Linux x86_64; rv:84.0) Gecko/20100101 Firefox/84.0'),(645,1,'Exported Story of change:From subsistence to commercial farming-Case of Mr. Chulu to pdf',1610988028,'127.0.0.1','Mozilla/5.0 (X11; Ubuntu; Linux x86_64; rv:84.0) Gecko/20100101 Firefox/84.0'),(646,1,'Exported Story of change:From subsistence to commercial farming-Case of Mr. Chulu to pdf',1610988062,'127.0.0.1','Mozilla/5.0 (X11; Ubuntu; Linux x86_64; rv:84.0) Gecko/20100101 Firefox/84.0'),(647,1,'Exported Story of change:From subsistence to commercial farming-Case of Mr. Chulu to pdf',1610988076,'127.0.0.1','Mozilla/5.0 (X11; Ubuntu; Linux x86_64; rv:84.0) Gecko/20100101 Firefox/84.0'),(648,1,'Exported Story of change:From subsistence to commercial farming-Case of Mr. Chulu to pdf',1610988107,'127.0.0.1','Mozilla/5.0 (X11; Ubuntu; Linux x86_64; rv:84.0) Gecko/20100101 Firefox/84.0'),(649,1,'Exported Story of change:From subsistence to commercial farming-Case of Mr. Chulu to pdf',1610988173,'127.0.0.1','Mozilla/5.0 (X11; Ubuntu; Linux x86_64; rv:84.0) Gecko/20100101 Firefox/84.0'),(650,1,'Update role Administrator',1610989408,'127.0.0.1','Mozilla/5.0 (X11; Ubuntu; Linux x86_64; rv:84.0) Gecko/20100101 Firefox/84.0'),(651,1,'Added story of change article',1610990606,'127.0.0.1','Mozilla/5.0 (X11; Ubuntu; Linux x86_64; rv:84.0) Gecko/20100101 Firefox/84.0'),(652,1,'Exported Story of change:From subsistence to commercial farming-Case of Mr. Chulu to pdf',1610991632,'127.0.0.1','Mozilla/5.0 (X11; Ubuntu; Linux x86_64; rv:84.0) Gecko/20100101 Firefox/84.0'),(653,1,'Added story of change article',1610991992,'127.0.0.1','Mozilla/5.0 (X11; Ubuntu; Linux x86_64; rv:84.0) Gecko/20100101 Firefox/84.0'),(654,1,'Added story of change article',1610992095,'127.0.0.1','Mozilla/5.0 (X11; Ubuntu; Linux x86_64; rv:84.0) Gecko/20100101 Firefox/84.0'),(655,1,'Downloaded Case study article',1610992375,'127.0.0.1','Mozilla/5.0 (X11; Ubuntu; Linux x86_64; rv:84.0) Gecko/20100101 Firefox/84.0'),(656,1,'Removed Case study article',1610992764,'127.0.0.1','Mozilla/5.0 (X11; Ubuntu; Linux x86_64; rv:84.0) Gecko/20100101 Firefox/84.0'),(657,1,'Updated story of change article',1610992849,'127.0.0.1','Mozilla/5.0 (X11; Ubuntu; Linux x86_64; rv:84.0) Gecko/20100101 Firefox/84.0'),(658,1,'Updated story of change article',1610992923,'127.0.0.1','Mozilla/5.0 (X11; Ubuntu; Linux x86_64; rv:84.0) Gecko/20100101 Firefox/84.0'),(659,1,'Removed Case study article',1610992952,'127.0.0.1','Mozilla/5.0 (X11; Ubuntu; Linux x86_64; rv:84.0) Gecko/20100101 Firefox/84.0'),(660,1,'Added story of change article',1610992981,'127.0.0.1','Mozilla/5.0 (X11; Ubuntu; Linux x86_64; rv:84.0) Gecko/20100101 Firefox/84.0'),(661,1,'Updated story of change article',1610993047,'127.0.0.1','Mozilla/5.0 (X11; Ubuntu; Linux x86_64; rv:84.0) Gecko/20100101 Firefox/84.0'),(662,1,'Removed Case study article',1610993078,'127.0.0.1','Mozilla/5.0 (X11; Ubuntu; Linux x86_64; rv:84.0) Gecko/20100101 Firefox/84.0'),(663,1,'Updated story of change article',1610993090,'127.0.0.1','Mozilla/5.0 (X11; Ubuntu; Linux x86_64; rv:84.0) Gecko/20100101 Firefox/84.0'),(664,1,'Updated story of change article',1610993157,'127.0.0.1','Mozilla/5.0 (X11; Ubuntu; Linux x86_64; rv:84.0) Gecko/20100101 Firefox/84.0'),(665,1,'Removed Case study article',1610993179,'127.0.0.1','Mozilla/5.0 (X11; Ubuntu; Linux x86_64; rv:84.0) Gecko/20100101 Firefox/84.0'),(666,1,'Added story of change article',1610993207,'127.0.0.1','Mozilla/5.0 (X11; Ubuntu; Linux x86_64; rv:84.0) Gecko/20100101 Firefox/84.0'),(667,1,'Updated story of change article',1610993345,'127.0.0.1','Mozilla/5.0 (X11; Ubuntu; Linux x86_64; rv:84.0) Gecko/20100101 Firefox/84.0'),(668,1,'Updated story of change article',1610993364,'127.0.0.1','Mozilla/5.0 (X11; Ubuntu; Linux x86_64; rv:84.0) Gecko/20100101 Firefox/84.0'),(669,1,'Downloaded Case study article',1610993423,'127.0.0.1','Mozilla/5.0 (X11; Ubuntu; Linux x86_64; rv:84.0) Gecko/20100101 Firefox/84.0'),(670,1,'Updated story of change article',1610993471,'127.0.0.1','Mozilla/5.0 (X11; Ubuntu; Linux x86_64; rv:84.0) Gecko/20100101 Firefox/84.0'),(671,1,'Downloaded Case study article',1610993477,'127.0.0.1','Mozilla/5.0 (X11; Ubuntu; Linux x86_64; rv:84.0) Gecko/20100101 Firefox/84.0'),(672,1,'Updated story of change article',1610993525,'127.0.0.1','Mozilla/5.0 (X11; Ubuntu; Linux x86_64; rv:84.0) Gecko/20100101 Firefox/84.0'),(673,1,'Exported Story of change:From subsistence to commercial farming-Case of Mr. Chulu to pdf',1610993777,'127.0.0.1','Mozilla/5.0 (X11; Ubuntu; Linux x86_64; rv:84.0) Gecko/20100101 Firefox/84.0'),(674,10,'Downloaded Case study article',1610994027,'127.0.0.1','Mozilla/5.0 (X11; Ubuntu; Linux x86_64; rv:84.0) Gecko/20100101 Firefox/84.0'),(675,1,'Exported Story of change:From subsistence to commercial farming-Case of Mr. Chulu to pdf',1610994121,'127.0.0.1','Mozilla/5.0 (X11; Ubuntu; Linux x86_64; rv:84.0) Gecko/20100101 Firefox/84.0'),(676,1,'Exported Story of change:From subsistence to commercial farming-Case of Mr. Chulu to pdf',1610994227,'127.0.0.1','Mozilla/5.0 (X11; Ubuntu; Linux x86_64; rv:84.0) Gecko/20100101 Firefox/84.0'),(677,1,'Exported Story of change:From subsistence to commercial farming-Case of Mr. Chulu to pdf',1610994242,'127.0.0.1','Mozilla/5.0 (X11; Ubuntu; Linux x86_64; rv:84.0) Gecko/20100101 Firefox/84.0'),(678,1,'Exported Story of change:From subsistence to commercial farming-Case of Mr. Chulu to pdf',1610994263,'127.0.0.1','Mozilla/5.0 (X11; Ubuntu; Linux x86_64; rv:84.0) Gecko/20100101 Firefox/84.0'),(679,1,'Exported Story of change:From subsistence to commercial farming-Case of Mr. Chulu to pdf',1610994281,'127.0.0.1','Mozilla/5.0 (X11; Ubuntu; Linux x86_64; rv:84.0) Gecko/20100101 Firefox/84.0'),(680,1,'Downloaded Story of change interview guide template',1610994286,'127.0.0.1','Mozilla/5.0 (X11; Ubuntu; Linux x86_64; rv:84.0) Gecko/20100101 Firefox/84.0'),(681,1,'Exported Story of change:From subsistence to commercial farming-Case of Mr. Chulu to pdf',1610994320,'127.0.0.1','Mozilla/5.0 (X11; Ubuntu; Linux x86_64; rv:84.0) Gecko/20100101 Firefox/84.0'),(682,1,'Exported Story of change:From subsistence to commercial farming-Case of Mr. Chulu to pdf',1610994333,'127.0.0.1','Mozilla/5.0 (X11; Ubuntu; Linux x86_64; rv:84.0) Gecko/20100101 Firefox/84.0'),(683,1,'Exported Story of change:From subsistence to commercial farming-Case of Mr. Chulu to pdf',1610994502,'127.0.0.1','Mozilla/5.0 (X11; Ubuntu; Linux x86_64; rv:84.0) Gecko/20100101 Firefox/84.0'),(684,1,'Exported Story of change:From subsistence to commercial farming-Case of Mr. Chulu to pdf',1610994537,'127.0.0.1','Mozilla/5.0 (X11; Ubuntu; Linux x86_64; rv:84.0) Gecko/20100101 Firefox/84.0'),(685,1,'Exported Story of change:From subsistence to commercial farming-Case of Mr. Chulu to pdf',1610994658,'127.0.0.1','Mozilla/5.0 (X11; Ubuntu; Linux x86_64; rv:84.0) Gecko/20100101 Firefox/84.0'),(686,1,'Exported Story of change:From subsistence to commercial farming-Case of Mr. Chulu to pdf',1610994674,'127.0.0.1','Mozilla/5.0 (X11; Ubuntu; Linux x86_64; rv:84.0) Gecko/20100101 Firefox/84.0'),(687,1,'Exported Story of change:From subsistence to commercial farming-Case of Mr. Chulu to pdf',1610994687,'127.0.0.1','Mozilla/5.0 (X11; Ubuntu; Linux x86_64; rv:84.0) Gecko/20100101 Firefox/84.0'),(688,10,'Downloaded Case study article',1610994947,'127.0.0.1','Mozilla/5.0 (X11; Ubuntu; Linux x86_64; rv:84.0) Gecko/20100101 Firefox/84.0'),(689,1,'Exported Story of change:From subsistence to commercial farming-Case of Mr. Chulu to pdf',1610995061,'127.0.0.1','Mozilla/5.0 (X11; Ubuntu; Linux x86_64; rv:84.0) Gecko/20100101 Firefox/84.0'),(690,1,'Exported Story of change:From subsistence to commercial farming-Case of Mr. Chulu to pdf',1610995207,'127.0.0.1','Mozilla/5.0 (X11; Ubuntu; Linux x86_64; rv:84.0) Gecko/20100101 Firefox/84.0'),(691,1,'Exported Story of change:From subsistence to commercial farming-Case of Mr. Chulu to pdf',1610995236,'127.0.0.1','Mozilla/5.0 (X11; Ubuntu; Linux x86_64; rv:84.0) Gecko/20100101 Firefox/84.0'),(692,1,'Exported Story of change:From subsistence to commercial farming-Case of Mr. Chulu to pdf',1610995252,'127.0.0.1','Mozilla/5.0 (X11; Ubuntu; Linux x86_64; rv:84.0) Gecko/20100101 Firefox/84.0'),(693,1,'Exported Story of change:From subsistence to commercial farming-Case of Mr. Chulu to pdf',1610995299,'127.0.0.1','Mozilla/5.0 (X11; Ubuntu; Linux x86_64; rv:84.0) Gecko/20100101 Firefox/84.0'),(694,1,'Exported Story of change:From subsistence to commercial farming-Case of Mr. Chulu to pdf',1610995365,'127.0.0.1','Mozilla/5.0 (X11; Ubuntu; Linux x86_64; rv:84.0) Gecko/20100101 Firefox/84.0'),(695,1,'Exported Story of change:From subsistence to commercial farming-Case of Mr. Chulu to pdf',1610995389,'127.0.0.1','Mozilla/5.0 (X11; Ubuntu; Linux x86_64; rv:84.0) Gecko/20100101 Firefox/84.0'),(696,1,'Exported Story of change:From subsistence to commercial farming-Case of Mr. Chulu to pdf',1610995498,'127.0.0.1','Mozilla/5.0 (X11; Ubuntu; Linux x86_64; rv:84.0) Gecko/20100101 Firefox/84.0'),(697,10,'Added story of change media: Completed Interview guide',1611056596,'127.0.0.1','Mozilla/5.0 (X11; Ubuntu; Linux x86_64; rv:84.0) Gecko/20100101 Firefox/84.0'),(698,10,'Removed Case study media type: Completed Interview guide - coa.png',1611056644,'127.0.0.1','Mozilla/5.0 (X11; Ubuntu; Linux x86_64; rv:84.0) Gecko/20100101 Firefox/84.0'),(699,10,'Added story of change media: Picture',1611056653,'127.0.0.1','Mozilla/5.0 (X11; Ubuntu; Linux x86_64; rv:84.0) Gecko/20100101 Firefox/84.0'),(700,1,'Update role Administrator',1611075247,'127.0.0.1','Mozilla/5.0 (X11; Ubuntu; Linux x86_64; rv:84.0) Gecko/20100101 Firefox/84.0'),(701,1,'Update role Administrator',1611075256,'127.0.0.1','Mozilla/5.0 (X11; Ubuntu; Linux x86_64; rv:84.0) Gecko/20100101 Firefox/84.0'),(702,1,'Update role Administrator',1611075290,'127.0.0.1','Mozilla/5.0 (X11; Ubuntu; Linux x86_64; rv:84.0) Gecko/20100101 Firefox/84.0'),(703,1,'Update role Administrator',1611075363,'127.0.0.1','Mozilla/5.0 (X11; Ubuntu; Linux x86_64; rv:84.0) Gecko/20100101 Firefox/84.0'),(704,1,'Update role User',1611075628,'127.0.0.1','Mozilla/5.0 (X11; Ubuntu; Linux x86_64; rv:84.0) Gecko/20100101 Firefox/84.0'),(705,1,'Update role User',1611075695,'127.0.0.1','Mozilla/5.0 (X11; Ubuntu; Linux x86_64; rv:84.0) Gecko/20100101 Firefox/84.0'),(706,1,'Added market Test market',1611076081,'127.0.0.1','Mozilla/5.0 (X11; Ubuntu; Linux x86_64; rv:84.0) Gecko/20100101 Firefox/84.0'),(707,10,'Added 1 commodity prices',1611076848,'127.0.0.1','Mozilla/5.0 (X11; Ubuntu; Linux x86_64; rv:84.0) Gecko/20100101 Firefox/84.0'),(708,10,'Added story of change: From subsistence to commercial farming-Case of Mr. Francis',1613999393,'127.0.0.1','Mozilla/5.0 (X11; Ubuntu; Linux x86_64; rv:85.0) Gecko/20100101 Firefox/85.0'),(709,10,'Added 1 commodity prices',1614013880,'127.0.0.1','Mozilla/5.0 (X11; Ubuntu; Linux x86_64; rv:85.0) Gecko/20100101 Firefox/85.0'),(710,10,'Added 1 commodity prices',1614013941,'127.0.0.1','Mozilla/5.0 (X11; Ubuntu; Linux x86_64; rv:85.0) Gecko/20100101 Firefox/85.0'),(711,1,'Downloaded Story of change interview guide template',1614015676,'127.0.0.1','Mozilla/5.0 (X11; Ubuntu; Linux x86_64; rv:85.0) Gecko/20100101 Firefox/85.0'),(712,1,'Blocked user account with email:francis.chulu@unza.zm',1614016783,'127.0.0.1','Mozilla/5.0 (X11; Ubuntu; Linux x86_64; rv:85.0) Gecko/20100101 Firefox/85.0'),(713,1,'Updated user details with email: test@unza.zm',1614016818,'127.0.0.1','Mozilla/5.0 (X11; Ubuntu; Linux x86_64; rv:85.0) Gecko/20100101 Firefox/85.0'),(714,1,'Added interview guide question::\'Test question\'',1614019009,'127.0.0.1','Mozilla/5.0 (X11; Ubuntu; Linux x86_64; rv:85.0) Gecko/20100101 Firefox/85.0'),(715,1,'Downloaded Story of change interview guide template',1614019027,'127.0.0.1','Mozilla/5.0 (X11; Ubuntu; Linux x86_64; rv:85.0) Gecko/20100101 Firefox/85.0'),(716,10,'Added story of change: From subsistence to commercial farming-Case of Chulu',1614019196,'127.0.0.1','Mozilla/5.0 (X11; Ubuntu; Linux x86_64; rv:85.0) Gecko/20100101 Firefox/85.0'),(717,10,'Updated introduction for story of change: From subsistence to commercial farming-Case of Chulu',1614019228,'127.0.0.1','Mozilla/5.0 (X11; Ubuntu; Linux x86_64; rv:85.0) Gecko/20100101 Firefox/85.0'),(718,10,'Updated challenges for story of change: From subsistence to commercial farming-Case of Chulu',1614019245,'127.0.0.1','Mozilla/5.0 (X11; Ubuntu; Linux x86_64; rv:85.0) Gecko/20100101 Firefox/85.0'),(719,10,'Updated actions for story of change: From subsistence to commercial farming-Case of Chulu',1614019253,'127.0.0.1','Mozilla/5.0 (X11; Ubuntu; Linux x86_64; rv:85.0) Gecko/20100101 Firefox/85.0'),(720,10,'Updated results for story of change: From subsistence to commercial farming-Case of Chulu',1614019260,'127.0.0.1','Mozilla/5.0 (X11; Ubuntu; Linux x86_64; rv:85.0) Gecko/20100101 Firefox/85.0'),(721,10,'Updated conclusions for story of change: From subsistence to commercial farming-Case of Chulu',1614019268,'127.0.0.1','Mozilla/5.0 (X11; Ubuntu; Linux x86_64; rv:85.0) Gecko/20100101 Firefox/85.0'),(722,10,'Updated sequel for story of change: From subsistence to commercial farming-Case of Chulu',1614019275,'127.0.0.1','Mozilla/5.0 (X11; Ubuntu; Linux x86_64; rv:85.0) Gecko/20100101 Firefox/85.0'),(723,10,'Submitted story of change: \'From subsistence to commercial farming-Case of Chulu\' for review',1614019397,'127.0.0.1','Mozilla/5.0 (X11; Ubuntu; Linux x86_64; rv:85.0) Gecko/20100101 Firefox/85.0'),(724,1,'Updated story of change: \'Test\'s status to \'Accepted\'',1614019554,'127.0.0.1','Mozilla/5.0 (X11; Ubuntu; Linux x86_64; rv:85.0) Gecko/20100101 Firefox/85.0'),(725,1,'Added story of change article',1614019624,'127.0.0.1','Mozilla/5.0 (X11; Ubuntu; Linux x86_64; rv:85.0) Gecko/20100101 Firefox/85.0'),(726,1,'Update role Administrator',1614020005,'127.0.0.1','Mozilla/5.0 (X11; Ubuntu; Linux x86_64; rv:85.0) Gecko/20100101 Firefox/85.0'),(727,1,'Exported Story of change:Test to pdf',1614020055,'127.0.0.1','Mozilla/5.0 (X11; Ubuntu; Linux x86_64; rv:85.0) Gecko/20100101 Firefox/85.0'),(728,1,'Updated story of change: \'From subsistence to commercial farming-Case of Mr. Chulu\'s status to \'Accepted\'',1614020092,'127.0.0.1','Mozilla/5.0 (X11; Ubuntu; Linux x86_64; rv:85.0) Gecko/20100101 Firefox/85.0'),(729,1,'Exported Story of change:From subsistence to commercial farming-Case of Mr. Chulu to pdf',1614020103,'127.0.0.1','Mozilla/5.0 (X11; Ubuntu; Linux x86_64; rv:85.0) Gecko/20100101 Firefox/85.0'),(730,10,'Removed story of change: From subsistence to commercial farming-Case of Mr. Francis and associated media from the system.',1614064978,'127.0.0.1','Mozilla/5.0 (X11; Ubuntu; Linux x86_64; rv:85.0) Gecko/20100101 Firefox/85.0'),(731,1,'Created role test',1614068089,'127.0.0.1','Mozilla/5.0 (X11; Ubuntu; Linux x86_64; rv:85.0) Gecko/20100101 Firefox/85.0'),(732,1,'Updated user details with email: chulu1francis@gmail.com',1614068336,'127.0.0.1','Mozilla/5.0 (X11; Ubuntu; Linux x86_64; rv:85.0) Gecko/20100101 Firefox/85.0'),(733,1,'Blocked user account with email:test1@unza.zm',1614068363,'127.0.0.1','Mozilla/5.0 (X11; Ubuntu; Linux x86_64; rv:85.0) Gecko/20100101 Firefox/85.0'),(734,1,'Activated user account with email:test1@unza.zm',1614068371,'127.0.0.1','Mozilla/5.0 (X11; Ubuntu; Linux x86_64; rv:85.0) Gecko/20100101 Firefox/85.0'),(735,10,'Downloaded Story of change interview guide template',1614070007,'127.0.0.1','Mozilla/5.0 (X11; Ubuntu; Linux x86_64; rv:85.0) Gecko/20100101 Firefox/85.0'),(736,1,'Added interview guide question::\'Another recommendation\'',1614070268,'127.0.0.1','Mozilla/5.0 (X11; Ubuntu; Linux x86_64; rv:85.0) Gecko/20100101 Firefox/85.0'),(737,1,'Updated interview guide question from:\' Test question \' to \'Test question another\'',1614070301,'127.0.0.1','Mozilla/5.0 (X11; Ubuntu; Linux x86_64; rv:85.0) Gecko/20100101 Firefox/85.0'),(738,1,'Downloaded Story of change interview guide template',1614070308,'127.0.0.1','Mozilla/5.0 (X11; Ubuntu; Linux x86_64; rv:85.0) Gecko/20100101 Firefox/85.0'),(739,10,'Added story of change: From subsistence to commercial farming-Case of Mr Chulu Francis',1614070456,'127.0.0.1','Mozilla/5.0 (X11; Ubuntu; Linux x86_64; rv:85.0) Gecko/20100101 Firefox/85.0'),(740,10,'Updated introduction for story of change: From subsistence to commercial farming-Case of Mr Chulu Francis',1614070519,'127.0.0.1','Mozilla/5.0 (X11; Ubuntu; Linux x86_64; rv:85.0) Gecko/20100101 Firefox/85.0'),(741,10,'Updated challenges for story of change: From subsistence to commercial farming-Case of Mr Chulu Francis',1614070527,'127.0.0.1','Mozilla/5.0 (X11; Ubuntu; Linux x86_64; rv:85.0) Gecko/20100101 Firefox/85.0'),(742,10,'Updated actions for story of change: From subsistence to commercial farming-Case of Mr Chulu Francis',1614070534,'127.0.0.1','Mozilla/5.0 (X11; Ubuntu; Linux x86_64; rv:85.0) Gecko/20100101 Firefox/85.0'),(743,10,'Updated results for story of change: From subsistence to commercial farming-Case of Mr Chulu Francis',1614070541,'127.0.0.1','Mozilla/5.0 (X11; Ubuntu; Linux x86_64; rv:85.0) Gecko/20100101 Firefox/85.0'),(744,10,'Updated conclusions for story of change: From subsistence to commercial farming-Case of Mr Chulu Francis',1614070547,'127.0.0.1','Mozilla/5.0 (X11; Ubuntu; Linux x86_64; rv:85.0) Gecko/20100101 Firefox/85.0'),(745,10,'Updated sequel for story of change: From subsistence to commercial farming-Case of Mr Chulu Francis',1614070553,'127.0.0.1','Mozilla/5.0 (X11; Ubuntu; Linux x86_64; rv:85.0) Gecko/20100101 Firefox/85.0'),(746,10,'Added story of change media: Completed Interview guide',1614070638,'127.0.0.1','Mozilla/5.0 (X11; Ubuntu; Linux x86_64; rv:85.0) Gecko/20100101 Firefox/85.0'),(747,10,'Added story of change media: Completed Interview guide',1614070673,'127.0.0.1','Mozilla/5.0 (X11; Ubuntu; Linux x86_64; rv:85.0) Gecko/20100101 Firefox/85.0'),(748,10,'Added story of change media: Completed Interview guide',1614070702,'127.0.0.1','Mozilla/5.0 (X11; Ubuntu; Linux x86_64; rv:85.0) Gecko/20100101 Firefox/85.0'),(749,10,'Submitted story of change: \'From subsistence to commercial farming-Case of Mr Chulu Francis\' for review',1614070813,'127.0.0.1','Mozilla/5.0 (X11; Ubuntu; Linux x86_64; rv:85.0) Gecko/20100101 Firefox/85.0'),(750,1,'Updated story of change: \'From subsistence to commercial farming-Case of Mr Chulu Francis\'s status to \'Accepted\'',1614070934,'127.0.0.1','Mozilla/5.0 (X11; Ubuntu; Linux x86_64; rv:85.0) Gecko/20100101 Firefox/85.0'),(751,1,'Added story of change article',1614070974,'127.0.0.1','Mozilla/5.0 (X11; Ubuntu; Linux x86_64; rv:85.0) Gecko/20100101 Firefox/85.0'),(752,10,'Added 2 commodity prices',1614071294,'127.0.0.1','Mozilla/5.0 (X11; Ubuntu; Linux x86_64; rv:85.0) Gecko/20100101 Firefox/85.0'),(753,1,'Exported Story of change:From subsistence to commercial farming-Case of Mr. Chulu to pdf',1614790677,'127.0.0.1','Mozilla/5.0 (X11; Ubuntu; Linux x86_64; rv:86.0) Gecko/20100101 Firefox/86.0'),(754,10,'Removed Case study media type: Completed Interview guide - index.png',1614932102,'127.0.0.1','Mozilla/5.0 (X11; Ubuntu; Linux x86_64; rv:86.0) Gecko/20100101 Firefox/86.0'),(755,10,'Added story of change media: Video',1614936357,'127.0.0.1','Mozilla/5.0 (X11; Ubuntu; Linux x86_64; rv:86.0) Gecko/20100101 Firefox/86.0'),(756,10,'Added story of change media: Audio',1614936417,'127.0.0.1','Mozilla/5.0 (X11; Ubuntu; Linux x86_64; rv:86.0) Gecko/20100101 Firefox/86.0'),(757,10,'Added story of change media: Picture',1614936460,'127.0.0.1','Mozilla/5.0 (X11; Ubuntu; Linux x86_64; rv:86.0) Gecko/20100101 Firefox/86.0'),(758,10,'Added story of change media: Completed Interview guide',1614936492,'127.0.0.1','Mozilla/5.0 (X11; Ubuntu; Linux x86_64; rv:86.0) Gecko/20100101 Firefox/86.0'),(759,10,'Updated story of change media: Picture',1614936957,'127.0.0.1','Mozilla/5.0 (X11; Ubuntu; Linux x86_64; rv:86.0) Gecko/20100101 Firefox/86.0'),(760,10,'Updated story of change media: Completed Interview guide',1614937144,'127.0.0.1','Mozilla/5.0 (X11; Ubuntu; Linux x86_64; rv:86.0) Gecko/20100101 Firefox/86.0'),(761,10,'Removed Case study media type: Picture - coa.png',1614937541,'127.0.0.1','Mozilla/5.0 (X11; Ubuntu; Linux x86_64; rv:86.0) Gecko/20100101 Firefox/86.0'),(762,10,'Added story of change media: Completed Interview guide',1614937559,'127.0.0.1','Mozilla/5.0 (X11; Ubuntu; Linux x86_64; rv:86.0) Gecko/20100101 Firefox/86.0'),(763,10,'Removed Case study media type: Completed Interview guide - profile.png',1614937669,'127.0.0.1','Mozilla/5.0 (X11; Ubuntu; Linux x86_64; rv:86.0) Gecko/20100101 Firefox/86.0'),(764,10,'Added story of change media: Picture',1614937920,'127.0.0.1','Mozilla/5.0 (X11; Ubuntu; Linux x86_64; rv:86.0) Gecko/20100101 Firefox/86.0'),(765,10,'Removed Case study media type: Picture - index.png',1614937935,'127.0.0.1','Mozilla/5.0 (X11; Ubuntu; Linux x86_64; rv:86.0) Gecko/20100101 Firefox/86.0'),(766,10,'Added story of change media: Picture',1614937947,'127.0.0.1','Mozilla/5.0 (X11; Ubuntu; Linux x86_64; rv:86.0) Gecko/20100101 Firefox/86.0'),(767,10,'Updated story of change media: Picture',1614937968,'127.0.0.1','Mozilla/5.0 (X11; Ubuntu; Linux x86_64; rv:86.0) Gecko/20100101 Firefox/86.0'),(768,10,'Removed Case study media type: Picture - index.png',1614938043,'127.0.0.1','Mozilla/5.0 (X11; Ubuntu; Linux x86_64; rv:86.0) Gecko/20100101 Firefox/86.0'),(769,10,'Added story of change media: Picture',1614938053,'127.0.0.1','Mozilla/5.0 (X11; Ubuntu; Linux x86_64; rv:86.0) Gecko/20100101 Firefox/86.0'),(770,1,'Downloaded Story of change interview guide template',1615102321,'127.0.0.1','Mozilla/5.0 (X11; Ubuntu; Linux x86_64; rv:86.0) Gecko/20100101 Firefox/86.0'),(771,1,'Downloaded Story of change interview guide template',1615103001,'127.0.0.1','Mozilla/5.0 (X11; Ubuntu; Linux x86_64; rv:86.0) Gecko/20100101 Firefox/86.0'),(772,1,'Downloaded Story of change interview guide template',1615103006,'127.0.0.1','Mozilla/5.0 (X11; Ubuntu; Linux x86_64; rv:86.0) Gecko/20100101 Firefox/86.0'),(773,1,'Downloaded Story of change interview guide template',1615104010,'127.0.0.1','Mozilla/5.0 (X11; Ubuntu; Linux x86_64; rv:86.0) Gecko/20100101 Firefox/86.0'),(774,1,'Downloaded Story of change interview guide template',1615104710,'127.0.0.1','Mozilla/5.0 (X11; Ubuntu; Linux x86_64; rv:86.0) Gecko/20100101 Firefox/86.0'),(775,1,'Downloaded category A Farmer registration form',1615105241,'127.0.0.1','Mozilla/5.0 (X11; Ubuntu; Linux x86_64; rv:86.0) Gecko/20100101 Firefox/86.0'),(776,1,'Downloaded category A Farmer registration form',1615105270,'127.0.0.1','Mozilla/5.0 (X11; Ubuntu; Linux x86_64; rv:86.0) Gecko/20100101 Firefox/86.0'),(777,1,'Downloaded category A Farmer registration form',1615105514,'127.0.0.1','Mozilla/5.0 (X11; Ubuntu; Linux x86_64; rv:86.0) Gecko/20100101 Firefox/86.0'),(778,1,'Downloaded category A Farmer registration form',1615105581,'127.0.0.1','Mozilla/5.0 (X11; Ubuntu; Linux x86_64; rv:86.0) Gecko/20100101 Firefox/86.0'),(779,1,'Downloaded category A Farmer registration form',1615105613,'127.0.0.1','Mozilla/5.0 (X11; Ubuntu; Linux x86_64; rv:86.0) Gecko/20100101 Firefox/86.0'),(780,1,'Downloaded category A Farmer registration form',1615105658,'127.0.0.1','Mozilla/5.0 (X11; Ubuntu; Linux x86_64; rv:86.0) Gecko/20100101 Firefox/86.0'),(781,1,'Downloaded category A Farmer registration form',1615105700,'127.0.0.1','Mozilla/5.0 (X11; Ubuntu; Linux x86_64; rv:86.0) Gecko/20100101 Firefox/86.0'),(782,1,'Downloaded category A Farmer registration form',1615105779,'127.0.0.1','Mozilla/5.0 (X11; Ubuntu; Linux x86_64; rv:86.0) Gecko/20100101 Firefox/86.0'),(783,1,'Downloaded category A Farmer registration form',1615105795,'127.0.0.1','Mozilla/5.0 (X11; Ubuntu; Linux x86_64; rv:86.0) Gecko/20100101 Firefox/86.0'),(784,1,'Downloaded category A Farmer registration form',1615105946,'127.0.0.1','Mozilla/5.0 (X11; Ubuntu; Linux x86_64; rv:86.0) Gecko/20100101 Firefox/86.0'),(785,1,'Downloaded category A Farmer registration form',1615106022,'127.0.0.1','Mozilla/5.0 (X11; Ubuntu; Linux x86_64; rv:86.0) Gecko/20100101 Firefox/86.0'),(786,1,'Downloaded category A Farmer registration form',1615106081,'127.0.0.1','Mozilla/5.0 (X11; Ubuntu; Linux x86_64; rv:86.0) Gecko/20100101 Firefox/86.0'),(787,1,'Downloaded category A Farmer registration form',1615106245,'127.0.0.1','Mozilla/5.0 (X11; Ubuntu; Linux x86_64; rv:86.0) Gecko/20100101 Firefox/86.0'),(788,1,'Downloaded category A Farmer registration form',1615106261,'127.0.0.1','Mozilla/5.0 (X11; Ubuntu; Linux x86_64; rv:86.0) Gecko/20100101 Firefox/86.0'),(789,1,'Downloaded category A Farmer registration form',1615106273,'127.0.0.1','Mozilla/5.0 (X11; Ubuntu; Linux x86_64; rv:86.0) Gecko/20100101 Firefox/86.0'),(790,1,'Downloaded category A Farmer registration form',1615106351,'127.0.0.1','Mozilla/5.0 (X11; Ubuntu; Linux x86_64; rv:86.0) Gecko/20100101 Firefox/86.0'),(791,1,'Downloaded category A Farmer registration form',1615106542,'127.0.0.1','Mozilla/5.0 (X11; Ubuntu; Linux x86_64; rv:86.0) Gecko/20100101 Firefox/86.0'),(792,1,'Downloaded category A Farmer registration form',1615106558,'127.0.0.1','Mozilla/5.0 (X11; Ubuntu; Linux x86_64; rv:86.0) Gecko/20100101 Firefox/86.0'),(793,1,'Downloaded category A Farmer registration form',1615106589,'127.0.0.1','Mozilla/5.0 (X11; Ubuntu; Linux x86_64; rv:86.0) Gecko/20100101 Firefox/86.0'),(794,1,'Downloaded category A Farmer registration form',1615106600,'127.0.0.1','Mozilla/5.0 (X11; Ubuntu; Linux x86_64; rv:86.0) Gecko/20100101 Firefox/86.0'),(795,1,'Downloaded category A Farmer registration form',1615106715,'127.0.0.1','Mozilla/5.0 (X11; Ubuntu; Linux x86_64; rv:86.0) Gecko/20100101 Firefox/86.0'),(796,1,'Downloaded category A Farmer registration form',1615106735,'127.0.0.1','Mozilla/5.0 (X11; Ubuntu; Linux x86_64; rv:86.0) Gecko/20100101 Firefox/86.0'),(797,1,'Downloaded category A Farmer registration form',1615106759,'127.0.0.1','Mozilla/5.0 (X11; Ubuntu; Linux x86_64; rv:86.0) Gecko/20100101 Firefox/86.0'),(798,1,'Downloaded category A Farmer registration form',1615106792,'127.0.0.1','Mozilla/5.0 (X11; Ubuntu; Linux x86_64; rv:86.0) Gecko/20100101 Firefox/86.0'),(799,1,'Downloaded category A Farmer registration form',1615106868,'127.0.0.1','Mozilla/5.0 (X11; Ubuntu; Linux x86_64; rv:86.0) Gecko/20100101 Firefox/86.0'),(800,1,'Downloaded category A Farmer registration form',1615106889,'127.0.0.1','Mozilla/5.0 (X11; Ubuntu; Linux x86_64; rv:86.0) Gecko/20100101 Firefox/86.0'),(801,1,'Downloaded category A Farmer registration form',1615106918,'127.0.0.1','Mozilla/5.0 (X11; Ubuntu; Linux x86_64; rv:86.0) Gecko/20100101 Firefox/86.0'),(802,1,'Downloaded category A Farmer registration form',1615106949,'127.0.0.1','Mozilla/5.0 (X11; Ubuntu; Linux x86_64; rv:86.0) Gecko/20100101 Firefox/86.0'),(803,1,'Downloaded category A Farmer registration form',1615106981,'127.0.0.1','Mozilla/5.0 (X11; Ubuntu; Linux x86_64; rv:86.0) Gecko/20100101 Firefox/86.0'),(804,1,'Downloaded category A Farmer registration form',1615106994,'127.0.0.1','Mozilla/5.0 (X11; Ubuntu; Linux x86_64; rv:86.0) Gecko/20100101 Firefox/86.0'),(805,1,'Downloaded category A Farmer registration form',1615107019,'127.0.0.1','Mozilla/5.0 (X11; Ubuntu; Linux x86_64; rv:86.0) Gecko/20100101 Firefox/86.0'),(806,1,'Downloaded category A Farmer registration form',1615107111,'127.0.0.1','Mozilla/5.0 (X11; Ubuntu; Linux x86_64; rv:86.0) Gecko/20100101 Firefox/86.0'),(807,1,'Downloaded category A Farmer registration form',1615107125,'127.0.0.1','Mozilla/5.0 (X11; Ubuntu; Linux x86_64; rv:86.0) Gecko/20100101 Firefox/86.0'),(808,1,'Downloaded category A Farmer registration form',1615107177,'127.0.0.1','Mozilla/5.0 (X11; Ubuntu; Linux x86_64; rv:86.0) Gecko/20100101 Firefox/86.0'),(809,1,'Downloaded category A Farmer registration form',1615107329,'127.0.0.1','Mozilla/5.0 (X11; Ubuntu; Linux x86_64; rv:86.0) Gecko/20100101 Firefox/86.0'),(810,1,'Downloaded category A Farmer registration form',1615107347,'127.0.0.1','Mozilla/5.0 (X11; Ubuntu; Linux x86_64; rv:86.0) Gecko/20100101 Firefox/86.0'),(811,1,'Downloaded category A Farmer registration form',1615107530,'127.0.0.1','Mozilla/5.0 (X11; Ubuntu; Linux x86_64; rv:86.0) Gecko/20100101 Firefox/86.0'),(812,1,'Downloaded category A Farmer registration form',1615107560,'127.0.0.1','Mozilla/5.0 (X11; Ubuntu; Linux x86_64; rv:86.0) Gecko/20100101 Firefox/86.0'),(813,1,'Downloaded category A Farmer registration form',1615107571,'127.0.0.1','Mozilla/5.0 (X11; Ubuntu; Linux x86_64; rv:86.0) Gecko/20100101 Firefox/86.0'),(814,1,'Downloaded category A Farmer registration form',1615107594,'127.0.0.1','Mozilla/5.0 (X11; Ubuntu; Linux x86_64; rv:86.0) Gecko/20100101 Firefox/86.0'),(815,1,'Downloaded category A Farmer registration form',1615107826,'127.0.0.1','Mozilla/5.0 (X11; Ubuntu; Linux x86_64; rv:86.0) Gecko/20100101 Firefox/86.0'),(816,1,'Downloaded category A Farmer registration form',1615107951,'127.0.0.1','Mozilla/5.0 (X11; Ubuntu; Linux x86_64; rv:86.0) Gecko/20100101 Firefox/86.0'),(817,1,'Downloaded category A Farmer registration form',1615107973,'127.0.0.1','Mozilla/5.0 (X11; Ubuntu; Linux x86_64; rv:86.0) Gecko/20100101 Firefox/86.0'),(818,1,'Downloaded category A Farmer registration form',1615108010,'127.0.0.1','Mozilla/5.0 (X11; Ubuntu; Linux x86_64; rv:86.0) Gecko/20100101 Firefox/86.0'),(819,1,'Downloaded category A Farmer registration form',1615108025,'127.0.0.1','Mozilla/5.0 (X11; Ubuntu; Linux x86_64; rv:86.0) Gecko/20100101 Firefox/86.0'),(820,1,'Downloaded category A Farmer registration form',1615108105,'127.0.0.1','Mozilla/5.0 (X11; Ubuntu; Linux x86_64; rv:86.0) Gecko/20100101 Firefox/86.0'),(821,1,'Downloaded category A Farmer registration form',1615108122,'127.0.0.1','Mozilla/5.0 (X11; Ubuntu; Linux x86_64; rv:86.0) Gecko/20100101 Firefox/86.0'),(822,1,'Downloaded category A Farmer registration form',1615108228,'127.0.0.1','Mozilla/5.0 (X11; Ubuntu; Linux x86_64; rv:86.0) Gecko/20100101 Firefox/86.0'),(823,1,'Downloaded category A Farmer registration form',1615108251,'127.0.0.1','Mozilla/5.0 (X11; Ubuntu; Linux x86_64; rv:86.0) Gecko/20100101 Firefox/86.0'),(824,1,'Downloaded category A Farmer registration form',1615108291,'127.0.0.1','Mozilla/5.0 (X11; Ubuntu; Linux x86_64; rv:86.0) Gecko/20100101 Firefox/86.0'),(825,1,'Downloaded category A Farmer registration form',1615108319,'127.0.0.1','Mozilla/5.0 (X11; Ubuntu; Linux x86_64; rv:86.0) Gecko/20100101 Firefox/86.0'),(826,1,'Downloaded category A Farmer registration form',1615108340,'127.0.0.1','Mozilla/5.0 (X11; Ubuntu; Linux x86_64; rv:86.0) Gecko/20100101 Firefox/86.0'),(827,1,'Downloaded category A Farmer registration form',1615108372,'127.0.0.1','Mozilla/5.0 (X11; Ubuntu; Linux x86_64; rv:86.0) Gecko/20100101 Firefox/86.0'),(828,1,'Downloaded category A Farmer registration form',1615108404,'127.0.0.1','Mozilla/5.0 (X11; Ubuntu; Linux x86_64; rv:86.0) Gecko/20100101 Firefox/86.0'),(829,1,'Downloaded category A Farmer registration form',1615108429,'127.0.0.1','Mozilla/5.0 (X11; Ubuntu; Linux x86_64; rv:86.0) Gecko/20100101 Firefox/86.0'),(830,1,'Downloaded category A Farmer registration form',1615108449,'127.0.0.1','Mozilla/5.0 (X11; Ubuntu; Linux x86_64; rv:86.0) Gecko/20100101 Firefox/86.0'),(831,1,'Downloaded category A Farmer registration form',1615108535,'127.0.0.1','Mozilla/5.0 (X11; Ubuntu; Linux x86_64; rv:86.0) Gecko/20100101 Firefox/86.0'),(832,1,'Downloaded category A Farmer registration form',1615108561,'127.0.0.1','Mozilla/5.0 (X11; Ubuntu; Linux x86_64; rv:86.0) Gecko/20100101 Firefox/86.0'),(833,1,'Downloaded category A Farmer registration form',1615108612,'127.0.0.1','Mozilla/5.0 (X11; Ubuntu; Linux x86_64; rv:86.0) Gecko/20100101 Firefox/86.0'),(834,1,'Downloaded category A Farmer registration form',1615108659,'127.0.0.1','Mozilla/5.0 (X11; Ubuntu; Linux x86_64; rv:86.0) Gecko/20100101 Firefox/86.0'),(835,1,'Downloaded category A Farmer registration form',1615108687,'127.0.0.1','Mozilla/5.0 (X11; Ubuntu; Linux x86_64; rv:86.0) Gecko/20100101 Firefox/86.0'),(836,1,'Downloaded category A Farmer registration form',1615108703,'127.0.0.1','Mozilla/5.0 (X11; Ubuntu; Linux x86_64; rv:86.0) Gecko/20100101 Firefox/86.0'),(837,1,'Downloaded category A Farmer registration form',1615108744,'127.0.0.1','Mozilla/5.0 (X11; Ubuntu; Linux x86_64; rv:86.0) Gecko/20100101 Firefox/86.0'),(838,1,'Downloaded category A Farmer registration form',1615108777,'127.0.0.1','Mozilla/5.0 (X11; Ubuntu; Linux x86_64; rv:86.0) Gecko/20100101 Firefox/86.0'),(839,1,'Downloaded category A Farmer registration form',1615108803,'127.0.0.1','Mozilla/5.0 (X11; Ubuntu; Linux x86_64; rv:86.0) Gecko/20100101 Firefox/86.0'),(840,1,'Downloaded category A Farmer registration form',1615108829,'127.0.0.1','Mozilla/5.0 (X11; Ubuntu; Linux x86_64; rv:86.0) Gecko/20100101 Firefox/86.0'),(841,1,'Downloaded category A Farmer registration form',1615108854,'127.0.0.1','Mozilla/5.0 (X11; Ubuntu; Linux x86_64; rv:86.0) Gecko/20100101 Firefox/86.0'),(842,1,'Downloaded category A Farmer registration form',1615108870,'127.0.0.1','Mozilla/5.0 (X11; Ubuntu; Linux x86_64; rv:86.0) Gecko/20100101 Firefox/86.0'),(843,1,'Downloaded category A Farmer registration form',1615108882,'127.0.0.1','Mozilla/5.0 (X11; Ubuntu; Linux x86_64; rv:86.0) Gecko/20100101 Firefox/86.0'),(844,1,'Downloaded category A Farmer registration form',1615108899,'127.0.0.1','Mozilla/5.0 (X11; Ubuntu; Linux x86_64; rv:86.0) Gecko/20100101 Firefox/86.0'),(845,1,'Downloaded category A Farmer registration form',1615108955,'127.0.0.1','Mozilla/5.0 (X11; Ubuntu; Linux x86_64; rv:86.0) Gecko/20100101 Firefox/86.0'),(846,1,'Downloaded category A Farmer registration form',1615108965,'127.0.0.1','Mozilla/5.0 (X11; Ubuntu; Linux x86_64; rv:86.0) Gecko/20100101 Firefox/86.0'),(847,1,'Downloaded FaaBS training attendance sheet',1615110493,'127.0.0.1','Mozilla/5.0 (X11; Ubuntu; Linux x86_64; rv:86.0) Gecko/20100101 Firefox/86.0'),(848,1,'Downloaded FaaBS training attendance sheet',1615110570,'127.0.0.1','Mozilla/5.0 (X11; Ubuntu; Linux x86_64; rv:86.0) Gecko/20100101 Firefox/86.0'),(849,1,'Downloaded FaaBS training attendance sheet',1615110600,'127.0.0.1','Mozilla/5.0 (X11; Ubuntu; Linux x86_64; rv:86.0) Gecko/20100101 Firefox/86.0'),(850,1,'Downloaded FaaBS training attendance sheet',1615110620,'127.0.0.1','Mozilla/5.0 (X11; Ubuntu; Linux x86_64; rv:86.0) Gecko/20100101 Firefox/86.0'),(851,1,'Downloaded FaaBS training attendance sheet',1615110647,'127.0.0.1','Mozilla/5.0 (X11; Ubuntu; Linux x86_64; rv:86.0) Gecko/20100101 Firefox/86.0'),(852,1,'Downloaded FaaBS training attendance sheet',1615110697,'127.0.0.1','Mozilla/5.0 (X11; Ubuntu; Linux x86_64; rv:86.0) Gecko/20100101 Firefox/86.0'),(853,1,'Downloaded FaaBS training attendance sheet',1615110706,'127.0.0.1','Mozilla/5.0 (X11; Ubuntu; Linux x86_64; rv:86.0) Gecko/20100101 Firefox/86.0'),(854,1,'Downloaded FaaBS training attendance sheet',1615110715,'127.0.0.1','Mozilla/5.0 (X11; Ubuntu; Linux x86_64; rv:86.0) Gecko/20100101 Firefox/86.0'),(855,1,'Downloaded FaaBS training attendance sheet',1615110725,'127.0.0.1','Mozilla/5.0 (X11; Ubuntu; Linux x86_64; rv:86.0) Gecko/20100101 Firefox/86.0'),(856,1,'Downloaded FaaBS training attendance sheet',1615110776,'127.0.0.1','Mozilla/5.0 (X11; Ubuntu; Linux x86_64; rv:86.0) Gecko/20100101 Firefox/86.0'),(857,1,'Downloaded FaaBS training attendance sheet',1615110787,'127.0.0.1','Mozilla/5.0 (X11; Ubuntu; Linux x86_64; rv:86.0) Gecko/20100101 Firefox/86.0'),(858,1,'Downloaded FaaBS training attendance sheet',1615110846,'127.0.0.1','Mozilla/5.0 (X11; Ubuntu; Linux x86_64; rv:86.0) Gecko/20100101 Firefox/86.0'),(859,1,'Downloaded FaaBS training attendance sheet',1615110857,'127.0.0.1','Mozilla/5.0 (X11; Ubuntu; Linux x86_64; rv:86.0) Gecko/20100101 Firefox/86.0'),(860,1,'Downloaded FaaBS training attendance sheet',1615110866,'127.0.0.1','Mozilla/5.0 (X11; Ubuntu; Linux x86_64; rv:86.0) Gecko/20100101 Firefox/86.0'),(861,1,'Downloaded FaaBS training attendance sheet',1615110885,'127.0.0.1','Mozilla/5.0 (X11; Ubuntu; Linux x86_64; rv:86.0) Gecko/20100101 Firefox/86.0'),(862,1,'Downloaded FaaBS training attendance sheet',1615110963,'127.0.0.1','Mozilla/5.0 (X11; Ubuntu; Linux x86_64; rv:86.0) Gecko/20100101 Firefox/86.0'),(863,1,'Downloaded FaaBS training attendance sheet',1615111003,'127.0.0.1','Mozilla/5.0 (X11; Ubuntu; Linux x86_64; rv:86.0) Gecko/20100101 Firefox/86.0'),(864,1,'Downloaded FaaBS training attendance sheet',1615111133,'127.0.0.1','Mozilla/5.0 (X11; Ubuntu; Linux x86_64; rv:86.0) Gecko/20100101 Firefox/86.0'),(865,1,'Downloaded FaaBS training attendance sheet',1615111155,'127.0.0.1','Mozilla/5.0 (X11; Ubuntu; Linux x86_64; rv:86.0) Gecko/20100101 Firefox/86.0'),(866,1,'Downloaded FaaBS training attendance sheet',1615111182,'127.0.0.1','Mozilla/5.0 (X11; Ubuntu; Linux x86_64; rv:86.0) Gecko/20100101 Firefox/86.0'),(867,1,'Downloaded FaaBS training attendance sheet',1615111273,'127.0.0.1','Mozilla/5.0 (X11; Ubuntu; Linux x86_64; rv:86.0) Gecko/20100101 Firefox/86.0'),(868,1,'Downloaded FaaBS training attendance sheet',1615111314,'127.0.0.1','Mozilla/5.0 (X11; Ubuntu; Linux x86_64; rv:86.0) Gecko/20100101 Firefox/86.0'),(869,1,'Downloaded FaaBS training attendance sheet',1615111324,'127.0.0.1','Mozilla/5.0 (X11; Ubuntu; Linux x86_64; rv:86.0) Gecko/20100101 Firefox/86.0'),(870,1,'Downloaded FaaBS training attendance sheet',1615111338,'127.0.0.1','Mozilla/5.0 (X11; Ubuntu; Linux x86_64; rv:86.0) Gecko/20100101 Firefox/86.0'),(871,1,'Downloaded FaaBS training attendance sheet',1615111443,'127.0.0.1','Mozilla/5.0 (X11; Ubuntu; Linux x86_64; rv:86.0) Gecko/20100101 Firefox/86.0'),(872,1,'Downloaded FaaBS training attendance sheet',1615111505,'127.0.0.1','Mozilla/5.0 (X11; Ubuntu; Linux x86_64; rv:86.0) Gecko/20100101 Firefox/86.0'),(873,1,'Downloaded FaaBS training attendance sheet',1615111540,'127.0.0.1','Mozilla/5.0 (X11; Ubuntu; Linux x86_64; rv:86.0) Gecko/20100101 Firefox/86.0'),(874,1,'Downloaded FaaBS training attendance sheet',1615111561,'127.0.0.1','Mozilla/5.0 (X11; Ubuntu; Linux x86_64; rv:86.0) Gecko/20100101 Firefox/86.0'),(875,1,'Downloaded FaaBS training attendance sheet',1615111579,'127.0.0.1','Mozilla/5.0 (X11; Ubuntu; Linux x86_64; rv:86.0) Gecko/20100101 Firefox/86.0'),(876,1,'Downloaded FaaBS training attendance sheet',1615111590,'127.0.0.1','Mozilla/5.0 (X11; Ubuntu; Linux x86_64; rv:86.0) Gecko/20100101 Firefox/86.0'),(877,1,'Downloaded FaaBS training attendance sheet',1615111601,'127.0.0.1','Mozilla/5.0 (X11; Ubuntu; Linux x86_64; rv:86.0) Gecko/20100101 Firefox/86.0'),(878,1,'Downloaded FaaBS training attendance sheet',1615111609,'127.0.0.1','Mozilla/5.0 (X11; Ubuntu; Linux x86_64; rv:86.0) Gecko/20100101 Firefox/86.0'),(879,1,'Downloaded FaaBS training attendance sheet',1615111691,'127.0.0.1','Mozilla/5.0 (X11; Ubuntu; Linux x86_64; rv:86.0) Gecko/20100101 Firefox/86.0'),(880,1,'Downloaded FaaBS training attendance sheet',1615111706,'127.0.0.1','Mozilla/5.0 (X11; Ubuntu; Linux x86_64; rv:86.0) Gecko/20100101 Firefox/86.0'),(881,1,'Downloaded FaaBS training attendance sheet',1615111726,'127.0.0.1','Mozilla/5.0 (X11; Ubuntu; Linux x86_64; rv:86.0) Gecko/20100101 Firefox/86.0'),(882,1,'Downloaded FaaBS training attendance sheet',1615111739,'127.0.0.1','Mozilla/5.0 (X11; Ubuntu; Linux x86_64; rv:86.0) Gecko/20100101 Firefox/86.0'),(883,1,'Downloaded FaaBS training attendance sheet',1615111754,'127.0.0.1','Mozilla/5.0 (X11; Ubuntu; Linux x86_64; rv:86.0) Gecko/20100101 Firefox/86.0'),(884,1,'Downloaded FaaBS training attendance sheet',1615111951,'127.0.0.1','Mozilla/5.0 (X11; Ubuntu; Linux x86_64; rv:86.0) Gecko/20100101 Firefox/86.0'),(885,1,'Downloaded FaaBS training attendance sheet',1615111963,'127.0.0.1','Mozilla/5.0 (X11; Ubuntu; Linux x86_64; rv:86.0) Gecko/20100101 Firefox/86.0'),(886,1,'Downloaded FaaBS training attendance sheet',1615111980,'127.0.0.1','Mozilla/5.0 (X11; Ubuntu; Linux x86_64; rv:86.0) Gecko/20100101 Firefox/86.0'),(887,1,'Downloaded FaaBS training attendance sheet',1615112004,'127.0.0.1','Mozilla/5.0 (X11; Ubuntu; Linux x86_64; rv:86.0) Gecko/20100101 Firefox/86.0'),(888,1,'Downloaded FaaBS training attendance sheet',1615112013,'127.0.0.1','Mozilla/5.0 (X11; Ubuntu; Linux x86_64; rv:86.0) Gecko/20100101 Firefox/86.0'),(889,1,'Downloaded FaaBS training attendance sheet',1615112228,'127.0.0.1','Mozilla/5.0 (X11; Ubuntu; Linux x86_64; rv:86.0) Gecko/20100101 Firefox/86.0'),(890,1,'Downloaded FaaBS training attendance sheet',1615112252,'127.0.0.1','Mozilla/5.0 (X11; Ubuntu; Linux x86_64; rv:86.0) Gecko/20100101 Firefox/86.0'),(891,1,'Downloaded FaaBS training attendance sheet',1615112286,'127.0.0.1','Mozilla/5.0 (X11; Ubuntu; Linux x86_64; rv:86.0) Gecko/20100101 Firefox/86.0'),(892,1,'Downloaded FaaBS training attendance sheet',1615112314,'127.0.0.1','Mozilla/5.0 (X11; Ubuntu; Linux x86_64; rv:86.0) Gecko/20100101 Firefox/86.0'),(893,1,'Downloaded FaaBS training attendance sheet',1615112339,'127.0.0.1','Mozilla/5.0 (X11; Ubuntu; Linux x86_64; rv:86.0) Gecko/20100101 Firefox/86.0'),(894,1,'Downloaded FaaBS training attendance sheet',1615112366,'127.0.0.1','Mozilla/5.0 (X11; Ubuntu; Linux x86_64; rv:86.0) Gecko/20100101 Firefox/86.0'),(895,1,'Downloaded FaaBS training attendance sheet',1615112382,'127.0.0.1','Mozilla/5.0 (X11; Ubuntu; Linux x86_64; rv:86.0) Gecko/20100101 Firefox/86.0'),(896,1,'Downloaded FaaBS training attendance sheet',1615112403,'127.0.0.1','Mozilla/5.0 (X11; Ubuntu; Linux x86_64; rv:86.0) Gecko/20100101 Firefox/86.0'),(897,1,'Downloaded FaaBS training attendance sheet',1615112445,'127.0.0.1','Mozilla/5.0 (X11; Ubuntu; Linux x86_64; rv:86.0) Gecko/20100101 Firefox/86.0'),(898,1,'Downloaded FaaBS training attendance sheet',1615112459,'127.0.0.1','Mozilla/5.0 (X11; Ubuntu; Linux x86_64; rv:86.0) Gecko/20100101 Firefox/86.0'),(899,1,'Downloaded FaaBS training attendance sheet',1615112468,'127.0.0.1','Mozilla/5.0 (X11; Ubuntu; Linux x86_64; rv:86.0) Gecko/20100101 Firefox/86.0'),(900,1,'Downloaded FaaBS training attendance sheet',1615112479,'127.0.0.1','Mozilla/5.0 (X11; Ubuntu; Linux x86_64; rv:86.0) Gecko/20100101 Firefox/86.0'),(901,1,'Downloaded FaaBS training attendance sheet',1615112488,'127.0.0.1','Mozilla/5.0 (X11; Ubuntu; Linux x86_64; rv:86.0) Gecko/20100101 Firefox/86.0'),(902,1,'Downloaded FaaBS training attendance sheet',1615112582,'127.0.0.1','Mozilla/5.0 (X11; Ubuntu; Linux x86_64; rv:86.0) Gecko/20100101 Firefox/86.0'),(903,1,'Downloaded FaaBS training attendance sheet',1615112615,'127.0.0.1','Mozilla/5.0 (X11; Ubuntu; Linux x86_64; rv:86.0) Gecko/20100101 Firefox/86.0'),(904,1,'Downloaded FaaBS training attendance sheet',1615112627,'127.0.0.1','Mozilla/5.0 (X11; Ubuntu; Linux x86_64; rv:86.0) Gecko/20100101 Firefox/86.0'),(905,1,'Downloaded FaaBS training attendance sheet',1615114061,'127.0.0.1','Mozilla/5.0 (X11; Ubuntu; Linux x86_64; rv:86.0) Gecko/20100101 Firefox/86.0'),(906,1,'Downloaded FaaBS training attendance sheet',1615114096,'127.0.0.1','Mozilla/5.0 (X11; Ubuntu; Linux x86_64; rv:86.0) Gecko/20100101 Firefox/86.0'),(907,1,'Downloaded FaaBS training attendance sheet',1615114108,'127.0.0.1','Mozilla/5.0 (X11; Ubuntu; Linux x86_64; rv:86.0) Gecko/20100101 Firefox/86.0'),(908,1,'Downloaded FaaBS training attendance sheet',1615114118,'127.0.0.1','Mozilla/5.0 (X11; Ubuntu; Linux x86_64; rv:86.0) Gecko/20100101 Firefox/86.0'),(909,10,'Downloaded FaaBS training attendance sheet',1615114139,'127.0.0.1','Mozilla/5.0 (X11; Ubuntu; Linux x86_64; rv:86.0) Gecko/20100101 Firefox/86.0'),(910,1,'Downloaded FaaBS training attendance sheet',1615117305,'127.0.0.1','Mozilla/5.0 (X11; Ubuntu; Linux x86_64; rv:86.0) Gecko/20100101 Firefox/86.0'),(911,10,'Downloaded FaaBS training attendance sheet',1615117990,'127.0.0.1','Mozilla/5.0 (X11; Ubuntu; Linux x86_64; rv:86.0) Gecko/20100101 Firefox/86.0'),(912,10,'Downloaded FaaBS training attendance sheet',1615118072,'127.0.0.1','Mozilla/5.0 (X11; Ubuntu; Linux x86_64; rv:86.0) Gecko/20100101 Firefox/86.0'),(913,10,'Downloaded FaaBS training attendance sheet',1615118089,'127.0.0.1','Mozilla/5.0 (X11; Ubuntu; Linux x86_64; rv:86.0) Gecko/20100101 Firefox/86.0'),(914,10,'Downloaded FaaBS training attendance sheet',1615118099,'127.0.0.1','Mozilla/5.0 (X11; Ubuntu; Linux x86_64; rv:86.0) Gecko/20100101 Firefox/86.0'),(915,10,'Downloaded FaaBS training attendance sheet',1615118120,'127.0.0.1','Mozilla/5.0 (X11; Ubuntu; Linux x86_64; rv:86.0) Gecko/20100101 Firefox/86.0'),(916,10,'Downloaded FaaBS training attendance sheet',1615118187,'127.0.0.1','Mozilla/5.0 (X11; Ubuntu; Linux x86_64; rv:86.0) Gecko/20100101 Firefox/86.0'),(917,10,'Downloaded FaaBS training attendance sheet',1615118276,'127.0.0.1','Mozilla/5.0 (X11; Ubuntu; Linux x86_64; rv:86.0) Gecko/20100101 Firefox/86.0'),(918,10,'Downloaded FaaBS training attendance sheet',1615118414,'127.0.0.1','Mozilla/5.0 (X11; Ubuntu; Linux x86_64; rv:86.0) Gecko/20100101 Firefox/86.0'),(919,10,'Downloaded FaaBS training attendance sheet',1615118455,'127.0.0.1','Mozilla/5.0 (X11; Ubuntu; Linux x86_64; rv:86.0) Gecko/20100101 Firefox/86.0'),(920,10,'Downloaded FaaBS training attendance sheet',1615118772,'127.0.0.1','Mozilla/5.0 (X11; Ubuntu; Linux x86_64; rv:86.0) Gecko/20100101 Firefox/86.0'),(921,10,'Downloaded FaaBS training attendance sheet',1615118836,'127.0.0.1','Mozilla/5.0 (X11; Ubuntu; Linux x86_64; rv:86.0) Gecko/20100101 Firefox/86.0'),(922,10,'Downloaded FaaBS training attendance sheet',1615118916,'127.0.0.1','Mozilla/5.0 (X11; Ubuntu; Linux x86_64; rv:86.0) Gecko/20100101 Firefox/86.0'),(923,10,'Downloaded FaaBS training attendance sheet',1615119040,'127.0.0.1','Mozilla/5.0 (X11; Ubuntu; Linux x86_64; rv:86.0) Gecko/20100101 Firefox/86.0'),(924,10,'Downloaded FaaBS training attendance sheet',1615119167,'127.0.0.1','Mozilla/5.0 (X11; Ubuntu; Linux x86_64; rv:86.0) Gecko/20100101 Firefox/86.0'),(925,10,'Downloaded FaaBS training attendance sheet',1615119232,'127.0.0.1','Mozilla/5.0 (X11; Ubuntu; Linux x86_64; rv:86.0) Gecko/20100101 Firefox/86.0'),(926,10,'Downloaded FaaBS training attendance sheet',1615119264,'127.0.0.1','Mozilla/5.0 (X11; Ubuntu; Linux x86_64; rv:86.0) Gecko/20100101 Firefox/86.0'),(927,10,'Downloaded FaaBS training attendance sheet',1615119317,'127.0.0.1','Mozilla/5.0 (X11; Ubuntu; Linux x86_64; rv:86.0) Gecko/20100101 Firefox/86.0'),(928,10,'Downloaded FaaBS training attendance sheet',1615119542,'127.0.0.1','Mozilla/5.0 (X11; Ubuntu; Linux x86_64; rv:86.0) Gecko/20100101 Firefox/86.0'),(929,1,'Update role User',1615121370,'127.0.0.1','Mozilla/5.0 (X11; Ubuntu; Linux x86_64; rv:86.0) Gecko/20100101 Firefox/86.0'),(930,10,'Added FaaBS group Come together Group',1615123711,'127.0.0.1','Mozilla/5.0 (X11; Ubuntu; Linux x86_64; rv:86.0) Gecko/20100101 Firefox/86.0'),(931,10,'Updated FaaBS group details',1615124310,'127.0.0.1','Mozilla/5.0 (X11; Ubuntu; Linux x86_64; rv:86.0) Gecko/20100101 Firefox/86.0'),(932,10,'Updated FaaBS group details',1615124322,'127.0.0.1','Mozilla/5.0 (X11; Ubuntu; Linux x86_64; rv:86.0) Gecko/20100101 Firefox/86.0'),(933,10,'Updated FaaBS group details',1615124327,'127.0.0.1','Mozilla/5.0 (X11; Ubuntu; Linux x86_64; rv:86.0) Gecko/20100101 Firefox/86.0'),(934,10,'Removed FaaBS group FaaBS 2 from the system.',1615124400,'127.0.0.1','Mozilla/5.0 (X11; Ubuntu; Linux x86_64; rv:86.0) Gecko/20100101 Firefox/86.0'),(935,1,'Update role User',1615125975,'127.0.0.1','Mozilla/5.0 (X11; Ubuntu; Linux x86_64; rv:86.0) Gecko/20100101 Firefox/86.0'),(936,1,'Update role Administrator',1615127426,'127.0.0.1','Mozilla/5.0 (X11; Ubuntu; Linux x86_64; rv:86.0) Gecko/20100101 Firefox/86.0'),(937,10,'Added farmer: Francis  Chulu',1615132100,'127.0.0.1','Mozilla/5.0 (X11; Ubuntu; Linux x86_64; rv:86.0) Gecko/20100101 Firefox/86.0'),(938,10,'Updated farmer records for farmer: Francis  Chulu',1615134154,'127.0.0.1','Mozilla/5.0 (X11; Ubuntu; Linux x86_64; rv:86.0) Gecko/20100101 Firefox/86.0'),(939,10,'Updated farmer records for farmer: Francis  Chulu',1615143436,'127.0.0.1','Mozilla/5.0 (X11; Ubuntu; Linux x86_64; rv:86.0) Gecko/20100101 Firefox/86.0'),(940,10,'Updated farmer records for farmer: Francis  Chulu',1615143937,'127.0.0.1','Mozilla/5.0 (X11; Ubuntu; Linux x86_64; rv:86.0) Gecko/20100101 Firefox/86.0'),(941,10,'Updated Category A Farmer details',1615144397,'127.0.0.1','Mozilla/5.0 (X11; Ubuntu; Linux x86_64; rv:86.0) Gecko/20100101 Firefox/86.0'),(942,10,'Updated Category A Farmer details',1615144406,'127.0.0.1','Mozilla/5.0 (X11; Ubuntu; Linux x86_64; rv:86.0) Gecko/20100101 Firefox/86.0'),(943,10,'Updated FaaBS group details',1615144502,'127.0.0.1','Mozilla/5.0 (X11; Ubuntu; Linux x86_64; rv:86.0) Gecko/20100101 Firefox/86.0'),(944,10,'Updated FaaBS group details',1615144510,'127.0.0.1','Mozilla/5.0 (X11; Ubuntu; Linux x86_64; rv:86.0) Gecko/20100101 Firefox/86.0'),(945,1,'Update role Administrator',1615144985,'127.0.0.1','Mozilla/5.0 (X11; Ubuntu; Linux x86_64; rv:86.0) Gecko/20100101 Firefox/86.0'),(946,1,'Update role User',1615146800,'127.0.0.1','Mozilla/5.0 (X11; Ubuntu; Linux x86_64; rv:86.0) Gecko/20100101 Firefox/86.0'),(947,10,'Added FaaBS training attendance record for farmer:Mr.Francis  Chulu. The training took place on:2021-03-08',1615156562,'127.0.0.1','Mozilla/5.0 (X11; Ubuntu; Linux x86_64; rv:86.0) Gecko/20100101 Firefox/86.0'),(948,1,'Downloaded FaaBS training attendance sheet',1615228332,'127.0.0.1','Mozilla/5.0 (X11; Ubuntu; Linux x86_64; rv:86.0) Gecko/20100101 Firefox/86.0'),(949,1,'Update role User',1615228349,'127.0.0.1','Mozilla/5.0 (X11; Ubuntu; Linux x86_64; rv:86.0) Gecko/20100101 Firefox/86.0'),(950,10,'Updated FaaBS training attendance record for farmer:Mr.Francis  Chulu. The training took place on:2021-03-08',1615230109,'127.0.0.1','Mozilla/5.0 (X11; Ubuntu; Linux x86_64; rv:86.0) Gecko/20100101 Firefox/86.0'),(951,10,'Added FaaBS training attendance record for farmer:Mr.Francis  Chulu. The training took place on:2021-03-08',1615230171,'127.0.0.1','Mozilla/5.0 (X11; Ubuntu; Linux x86_64; rv:86.0) Gecko/20100101 Firefox/86.0'),(952,10,'Added FaaBS training attendance record for farmer:Mr.Francis  Chulu. The training took place on:2021-03-03',1615230200,'127.0.0.1','Mozilla/5.0 (X11; Ubuntu; Linux x86_64; rv:86.0) Gecko/20100101 Firefox/86.0'),(953,10,'Removed FaaBS training attendance record for farmer:Mr.Francis  Chulu. The training took place on:2021-03-08',1615230208,'127.0.0.1','Mozilla/5.0 (X11; Ubuntu; Linux x86_64; rv:86.0) Gecko/20100101 Firefox/86.0'),(954,10,'Removed FaaBS training attendance record for farmer:Mr.Francis  Chulu. The training took place on:2021-03-08',1615230253,'127.0.0.1','Mozilla/5.0 (X11; Ubuntu; Linux x86_64; rv:86.0) Gecko/20100101 Firefox/86.0'),(955,1,'Update role Administrator',1615230276,'127.0.0.1','Mozilla/5.0 (X11; Ubuntu; Linux x86_64; rv:86.0) Gecko/20100101 Firefox/86.0'),(956,10,'Downloaded category A Farmer registration form',1615235009,'127.0.0.1','Mozilla/5.0 (X11; Ubuntu; Linux x86_64; rv:86.0) Gecko/20100101 Firefox/86.0'),(957,10,'Downloaded Story of change interview guide template',1615235022,'127.0.0.1','Mozilla/5.0 (X11; Ubuntu; Linux x86_64; rv:86.0) Gecko/20100101 Firefox/86.0'),(958,10,'Submitted story of change: \'From subsistence to commercial farming-Case of Mr Chulu Francis\' for review',1615306106,'127.0.0.1','Mozilla/5.0 (X11; Ubuntu; Linux x86_64; rv:86.0) Gecko/20100101 Firefox/86.0'),(959,10,'Added story of change media: Completed Interview guide',1615306685,'127.0.0.1','Mozilla/5.0 (X11; Ubuntu; Linux x86_64; rv:86.0) Gecko/20100101 Firefox/86.0'),(960,10,'Added story of change media: Completed Interview guide',1615308524,'127.0.0.1','Mozilla/5.0 (X11; Ubuntu; Linux x86_64; rv:86.0) Gecko/20100101 Firefox/86.0'),(961,10,'Added story of change media: Completed Interview guide',1615308670,'127.0.0.1','Mozilla/5.0 (X11; Ubuntu; Linux x86_64; rv:86.0) Gecko/20100101 Firefox/86.0'),(962,10,'Added story of change media: Completed Interview guide',1615309195,'127.0.0.1','Mozilla/5.0 (X11; Ubuntu; Linux x86_64; rv:86.0) Gecko/20100101 Firefox/86.0'),(963,10,'Added story of change media: Picture',1615309307,'127.0.0.1','Mozilla/5.0 (X11; Ubuntu; Linux x86_64; rv:86.0) Gecko/20100101 Firefox/86.0'),(964,10,'Updated introduction for story of change: From subsistence to commercial farming-Case of Chulu',1615309669,'127.0.0.1','Mozilla/5.0 (X11; Ubuntu; Linux x86_64; rv:86.0) Gecko/20100101 Firefox/86.0'),(965,10,'Updated results for story of change: From subsistence to commercial farming-Case of Chulu',1615309673,'127.0.0.1','Mozilla/5.0 (X11; Ubuntu; Linux x86_64; rv:86.0) Gecko/20100101 Firefox/86.0'),(966,1,'Update role Administrator',1615310036,'127.0.0.1','Mozilla/5.0 (X11; Ubuntu; Linux x86_64; rv:86.0) Gecko/20100101 Firefox/86.0'),(967,1,'Update role User',1615310043,'127.0.0.1','Mozilla/5.0 (X11; Ubuntu; Linux x86_64; rv:86.0) Gecko/20100101 Firefox/86.0'),(968,10,'Submitted a back to office report',1615321516,'127.0.0.1','Mozilla/5.0 (X11; Ubuntu; Linux x86_64; rv:86.0) Gecko/20100101 Firefox/86.0'),(969,10,'Saved back to office report as draft',1615322460,'127.0.0.1','Mozilla/5.0 (X11; Ubuntu; Linux x86_64; rv:86.0) Gecko/20100101 Firefox/86.0'),(970,10,'Saved back to office report as draft',1615322765,'127.0.0.1','Mozilla/5.0 (X11; Ubuntu; Linux x86_64; rv:86.0) Gecko/20100101 Firefox/86.0'),(971,10,'Saved back to office report as draft',1615323054,'127.0.0.1','Mozilla/5.0 (X11; Ubuntu; Linux x86_64; rv:86.0) Gecko/20100101 Firefox/86.0'),(972,10,'Submitted a back to office report',1615323477,'127.0.0.1','Mozilla/5.0 (X11; Ubuntu; Linux x86_64; rv:86.0) Gecko/20100101 Firefox/86.0'),(973,10,'Submitted a back to office report',1615323518,'127.0.0.1','Mozilla/5.0 (X11; Ubuntu; Linux x86_64; rv:86.0) Gecko/20100101 Firefox/86.0'),(974,10,'Submitted a back to office report',1615323534,'127.0.0.1','Mozilla/5.0 (X11; Ubuntu; Linux x86_64; rv:86.0) Gecko/20100101 Firefox/86.0'),(975,10,'Updated and Saved back to office report as draft',1615375883,'127.0.0.1','Mozilla/5.0 (X11; Ubuntu; Linux x86_64; rv:86.0) Gecko/20100101 Firefox/86.0'),(976,10,'Updated and Saved back to office report as draft',1615376188,'127.0.0.1','Mozilla/5.0 (X11; Ubuntu; Linux x86_64; rv:86.0) Gecko/20100101 Firefox/86.0'),(977,10,'Updated and Saved back to office report as draft',1615376492,'127.0.0.1','Mozilla/5.0 (X11; Ubuntu; Linux x86_64; rv:86.0) Gecko/20100101 Firefox/86.0'),(978,10,'Submitted a back to office report for review',1615377117,'127.0.0.1','Mozilla/5.0 (X11; Ubuntu; Linux x86_64; rv:86.0) Gecko/20100101 Firefox/86.0'),(979,10,'Submitted a back to office report for review',1615377302,'127.0.0.1','Mozilla/5.0 (X11; Ubuntu; Linux x86_64; rv:86.0) Gecko/20100101 Firefox/86.0'),(980,10,'Submitted a back to office report for review',1615377475,'127.0.0.1','Mozilla/5.0 (X11; Ubuntu; Linux x86_64; rv:86.0) Gecko/20100101 Firefox/86.0'),(981,1,'Updated BtOR report\'s status to \'Send back for more information\'',1615386422,'127.0.0.1','Mozilla/5.0 (X11; Ubuntu; Linux x86_64; rv:86.0) Gecko/20100101 Firefox/86.0'),(982,10,'Updated and Submitted a back to office report for review',1615386494,'127.0.0.1','Mozilla/5.0 (X11; Ubuntu; Linux x86_64; rv:86.0) Gecko/20100101 Firefox/86.0'),(983,10,'Updated and Submitted a back to office report for review',1615386497,'127.0.0.1','Mozilla/5.0 (X11; Ubuntu; Linux x86_64; rv:86.0) Gecko/20100101 Firefox/86.0'),(984,10,'Updated and Submitted a back to office report for review',1615386498,'127.0.0.1','Mozilla/5.0 (X11; Ubuntu; Linux x86_64; rv:86.0) Gecko/20100101 Firefox/86.0'),(985,10,'Updated and Submitted a back to office report for review',1615386499,'127.0.0.1','Mozilla/5.0 (X11; Ubuntu; Linux x86_64; rv:86.0) Gecko/20100101 Firefox/86.0'),(986,10,'Updated and Submitted a back to office report for review',1615386499,'127.0.0.1','Mozilla/5.0 (X11; Ubuntu; Linux x86_64; rv:86.0) Gecko/20100101 Firefox/86.0'),(987,10,'Updated and Submitted a back to office report for review',1615386499,'127.0.0.1','Mozilla/5.0 (X11; Ubuntu; Linux x86_64; rv:86.0) Gecko/20100101 Firefox/86.0'),(988,10,'Updated and Submitted a back to office report for review',1615386499,'127.0.0.1','Mozilla/5.0 (X11; Ubuntu; Linux x86_64; rv:86.0) Gecko/20100101 Firefox/86.0'),(989,10,'Updated and Saved back to office report as draft',1615386505,'127.0.0.1','Mozilla/5.0 (X11; Ubuntu; Linux x86_64; rv:86.0) Gecko/20100101 Firefox/86.0'),(990,10,'Updated and Submitted a back to office report for review',1615386511,'127.0.0.1','Mozilla/5.0 (X11; Ubuntu; Linux x86_64; rv:86.0) Gecko/20100101 Firefox/86.0'),(991,10,'Updated and Submitted a back to office report for review',1615386512,'127.0.0.1','Mozilla/5.0 (X11; Ubuntu; Linux x86_64; rv:86.0) Gecko/20100101 Firefox/86.0'),(992,10,'Updated and Submitted a back to office report for review',1615386512,'127.0.0.1','Mozilla/5.0 (X11; Ubuntu; Linux x86_64; rv:86.0) Gecko/20100101 Firefox/86.0'),(993,10,'Updated and Submitted a back to office report for review',1615386512,'127.0.0.1','Mozilla/5.0 (X11; Ubuntu; Linux x86_64; rv:86.0) Gecko/20100101 Firefox/86.0'),(994,10,'Updated and Submitted a back to office report for review',1615386512,'127.0.0.1','Mozilla/5.0 (X11; Ubuntu; Linux x86_64; rv:86.0) Gecko/20100101 Firefox/86.0'),(995,10,'Updated and Submitted a back to office report for review',1615386512,'127.0.0.1','Mozilla/5.0 (X11; Ubuntu; Linux x86_64; rv:86.0) Gecko/20100101 Firefox/86.0'),(996,1,'Updated BtOR report\'s status to \'Send back for more information\'',1615386629,'127.0.0.1','Mozilla/5.0 (X11; Ubuntu; Linux x86_64; rv:86.0) Gecko/20100101 Firefox/86.0'),(997,10,'Updated and Submitted a back to office report for review',1615386878,'127.0.0.1','Mozilla/5.0 (X11; Ubuntu; Linux x86_64; rv:86.0) Gecko/20100101 Firefox/86.0'),(998,10,'Updated and Submitted a back to office report for review',1615386880,'127.0.0.1','Mozilla/5.0 (X11; Ubuntu; Linux x86_64; rv:86.0) Gecko/20100101 Firefox/86.0'),(999,10,'Updated and Saved back to office report as draft',1615386932,'127.0.0.1','Mozilla/5.0 (X11; Ubuntu; Linux x86_64; rv:86.0) Gecko/20100101 Firefox/86.0'),(1000,10,'Updated and Submitted a back to office report for review',1615386938,'127.0.0.1','Mozilla/5.0 (X11; Ubuntu; Linux x86_64; rv:86.0) Gecko/20100101 Firefox/86.0'),(1001,10,'Updated and Submitted a back to office report for review',1615387336,'127.0.0.1','Mozilla/5.0 (X11; Ubuntu; Linux x86_64; rv:86.0) Gecko/20100101 Firefox/86.0'),(1002,10,'Updated and Submitted a back to office report for review',1615387446,'127.0.0.1','Mozilla/5.0 (X11; Ubuntu; Linux x86_64; rv:86.0) Gecko/20100101 Firefox/86.0'),(1003,10,'Updated and Submitted a back to office report for review',1615387451,'127.0.0.1','Mozilla/5.0 (X11; Ubuntu; Linux x86_64; rv:86.0) Gecko/20100101 Firefox/86.0'),(1004,10,'Updated and Submitted a back to office report for review',1615387473,'127.0.0.1','Mozilla/5.0 (X11; Ubuntu; Linux x86_64; rv:86.0) Gecko/20100101 Firefox/86.0'),(1005,10,'Updated and Saved back to office report as draft',1615387693,'127.0.0.1','Mozilla/5.0 (X11; Ubuntu; Linux x86_64; rv:86.0) Gecko/20100101 Firefox/86.0'),(1006,10,'Updated and Submitted a back to office report for review',1615387731,'127.0.0.1','Mozilla/5.0 (X11; Ubuntu; Linux x86_64; rv:86.0) Gecko/20100101 Firefox/86.0'),(1007,1,'Updated BtOR report\'s status to \'Accepted\'',1615388511,'127.0.0.1','Mozilla/5.0 (X11; Ubuntu; Linux x86_64; rv:86.0) Gecko/20100101 Firefox/86.0'),(1008,1,'Update role User',1615397135,'127.0.0.1','Mozilla/5.0 (X11; Ubuntu; Linux x86_64; rv:86.0) Gecko/20100101 Firefox/86.0'),(1009,1,'Downloaded category A Farmer registration form',1616330150,'127.0.0.1','Mozilla/5.0 (X11; Ubuntu; Linux x86_64; rv:86.0) Gecko/20100101 Firefox/86.0'),(1010,1,'Downloaded FaaBS training attendance sheet',1616330168,'127.0.0.1','Mozilla/5.0 (X11; Ubuntu; Linux x86_64; rv:86.0) Gecko/20100101 Firefox/86.0'),(1011,1,'Update role User',1616335275,'127.0.0.1','Mozilla/5.0 (X11; Ubuntu; Linux x86_64; rv:86.0) Gecko/20100101 Firefox/86.0'),(1012,10,'Added Camp four camp work effort for month March',1616418759,'127.0.0.1','Mozilla/5.0 (X11; Ubuntu; Linux x86_64; rv:86.0) Gecko/20100101 Firefox/86.0'),(1013,10,'Added Camp four camp work effort for month March',1616424785,'127.0.0.1','Mozilla/5.0 (X11; Ubuntu; Linux x86_64; rv:86.0) Gecko/20100101 Firefox/86.0'),(1014,10,'Added Camp four camp work effort for month March',1616424938,'127.0.0.1','Mozilla/5.0 (X11; Ubuntu; Linux x86_64; rv:86.0) Gecko/20100101 Firefox/86.0'),(1015,10,'Added Camp four camp work effort for month March',1616424985,'127.0.0.1','Mozilla/5.0 (X11; Ubuntu; Linux x86_64; rv:86.0) Gecko/20100101 Firefox/86.0'),(1016,10,'Added Camp four camp work effort for month March',1616425129,'127.0.0.1','Mozilla/5.0 (X11; Ubuntu; Linux x86_64; rv:86.0) Gecko/20100101 Firefox/86.0'),(1017,10,'Added Camp four camp work effort for month March',1616425169,'127.0.0.1','Mozilla/5.0 (X11; Ubuntu; Linux x86_64; rv:86.0) Gecko/20100101 Firefox/86.0'),(1018,10,'Added Camp four camp work effort for month March',1616425302,'127.0.0.1','Mozilla/5.0 (X11; Ubuntu; Linux x86_64; rv:86.0) Gecko/20100101 Firefox/86.0'),(1019,10,'Added Camp four camp work effort for month March',1616425683,'127.0.0.1','Mozilla/5.0 (X11; Ubuntu; Linux x86_64; rv:86.0) Gecko/20100101 Firefox/86.0'),(1020,10,'Added Camp four camp work effort for month March',1616426242,'127.0.0.1','Mozilla/5.0 (X11; Ubuntu; Linux x86_64; rv:86.0) Gecko/20100101 Firefox/86.0'),(1021,10,'Added Camp four camp work effort for month March',1616426712,'127.0.0.1','Mozilla/5.0 (X11; Ubuntu; Linux x86_64; rv:86.0) Gecko/20100101 Firefox/86.0'),(1022,10,'Added Camp four camp work effort for month March',1616426776,'127.0.0.1','Mozilla/5.0 (X11; Ubuntu; Linux x86_64; rv:86.0) Gecko/20100101 Firefox/86.0'),(1023,10,'Updated Camp four camp work effort for month March',1616428048,'127.0.0.1','Mozilla/5.0 (X11; Ubuntu; Linux x86_64; rv:86.0) Gecko/20100101 Firefox/86.0'),(1024,10,'Removed monthly work effort and all planned activities for camp: Camp four from the system.',1616428859,'127.0.0.1','Mozilla/5.0 (X11; Ubuntu; Linux x86_64; rv:86.0) Gecko/20100101 Firefox/86.0'),(1025,10,'Added Camp four camp work effort for month March',1616444054,'127.0.0.1','Mozilla/5.0 (X11; Ubuntu; Linux x86_64; rv:86.0) Gecko/20100101 Firefox/86.0'),(1026,10,'Updated Camp four camp work effort for month March',1616445813,'127.0.0.1','Mozilla/5.0 (X11; Ubuntu; Linux x86_64; rv:86.0) Gecko/20100101 Firefox/86.0'),(1027,10,'Added Camp four camp planned activity for month March',1616488269,'127.0.0.1','Mozilla/5.0 (X11; Ubuntu; Linux x86_64; rv:86.0) Gecko/20100101 Firefox/86.0'),(1028,10,'Added Camp four camp planned activity for month March',1616502509,'127.0.0.1','Mozilla/5.0 (X11; Ubuntu; Linux x86_64; rv:86.0) Gecko/20100101 Firefox/86.0'),(1029,10,'Removed planned activities and all submitted actuals/achieved for camp: Camp four for activity:Test 2 from the system for the month of March',1616508380,'127.0.0.1','Mozilla/5.0 (X11; Ubuntu; Linux x86_64; rv:86.0) Gecko/20100101 Firefox/86.0'),(1030,10,'Updated Camp four camp planned activity for month March',1616509259,'127.0.0.1','Mozilla/5.0 (X11; Ubuntu; Linux x86_64; rv:86.0) Gecko/20100101 Firefox/86.0'),(1031,10,'Removed submitted achieved planned activity targets for camp: Camp four for activity:Test from the system for the month of March',1616511407,'127.0.0.1','Mozilla/5.0 (X11; Ubuntu; Linux x86_64; rv:86.0) Gecko/20100101 Firefox/86.0'),(1032,10,'Updated Camp four camp work effort for month March',1616511510,'127.0.0.1','Mozilla/5.0 (X11; Ubuntu; Linux x86_64; rv:86.0) Gecko/20100101 Firefox/86.0'),(1033,10,'Added Camp four camp planned activity for month March',1616512189,'127.0.0.1','Mozilla/5.0 (X11; Ubuntu; Linux x86_64; rv:86.0) Gecko/20100101 Firefox/86.0'),(1034,10,'Added Camp four camp planned activity for month March',1616596930,'127.0.0.1','Mozilla/5.0 (X11; Ubuntu; Linux x86_64; rv:86.0) Gecko/20100101 Firefox/86.0'),(1035,10,'Downloaded category A Farmer registration form',1616600254,'127.0.0.1','Mozilla/5.0 (X11; Ubuntu; Linux x86_64; rv:86.0) Gecko/20100101 Firefox/86.0'),(1036,10,'Downloaded FaaBS training attendance sheet',1616600295,'127.0.0.1','Mozilla/5.0 (X11; Ubuntu; Linux x86_64; rv:86.0) Gecko/20100101 Firefox/86.0'),(1037,10,'Removed submitted achieved planned activity targets for camp: Camp four for activity:Test from the system for the month of March',1616601236,'127.0.0.1','Mozilla/5.0 (X11; Ubuntu; Linux x86_64; rv:86.0) Gecko/20100101 Firefox/86.0'),(1038,10,'Removed submitted achieved planned activity targets for camp: Camp four for activity:Test 2 from the system for the month of March',1616667788,'127.0.0.1','Mozilla/5.0 (X11; Ubuntu; Linux x86_64; rv:86.0) Gecko/20100101 Firefox/86.0'),(1039,10,'Updated Camp four camp planned activity for month March',1616669057,'127.0.0.1','Mozilla/5.0 (X11; Ubuntu; Linux x86_64; rv:86.0) Gecko/20100101 Firefox/86.0'),(1040,10,'Updated Camp four camp planned activity for month March',1616671828,'127.0.0.1','Mozilla/5.0 (X11; Ubuntu; Linux x86_64; rv:86.0) Gecko/20100101 Firefox/86.0'),(1041,10,'Updated Camp four camp planned activity for month March',1616671834,'127.0.0.1','Mozilla/5.0 (X11; Ubuntu; Linux x86_64; rv:86.0) Gecko/20100101 Firefox/86.0'),(1042,10,'Updated Camp four camp planned activity for month March',1616671957,'127.0.0.1','Mozilla/5.0 (X11; Ubuntu; Linux x86_64; rv:86.0) Gecko/20100101 Firefox/86.0'),(1043,10,'Added Camp four camp planned activity for month March',1616672600,'127.0.0.1','Mozilla/5.0 (X11; Ubuntu; Linux x86_64; rv:86.0) Gecko/20100101 Firefox/86.0'),(1044,10,'Removed planned activities and all submitted actuals/achieved for camp: Camp four for activity:Test 3 from the system for the month of March',1616672725,'127.0.0.1','Mozilla/5.0 (X11; Ubuntu; Linux x86_64; rv:86.0) Gecko/20100101 Firefox/86.0'),(1045,10,'Added Camp four camp planned activity for month March',1616672844,'127.0.0.1','Mozilla/5.0 (X11; Ubuntu; Linux x86_64; rv:86.0) Gecko/20100101 Firefox/86.0'),(1046,10,'Added Camp four camp planned activity for month March',1616672861,'127.0.0.1','Mozilla/5.0 (X11; Ubuntu; Linux x86_64; rv:86.0) Gecko/20100101 Firefox/86.0'),(1047,10,'Removed planned activities and all submitted actuals/achieved for camp: Camp four for activity:Test from the system for the month of March',1616673053,'127.0.0.1','Mozilla/5.0 (X11; Ubuntu; Linux x86_64; rv:86.0) Gecko/20100101 Firefox/86.0'),(1048,10,'Removed planned activities and all submitted actuals/achieved for camp: Camp four for activity:Test 2 from the system for the month of March',1616674677,'127.0.0.1','Mozilla/5.0 (X11; Ubuntu; Linux x86_64; rv:86.0) Gecko/20100101 Firefox/86.0'),(1049,10,'Removed planned activities and all submitted actuals/achieved for camp: Camp four for activity:Test 5 from the system for the month of March',1616674681,'127.0.0.1','Mozilla/5.0 (X11; Ubuntu; Linux x86_64; rv:86.0) Gecko/20100101 Firefox/86.0'),(1050,10,'Removed planned activities and all submitted actuals/achieved for camp: Camp four for activity:Test 3 from the system for the month of March',1616674685,'127.0.0.1','Mozilla/5.0 (X11; Ubuntu; Linux x86_64; rv:86.0) Gecko/20100101 Firefox/86.0'),(1051,10,'Removed planned activities and all submitted actuals/achieved for camp: Camp four for activity:Test 4 from the system for the month of March',1616674691,'127.0.0.1','Mozilla/5.0 (X11; Ubuntu; Linux x86_64; rv:86.0) Gecko/20100101 Firefox/86.0'),(1052,10,'Added Camp four camp planned activity for month March',1616674745,'127.0.0.1','Mozilla/5.0 (X11; Ubuntu; Linux x86_64; rv:86.0) Gecko/20100101 Firefox/86.0'),(1053,10,'Removed planned activities and all submitted actuals/achieved for camp: Camp four for activity:Test from the system for the month of March',1616674778,'127.0.0.1','Mozilla/5.0 (X11; Ubuntu; Linux x86_64; rv:86.0) Gecko/20100101 Firefox/86.0'),(1054,10,'Added Camp four camp planned activity for month March',1616675911,'127.0.0.1','Mozilla/5.0 (X11; Ubuntu; Linux x86_64; rv:86.0) Gecko/20100101 Firefox/86.0'),(1055,10,'Added Camp four camp planned activity for month March',1616676042,'127.0.0.1','Mozilla/5.0 (X11; Ubuntu; Linux x86_64; rv:86.0) Gecko/20100101 Firefox/86.0'),(1056,10,'Removed planned activities and all submitted actuals/achieved for camp: Camp four for activity:Test 2 from the system for the month of March',1616676177,'127.0.0.1','Mozilla/5.0 (X11; Ubuntu; Linux x86_64; rv:86.0) Gecko/20100101 Firefox/86.0'),(1057,10,'Updated Camp four camp planned activity for month March',1616677084,'127.0.0.1','Mozilla/5.0 (X11; Ubuntu; Linux x86_64; rv:86.0) Gecko/20100101 Firefox/86.0'),(1058,10,'Added Camp four camp planned activity for month March',1616677610,'127.0.0.1','Mozilla/5.0 (X11; Ubuntu; Linux x86_64; rv:86.0) Gecko/20100101 Firefox/86.0'),(1059,10,'Added Camp three camp work effort for month March',1616678720,'127.0.0.1','Mozilla/5.0 (X11; Ubuntu; Linux x86_64; rv:86.0) Gecko/20100101 Firefox/86.0'),(1060,10,'Added Camp two camp work effort for month March',1616678740,'127.0.0.1','Mozilla/5.0 (X11; Ubuntu; Linux x86_64; rv:86.0) Gecko/20100101 Firefox/86.0'),(1061,10,'Removed monthly work effort and all planned activities for camp: Camp four from the systemfor the month of March',1616678925,'127.0.0.1','Mozilla/5.0 (X11; Ubuntu; Linux x86_64; rv:86.0) Gecko/20100101 Firefox/86.0'),(1062,10,'Added Camp two camp planned activity for month March',1616679511,'127.0.0.1','Mozilla/5.0 (X11; Ubuntu; Linux x86_64; rv:86.0) Gecko/20100101 Firefox/86.0'),(1063,10,'Downloaded FaaBS training attendance sheet',1616681002,'127.0.0.1','Mozilla/5.0 (X11; Ubuntu; Linux x86_64; rv:86.0) Gecko/20100101 Firefox/86.0'),(1064,10,'Downloaded category A Farmer registration form',1616681664,'127.0.0.1','Mozilla/5.0 (X11; Ubuntu; Linux x86_64; rv:86.0) Gecko/20100101 Firefox/86.0'),(1065,1,'Update role Administrator',1616682426,'127.0.0.1','Mozilla/5.0 (X11; Ubuntu; Linux x86_64; rv:86.0) Gecko/20100101 Firefox/86.0'),(1066,1,'Downloaded FaaBS training attendance sheet',1616695673,'127.0.0.1','Mozilla/5.0 (X11; Ubuntu; Linux x86_64; rv:86.0) Gecko/20100101 Firefox/86.0'),(1067,1,'Added FaaBS training topic:Production enhancing technologies: early planting',1616697288,'127.0.0.1','Mozilla/5.0 (X11; Ubuntu; Linux x86_64; rv:86.0) Gecko/20100101 Firefox/86.0'),(1068,1,'Updated FaaBS training topic:Production enhancing technologies: early planting',1616697498,'127.0.0.1','Mozilla/5.0 (X11; Ubuntu; Linux x86_64; rv:86.0) Gecko/20100101 Firefox/86.0'),(1069,1,'Updated FaaBS training topic:Production enhancing technologies: early planting',1616697640,'127.0.0.1','Mozilla/5.0 (X11; Ubuntu; Linux x86_64; rv:86.0) Gecko/20100101 Firefox/86.0'),(1070,1,'Update role Administrator',1616702738,'127.0.0.1','Mozilla/5.0 (X11; Ubuntu; Linux x86_64; rv:86.0) Gecko/20100101 Firefox/86.0'),(1071,1,'Removed FaaBS training topic: Production enhancing technologies: early planting from the system.',1616702747,'127.0.0.1','Mozilla/5.0 (X11; Ubuntu; Linux x86_64; rv:86.0) Gecko/20100101 Firefox/86.0'),(1072,1,'Added FaaBS training topic:Production enhancing technologies: early planting',1616702765,'127.0.0.1','Mozilla/5.0 (X11; Ubuntu; Linux x86_64; rv:86.0) Gecko/20100101 Firefox/86.0'),(1073,1,'Updated FaaBS training topic:Production enhancing technologies: early planting',1616703015,'127.0.0.1','Mozilla/5.0 (X11; Ubuntu; Linux x86_64; rv:86.0) Gecko/20100101 Firefox/86.0'),(1074,1,'Added FaaBS training topic:Production enhancing technologies: row planting,',1616703620,'127.0.0.1','Mozilla/5.0 (X11; Ubuntu; Linux x86_64; rv:86.0) Gecko/20100101 Firefox/86.0'),(1075,1,'Added FaaBS training topic:Production enhancing technologies: construct and use improved livestock housing',1616703649,'127.0.0.1','Mozilla/5.0 (X11; Ubuntu; Linux x86_64; rv:86.0) Gecko/20100101 Firefox/86.0'),(1076,10,'Downloaded FaaBS training attendance sheet',1616704928,'127.0.0.1','Mozilla/5.0 (X11; Ubuntu; Linux x86_64; rv:86.0) Gecko/20100101 Firefox/86.0'),(1077,10,'Downloaded FaaBS training attendance sheet',1616705258,'127.0.0.1','Mozilla/5.0 (X11; Ubuntu; Linux x86_64; rv:86.0) Gecko/20100101 Firefox/86.0'),(1078,10,'Downloaded FaaBS training attendance sheet',1616705294,'127.0.0.1','Mozilla/5.0 (X11; Ubuntu; Linux x86_64; rv:86.0) Gecko/20100101 Firefox/86.0'),(1079,10,'Downloaded FaaBS training attendance sheet',1616705347,'127.0.0.1','Mozilla/5.0 (X11; Ubuntu; Linux x86_64; rv:86.0) Gecko/20100101 Firefox/86.0'),(1080,10,'Removed submitted achieved planned activity targets for camp: Camp two for activity:Test 2 from the system for the month of March',1616706592,'127.0.0.1','Mozilla/5.0 (X11; Ubuntu; Linux x86_64; rv:86.0) Gecko/20100101 Firefox/86.0'),(1081,10,'Removed submitted achieved planned activity targets for camp: Camp two for activity:Test 2 from the system for the month of March',1616707041,'127.0.0.1','Mozilla/5.0 (X11; Ubuntu; Linux x86_64; rv:86.0) Gecko/20100101 Firefox/86.0'),(1082,10,'Removed submitted achieved planned activity targets for camp: Camp two for activity:Test 2 from the system for the month of March',1616707509,'127.0.0.1','Mozilla/5.0 (X11; Ubuntu; Linux x86_64; rv:86.0) Gecko/20100101 Firefox/86.0'),(1083,10,'Removed FaaBS training attendance record for farmer:Mr.Francis  Chulu. The training took place on:2021-03-03',1616708355,'127.0.0.1','Mozilla/5.0 (X11; Ubuntu; Linux x86_64; rv:86.0) Gecko/20100101 Firefox/86.0'),(1084,10,'Added FaaBS training attendance record for farmer:Mr.Francis  Chulu. The training took place on:2021-03-25',1616708399,'127.0.0.1','Mozilla/5.0 (X11; Ubuntu; Linux x86_64; rv:86.0) Gecko/20100101 Firefox/86.0'),(1085,10,'Added farmer: Francis  test',1616709481,'127.0.0.1','Mozilla/5.0 (X11; Ubuntu; Linux x86_64; rv:86.0) Gecko/20100101 Firefox/86.0'),(1086,10,'Updated farmer records for farmer: Francis  Chulu',1616709496,'127.0.0.1','Mozilla/5.0 (X11; Ubuntu; Linux x86_64; rv:86.0) Gecko/20100101 Firefox/86.0'),(1087,10,'Updated farmer records for farmer: Francis  Chulu',1616709547,'127.0.0.1','Mozilla/5.0 (X11; Ubuntu; Linux x86_64; rv:86.0) Gecko/20100101 Firefox/86.0'),(1088,10,'Updated farmer records for farmer: Francis  Chulu',1616709828,'127.0.0.1','Mozilla/5.0 (X11; Ubuntu; Linux x86_64; rv:86.0) Gecko/20100101 Firefox/86.0'),(1089,10,'Updated farmer records for farmer: Francis  test',1616709903,'127.0.0.1','Mozilla/5.0 (X11; Ubuntu; Linux x86_64; rv:86.0) Gecko/20100101 Firefox/86.0'),(1090,1,'Downloaded FaaBS training attendance sheet',1616746984,'127.0.0.1','Mozilla/5.0 (X11; Ubuntu; Linux x86_64; rv:86.0) Gecko/20100101 Firefox/86.0'),(1091,1,'Updated FaaBS training topic:Production enhancing technologies: early planting',1616747333,'127.0.0.1','Mozilla/5.0 (X11; Ubuntu; Linux x86_64; rv:86.0) Gecko/20100101 Firefox/86.0'),(1092,1,'Updated FaaBS training topic:Production enhancing technologies: construct and use improved livestock housing',1616747412,'127.0.0.1','Mozilla/5.0 (X11; Ubuntu; Linux x86_64; rv:86.0) Gecko/20100101 Firefox/86.0'),(1093,1,'Updated FaaBS training topic:Production enhancing technologies: row planting,',1616747423,'127.0.0.1','Mozilla/5.0 (X11; Ubuntu; Linux x86_64; rv:86.0) Gecko/20100101 Firefox/86.0'),(1094,1,'Updated FaaBS training topic:Production enhancing technologies: construct and use improved livestock housing',1616747438,'127.0.0.1','Mozilla/5.0 (X11; Ubuntu; Linux x86_64; rv:86.0) Gecko/20100101 Firefox/86.0'),(1095,10,'Downloaded FaaBS training attendance sheet',1616747817,'127.0.0.1','Mozilla/5.0 (X11; Ubuntu; Linux x86_64; rv:86.0) Gecko/20100101 Firefox/86.0'),(1096,10,'Downloaded category A Farmer registration form',1616747838,'127.0.0.1','Mozilla/5.0 (X11; Ubuntu; Linux x86_64; rv:86.0) Gecko/20100101 Firefox/86.0'),(1097,10,'Downloaded FaaBS training attendance sheet',1616747862,'127.0.0.1','Mozilla/5.0 (X11; Ubuntu; Linux x86_64; rv:86.0) Gecko/20100101 Firefox/86.0'),(1098,1,'Update role Administrator',1616748258,'127.0.0.1','Mozilla/5.0 (X11; Ubuntu; Linux x86_64; rv:86.0) Gecko/20100101 Firefox/86.0'),(1099,1,'Update role User',1616748827,'127.0.0.1','Mozilla/5.0 (X11; Ubuntu; Linux x86_64; rv:86.0) Gecko/20100101 Firefox/86.0'),(1100,10,'Updated FaaBS training attendance record for farmer:Mr.Francis  Chulu. The training took place on:2021-03-25',1616750221,'127.0.0.1','Mozilla/5.0 (X11; Ubuntu; Linux x86_64; rv:86.0) Gecko/20100101 Firefox/86.0'),(1101,10,'Updated FaaBS training attendance record for farmer:Mr.Francis  Chulu. The training took place on:2021-03-25',1616750336,'127.0.0.1','Mozilla/5.0 (X11; Ubuntu; Linux x86_64; rv:86.0) Gecko/20100101 Firefox/86.0'),(1102,10,'Updated Camp two camp work effort for month March',1616751023,'127.0.0.1','Mozilla/5.0 (X11; Ubuntu; Linux x86_64; rv:86.0) Gecko/20100101 Firefox/86.0'),(1103,10,'Updated FaaBS training attendance record for farmer:Mr.Francis  Chulu. The training took place on:2021-03-25',1616762953,'127.0.0.1','Mozilla/5.0 (X11; Ubuntu; Linux x86_64; rv:86.0) Gecko/20100101 Firefox/86.0'),(1104,10,'Added FaaBS training attendance record for farmer:Mr.Francis  test. The training took place on:2021-05-19',1616763041,'127.0.0.1','Mozilla/5.0 (X11; Ubuntu; Linux x86_64; rv:86.0) Gecko/20100101 Firefox/86.0'),(1105,10,'Added FaaBS training attendance record for farmer:Mr.Francis  test. The training took place on:2021-10-20',1616764340,'127.0.0.1','Mozilla/5.0 (X11; Ubuntu; Linux x86_64; rv:86.0) Gecko/20100101 Firefox/86.0'),(1106,10,'Added farmer: First   Last name',1616764476,'127.0.0.1','Mozilla/5.0 (X11; Ubuntu; Linux x86_64; rv:86.0) Gecko/20100101 Firefox/86.0'),(1107,10,'Added FaaBS training attendance record for farmer:Mrs.First   Last name. The training took place on:2021-07-21',1616764994,'127.0.0.1','Mozilla/5.0 (X11; Ubuntu; Linux x86_64; rv:86.0) Gecko/20100101 Firefox/86.0'),(1108,10,'Updated FaaBS training attendance record for farmer:Mrs.First   Last name. The training took place on:2021-07-21',1616770613,'127.0.0.1','Mozilla/5.0 (X11; Ubuntu; Linux x86_64; rv:86.0) Gecko/20100101 Firefox/86.0'),(1109,10,'Updated FaaBS training attendance record for farmer:Mr.Francis  test. The training took place on:2021-10-21',1616770679,'127.0.0.1','Mozilla/5.0 (X11; Ubuntu; Linux x86_64; rv:86.0) Gecko/20100101 Firefox/86.0'),(1110,10,'Updated FaaBS training attendance record for farmer:Mr.Francis  Chulu. The training took place on:2021-05-19',1616770721,'127.0.0.1','Mozilla/5.0 (X11; Ubuntu; Linux x86_64; rv:86.0) Gecko/20100101 Firefox/86.0'),(1111,10,'Updated FaaBS training attendance record for farmer:Mr.Francis  Chulu. The training took place on:2021-03-26',1616770796,'127.0.0.1','Mozilla/5.0 (X11; Ubuntu; Linux x86_64; rv:86.0) Gecko/20100101 Firefox/86.0'),(1112,10,'Updated FaaBS training attendance record for farmer:Mrs.First   Last name. The training took place on:2021-07-21',1616770861,'127.0.0.1','Mozilla/5.0 (X11; Ubuntu; Linux x86_64; rv:86.0) Gecko/20100101 Firefox/86.0'),(1113,10,'Updated FaaBS training attendance record for farmer:Mrs.First   Last name. The training took place on:2021-07-21',1616771004,'127.0.0.1','Mozilla/5.0 (X11; Ubuntu; Linux x86_64; rv:86.0) Gecko/20100101 Firefox/86.0'),(1114,10,'Updated FaaBS training attendance record for farmer:Mrs.First   Last name. The training took place on:2021-07-21',1616771075,'127.0.0.1','Mozilla/5.0 (X11; Ubuntu; Linux x86_64; rv:86.0) Gecko/20100101 Firefox/86.0'),(1115,10,'Updated FaaBS training attendance record for farmer:Mr.Francis  test. The training took place on:2021-10-21',1616771154,'127.0.0.1','Mozilla/5.0 (X11; Ubuntu; Linux x86_64; rv:86.0) Gecko/20100101 Firefox/86.0'),(1116,10,'Updated FaaBS training attendance record for farmer:Mr.Francis  test. The training took place on:2021-10-21',1616771235,'127.0.0.1','Mozilla/5.0 (X11; Ubuntu; Linux x86_64; rv:86.0) Gecko/20100101 Firefox/86.0'),(1117,10,'Updated FaaBS training attendance record for farmer:Mr.Francis  test. The training took place on:2021-10-21',1616771240,'127.0.0.1','Mozilla/5.0 (X11; Ubuntu; Linux x86_64; rv:86.0) Gecko/20100101 Firefox/86.0'),(1118,10,'Updated FaaBS training attendance record for farmer:Mr.Francis  test. The training took place on:2021-10-21',1616771306,'127.0.0.1','Mozilla/5.0 (X11; Ubuntu; Linux x86_64; rv:86.0) Gecko/20100101 Firefox/86.0'),(1119,10,'Updated FaaBS training attendance record for farmer:Mrs.First   Last name. The training took place on:2021-07-21',1616771311,'127.0.0.1','Mozilla/5.0 (X11; Ubuntu; Linux x86_64; rv:86.0) Gecko/20100101 Firefox/86.0'),(1120,10,'Updated FaaBS training attendance record for farmer:Mr.Francis  Chulu. The training took place on:2021-05-19',1616771398,'127.0.0.1','Mozilla/5.0 (X11; Ubuntu; Linux x86_64; rv:86.0) Gecko/20100101 Firefox/86.0'),(1121,10,'Updated FaaBS training attendance record for farmer:Mr.Francis  Chulu. The training took place on:2021-03-26',1616771703,'127.0.0.1','Mozilla/5.0 (X11; Ubuntu; Linux x86_64; rv:86.0) Gecko/20100101 Firefox/86.0'),(1122,10,'Updated FaaBS training attendance record for farmer:Mr.Francis  Chulu. The training took place on:2021-03-26',1616771709,'127.0.0.1','Mozilla/5.0 (X11; Ubuntu; Linux x86_64; rv:86.0) Gecko/20100101 Firefox/86.0'),(1123,10,'Updated FaaBS training attendance record for farmer:Mr.Francis  Chulu. The training took place on:2021-03-26',1616771729,'127.0.0.1','Mozilla/5.0 (X11; Ubuntu; Linux x86_64; rv:86.0) Gecko/20100101 Firefox/86.0'),(1124,10,'Updated FaaBS training attendance record for farmer:Mr.Francis  Chulu. The training took place on:2021-03-26',1616771734,'127.0.0.1','Mozilla/5.0 (X11; Ubuntu; Linux x86_64; rv:86.0) Gecko/20100101 Firefox/86.0'),(1125,10,'Updated FaaBS training attendance record for farmer:Mrs.First   Last name. The training took place on:2021-07-21',1616771738,'127.0.0.1','Mozilla/5.0 (X11; Ubuntu; Linux x86_64; rv:86.0) Gecko/20100101 Firefox/86.0'),(1126,10,'Updated FaaBS training attendance record for farmer:Mr.Francis  Chulu. The training took place on:2021-05-19',1616772111,'127.0.0.1','Mozilla/5.0 (X11; Ubuntu; Linux x86_64; rv:86.0) Gecko/20100101 Firefox/86.0'),(1127,10,'Added FaaBS training attendance record for farmer:Mrs.First   Last name. The training took place on:2021-07-21',1616772292,'127.0.0.1','Mozilla/5.0 (X11; Ubuntu; Linux x86_64; rv:86.0) Gecko/20100101 Firefox/86.0'),(1128,10,'Updated profile details ',1616772648,'127.0.0.1','Mozilla/5.0 (X11; Ubuntu; Linux x86_64; rv:86.0) Gecko/20100101 Firefox/86.0'),(1129,10,'Updated profile details ',1616772776,'127.0.0.1','Mozilla/5.0 (X11; Ubuntu; Linux x86_64; rv:86.0) Gecko/20100101 Firefox/86.0'),(1130,10,'Updated FaaBS training attendance record for farmer:Mr.Francis  Chulu. The training took place on:2021-03-26',1616772985,'127.0.0.1','Mozilla/5.0 (X11; Ubuntu; Linux x86_64; rv:86.0) Gecko/20100101 Firefox/86.0'),(1131,10,'Updated FaaBS training attendance record for farmer:Mrs.First   Last name. The training took place on:2021-07-21',1616772994,'127.0.0.1','Mozilla/5.0 (X11; Ubuntu; Linux x86_64; rv:86.0) Gecko/20100101 Firefox/86.0'),(1132,10,'Updated FaaBS training attendance record for farmer:Mrs.First   Last name. The training took place on:2021-07-21',1616772999,'127.0.0.1','Mozilla/5.0 (X11; Ubuntu; Linux x86_64; rv:86.0) Gecko/20100101 Firefox/86.0'),(1133,10,'Updated FaaBS training attendance record for farmer:Mr.Francis  Chulu. The training took place on:2021-05-19',1616773603,'127.0.0.1','Mozilla/5.0 (X11; Ubuntu; Linux x86_64; rv:86.0) Gecko/20100101 Firefox/86.0'),(1134,10,'Updated FaaBS training attendance record for farmer:Mrs.First   Last name. The training took place on:2021-07-21',1616773609,'127.0.0.1','Mozilla/5.0 (X11; Ubuntu; Linux x86_64; rv:86.0) Gecko/20100101 Firefox/86.0'),(1135,10,'Updated FaaBS training attendance record for farmer:Mrs.First   Last name. The training took place on:2021-07-21',1616773629,'127.0.0.1','Mozilla/5.0 (X11; Ubuntu; Linux x86_64; rv:86.0) Gecko/20100101 Firefox/86.0'),(1136,10,'Updated FaaBS training attendance record for farmer:Mrs.First   Last name. The training took place on:2021-07-21',1617006491,'127.0.0.1','Mozilla/5.0 (X11; Ubuntu; Linux x86_64; rv:87.0) Gecko/20100101 Firefox/87.0'),(1137,10,'Updated FaaBS training attendance record for farmer:Mrs.First   Last name. The training took place on:2021-07-21',1617006858,'127.0.0.1','Mozilla/5.0 (X11; Ubuntu; Linux x86_64; rv:87.0) Gecko/20100101 Firefox/87.0'),(1138,10,'Updated FaaBS training attendance record for farmer:Mr.Francis  test. The training took place on:2021-10-21',1617006868,'127.0.0.1','Mozilla/5.0 (X11; Ubuntu; Linux x86_64; rv:87.0) Gecko/20100101 Firefox/87.0'),(1139,10,'Updated FaaBS training attendance record for farmer:Mr.Francis  Chulu. The training took place on:2021-05-19',1617006877,'127.0.0.1','Mozilla/5.0 (X11; Ubuntu; Linux x86_64; rv:87.0) Gecko/20100101 Firefox/87.0'),(1140,10,'Updated FaaBS training attendance record for farmer:Mr.Francis  Chulu. The training took place on:2021-03-26',1617006884,'127.0.0.1','Mozilla/5.0 (X11; Ubuntu; Linux x86_64; rv:87.0) Gecko/20100101 Firefox/87.0'),(1141,1,'Update role Administrator',1617007872,'127.0.0.1','Mozilla/5.0 (X11; Ubuntu; Linux x86_64; rv:87.0) Gecko/20100101 Firefox/87.0'),(1142,1,'Update role User',1617007879,'127.0.0.1','Mozilla/5.0 (X11; Ubuntu; Linux x86_64; rv:87.0) Gecko/20100101 Firefox/87.0'),(1143,10,'Removed submitted achieved planned activity targets for camp: Camp two for activity:Test 2 from the system for the month of March',1617028159,'127.0.0.1','Mozilla/5.0 (X11; Ubuntu; Linux x86_64; rv:87.0) Gecko/20100101 Firefox/87.0'),(1144,10,'Downloaded FaaBS training attendance sheet',1617037296,'127.0.0.1','Mozilla/5.0 (X11; Ubuntu; Linux x86_64; rv:87.0) Gecko/20100101 Firefox/87.0'),(1145,1,'Update role Administrator',1617048810,'127.0.0.1','Mozilla/5.0 (X11; Ubuntu; Linux x86_64; rv:87.0) Gecko/20100101 Firefox/87.0'),(1146,1,'Update role User',1617048847,'127.0.0.1','Mozilla/5.0 (X11; Ubuntu; Linux x86_64; rv:87.0) Gecko/20100101 Firefox/87.0'),(1147,1,'Update role Administrator',1617048854,'127.0.0.1','Mozilla/5.0 (X11; Ubuntu; Linux x86_64; rv:87.0) Gecko/20100101 Firefox/87.0'),(1148,1,'Update role Administrator',1617087457,'127.0.0.1','Mozilla/5.0 (X11; Ubuntu; Linux x86_64; rv:87.0) Gecko/20100101 Firefox/87.0'),(1149,1,'Downloaded category A Farmer registration form',1617127676,'127.0.0.1','Mozilla/5.0 (X11; Ubuntu; Linux x86_64; rv:87.0) Gecko/20100101 Firefox/87.0'),(1150,10,'Downloaded category A Farmer registration form',1617128192,'127.0.0.1','Mozilla/5.0 (X11; Ubuntu; Linux x86_64; rv:87.0) Gecko/20100101 Firefox/87.0'),(1151,10,'Downloaded FaaBS training attendance sheet',1617128232,'127.0.0.1','Mozilla/5.0 (X11; Ubuntu; Linux x86_64; rv:87.0) Gecko/20100101 Firefox/87.0'),(1152,10,'Submitted a back to office report for review',1617129037,'127.0.0.1','Mozilla/5.0 (X11; Ubuntu; Linux x86_64; rv:87.0) Gecko/20100101 Firefox/87.0'),(1153,1,'Updated BtOR report\'s status to \'Accepted\'',1617129133,'127.0.0.1','Mozilla/5.0 (X11; Ubuntu; Linux x86_64; rv:87.0) Gecko/20100101 Firefox/87.0'),(1154,1,'Update role User',1617139634,'127.0.0.1','Mozilla/5.0 (X11; Ubuntu; Linux x86_64; rv:87.0) Gecko/20100101 Firefox/87.0'),(1155,1,'Added FaaBS training topic:Test topic 1',1617139754,'127.0.0.1','Mozilla/5.0 (X11; Ubuntu; Linux x86_64; rv:87.0) Gecko/20100101 Firefox/87.0'),(1156,1,'Added FaaBS training topic:Test topic 2',1617139792,'127.0.0.1','Mozilla/5.0 (X11; Ubuntu; Linux x86_64; rv:87.0) Gecko/20100101 Firefox/87.0'),(1157,1,'Added FaaBS training topic:Test topic 3',1617139812,'127.0.0.1','Mozilla/5.0 (X11; Ubuntu; Linux x86_64; rv:87.0) Gecko/20100101 Firefox/87.0'),(1158,1,'Update role User',1617140201,'127.0.0.1','Mozilla/5.0 (X11; Ubuntu; Linux x86_64; rv:87.0) Gecko/20100101 Firefox/87.0'),(1159,10,'Added training topics to FaaBS group:Come together Group',1617144097,'127.0.0.1','Mozilla/5.0 (X11; Ubuntu; Linux x86_64; rv:87.0) Gecko/20100101 Firefox/87.0'),(1160,10,'Added training topics to FaaBS group:FaaBS One',1617144123,'127.0.0.1','Mozilla/5.0 (X11; Ubuntu; Linux x86_64; rv:87.0) Gecko/20100101 Firefox/87.0'),(1161,10,'Added training topics to FaaBS group:FaaBS One',1617144171,'127.0.0.1','Mozilla/5.0 (X11; Ubuntu; Linux x86_64; rv:87.0) Gecko/20100101 Firefox/87.0'),(1162,10,'Added training topics to FaaBS group:FaaBS One',1617178157,'127.0.0.1','Mozilla/5.0 (X11; Ubuntu; Linux x86_64; rv:87.0) Gecko/20100101 Firefox/87.0'),(1163,10,'Downloaded category A Farmer registration form',1617178398,'127.0.0.1','Mozilla/5.0 (X11; Ubuntu; Linux x86_64; rv:87.0) Gecko/20100101 Firefox/87.0'),(1164,10,'Downloaded FaaBS training attendance sheet',1617178547,'127.0.0.1','Mozilla/5.0 (X11; Ubuntu; Linux x86_64; rv:87.0) Gecko/20100101 Firefox/87.0'),(1165,1,'Added FaaBS training topic:test topic',1617178780,'127.0.0.1','Mozilla/5.0 (X11; Ubuntu; Linux x86_64; rv:87.0) Gecko/20100101 Firefox/87.0'),(1166,10,'Submitted a back to office report for review',1617178995,'127.0.0.1','Mozilla/5.0 (X11; Ubuntu; Linux x86_64; rv:87.0) Gecko/20100101 Firefox/87.0'),(1167,1,'Updated BtOR report\'s status to \'Accepted\'',1617179107,'127.0.0.1','Mozilla/5.0 (X11; Ubuntu; Linux x86_64; rv:87.0) Gecko/20100101 Firefox/87.0'),(1168,10,'Added Camp two camp planned activity for month March',1617179520,'127.0.0.1','Mozilla/5.0 (X11; Ubuntu; Linux x86_64; rv:87.0) Gecko/20100101 Firefox/87.0'),(1169,1,'Update role User',1617179801,'127.0.0.1','Mozilla/5.0 (X11; Ubuntu; Linux x86_64; rv:87.0) Gecko/20100101 Firefox/87.0'),(1170,10,'Downloaded category A Farmer registration form',1617181961,'127.0.0.1','Mozilla/5.0 (X11; Ubuntu; Linux x86_64; rv:87.0) Gecko/20100101 Firefox/87.0'),(1171,10,'Downloaded FaaBS training attendance sheet',1617181991,'127.0.0.1','Mozilla/5.0 (X11; Ubuntu; Linux x86_64; rv:87.0) Gecko/20100101 Firefox/87.0'),(1172,10,'Added training topics to FaaBS group:FaaBS One',1617189554,'127.0.0.1','Mozilla/5.0 (X11; Ubuntu; Linux x86_64; rv:87.0) Gecko/20100101 Firefox/87.0'),(1173,10,'Added training topics to FaaBS group:Come together Group',1617189662,'127.0.0.1','Mozilla/5.0 (X11; Ubuntu; Linux x86_64; rv:87.0) Gecko/20100101 Firefox/87.0'),(1174,10,'Updated training topics for FaaBS group:Come together Group',1617189833,'127.0.0.1','Mozilla/5.0 (X11; Ubuntu; Linux x86_64; rv:87.0) Gecko/20100101 Firefox/87.0'),(1175,10,'Added training topics to FaaBS group:FaaBS One',1617189845,'127.0.0.1','Mozilla/5.0 (X11; Ubuntu; Linux x86_64; rv:87.0) Gecko/20100101 Firefox/87.0'),(1176,10,'Updated training topics for FaaBS group:FaaBS One',1617189850,'127.0.0.1','Mozilla/5.0 (X11; Ubuntu; Linux x86_64; rv:87.0) Gecko/20100101 Firefox/87.0'),(1177,1,'Update role Administrator',1617265428,'127.0.0.1','Mozilla/5.0 (X11; Ubuntu; Linux x86_64; rv:87.0) Gecko/20100101 Firefox/87.0'),(1178,1,'Update role Administrator',1617265461,'127.0.0.1','Mozilla/5.0 (X11; Ubuntu; Linux x86_64; rv:87.0) Gecko/20100101 Firefox/87.0'),(1179,1,'Update role Administrator',1617266211,'127.0.0.1','Mozilla/5.0 (X11; Ubuntu; Linux x86_64; rv:87.0) Gecko/20100101 Firefox/87.0'),(1180,1,'Update role Administrator',1617266261,'127.0.0.1','Mozilla/5.0 (X11; Ubuntu; Linux x86_64; rv:87.0) Gecko/20100101 Firefox/87.0'),(1181,10,'Updated training topics for FaaBS group:Come together Group',1617810632,'127.0.0.1','Mozilla/5.0 (X11; Ubuntu; Linux x86_64; rv:87.0) Gecko/20100101 Firefox/87.0'),(1182,10,'Updated FaaBS training attendance record for farmer:Mrs.First   Last name. The training took place on:2021-07-21',1618395917,'127.0.0.1','Mozilla/5.0 (X11; Ubuntu; Linux x86_64; rv:87.0) Gecko/20100101 Firefox/87.0'),(1183,10,'Updated FaaBS training attendance record for farmer:Mrs.First   Last name. The training took place on:2021-07-21',1618395928,'127.0.0.1','Mozilla/5.0 (X11; Ubuntu; Linux x86_64; rv:87.0) Gecko/20100101 Firefox/87.0'),(1184,10,'Updated FaaBS training attendance record for farmer:Mr.Francis  test. The training took place on:2019-10-21',1618396599,'127.0.0.1','Mozilla/5.0 (X11; Ubuntu; Linux x86_64; rv:87.0) Gecko/20100101 Firefox/87.0'),(1185,10,'Updated FaaBS training attendance record for farmer:Mr.Francis  test. The training took place on:2019-10-21',1618396611,'127.0.0.1','Mozilla/5.0 (X11; Ubuntu; Linux x86_64; rv:87.0) Gecko/20100101 Firefox/87.0'),(1186,10,'Updated FaaBS training attendance record for farmer:Mr.Francis  test. The training took place on:2019-10-21',1618396674,'127.0.0.1','Mozilla/5.0 (X11; Ubuntu; Linux x86_64; rv:87.0) Gecko/20100101 Firefox/87.0'),(1187,10,'Updated FaaBS training attendance record for farmer:Mr.Francis  test. The training took place on:2019-10-21',1618396710,'127.0.0.1','Mozilla/5.0 (X11; Ubuntu; Linux x86_64; rv:87.0) Gecko/20100101 Firefox/87.0'),(1188,10,'Added FaaBS training attendance record for farmer:Mr.Francis  Chulu. The training took place on:2021-04-06',1618397385,'127.0.0.1','Mozilla/5.0 (X11; Ubuntu; Linux x86_64; rv:87.0) Gecko/20100101 Firefox/87.0'),(1189,10,'Updated FaaBS training attendance record for farmer:Mr.Francis  Chulu. The training took place on:2021-04-06',1618398280,'127.0.0.1','Mozilla/5.0 (X11; Ubuntu; Linux x86_64; rv:87.0) Gecko/20100101 Firefox/87.0'),(1190,10,'Updated FaaBS training attendance record for farmer:Mr.Francis  Chulu. The training took place on:2021-04-06',1618398299,'127.0.0.1','Mozilla/5.0 (X11; Ubuntu; Linux x86_64; rv:87.0) Gecko/20100101 Firefox/87.0'),(1191,10,'Updated FaaBS training attendance record for farmer:Mr.Francis  Chulu. The training took place on:2021-04-06',1618398329,'127.0.0.1','Mozilla/5.0 (X11; Ubuntu; Linux x86_64; rv:87.0) Gecko/20100101 Firefox/87.0'),(1192,10,'Added Camp three camp planned activity for month March',1618423738,'127.0.0.1','Mozilla/5.0 (X11; Ubuntu; Linux x86_64; rv:87.0) Gecko/20100101 Firefox/87.0'),(1193,10,'Downloaded FaaBS training attendance sheet',1618915366,'127.0.0.1','Mozilla/5.0 (X11; Ubuntu; Linux x86_64; rv:87.0) Gecko/20100101 Firefox/87.0'),(1194,10,'Downloaded FaaBS training attendance sheet',1618915369,'127.0.0.1','Mozilla/5.0 (X11; Ubuntu; Linux x86_64; rv:87.0) Gecko/20100101 Firefox/87.0'),(1195,10,'Downloaded FaaBS training attendance sheet',1618915379,'127.0.0.1','Mozilla/5.0 (X11; Ubuntu; Linux x86_64; rv:87.0) Gecko/20100101 Firefox/87.0'),(1196,10,'Downloaded FaaBS training attendance sheet',1618915381,'127.0.0.1','Mozilla/5.0 (X11; Ubuntu; Linux x86_64; rv:87.0) Gecko/20100101 Firefox/87.0'),(1197,10,'Downloaded FaaBS training attendance sheet',1618915382,'127.0.0.1','Mozilla/5.0 (X11; Ubuntu; Linux x86_64; rv:87.0) Gecko/20100101 Firefox/87.0'),(1198,10,'Downloaded FaaBS training attendance sheet',1618915382,'127.0.0.1','Mozilla/5.0 (X11; Ubuntu; Linux x86_64; rv:87.0) Gecko/20100101 Firefox/87.0'),(1199,10,'Downloaded FaaBS training attendance sheet',1618915382,'127.0.0.1','Mozilla/5.0 (X11; Ubuntu; Linux x86_64; rv:87.0) Gecko/20100101 Firefox/87.0'),(1200,10,'Downloaded FaaBS training attendance sheet',1618915438,'127.0.0.1','Mozilla/5.0 (X11; Ubuntu; Linux x86_64; rv:87.0) Gecko/20100101 Firefox/87.0'),(1201,10,'Downloaded category A Farmer registration form',1618915518,'127.0.0.1','Mozilla/5.0 (X11; Ubuntu; Linux x86_64; rv:87.0) Gecko/20100101 Firefox/87.0'),(1202,10,'Downloaded Story of change interview guide template',1618915527,'127.0.0.1','Mozilla/5.0 (X11; Ubuntu; Linux x86_64; rv:87.0) Gecko/20100101 Firefox/87.0'),(1203,10,'Downloaded FaaBS training attendance sheet',1618915611,'127.0.0.1','Mozilla/5.0 (X11; Ubuntu; Linux x86_64; rv:87.0) Gecko/20100101 Firefox/87.0'),(1204,10,'Downloaded FaaBS training attendance sheet',1618916425,'127.0.0.1','Mozilla/5.0 (X11; Ubuntu; Linux x86_64; rv:87.0) Gecko/20100101 Firefox/87.0'),(1205,10,'Downloaded FaaBS training attendance sheet',1618916468,'127.0.0.1','Mozilla/5.0 (X11; Ubuntu; Linux x86_64; rv:87.0) Gecko/20100101 Firefox/87.0'),(1206,10,'Downloaded FaaBS training attendance sheet',1618916490,'127.0.0.1','Mozilla/5.0 (X11; Ubuntu; Linux x86_64; rv:87.0) Gecko/20100101 Firefox/87.0'),(1207,10,'Downloaded FaaBS training attendance sheet',1618916534,'127.0.0.1','Mozilla/5.0 (X11; Ubuntu; Linux x86_64; rv:87.0) Gecko/20100101 Firefox/87.0'),(1208,10,'Downloaded FaaBS training attendance sheet',1618916594,'127.0.0.1','Mozilla/5.0 (X11; Ubuntu; Linux x86_64; rv:87.0) Gecko/20100101 Firefox/87.0'),(1209,10,'Downloaded FaaBS training attendance sheet',1618916633,'127.0.0.1','Mozilla/5.0 (X11; Ubuntu; Linux x86_64; rv:87.0) Gecko/20100101 Firefox/87.0'),(1210,10,'Downloaded FaaBS training attendance sheet',1618916747,'127.0.0.1','Mozilla/5.0 (X11; Ubuntu; Linux x86_64; rv:87.0) Gecko/20100101 Firefox/87.0'),(1211,10,'Downloaded FaaBS training attendance sheet',1618917083,'127.0.0.1','Mozilla/5.0 (X11; Ubuntu; Linux x86_64; rv:87.0) Gecko/20100101 Firefox/87.0'),(1212,10,'Downloaded FaaBS training attendance sheet',1618917101,'127.0.0.1','Mozilla/5.0 (X11; Ubuntu; Linux x86_64; rv:87.0) Gecko/20100101 Firefox/87.0'),(1213,10,'Added FaaBS training attendance record for farmer:Mr.Francis  Chulu. The training took place on:2021-04-12',1618917211,'127.0.0.1','Mozilla/5.0 (X11; Ubuntu; Linux x86_64; rv:87.0) Gecko/20100101 Firefox/87.0'),(1214,10,'Downloaded FaaBS training attendance sheet',1618917234,'127.0.0.1','Mozilla/5.0 (X11; Ubuntu; Linux x86_64; rv:87.0) Gecko/20100101 Firefox/87.0'),(1215,1,'Downloaded FaaBS training attendance sheet',1618917282,'127.0.0.1','Mozilla/5.0 (X11; Ubuntu; Linux x86_64; rv:87.0) Gecko/20100101 Firefox/87.0'),(1216,1,'Downloaded FaaBS training attendance sheet',1618918051,'127.0.0.1','Mozilla/5.0 (X11; Ubuntu; Linux x86_64; rv:87.0) Gecko/20100101 Firefox/87.0'),(1217,10,'Downloaded Story of change interview guide template',1618996389,'127.0.0.1','Mozilla/5.0 (X11; Ubuntu; Linux x86_64; rv:87.0) Gecko/20100101 Firefox/87.0'),(1218,10,'Added story of change: From subsistence to commercial farming test',1618996486,'127.0.0.1','Mozilla/5.0 (X11; Ubuntu; Linux x86_64; rv:87.0) Gecko/20100101 Firefox/87.0'),(1219,10,'Updated introduction for story of change: From subsistence to commercial farming test',1618996525,'127.0.0.1','Mozilla/5.0 (X11; Ubuntu; Linux x86_64; rv:87.0) Gecko/20100101 Firefox/87.0'),(1220,10,'Updated challenges for story of change: From subsistence to commercial farming test',1618996530,'127.0.0.1','Mozilla/5.0 (X11; Ubuntu; Linux x86_64; rv:87.0) Gecko/20100101 Firefox/87.0'),(1221,10,'Updated actions for story of change: From subsistence to commercial farming test',1618996540,'127.0.0.1','Mozilla/5.0 (X11; Ubuntu; Linux x86_64; rv:87.0) Gecko/20100101 Firefox/87.0'),(1222,10,'Updated results for story of change: From subsistence to commercial farming test',1618996549,'127.0.0.1','Mozilla/5.0 (X11; Ubuntu; Linux x86_64; rv:87.0) Gecko/20100101 Firefox/87.0'),(1223,10,'Updated conclusions for story of change: From subsistence to commercial farming test',1618996557,'127.0.0.1','Mozilla/5.0 (X11; Ubuntu; Linux x86_64; rv:87.0) Gecko/20100101 Firefox/87.0'),(1224,10,'Updated sequel for story of change: From subsistence to commercial farming test',1618996564,'127.0.0.1','Mozilla/5.0 (X11; Ubuntu; Linux x86_64; rv:87.0) Gecko/20100101 Firefox/87.0'),(1225,10,'Submitted story of change: \'From subsistence to commercial farming test\' for review',1618996647,'127.0.0.1','Mozilla/5.0 (X11; Ubuntu; Linux x86_64; rv:87.0) Gecko/20100101 Firefox/87.0'),(1226,1,'Updated story of change: \'From subsistence to commercial farming test\'s status to \'Accepted\'',1618996726,'127.0.0.1','Mozilla/5.0 (X11; Ubuntu; Linux x86_64; rv:87.0) Gecko/20100101 Firefox/87.0'),(1227,1,'Added story of change article',1618996769,'127.0.0.1','Mozilla/5.0 (X11; Ubuntu; Linux x86_64; rv:87.0) Gecko/20100101 Firefox/87.0'),(1228,10,'Updated training topics for FaaBS group:Come together Group',1618996885,'127.0.0.1','Mozilla/5.0 (X11; Ubuntu; Linux x86_64; rv:87.0) Gecko/20100101 Firefox/87.0'),(1229,10,'Downloaded FaaBS training attendance sheet',1618996961,'127.0.0.1','Mozilla/5.0 (X11; Ubuntu; Linux x86_64; rv:87.0) Gecko/20100101 Firefox/87.0'),(1230,1,'Created role Test 2',1619185146,'::1','Mozilla/5.0 (X11; Linux x86_64) AppleWebKit/537.36 (KHTML, like Gecko) Chrome/88.0.4324.96 Safari/537.36');
/*!40000 ALTER TABLE `audit_trail` ENABLE KEYS */;
UNLOCK TABLES;

INSERT INTO `audit_trail` (`id`, `user`, `action`, `date`, `ip_address`, `user_agent`) VALUES
(58, 1, 'Viewed audit trail logs', 1607168395, '155.0.76.2', 'Mozilla/5.0 (X11; Ubuntu; Linux x86_64; rv:83.0) Gecko/20100101 Firefox/83.0'),
(59, 1, 'Viewed audit trail logs', 1607168415, '127.0.0.1', 'Mozilla/5.0 (X11; Ubuntu; Linux x86_64; rv:83.0) Gecko/20100101 Firefox/83.0'),
(60, 1, 'Viewed audit trail logs', 1607168543, '127.0.0.1', 'Mozilla/5.0 (X11; Ubuntu; Linux x86_64; rv:83.0) Gecko/20100101 Firefox/83.0'),
(61, 1, 'Viewed audit trail logs', 1607168553, '127.0.0.1', 'Mozilla/5.0 (X11; Ubuntu; Linux x86_64; rv:83.0) Gecko/20100101 Firefox/83.0'),
(62, 1, 'Viewed audit trail logs', 1607168580, '127.0.0.1', 'Mozilla/5.0 (X11; Ubuntu; Linux x86_64; rv:83.0) Gecko/20100101 Firefox/83.0'),
(63, 1, 'Viewed audit trail logs', 1607168719, '127.0.0.1', 'Mozilla/5.0 (X11; Ubuntu; Linux x86_64; rv:83.0) Gecko/20100101 Firefox/83.0'),
(64, 1, 'Viewed audit trail logs', 1607168791, '127.0.0.1', 'Mozilla/5.0 (X11; Ubuntu; Linux x86_64; rv:83.0) Gecko/20100101 Firefox/83.0'),
(65, 1, 'Viewed audit trail logs', 1607168812, '127.0.0.1', 'Mozilla/5.0 (X11; Ubuntu; Linux x86_64; rv:83.0) Gecko/20100101 Firefox/83.0'),
(66, 1, 'Viewed audit trail logs', 1607168819, '127.0.0.1', 'Mozilla/5.0 (X11; Ubuntu; Linux x86_64; rv:83.0) Gecko/20100101 Firefox/83.0'),
(67, 1, 'Viewed audit trail logs', 1607168825, '127.0.0.1', 'Mozilla/5.0 (X11; Ubuntu; Linux x86_64; rv:83.0) Gecko/20100101 Firefox/83.0'),
(68, 1, 'Viewed audit trail logs', 1607168834, '127.0.0.1', 'Mozilla/5.0 (X11; Ubuntu; Linux x86_64; rv:83.0) Gecko/20100101 Firefox/83.0'),
(69, 1, 'Viewed audit trail logs', 1607168843, '127.0.0.1', 'Mozilla/5.0 (X11; Ubuntu; Linux x86_64; rv:83.0) Gecko/20100101 Firefox/83.0'),
(70, 1, 'Viewed audit trail logs', 1607168852, '127.0.0.1', 'Mozilla/5.0 (X11; Ubuntu; Linux x86_64; rv:83.0) Gecko/20100101 Firefox/83.0'),
(71, 1, 'Viewed audit trail logs', 1607168885, '127.0.0.1', 'Mozilla/5.0 (X11; Ubuntu; Linux x86_64; rv:83.0) Gecko/20100101 Firefox/83.0'),
(72, 1, 'Viewed audit trail logs', 1607168898, '127.0.0.1', 'Mozilla/5.0 (X11; Ubuntu; Linux x86_64; rv:83.0) Gecko/20100101 Firefox/83.0'),
(73, 1, 'Viewed audit trail logs', 1607168908, '127.0.0.1', 'Mozilla/5.0 (X11; Ubuntu; Linux x86_64; rv:83.0) Gecko/20100101 Firefox/83.0'),
(74, 1, 'Viewed audit trail logs', 1607168957, '127.0.0.1', 'Mozilla/5.0 (X11; Ubuntu; Linux x86_64; rv:83.0) Gecko/20100101 Firefox/83.0'),
(75, 1, 'Viewed audit trail logs', 1607169080, '127.0.0.1', 'Mozilla/5.0 (X11; Ubuntu; Linux x86_64; rv:83.0) Gecko/20100101 Firefox/83.0'),
(76, 1, 'Viewed audit trail logs', 1607169095, '127.0.0.1', 'Mozilla/5.0 (X11; Ubuntu; Linux x86_64; rv:83.0) Gecko/20100101 Firefox/83.0'),
(77, 1, 'Viewed audit trail logs', 1607169261, '127.0.0.1', 'Mozilla/5.0 (X11; Ubuntu; Linux x86_64; rv:83.0) Gecko/20100101 Firefox/83.0'),
(78, 1, 'Viewed audit trail logs', 1607169277, '127.0.0.1', 'Mozilla/5.0 (X11; Ubuntu; Linux x86_64; rv:83.0) Gecko/20100101 Firefox/83.0'),
(79, 1, 'Viewed audit trail logs', 1607169297, '127.0.0.1', 'Mozilla/5.0 (X11; Ubuntu; Linux x86_64; rv:83.0) Gecko/20100101 Firefox/83.0'),
(80, 1, 'Viewed audit trail logs', 1607169312, '127.0.0.1', 'Mozilla/5.0 (X11; Ubuntu; Linux x86_64; rv:83.0) Gecko/20100101 Firefox/83.0'),
(81, 1, 'Viewed audit trail logs', 1607169431, '127.0.0.1', 'Mozilla/5.0 (X11; Ubuntu; Linux x86_64; rv:83.0) Gecko/20100101 Firefox/83.0'),
(82, 1, 'Viewed audit trail logs', 1607169443, '127.0.0.1', 'Mozilla/5.0 (X11; Ubuntu; Linux x86_64; rv:83.0) Gecko/20100101 Firefox/83.0'),
(83, 1, 'Viewed audit trail logs', 1607169458, '127.0.0.1', 'Mozilla/5.0 (X11; Ubuntu; Linux x86_64; rv:83.0) Gecko/20100101 Firefox/83.0'),
(84, 1, 'Viewed audit trail logs', 1607169473, '127.0.0.1', 'Mozilla/5.0 (X11; Ubuntu; Linux x86_64; rv:83.0) Gecko/20100101 Firefox/83.0'),
(85, 1, 'Viewed audit trail logs', 1607169486, '127.0.0.1', 'Mozilla/5.0 (X11; Ubuntu; Linux x86_64; rv:83.0) Gecko/20100101 Firefox/83.0'),
(86, 1, 'Viewed audit trail logs', 1607169500, '127.0.0.1', 'Mozilla/5.0 (X11; Ubuntu; Linux x86_64; rv:83.0) Gecko/20100101 Firefox/83.0'),
(87, 1, 'Viewed audit trail logs', 1607169510, '127.0.0.1', 'Mozilla/5.0 (X11; Ubuntu; Linux x86_64; rv:83.0) Gecko/20100101 Firefox/83.0'),
(88, 1, 'Viewed audit trail logs', 1607169576, '127.0.0.1', 'Mozilla/5.0 (X11; Ubuntu; Linux x86_64; rv:83.0) Gecko/20100101 Firefox/83.0'),
(89, 1, 'Viewed audit trail logs', 1607169586, '127.0.0.1', 'Mozilla/5.0 (X11; Ubuntu; Linux x86_64; rv:83.0) Gecko/20100101 Firefox/83.0'),
(90, 1, 'Viewed audit trail logs', 1607169640, '127.0.0.1', 'Mozilla/5.0 (X11; Ubuntu; Linux x86_64; rv:83.0) Gecko/20100101 Firefox/83.0'),
(91, 1, 'Viewed audit trail logs', 1607169794, '127.0.0.1', 'Mozilla/5.0 (X11; Ubuntu; Linux x86_64; rv:83.0) Gecko/20100101 Firefox/83.0'),
(92, 1, 'Viewed audit trail logs', 1607169819, '127.0.0.1', 'Mozilla/5.0 (X11; Ubuntu; Linux x86_64; rv:83.0) Gecko/20100101 Firefox/83.0'),
(93, 1, 'Viewed audit trail logs', 1607169833, '127.0.0.1', 'Mozilla/5.0 (X11; Ubuntu; Linux x86_64; rv:83.0) Gecko/20100101 Firefox/83.0'),
(94, 1, 'Viewed audit trail logs', 1607170072, '127.0.0.1', 'Mozilla/5.0 (X11; Ubuntu; Linux x86_64; rv:83.0) Gecko/20100101 Firefox/83.0'),
(95, 1, 'Viewed audit trail logs', 1607170082, '127.0.0.1', 'Mozilla/5.0 (X11; Ubuntu; Linux x86_64; rv:83.0) Gecko/20100101 Firefox/83.0'),
(96, 1, 'Viewed audit trail logs', 1607170134, '127.0.0.1', 'Mozilla/5.0 (X11; Ubuntu; Linux x86_64; rv:83.0) Gecko/20100101 Firefox/83.0'),
(97, 1, 'Viewed audit trail logs', 1607170138, '127.0.0.1', 'Mozilla/5.0 (X11; Ubuntu; Linux x86_64; rv:83.0) Gecko/20100101 Firefox/83.0'),
(98, 1, 'Viewed audit trail logs', 1607170193, '127.0.0.1', 'Mozilla/5.0 (X11; Ubuntu; Linux x86_64; rv:83.0) Gecko/20100101 Firefox/83.0'),
(99, 1, 'Viewed audit trail logs', 1607170201, '127.0.0.1', 'Mozilla/5.0 (X11; Ubuntu; Linux x86_64; rv:83.0) Gecko/20100101 Firefox/83.0'),
(100, 1, 'Viewed audit trail logs', 1607170207, '127.0.0.1', 'Mozilla/5.0 (X11; Ubuntu; Linux x86_64; rv:83.0) Gecko/20100101 Firefox/83.0'),
(101, 1, 'Viewed audit trail logs', 1607170219, '127.0.0.1', 'Mozilla/5.0 (X11; Ubuntu; Linux x86_64; rv:83.0) Gecko/20100101 Firefox/83.0'),
(102, 1, 'Viewed audit trail logs', 1607170226, '127.0.0.1', 'Mozilla/5.0 (X11; Ubuntu; Linux x86_64; rv:83.0) Gecko/20100101 Firefox/83.0'),
(103, 1, 'Viewed audit trail logs', 1607170235, '127.0.0.1', 'Mozilla/5.0 (X11; Ubuntu; Linux x86_64; rv:83.0) Gecko/20100101 Firefox/83.0'),
(104, 1, 'Viewed audit trail logs', 1607170267, '127.0.0.1', 'Mozilla/5.0 (X11; Ubuntu; Linux x86_64; rv:83.0) Gecko/20100101 Firefox/83.0'),
(105, 1, 'Viewed audit trail logs', 1607170296, '127.0.0.1', 'Mozilla/5.0 (X11; Ubuntu; Linux x86_64; rv:83.0) Gecko/20100101 Firefox/83.0'),
(106, 1, 'Viewed audit trail logs', 1607170312, '127.0.0.1', 'Mozilla/5.0 (X11; Ubuntu; Linux x86_64; rv:83.0) Gecko/20100101 Firefox/83.0'),
(107, 1, 'Blocked user account with email:test@unza.zm', 1607186598, '127.0.0.1', 'Mozilla/5.0 (X11; Ubuntu; Linux x86_64; rv:83.0) Gecko/20100101 Firefox/83.0'),
(108, 1, 'Viewed audit trail logs', 1607186600, '127.0.0.1', 'Mozilla/5.0 (X11; Ubuntu; Linux x86_64; rv:83.0) Gecko/20100101 Firefox/83.0'),
(109, 1, 'Blocked user account with email:test@unza.zm', 1607186622, '127.0.0.1', 'Mozilla/5.0 (X11; Ubuntu; Linux x86_64; rv:83.0) Gecko/20100101 Firefox/83.0'),
(110, 1, 'Viewed audit trail logs', 1607186624, '127.0.0.1', 'Mozilla/5.0 (X11; Ubuntu; Linux x86_64; rv:83.0) Gecko/20100101 Firefox/83.0'),
(111, 1, 'Viewed audit trail logs', 1607186682, '127.0.0.1', 'Mozilla/5.0 (X11; Ubuntu; Linux x86_64; rv:83.0) Gecko/20100101 Firefox/83.0'),
(112, 1, 'Blocked user account with email:test@unza.zm', 1607186690, '127.0.0.1', 'Mozilla/5.0 (X11; Ubuntu; Linux x86_64; rv:83.0) Gecko/20100101 Firefox/83.0'),
(113, 1, 'Viewed audit trail logs', 1607186692, '127.0.0.1', 'Mozilla/5.0 (X11; Ubuntu; Linux x86_64; rv:83.0) Gecko/20100101 Firefox/83.0'),
(114, 1, 'Blocked user account with email:test@unza.zm', 1607186703, '127.0.0.1', 'Mozilla/5.0 (X11; Ubuntu; Linux x86_64; rv:83.0) Gecko/20100101 Firefox/83.0'),
(115, 1, 'Viewed audit trail logs', 1607186704, '127.0.0.1', 'Mozilla/5.0 (X11; Ubuntu; Linux x86_64; rv:83.0) Gecko/20100101 Firefox/83.0'),
(116, 1, 'Blocked user account with email:test@unza.zm', 1607186731, '127.0.0.1', 'Mozilla/5.0 (X11; Ubuntu; Linux x86_64; rv:83.0) Gecko/20100101 Firefox/83.0'),
(117, 1, 'Viewed audit trail logs', 1607186733, '127.0.0.1', 'Mozilla/5.0 (X11; Ubuntu; Linux x86_64; rv:83.0) Gecko/20100101 Firefox/83.0'),
(118, 1, 'Activate user account with email:test@unza.zm', 1607186786, '127.0.0.1', 'Mozilla/5.0 (X11; Ubuntu; Linux x86_64; rv:83.0) Gecko/20100101 Firefox/83.0'),
(119, 1, 'Viewed audit trail logs', 1607186787, '127.0.0.1', 'Mozilla/5.0 (X11; Ubuntu; Linux x86_64; rv:83.0) Gecko/20100101 Firefox/83.0'),
(120, 1, 'Update role Administrator', 1607186989, '127.0.0.1', 'Mozilla/5.0 (X11; Ubuntu; Linux x86_64; rv:83.0) Gecko/20100101 Firefox/83.0'),
(121, 1, 'Viewed audit trail logs', 1607186991, '127.0.0.1', 'Mozilla/5.0 (X11; Ubuntu; Linux x86_64; rv:83.0) Gecko/20100101 Firefox/83.0'),
(122, 1, 'Update role Administrator', 1607187108, '127.0.0.1', 'Mozilla/5.0 (X11; Ubuntu; Linux x86_64; rv:83.0) Gecko/20100101 Firefox/83.0'),
(123, 1, 'Update profile details ', 1607187362, '127.0.0.1', 'Mozilla/5.0 (X11; Ubuntu; Linux x86_64; rv:83.0) Gecko/20100101 Firefox/83.0'),
(124, 1, 'Viewed audit trail logs', 1607187365, '127.0.0.1', 'Mozilla/5.0 (X11; Ubuntu; Linux x86_64; rv:83.0) Gecko/20100101 Firefox/83.0'),
(125, 1, 'Updated user details with email: test1@unza.zm', 1607242404, '127.0.0.1', 'Mozilla/5.0 (X11; Ubuntu; Linux x86_64; rv:83.0) Gecko/20100101 Firefox/83.0'),
(126, 1, 'Viewed audit trail logs', 1607242508, '127.0.0.1', 'Mozilla/5.0 (X11; Ubuntu; Linux x86_64; rv:83.0) Gecko/20100101 Firefox/83.0'),
(127, 1, 'Update role Administrator', 1607245883, '127.0.0.1', 'Mozilla/5.0 (X11; Ubuntu; Linux x86_64; rv:83.0) Gecko/20100101 Firefox/83.0'),
(128, 1, 'Viewed audit trail logs', 1607247209, '127.0.0.1', 'Mozilla/5.0 (X11; Ubuntu; Linux x86_64; rv:83.0) Gecko/20100101 Firefox/83.0'),
(129, 1, 'updated province name from Central to Central', 1607247603, '127.0.0.1', 'Mozilla/5.0 (X11; Ubuntu; Linux x86_64; rv:83.0) Gecko/20100101 Firefox/83.0'),
(130, 1, 'Viewed audit trail logs', 1607247606, '127.0.0.1', 'Mozilla/5.0 (X11; Ubuntu; Linux x86_64; rv:83.0) Gecko/20100101 Firefox/83.0'),
(131, 1, 'Viewed audit trail logs', 1607247641, '127.0.0.1', 'Mozilla/5.0 (X11; Ubuntu; Linux x86_64; rv:83.0) Gecko/20100101 Firefox/83.0'),
(132, 1, 'Viewed audit trail logs', 1607247648, '127.0.0.1', 'Mozilla/5.0 (X11; Ubuntu; Linux x86_64; rv:83.0) Gecko/20100101 Firefox/83.0'),
(133, 1, 'Viewed audit trail logs', 1607247676, '127.0.0.1', 'Mozilla/5.0 (X11; Ubuntu; Linux x86_64; rv:83.0) Gecko/20100101 Firefox/83.0'),
(134, 1, 'updated province name from Central to Central1', 1607247693, '127.0.0.1', 'Mozilla/5.0 (X11; Ubuntu; Linux x86_64; rv:83.0) Gecko/20100101 Firefox/83.0'),
(135, 1, 'Viewed audit trail logs', 1607247695, '127.0.0.1', 'Mozilla/5.0 (X11; Ubuntu; Linux x86_64; rv:83.0) Gecko/20100101 Firefox/83.0'),
(136, 1, 'updated province name from Central1 to Central', 1607247704, '127.0.0.1', 'Mozilla/5.0 (X11; Ubuntu; Linux x86_64; rv:83.0) Gecko/20100101 Firefox/83.0'),
(137, 1, 'Removed province Test from the system.', 1607249537, '127.0.0.1', 'Mozilla/5.0 (X11; Ubuntu; Linux x86_64; rv:83.0) Gecko/20100101 Firefox/83.0'),
(138, 1, 'Update role Administrator', 1607251235, '127.0.0.1', 'Mozilla/5.0 (X11; Ubuntu; Linux x86_64; rv:83.0) Gecko/20100101 Firefox/83.0'),
(139, 1, 'Udated district name from Chisamba to Chisamba1', 1607251926, '127.0.0.1', 'Mozilla/5.0 (X11; Ubuntu; Linux x86_64; rv:83.0) Gecko/20100101 Firefox/83.0'),
(140, 1, 'Udated district name from Chisamba1 to Chisamba', 1607251931, '127.0.0.1', 'Mozilla/5.0 (X11; Ubuntu; Linux x86_64; rv:83.0) Gecko/20100101 Firefox/83.0'),
(141, 1, 'Removed district test from the system.', 1607252512, '127.0.0.1', 'Mozilla/5.0 (X11; Ubuntu; Linux x86_64; rv:83.0) Gecko/20100101 Firefox/83.0'),
(142, 1, 'Removed district test from the system.', 1607252524, '127.0.0.1', 'Mozilla/5.0 (X11; Ubuntu; Linux x86_64; rv:83.0) Gecko/20100101 Firefox/83.0'),
(143, 1, 'Updated district name from test to Masaiti', 1607252777, '127.0.0.1', 'Mozilla/5.0 (X11; Ubuntu; Linux x86_64; rv:83.0) Gecko/20100101 Firefox/83.0'),
(144, 1, 'Removed district test from the system.', 1607252791, '127.0.0.1', 'Mozilla/5.0 (X11; Ubuntu; Linux x86_64; rv:83.0) Gecko/20100101 Firefox/83.0'),
(145, 1, 'Updated camp name from Camp 1 to Camp tes', 1607253365, '127.0.0.1', 'Mozilla/5.0 (X11; Ubuntu; Linux x86_64; rv:83.0) Gecko/20100101 Firefox/83.0'),
(146, 1, 'Updated camp name from Camp tes to Camp test', 1607253369, '127.0.0.1', 'Mozilla/5.0 (X11; Ubuntu; Linux x86_64; rv:83.0) Gecko/20100101 Firefox/83.0'),
(147, 1, 'Viewed audit trail logs', 1607253762, '127.0.0.1', 'Mozilla/5.0 (X11; Ubuntu; Linux x86_64; rv:83.0) Gecko/20100101 Firefox/83.0'),
(148, 1, 'Viewed audit trail logs', 1607253822, '127.0.0.1', 'Mozilla/5.0 (X11; Ubuntu; Linux x86_64; rv:83.0) Gecko/20100101 Firefox/83.0'),
(149, 1, 'Viewed audit trail logs', 1607253858, '127.0.0.1', 'Mozilla/5.0 (X11; Ubuntu; Linux x86_64; rv:83.0) Gecko/20100101 Firefox/83.0'),
(150, 1, 'Viewed audit trail logs', 1607253880, '127.0.0.1', 'Mozilla/5.0 (X11; Ubuntu; Linux x86_64; rv:83.0) Gecko/20100101 Firefox/83.0'),
(151, 1, 'Viewed audit trail logs', 1607259589, '127.0.0.1', 'Mozilla/5.0 (X11; Ubuntu; Linux x86_64; rv:83.0) Gecko/20100101 Firefox/83.0'),
(152, 1, 'Viewed audit trail logs', 1607259595, '127.0.0.1', 'Mozilla/5.0 (X11; Ubuntu; Linux x86_64; rv:83.0) Gecko/20100101 Firefox/83.0'),
(153, 1, 'Viewed audit trail logs', 1607259607, '127.0.0.1', 'Mozilla/5.0 (X11; Ubuntu; Linux x86_64; rv:83.0) Gecko/20100101 Firefox/83.0'),
(154, 1, 'Viewed audit trail logs', 1607259612, '127.0.0.1', 'Mozilla/5.0 (X11; Ubuntu; Linux x86_64; rv:83.0) Gecko/20100101 Firefox/83.0'),
(155, 1, 'Viewed audit trail logs', 1607259625, '127.0.0.1', 'Mozilla/5.0 (X11; Ubuntu; Linux x86_64; rv:83.0) Gecko/20100101 Firefox/83.0'),
(156, 1, 'Viewed audit trail logs', 1607259632, '127.0.0.1', 'Mozilla/5.0 (X11; Ubuntu; Linux x86_64; rv:83.0) Gecko/20100101 Firefox/83.0'),
(157, 1, 'Viewed audit trail logs', 1607259699, '127.0.0.1', 'Mozilla/5.0 (X11; Ubuntu; Linux x86_64; rv:83.0) Gecko/20100101 Firefox/83.0'),
(158, 1, 'Viewed audit trail logs', 1607259706, '127.0.0.1', 'Mozilla/5.0 (X11; Ubuntu; Linux x86_64; rv:83.0) Gecko/20100101 Firefox/83.0'),
(159, 1, 'Viewed audit trail logs', 1607259932, '127.0.0.1', 'Mozilla/5.0 (X11; Ubuntu; Linux x86_64; rv:83.0) Gecko/20100101 Firefox/83.0'),
(160, 1, 'Viewed audit trail logs', 1607260015, '127.0.0.1', 'Mozilla/5.0 (X11; Ubuntu; Linux x86_64; rv:83.0) Gecko/20100101 Firefox/83.0'),
(161, 1, 'Viewed audit trail logs', 1607260051, '127.0.0.1', 'Mozilla/5.0 (X11; Ubuntu; Linux x86_64; rv:83.0) Gecko/20100101 Firefox/83.0'),
(162, 1, 'Viewed audit trail logs', 1607260061, '127.0.0.1', 'Mozilla/5.0 (X11; Ubuntu; Linux x86_64; rv:83.0) Gecko/20100101 Firefox/83.0'),
(163, 1, 'Viewed audit trail logs', 1607260109, '127.0.0.1', 'Mozilla/5.0 (X11; Ubuntu; Linux x86_64; rv:83.0) Gecko/20100101 Firefox/83.0'),
(164, 1, 'Viewed audit trail logs', 1607260118, '127.0.0.1', 'Mozilla/5.0 (X11; Ubuntu; Linux x86_64; rv:83.0) Gecko/20100101 Firefox/83.0'),
(165, 1, 'Viewed audit trail logs', 1607260130, '127.0.0.1', 'Mozilla/5.0 (X11; Ubuntu; Linux x86_64; rv:83.0) Gecko/20100101 Firefox/83.0'),
(166, 1, 'Viewed audit trail logs', 1607260137, '127.0.0.1', 'Mozilla/5.0 (X11; Ubuntu; Linux x86_64; rv:83.0) Gecko/20100101 Firefox/83.0'),
(167, 1, 'Viewed audit trail logs', 1607260408, '127.0.0.1', 'Mozilla/5.0 (X11; Ubuntu; Linux x86_64; rv:83.0) Gecko/20100101 Firefox/83.0'),
(168, 1, 'Viewed audit trail logs', 1607260413, '127.0.0.1', 'Mozilla/5.0 (X11; Ubuntu; Linux x86_64; rv:83.0) Gecko/20100101 Firefox/83.0'),
(169, 1, 'Viewed audit trail logs', 1607260423, '127.0.0.1', 'Mozilla/5.0 (X11; Ubuntu; Linux x86_64; rv:83.0) Gecko/20100101 Firefox/83.0'),
(170, 1, 'Viewed audit trail logs', 1607260432, '127.0.0.1', 'Mozilla/5.0 (X11; Ubuntu; Linux x86_64; rv:83.0) Gecko/20100101 Firefox/83.0'),
(171, 1, 'Viewed audit trail logs', 1607260449, '127.0.0.1', 'Mozilla/5.0 (X11; Ubuntu; Linux x86_64; rv:83.0) Gecko/20100101 Firefox/83.0'),
(172, 1, 'Viewed audit trail logs', 1607260452, '127.0.0.1', 'Mozilla/5.0 (X11; Ubuntu; Linux x86_64; rv:83.0) Gecko/20100101 Firefox/83.0'),
(173, 1, 'Viewed audit trail logs', 1607260458, '127.0.0.1', 'Mozilla/5.0 (X11; Ubuntu; Linux x86_64; rv:83.0) Gecko/20100101 Firefox/83.0'),
(174, 1, 'Viewed audit trail logs', 1607260466, '127.0.0.1', 'Mozilla/5.0 (X11; Ubuntu; Linux x86_64; rv:83.0) Gecko/20100101 Firefox/83.0'),
(175, 1, 'Viewed audit trail logs', 1607260473, '127.0.0.1', 'Mozilla/5.0 (X11; Ubuntu; Linux x86_64; rv:83.0) Gecko/20100101 Firefox/83.0'),
(176, 1, 'Viewed audit trail logs', 1607260539, '127.0.0.1', 'Mozilla/5.0 (X11; Ubuntu; Linux x86_64; rv:83.0) Gecko/20100101 Firefox/83.0'),
(177, 1, 'Viewed audit trail logs', 1607260544, '127.0.0.1', 'Mozilla/5.0 (X11; Ubuntu; Linux x86_64; rv:83.0) Gecko/20100101 Firefox/83.0'),
(178, 1, 'Viewed audit trail logs', 1607260660, '127.0.0.1', 'Mozilla/5.0 (X11; Ubuntu; Linux x86_64; rv:83.0) Gecko/20100101 Firefox/83.0'),
(179, 1, 'Viewed audit trail logs', 1607260663, '127.0.0.1', 'Mozilla/5.0 (X11; Ubuntu; Linux x86_64; rv:83.0) Gecko/20100101 Firefox/83.0'),
(180, 1, 'Removed district Camp test from the system.', 1607262303, '127.0.0.1', 'Mozilla/5.0 (X11; Ubuntu; Linux x86_64; rv:83.0) Gecko/20100101 Firefox/83.0'),
(181, 1, 'Update role Administrator', 1607262806, '127.0.0.1', 'Mozilla/5.0 (X11; Ubuntu; Linux x86_64; rv:83.0) Gecko/20100101 Firefox/83.0'),
(182, 1, 'Added camp Camp 1', 1607263313, '127.0.0.1', 'Mozilla/5.0 (X11; Ubuntu; Linux x86_64; rv:83.0) Gecko/20100101 Firefox/83.0'),
(183, 1, 'Update role Administrator', 1607264609, '127.0.0.1', 'Mozilla/5.0 (X11; Ubuntu; Linux x86_64; rv:83.0) Gecko/20100101 Firefox/83.0'),
(184, 1, 'Added market Chisokone', 1607267413, '127.0.0.1', 'Mozilla/5.0 (X11; Ubuntu; Linux x86_64; rv:83.0) Gecko/20100101 Firefox/83.0'),
(185, 1, 'Added market Soweto', 1607267496, '127.0.0.1', 'Mozilla/5.0 (X11; Ubuntu; Linux x86_64; rv:83.0) Gecko/20100101 Firefox/83.0'),
(186, 1, 'Updated market name from Soweto to Chisokone', 1607267547, '127.0.0.1', 'Mozilla/5.0 (X11; Ubuntu; Linux x86_64; rv:83.0) Gecko/20100101 Firefox/83.0'),
(187, 1, 'Updated market name from Chisokone to Chisokone1', 1607267577, '127.0.0.1', 'Mozilla/5.0 (X11; Ubuntu; Linux x86_64; rv:83.0) Gecko/20100101 Firefox/83.0'),
(188, 1, 'Updated market name from Chisokone1 to Chisokone', 1607267581, '127.0.0.1', 'Mozilla/5.0 (X11; Ubuntu; Linux x86_64; rv:83.0) Gecko/20100101 Firefox/83.0'),
(189, 1, 'updated province name from Central to Central1', 1607362050, '127.0.0.1', 'Mozilla/5.0 (X11; Ubuntu; Linux x86_64; rv:83.0) Gecko/20100101 Firefox/83.0'),
(190, 1, 'updated province name from Central1 to Central', 1607362055, '127.0.0.1', 'Mozilla/5.0 (X11; Ubuntu; Linux x86_64; rv:83.0) Gecko/20100101 Firefox/83.0'),
(191, 1, 'Added province Test', 1607362059, '127.0.0.1', 'Mozilla/5.0 (X11; Ubuntu; Linux x86_64; rv:83.0) Gecko/20100101 Firefox/83.0'),
(192, 1, 'Removed province Test from the system.', 1607362063, '127.0.0.1', 'Mozilla/5.0 (X11; Ubuntu; Linux x86_64; rv:83.0) Gecko/20100101 Firefox/83.0'),
(193, 1, 'Updated district name from Masaiti to Masaiti1', 1607362083, '127.0.0.1', 'Mozilla/5.0 (X11; Ubuntu; Linux x86_64; rv:83.0) Gecko/20100101 Firefox/83.0'),
(194, 1, 'Updated district name from Masaiti1 to Masaiti', 1607362090, '127.0.0.1', 'Mozilla/5.0 (X11; Ubuntu; Linux x86_64; rv:83.0) Gecko/20100101 Firefox/83.0'),
(195, 1, 'Added district Test', 1607362100, '127.0.0.1', 'Mozilla/5.0 (X11; Ubuntu; Linux x86_64; rv:83.0) Gecko/20100101 Firefox/83.0'),
(196, 1, 'Removed district Test from the system.', 1607362111, '127.0.0.1', 'Mozilla/5.0 (X11; Ubuntu; Linux x86_64; rv:83.0) Gecko/20100101 Firefox/83.0'),
(197, 1, 'Updated camp name from Camp 1 to Camp one', 1607362120, '127.0.0.1', 'Mozilla/5.0 (X11; Ubuntu; Linux x86_64; rv:83.0) Gecko/20100101 Firefox/83.0'),
(198, 1, 'Added camp Camp 1', 1607362135, '127.0.0.1', 'Mozilla/5.0 (X11; Ubuntu; Linux x86_64; rv:83.0) Gecko/20100101 Firefox/83.0'),
(199, 1, 'Removed camp Camp 1 from the system.', 1607362141, '127.0.0.1', 'Mozilla/5.0 (X11; Ubuntu; Linux x86_64; rv:83.0) Gecko/20100101 Firefox/83.0'),
(200, 1, 'Updated market name from Soweto to Soweto 1', 1607362167, '127.0.0.1', 'Mozilla/5.0 (X11; Ubuntu; Linux x86_64; rv:83.0) Gecko/20100101 Firefox/83.0'),
(201, 1, 'Updated market name from Soweto 1 to Soweto', 1607362171, '127.0.0.1', 'Mozilla/5.0 (X11; Ubuntu; Linux x86_64; rv:83.0) Gecko/20100101 Firefox/83.0'),
(202, 1, 'Added market Tuesday', 1607362187, '127.0.0.1', 'Mozilla/5.0 (X11; Ubuntu; Linux x86_64; rv:83.0) Gecko/20100101 Firefox/83.0'),
(203, 1, 'Removed market Tuesday from the system.', 1607362191, '127.0.0.1', 'Mozilla/5.0 (X11; Ubuntu; Linux x86_64; rv:83.0) Gecko/20100101 Firefox/83.0'),
(204, 1, 'Updated profile details ', 1607362247, '127.0.0.1', 'Mozilla/5.0 (X11; Ubuntu; Linux x86_64; rv:83.0) Gecko/20100101 Firefox/83.0'),
(205, 1, 'Changed account password', 1607362298, '127.0.0.1', 'Mozilla/5.0 (X11; Ubuntu; Linux x86_64; rv:83.0) Gecko/20100101 Firefox/83.0'),
(206, 1, 'Update role Administrator', 1607362421, '127.0.0.1', 'Mozilla/5.0 (X11; Ubuntu; Linux x86_64; rv:83.0) Gecko/20100101 Firefox/83.0'),
(207, 1, 'Update role Administrator', 1607362425, '127.0.0.1', 'Mozilla/5.0 (X11; Ubuntu; Linux x86_64; rv:83.0) Gecko/20100101 Firefox/83.0'),
(208, 1, 'Created role Test', 1607362485, '127.0.0.1', 'Mozilla/5.0 (X11; Ubuntu; Linux x86_64; rv:83.0) Gecko/20100101 Firefox/83.0'),
(209, 1, 'Created role Test', 1607362532, '127.0.0.1', 'Mozilla/5.0 (X11; Ubuntu; Linux x86_64; rv:83.0) Gecko/20100101 Firefox/83.0'),
(210, 1, 'Removed role Test from the system', 1607362535, '127.0.0.1', 'Mozilla/5.0 (X11; Ubuntu; Linux x86_64; rv:83.0) Gecko/20100101 Firefox/83.0'),
(211, 1, 'Created role Test', 1607362548, '127.0.0.1', 'Mozilla/5.0 (X11; Ubuntu; Linux x86_64; rv:83.0) Gecko/20100101 Firefox/83.0'),
(212, 1, 'Removed role Test from the system', 1607362552, '127.0.0.1', 'Mozilla/5.0 (X11; Ubuntu; Linux x86_64; rv:83.0) Gecko/20100101 Firefox/83.0'),
(213, 1, 'Updated user details with email: chulu1francis@gmail.com', 1607362692, '127.0.0.1', 'Mozilla/5.0 (X11; Ubuntu; Linux x86_64; rv:83.0) Gecko/20100101 Firefox/83.0'),
(214, 1, 'Blocked user account with email chulu1francis@gmail.com', 1607362700, '127.0.0.1', 'Mozilla/5.0 (X11; Ubuntu; Linux x86_64; rv:83.0) Gecko/20100101 Firefox/83.0'),
(215, 1, 'Activated user account with email:test2@unza.zm', 1607362711, '127.0.0.1', 'Mozilla/5.0 (X11; Ubuntu; Linux x86_64; rv:83.0) Gecko/20100101 Firefox/83.0'),
(216, 1, 'Activated user account with email:chulu1francis@gmail.com', 1607362716, '127.0.0.1', 'Mozilla/5.0 (X11; Ubuntu; Linux x86_64; rv:83.0) Gecko/20100101 Firefox/83.0'),
(217, 1, 'Deleted user account with email testtest@unza.zm', 1607362906, '127.0.0.1', 'Mozilla/5.0 (X11; Ubuntu; Linux x86_64; rv:83.0) Gecko/20100101 Firefox/83.0'),
(218, 1, 'Created user with email: testtest1@unza.zm', 1607362942, '127.0.0.1', 'Mozilla/5.0 (X11; Ubuntu; Linux x86_64; rv:83.0) Gecko/20100101 Firefox/83.0'),
(219, 1, 'Deleted user account with email testtest1@unza.zm', 1607362955, '127.0.0.1', 'Mozilla/5.0 (X11; Ubuntu; Linux x86_64; rv:83.0) Gecko/20100101 Firefox/83.0'),
(220, 1, 'Update role Administrator', 1607365503, '127.0.0.1', 'Mozilla/5.0 (X11; Ubuntu; Linux x86_64; rv:83.0) Gecko/20100101 Firefox/83.0'),
(221, 1, 'Update role Administrator', 1607417426, '127.0.0.1', 'Mozilla/5.0 (X11; Ubuntu; Linux x86_64; rv:83.0) Gecko/20100101 Firefox/83.0'),
(222, 1, 'Added commodity category Test', 1607417546, '127.0.0.1', 'Mozilla/5.0 (X11; Ubuntu; Linux x86_64; rv:83.0) Gecko/20100101 Firefox/83.0'),
(223, 1, 'Removed commodity category Test from the system.', 1607417550, '127.0.0.1', 'Mozilla/5.0 (X11; Ubuntu; Linux x86_64; rv:83.0) Gecko/20100101 Firefox/83.0'),
(224, 1, 'Added commodity category Test', 1607417556, '127.0.0.1', 'Mozilla/5.0 (X11; Ubuntu; Linux x86_64; rv:83.0) Gecko/20100101 Firefox/83.0'),
(225, 1, 'Updated commodity category name from Test to Farming inputs', 1607417593, '127.0.0.1', 'Mozilla/5.0 (X11; Ubuntu; Linux x86_64; rv:83.0) Gecko/20100101 Firefox/83.0'),
(226, 1, 'Updated commodity category description to::Description', 1607417619, '127.0.0.1', 'Mozilla/5.0 (X11; Ubuntu; Linux x86_64; rv:83.0) Gecko/20100101 Firefox/83.0'),
(227, 1, 'Updated commodity category name from Farming inputs to Farming input', 1607417624, '127.0.0.1', 'Mozilla/5.0 (X11; Ubuntu; Linux x86_64; rv:83.0) Gecko/20100101 Firefox/83.0'),
(228, 1, 'Added commodity category Farm produce', 1607417638, '127.0.0.1', 'Mozilla/5.0 (X11; Ubuntu; Linux x86_64; rv:83.0) Gecko/20100101 Firefox/83.0'),
(229, 1, 'Updated commodity category description to::Description', 1607417646, '127.0.0.1', 'Mozilla/5.0 (X11; Ubuntu; Linux x86_64; rv:83.0) Gecko/20100101 Firefox/83.0'),
(230, 1, 'Updated commodity category name from Farming input to Farming inputs', 1607417654, '127.0.0.1', 'Mozilla/5.0 (X11; Ubuntu; Linux x86_64; rv:83.0) Gecko/20100101 Firefox/83.0'),
(231, 1, 'Updated commodity category description to::The resources that are used in farm production, such as chemicals, equipment, feed, seed, and energy', 1607417765, '127.0.0.1', 'Mozilla/5.0 (X11; Ubuntu; Linux x86_64; rv:83.0) Gecko/20100101 Firefox/83.0'),
(232, 1, 'Updated commodity category description to::The resources that are used in farm production, such as chemicals, equipment, feed, seed, and energy ssssssssssssssssssssssssssssssssssssssssssssssssssssssssssssssssssssssssssssssssssssssssssssssssssssssssssssssssssssssssssssssssssssssssssssssssssssssssssssssssssssssssssssssssssssssssssssssssss', 1607417788, '127.0.0.1', 'Mozilla/5.0 (X11; Ubuntu; Linux x86_64; rv:83.0) Gecko/20100101 Firefox/83.0'),
(233, 1, 'Updated commodity category description to::The resources that are used in farm production, such as chemicals, equipment, feed, seed, and energy ', 1607417811, '127.0.0.1', 'Mozilla/5.0 (X11; Ubuntu; Linux x86_64; rv:83.0) Gecko/20100101 Firefox/83.0'),
(234, 1, 'Updated commodity category description to::The resources that are used in farm production, such as chemicals, equipment, feed, seed, and energy ssssssssssssssssssssssssssssssssssssssssssssssssssssssssssssssssssssssssssssssssssssssssssssssssssssssssssssssssssssssssssssssssssssssssssssssssssssssssssssssssssssssssssssssssssssssssssssssss', 1607418245, '127.0.0.1', 'Mozilla/5.0 (X11; Ubuntu; Linux x86_64; rv:83.0) Gecko/20100101 Firefox/83.0'),
(235, 1, 'Updated commodity category description to::The resources that are used in farm production, such as chemicals, equipment, feed, seed, and energy sssssssssssssssssssssssssssssssssssssssssssssssssssssssssssssssssssssssssssssssssssssssssssssssssssssssssssssssssssssssssssssssssssssssssssssssssssssssssssssssssssssssssssssssssssssssssssssss', 1607418984, '127.0.0.1', 'Mozilla/5.0 (X11; Ubuntu; Linux x86_64; rv:83.0) Gecko/20100101 Firefox/83.0'),
(236, 1, 'Updated commodity category description to::The resources that are used in farm production, such as chemicals, equipment, feed, seed, and energy ', 1607419166, '127.0.0.1', 'Mozilla/5.0 (X11; Ubuntu; Linux x86_64; rv:83.0) Gecko/20100101 Firefox/83.0'),
(237, 1, 'Updated commodity category description to::The resources that are used in farm production, such as chemicals, equipment, feed, seed, and energy ssssssssssssssssssssssssssssssssssssssssssssssssssssssssssssssssssssssssssssssssssssssssssssssssssssssssssssssssssssssssssssssssssssssssssssssssssssssssssssssssssssssssssssssssssssssssssssssssssssssssssssssssssssssssssssssssssssssssssssss', 1607419282, '127.0.0.1', 'Mozilla/5.0 (X11; Ubuntu; Linux x86_64; rv:83.0) Gecko/20100101 Firefox/83.0'),
(238, 1, 'Updated commodity category description to::The resources that are used in farm production, such as chemicals, equipment, feed, seed, and energy ', 1607419333, '127.0.0.1', 'Mozilla/5.0 (X11; Ubuntu; Linux x86_64; rv:83.0) Gecko/20100101 Firefox/83.0'),
(239, 1, 'Updated commodity category description to::Farm outputs such as maize, groundnuts\r\n', 1607423557, '127.0.0.1', 'Mozilla/5.0 (X11; Ubuntu; Linux x86_64; rv:83.0) Gecko/20100101 Firefox/83.0'),
(240, 1, 'Added commodity type Maize', 1607446739, '127.0.0.1', 'Mozilla/5.0 (X11; Ubuntu; Linux x86_64; rv:83.0) Gecko/20100101 Firefox/83.0'),
(241, 1, 'Added commodity type Soya beans', 1607447814, '127.0.0.1', 'Mozilla/5.0 (X11; Ubuntu; Linux x86_64; rv:83.0) Gecko/20100101 Firefox/83.0'),
(242, 1, 'Added commodity type Groundnuts', 1607447827, '127.0.0.1', 'Mozilla/5.0 (X11; Ubuntu; Linux x86_64; rv:83.0) Gecko/20100101 Firefox/83.0'),
(243, 1, 'Updated commodity type name from Groundnuts to Maize', 1607447843, '127.0.0.1', 'Mozilla/5.0 (X11; Ubuntu; Linux x86_64; rv:83.0) Gecko/20100101 Firefox/83.0'),
(244, 1, 'Added commodity type Rice', 1607447871, '127.0.0.1', 'Mozilla/5.0 (X11; Ubuntu; Linux x86_64; rv:83.0) Gecko/20100101 Firefox/83.0'),
(245, 1, 'Added commodity type Mealie meal', 1607447890, '127.0.0.1', 'Mozilla/5.0 (X11; Ubuntu; Linux x86_64; rv:83.0) Gecko/20100101 Firefox/83.0'),
(246, 1, 'Added commodity type Roller meal', 1607447902, '127.0.0.1', 'Mozilla/5.0 (X11; Ubuntu; Linux x86_64; rv:83.0) Gecko/20100101 Firefox/83.0'),
(247, 1, 'Added commodity category Farm output by products', 1607447921, '127.0.0.1', 'Mozilla/5.0 (X11; Ubuntu; Linux x86_64; rv:83.0) Gecko/20100101 Firefox/83.0'),
(248, 1, 'Updated commodity category name from Farm produce to Farm outs', 1607447929, '127.0.0.1', 'Mozilla/5.0 (X11; Ubuntu; Linux x86_64; rv:83.0) Gecko/20100101 Firefox/83.0'),
(249, 1, 'Updated commodity category name from Farm outs to Farm outputs', 1607447942, '127.0.0.1', 'Mozilla/5.0 (X11; Ubuntu; Linux x86_64; rv:83.0) Gecko/20100101 Firefox/83.0'),
(250, 1, 'Updated commodity type category to::4', 1607447952, '127.0.0.1', 'Mozilla/5.0 (X11; Ubuntu; Linux x86_64; rv:83.0) Gecko/20100101 Firefox/83.0'),
(251, 1, 'Updated commodity type category to::4', 1607447956, '127.0.0.1', 'Mozilla/5.0 (X11; Ubuntu; Linux x86_64; rv:83.0) Gecko/20100101 Firefox/83.0'),
(252, 1, 'Added commodity type Maize Seed', 1607447971, '127.0.0.1', 'Mozilla/5.0 (X11; Ubuntu; Linux x86_64; rv:83.0) Gecko/20100101 Firefox/83.0'),
(253, 1, 'Added commodity type Groundnut seed', 1607447992, '127.0.0.1', 'Mozilla/5.0 (X11; Ubuntu; Linux x86_64; rv:83.0) Gecko/20100101 Firefox/83.0'),
(254, 1, 'Added commodity type Rice seed', 1607448004, '127.0.0.1', 'Mozilla/5.0 (X11; Ubuntu; Linux x86_64; rv:83.0) Gecko/20100101 Firefox/83.0'),
(255, 1, 'Added commodity type D-Compound', 1607448021, '127.0.0.1', 'Mozilla/5.0 (X11; Ubuntu; Linux x86_64; rv:83.0) Gecko/20100101 Firefox/83.0'),
(256, 1, 'Added commodity type Urea', 1607448041, '127.0.0.1', 'Mozilla/5.0 (X11; Ubuntu; Linux x86_64; rv:83.0) Gecko/20100101 Firefox/83.0'),
(257, 1, 'Added commodity type Test', 1607448169, '127.0.0.1', 'Mozilla/5.0 (X11; Ubuntu; Linux x86_64; rv:83.0) Gecko/20100101 Firefox/83.0'),
(258, 1, 'Removed commodity type Test from the system.', 1607448184, '127.0.0.1', 'Mozilla/5.0 (X11; Ubuntu; Linux x86_64; rv:83.0) Gecko/20100101 Firefox/83.0'),
(259, 1, 'Updated commodity category name from Farm output by products to Farm output by-products', 1607585616, '127.0.0.1', 'Mozilla/5.0 (X11; Ubuntu; Linux x86_64; rv:83.0) Gecko/20100101 Firefox/83.0'),
(260, 1, 'Updated commodity price level description to::Farm gate', 1607588412, '127.0.0.1', 'Mozilla/5.0 (X11; Ubuntu; Linux x86_64; rv:83.0) Gecko/20100101 Firefox/83.0'),
(261, 1, 'Added commodity price level Test level', 1607588513, '127.0.0.1', 'Mozilla/5.0 (X11; Ubuntu; Linux x86_64; rv:83.0) Gecko/20100101 Firefox/83.0'),
(262, 1, 'Removed Commodity price level Test level from the system.', 1607588618, '127.0.0.1', 'Mozilla/5.0 (X11; Ubuntu; Linux x86_64; rv:83.0) Gecko/20100101 Firefox/83.0'),
(263, 1, 'Update role Administrator', 1607589736, '127.0.0.1', 'Mozilla/5.0 (X11; Ubuntu; Linux x86_64; rv:83.0) Gecko/20100101 Firefox/83.0'),
(264, 1, 'Updated commodity price details', 1607598826, '127.0.0.1', 'Mozilla/5.0 (X11; Ubuntu; Linux x86_64; rv:83.0) Gecko/20100101 Firefox/83.0'),
(265, 1, 'Updated commodity price details', 1607598831, '127.0.0.1', 'Mozilla/5.0 (X11; Ubuntu; Linux x86_64; rv:83.0) Gecko/20100101 Firefox/83.0'),
(266, 1, 'Updated commodity price details', 1607600021, '127.0.0.1', 'Mozilla/5.0 (X11; Ubuntu; Linux x86_64; rv:83.0) Gecko/20100101 Firefox/83.0'),
(267, 1, 'Updated commodity price details', 1607600044, '127.0.0.1', 'Mozilla/5.0 (X11; Ubuntu; Linux x86_64; rv:83.0) Gecko/20100101 Firefox/83.0'),
(268, 1, 'Update role Administrator', 1607600190, '127.0.0.1', 'Mozilla/5.0 (X11; Ubuntu; Linux x86_64; rv:83.0) Gecko/20100101 Firefox/83.0'),
(269, 1, 'Updated commodity price details', 1607600728, '127.0.0.1', 'Mozilla/5.0 (X11; Ubuntu; Linux x86_64; rv:83.0) Gecko/20100101 Firefox/83.0'),
(270, 1, 'Updated commodity price details', 1607600734, '127.0.0.1', 'Mozilla/5.0 (X11; Ubuntu; Linux x86_64; rv:83.0) Gecko/20100101 Firefox/83.0'),
(271, 1, 'Updated commodity price details', 1607601306, '127.0.0.1', 'Mozilla/5.0 (X11; Ubuntu; Linux x86_64; rv:83.0) Gecko/20100101 Firefox/83.0'),
(272, 1, 'Updated commodity price details', 1607601320, '127.0.0.1', 'Mozilla/5.0 (X11; Ubuntu; Linux x86_64; rv:83.0) Gecko/20100101 Firefox/83.0'),
(273, 1, 'Updated commodity price details', 1607601338, '127.0.0.1', 'Mozilla/5.0 (X11; Ubuntu; Linux x86_64; rv:83.0) Gecko/20100101 Firefox/83.0'),
(274, 1, 'Updated commodity price details', 1607601363, '127.0.0.1', 'Mozilla/5.0 (X11; Ubuntu; Linux x86_64; rv:83.0) Gecko/20100101 Firefox/83.0'),
(275, 1, 'Updated commodity price details', 1607601519, '127.0.0.1', 'Mozilla/5.0 (X11; Ubuntu; Linux x86_64; rv:83.0) Gecko/20100101 Firefox/83.0'),
(276, 1, 'Updated commodity price details', 1607601536, '127.0.0.1', 'Mozilla/5.0 (X11; Ubuntu; Linux x86_64; rv:83.0) Gecko/20100101 Firefox/83.0'),
(277, 1, 'Updated commodity price details', 1607601552, '127.0.0.1', 'Mozilla/5.0 (X11; Ubuntu; Linux x86_64; rv:83.0) Gecko/20100101 Firefox/83.0'),
(278, 1, 'Updated commodity price details', 1607601558, '127.0.0.1', 'Mozilla/5.0 (X11; Ubuntu; Linux x86_64; rv:83.0) Gecko/20100101 Firefox/83.0'),
(279, 1, 'Updated commodity price details', 1607601566, '127.0.0.1', 'Mozilla/5.0 (X11; Ubuntu; Linux x86_64; rv:83.0) Gecko/20100101 Firefox/83.0'),
(280, 1, 'Updated commodity price details', 1607601575, '127.0.0.1', 'Mozilla/5.0 (X11; Ubuntu; Linux x86_64; rv:83.0) Gecko/20100101 Firefox/83.0'),
(281, 1, 'Updated commodity price details', 1607601580, '127.0.0.1', 'Mozilla/5.0 (X11; Ubuntu; Linux x86_64; rv:83.0) Gecko/20100101 Firefox/83.0'),
(282, 1, 'Updated commodity price details', 1607601586, '127.0.0.1', 'Mozilla/5.0 (X11; Ubuntu; Linux x86_64; rv:83.0) Gecko/20100101 Firefox/83.0'),
(283, 1, 'Updated commodity price details', 1607601594, '127.0.0.1', 'Mozilla/5.0 (X11; Ubuntu; Linux x86_64; rv:83.0) Gecko/20100101 Firefox/83.0'),
(284, 1, 'Updated commodity price details', 1607601599, '127.0.0.1', 'Mozilla/5.0 (X11; Ubuntu; Linux x86_64; rv:83.0) Gecko/20100101 Firefox/83.0'),
(285, 1, 'Updated commodity price details', 1607601601, '127.0.0.1', 'Mozilla/5.0 (X11; Ubuntu; Linux x86_64; rv:83.0) Gecko/20100101 Firefox/83.0'),
(286, 1, 'Updated commodity price details', 1607601607, '127.0.0.1', 'Mozilla/5.0 (X11; Ubuntu; Linux x86_64; rv:83.0) Gecko/20100101 Firefox/83.0'),
(287, 1, 'Updated commodity price details', 1607601611, '127.0.0.1', 'Mozilla/5.0 (X11; Ubuntu; Linux x86_64; rv:83.0) Gecko/20100101 Firefox/83.0'),
(288, 1, 'Updated commodity price details', 1607601627, '127.0.0.1', 'Mozilla/5.0 (X11; Ubuntu; Linux x86_64; rv:83.0) Gecko/20100101 Firefox/83.0'),
(289, 1, 'Updated commodity price details', 1607601630, '127.0.0.1', 'Mozilla/5.0 (X11; Ubuntu; Linux x86_64; rv:83.0) Gecko/20100101 Firefox/83.0'),
(290, 1, 'Updated commodity price details', 1607601662, '127.0.0.1', 'Mozilla/5.0 (X11; Ubuntu; Linux x86_64; rv:83.0) Gecko/20100101 Firefox/83.0'),
(291, 1, 'Updated commodity price details', 1607601744, '127.0.0.1', 'Mozilla/5.0 (X11; Ubuntu; Linux x86_64; rv:83.0) Gecko/20100101 Firefox/83.0'),
(292, 1, 'Updated commodity price details', 1607601759, '127.0.0.1', 'Mozilla/5.0 (X11; Ubuntu; Linux x86_64; rv:83.0) Gecko/20100101 Firefox/83.0'),
(293, 1, 'Updated commodity price details', 1607601764, '127.0.0.1', 'Mozilla/5.0 (X11; Ubuntu; Linux x86_64; rv:83.0) Gecko/20100101 Firefox/83.0'),
(294, 1, 'Updated commodity price details', 1607601769, '127.0.0.1', 'Mozilla/5.0 (X11; Ubuntu; Linux x86_64; rv:83.0) Gecko/20100101 Firefox/83.0'),
(295, 1, 'Updated commodity price details', 1607601859, '127.0.0.1', 'Mozilla/5.0 (X11; Ubuntu; Linux x86_64; rv:83.0) Gecko/20100101 Firefox/83.0'),
(296, 1, 'Updated commodity price details', 1607601861, '127.0.0.1', 'Mozilla/5.0 (X11; Ubuntu; Linux x86_64; rv:83.0) Gecko/20100101 Firefox/83.0'),
(297, 1, 'Added market Chisamba test', 1607623358, '127.0.0.1', 'Mozilla/5.0 (X11; Ubuntu; Linux x86_64; rv:83.0) Gecko/20100101 Firefox/83.0'),
(298, 1, 'Removed commodity price from the system.', 1607627535, '127.0.0.1', 'Mozilla/5.0 (X11; Ubuntu; Linux x86_64; rv:83.0) Gecko/20100101 Firefox/83.0'),
(299, 1, 'Updated user details with email: chulu1francis@gmail.com', 1609866047, '127.0.0.1', 'Mozilla/5.0 (X11; Ubuntu; Linux x86_64; rv:84.0) Gecko/20100101 Firefox/84.0'),
(300, 1, 'Updated user details with email: chulu1francis@gmail.com', 1609866079, '127.0.0.1', 'Mozilla/5.0 (X11; Ubuntu; Linux x86_64; rv:84.0) Gecko/20100101 Firefox/84.0'),
(301, 1, 'Updated user details with email: chulu1francis@gmail.com', 1609866721, '127.0.0.1', 'Mozilla/5.0 (X11; Ubuntu; Linux x86_64; rv:84.0) Gecko/20100101 Firefox/84.0'),
(302, 1, 'Updated user details with email: chulu1francis@gmail.com', 1609866781, '127.0.0.1', 'Mozilla/5.0 (X11; Ubuntu; Linux x86_64; rv:84.0) Gecko/20100101 Firefox/84.0'),
(303, 1, 'Update role Administrator', 1609951977, '127.0.0.1', 'Mozilla/5.0 (X11; Ubuntu; Linux x86_64; rv:84.0) Gecko/20100101 Firefox/84.0'),
(304, 1, 'Added interview guide question Please introduce yourself and tell me a bit about yourself?', 1609956950, '127.0.0.1', 'Mozilla/5.0 (X11; Ubuntu; Linux x86_64; rv:84.0) Gecko/20100101 Firefox/84.0'),
(305, 1, 'Added interview guide question What Challenges were you experiencing before the E-SAPP and why?', 1609958624, '127.0.0.1', 'Mozilla/5.0 (X11; Ubuntu; Linux x86_64; rv:84.0) Gecko/20100101 Firefox/84.0'),
(306, 1, 'Added interview guide question Did you do anything to solve the problem before E-SAPP? If yes, what did you do?', 1609958658, '127.0.0.1', 'Mozilla/5.0 (X11; Ubuntu; Linux x86_64; rv:84.0) Gecko/20100101 Firefox/84.0'),
(307, 1, 'Added interview guide question What interventions did E-SAPP put in place to resolve the problem?  Probe: Detail them according to the different steps taken.', 1609958714, '127.0.0.1', 'Mozilla/5.0 (X11; Ubuntu; Linux x86_64; rv:84.0) Gecko/20100101 Firefox/84.0'),
(308, 1, 'Added interview guide question Did the interventions by E-SAPP resolve the problem? Give a reason for your answer.', 1609958980, '127.0.0.1', 'Mozilla/5.0 (X11; Ubuntu; Linux x86_64; rv:84.0) Gecko/20100101 Firefox/84.0'),
(309, 1, 'Added interview guide question In your opinion, do you think this problem was going to be addressed if it was not for the intervention from E-SAPP? Give a reason?', 1609958996, '127.0.0.1', 'Mozilla/5.0 (X11; Ubuntu; Linux x86_64; rv:84.0) Gecko/20100101 Firefox/84.0'),
(310, 1, 'Added interview guide question What are the key areas of change that you noticed as a result of the intervention? Give examples. ', 1609959016, '127.0.0.1', 'Mozilla/5.0 (X11; Ubuntu; Linux x86_64; rv:84.0) Gecko/20100101 Firefox/84.0'),
(311, 1, 'Added interview guide question What are some of the lessons that you have learnt from the intervention?', 1609959038, '127.0.0.1', 'Mozilla/5.0 (X11; Ubuntu; Linux x86_64; rv:84.0) Gecko/20100101 Firefox/84.0'),
(312, 1, 'Added interview guide question  In terms of how the E-SAPP could improve its intervention delivery, do you have any recommendations/ suggestions? What do you think needs to be done?', 1609959055, '127.0.0.1', 'Mozilla/5.0 (X11; Ubuntu; Linux x86_64; rv:84.0) Gecko/20100101 Firefox/84.0'),
(313, 1, 'Update role Administrator', 1610036540, '127.0.0.1', 'Mozilla/5.0 (X11; Ubuntu; Linux x86_64; rv:84.0) Gecko/20100101 Firefox/84.0'),
(314, 1, 'Added interview guide question::\'Test\'', 1610038847, '127.0.0.1', 'Mozilla/5.0 (X11; Ubuntu; Linux x86_64; rv:84.0) Gecko/20100101 Firefox/84.0'),
(315, 1, 'Removed interview guide question: \'Test\' from the system.', 1610038851, '127.0.0.1', 'Mozilla/5.0 (X11; Ubuntu; Linux x86_64; rv:84.0) Gecko/20100101 Firefox/84.0'),
(316, 1, 'Downloaded interview question guide template', 1610041729, '127.0.0.1', 'Mozilla/5.0 (X11; Ubuntu; Linux x86_64; rv:84.0) Gecko/20100101 Firefox/84.0'),
(317, 1, 'Downloaded interview question guide template', 1610349761, '127.0.0.1', 'Mozilla/5.0 (X11; Ubuntu; Linux x86_64; rv:84.0) Gecko/20100101 Firefox/84.0'),
(318, 1, 'Downloaded interview question guide template', 1610351246, '127.0.0.1', 'Mozilla/5.0 (X11; Ubuntu; Linux x86_64; rv:84.0) Gecko/20100101 Firefox/84.0'),
(319, 1, 'Downloaded interview question guide template', 1610351289, '127.0.0.1', 'Mozilla/5.0 (X11; Ubuntu; Linux x86_64; rv:84.0) Gecko/20100101 Firefox/84.0'),
(320, 1, 'Downloaded interview question guide template', 1610351300, '127.0.0.1', 'Mozilla/5.0 (X11; Ubuntu; Linux x86_64; rv:84.0) Gecko/20100101 Firefox/84.0'),
(321, 1, 'Downloaded interview question guide template', 1610351391, '127.0.0.1', 'Mozilla/5.0 (X11; Ubuntu; Linux x86_64; rv:84.0) Gecko/20100101 Firefox/84.0'),
(322, 1, 'Downloaded interview question guide template', 1610351424, '127.0.0.1', 'Mozilla/5.0 (X11; Ubuntu; Linux x86_64; rv:84.0) Gecko/20100101 Firefox/84.0'),
(323, 1, 'Downloaded interview question guide template', 1610351439, '127.0.0.1', 'Mozilla/5.0 (X11; Ubuntu; Linux x86_64; rv:84.0) Gecko/20100101 Firefox/84.0'),
(324, 1, 'Downloaded interview question guide template', 1610351454, '127.0.0.1', 'Mozilla/5.0 (X11; Ubuntu; Linux x86_64; rv:84.0) Gecko/20100101 Firefox/84.0'),
(325, 1, 'Downloaded interview question guide template', 1610351466, '127.0.0.1', 'Mozilla/5.0 (X11; Ubuntu; Linux x86_64; rv:84.0) Gecko/20100101 Firefox/84.0'),
(326, 1, 'Downloaded interview question guide template', 1610351493, '127.0.0.1', 'Mozilla/5.0 (X11; Ubuntu; Linux x86_64; rv:84.0) Gecko/20100101 Firefox/84.0'),
(327, 1, 'Downloaded interview question guide template', 1610351524, '127.0.0.1', 'Mozilla/5.0 (X11; Ubuntu; Linux x86_64; rv:84.0) Gecko/20100101 Firefox/84.0'),
(328, 1, 'Downloaded interview question guide template', 1610351550, '127.0.0.1', 'Mozilla/5.0 (X11; Ubuntu; Linux x86_64; rv:84.0) Gecko/20100101 Firefox/84.0'),
(329, 1, 'Downloaded interview question guide template', 1610351571, '127.0.0.1', 'Mozilla/5.0 (X11; Ubuntu; Linux x86_64; rv:84.0) Gecko/20100101 Firefox/84.0'),
(330, 1, 'Downloaded interview question guide template', 1610351602, '127.0.0.1', 'Mozilla/5.0 (X11; Ubuntu; Linux x86_64; rv:84.0) Gecko/20100101 Firefox/84.0'),
(331, 1, 'Downloaded interview question guide template', 1610351635, '127.0.0.1', 'Mozilla/5.0 (X11; Ubuntu; Linux x86_64; rv:84.0) Gecko/20100101 Firefox/84.0'),
(332, 1, 'Downloaded interview question guide template', 1610351667, '127.0.0.1', 'Mozilla/5.0 (X11; Ubuntu; Linux x86_64; rv:84.0) Gecko/20100101 Firefox/84.0'),
(333, 1, 'Downloaded interview question guide template', 1610351677, '127.0.0.1', 'Mozilla/5.0 (X11; Ubuntu; Linux x86_64; rv:84.0) Gecko/20100101 Firefox/84.0'),
(334, 1, 'Downloaded interview question guide template', 1610351686, '127.0.0.1', 'Mozilla/5.0 (X11; Ubuntu; Linux x86_64; rv:84.0) Gecko/20100101 Firefox/84.0'),
(335, 1, 'Downloaded interview question guide template', 1610352092, '127.0.0.1', 'Mozilla/5.0 (X11; Ubuntu; Linux x86_64; rv:84.0) Gecko/20100101 Firefox/84.0'),
(336, 1, 'Downloaded interview question guide template', 1610352144, '127.0.0.1', 'Mozilla/5.0 (X11; Ubuntu; Linux x86_64; rv:84.0) Gecko/20100101 Firefox/84.0'),
(337, 1, 'Downloaded interview question guide template', 1610352161, '127.0.0.1', 'Mozilla/5.0 (X11; Ubuntu; Linux x86_64; rv:84.0) Gecko/20100101 Firefox/84.0'),
(338, 1, 'Downloaded interview question guide template', 1610352209, '127.0.0.1', 'Mozilla/5.0 (X11; Ubuntu; Linux x86_64; rv:84.0) Gecko/20100101 Firefox/84.0'),
(339, 1, 'Downloaded interview question guide template', 1610352328, '127.0.0.1', 'Mozilla/5.0 (X11; Ubuntu; Linux x86_64; rv:84.0) Gecko/20100101 Firefox/84.0'),
(340, 1, 'Downloaded interview question guide template', 1610352358, '127.0.0.1', 'Mozilla/5.0 (X11; Ubuntu; Linux x86_64; rv:84.0) Gecko/20100101 Firefox/84.0'),
(341, 1, 'Downloaded interview question guide template', 1610352513, '127.0.0.1', 'Mozilla/5.0 (X11; Ubuntu; Linux x86_64; rv:84.0) Gecko/20100101 Firefox/84.0'),
(342, 1, 'Downloaded interview question guide template', 1610352619, '127.0.0.1', 'Mozilla/5.0 (X11; Ubuntu; Linux x86_64; rv:84.0) Gecko/20100101 Firefox/84.0'),
(343, 1, 'Downloaded interview question guide template', 1610352636, '127.0.0.1', 'Mozilla/5.0 (X11; Ubuntu; Linux x86_64; rv:84.0) Gecko/20100101 Firefox/84.0'),
(344, 1, 'Downloaded interview question guide template', 1610352660, '127.0.0.1', 'Mozilla/5.0 (X11; Ubuntu; Linux x86_64; rv:84.0) Gecko/20100101 Firefox/84.0'),
(345, 1, 'Downloaded interview question guide template', 1610352688, '127.0.0.1', 'Mozilla/5.0 (X11; Ubuntu; Linux x86_64; rv:84.0) Gecko/20100101 Firefox/84.0'),
(346, 1, 'Downloaded interview question guide template', 1610352761, '127.0.0.1', 'Mozilla/5.0 (X11; Ubuntu; Linux x86_64; rv:84.0) Gecko/20100101 Firefox/84.0'),
(347, 1, 'Downloaded interview question guide template', 1610352792, '127.0.0.1', 'Mozilla/5.0 (X11; Ubuntu; Linux x86_64; rv:84.0) Gecko/20100101 Firefox/84.0'),
(348, 1, 'Downloaded interview question guide template', 1610352802, '127.0.0.1', 'Mozilla/5.0 (X11; Ubuntu; Linux x86_64; rv:84.0) Gecko/20100101 Firefox/84.0'),
(349, 1, 'Downloaded interview question guide template', 1610352830, '127.0.0.1', 'Mozilla/5.0 (X11; Ubuntu; Linux x86_64; rv:84.0) Gecko/20100101 Firefox/84.0'),
(350, 1, 'Downloaded interview question guide template', 1610352856, '127.0.0.1', 'Mozilla/5.0 (X11; Ubuntu; Linux x86_64; rv:84.0) Gecko/20100101 Firefox/84.0'),
(351, 1, 'Downloaded interview question guide template', 1610352951, '127.0.0.1', 'Mozilla/5.0 (X11; Ubuntu; Linux x86_64; rv:84.0) Gecko/20100101 Firefox/84.0'),
(352, 1, 'Downloaded interview question guide template', 1610352968, '127.0.0.1', 'Mozilla/5.0 (X11; Ubuntu; Linux x86_64; rv:84.0) Gecko/20100101 Firefox/84.0'),
(353, 1, 'Downloaded interview question guide template', 1610353036, '127.0.0.1', 'Mozilla/5.0 (X11; Ubuntu; Linux x86_64; rv:84.0) Gecko/20100101 Firefox/84.0'),
(354, 1, 'Downloaded interview question guide template', 1610353049, '127.0.0.1', 'Mozilla/5.0 (X11; Ubuntu; Linux x86_64; rv:84.0) Gecko/20100101 Firefox/84.0'),
(355, 1, 'Downloaded interview question guide template', 1610353063, '127.0.0.1', 'Mozilla/5.0 (X11; Ubuntu; Linux x86_64; rv:84.0) Gecko/20100101 Firefox/84.0'),
(356, 1, 'Downloaded interview question guide template', 1610353074, '127.0.0.1', 'Mozilla/5.0 (X11; Ubuntu; Linux x86_64; rv:84.0) Gecko/20100101 Firefox/84.0'),
(357, 1, 'Downloaded interview question guide template', 1610353089, '127.0.0.1', 'Mozilla/5.0 (X11; Ubuntu; Linux x86_64; rv:84.0) Gecko/20100101 Firefox/84.0'),
(358, 1, 'Downloaded interview question guide template', 1610353159, '127.0.0.1', 'Mozilla/5.0 (X11; Ubuntu; Linux x86_64; rv:84.0) Gecko/20100101 Firefox/84.0'),
(359, 1, 'Downloaded interview question guide template', 1610353181, '127.0.0.1', 'Mozilla/5.0 (X11; Ubuntu; Linux x86_64; rv:84.0) Gecko/20100101 Firefox/84.0'),
(360, 1, 'Downloaded interview question guide template', 1610353190, '127.0.0.1', 'Mozilla/5.0 (X11; Ubuntu; Linux x86_64; rv:84.0) Gecko/20100101 Firefox/84.0'),
(361, 1, 'Downloaded interview question guide template', 1610353200, '127.0.0.1', 'Mozilla/5.0 (X11; Ubuntu; Linux x86_64; rv:84.0) Gecko/20100101 Firefox/84.0'),
(362, 1, 'Downloaded interview question guide template', 1610353249, '127.0.0.1', 'Mozilla/5.0 (X11; Ubuntu; Linux x86_64; rv:84.0) Gecko/20100101 Firefox/84.0'),
(363, 1, 'Downloaded interview question guide template', 1610353265, '127.0.0.1', 'Mozilla/5.0 (X11; Ubuntu; Linux x86_64; rv:84.0) Gecko/20100101 Firefox/84.0'),
(364, 1, 'Downloaded interview question guide template', 1610353289, '127.0.0.1', 'Mozilla/5.0 (X11; Ubuntu; Linux x86_64; rv:84.0) Gecko/20100101 Firefox/84.0'),
(365, 1, 'Downloaded interview question guide template', 1610353311, '127.0.0.1', 'Mozilla/5.0 (X11; Ubuntu; Linux x86_64; rv:84.0) Gecko/20100101 Firefox/84.0'),
(366, 1, 'Downloaded interview question guide template', 1610353325, '127.0.0.1', 'Mozilla/5.0 (X11; Ubuntu; Linux x86_64; rv:84.0) Gecko/20100101 Firefox/84.0'),
(367, 1, 'Downloaded interview question guide template', 1610353357, '127.0.0.1', 'Mozilla/5.0 (X11; Ubuntu; Linux x86_64; rv:84.0) Gecko/20100101 Firefox/84.0'),
(368, 1, 'Downloaded interview question guide template', 1610353373, '127.0.0.1', 'Mozilla/5.0 (X11; Ubuntu; Linux x86_64; rv:84.0) Gecko/20100101 Firefox/84.0'),
(369, 1, 'Downloaded interview question guide template', 1610353405, '127.0.0.1', 'Mozilla/5.0 (X11; Ubuntu; Linux x86_64; rv:84.0) Gecko/20100101 Firefox/84.0'),
(370, 1, 'Downloaded interview question guide template', 1610353508, '127.0.0.1', 'Mozilla/5.0 (X11; Ubuntu; Linux x86_64; rv:84.0) Gecko/20100101 Firefox/84.0'),
(371, 1, 'Downloaded interview question guide template', 1610353519, '127.0.0.1', 'Mozilla/5.0 (X11; Ubuntu; Linux x86_64; rv:84.0) Gecko/20100101 Firefox/84.0');
INSERT INTO `audit_trail` (`id`, `user`, `action`, `date`, `ip_address`, `user_agent`) VALUES
(372, 1, 'Downloaded interview question guide template', 1610353562, '127.0.0.1', 'Mozilla/5.0 (X11; Ubuntu; Linux x86_64; rv:84.0) Gecko/20100101 Firefox/84.0'),
(373, 1, 'Downloaded interview question guide template', 1610353582, '127.0.0.1', 'Mozilla/5.0 (X11; Ubuntu; Linux x86_64; rv:84.0) Gecko/20100101 Firefox/84.0'),
(374, 1, 'Downloaded interview question guide template', 1610353624, '127.0.0.1', 'Mozilla/5.0 (X11; Ubuntu; Linux x86_64; rv:84.0) Gecko/20100101 Firefox/84.0'),
(375, 1, 'Downloaded interview question guide template', 1610353654, '127.0.0.1', 'Mozilla/5.0 (X11; Ubuntu; Linux x86_64; rv:84.0) Gecko/20100101 Firefox/84.0'),
(376, 1, 'Downloaded interview question guide template', 1610353667, '127.0.0.1', 'Mozilla/5.0 (X11; Ubuntu; Linux x86_64; rv:84.0) Gecko/20100101 Firefox/84.0'),
(377, 1, 'Downloaded interview question guide template', 1610353677, '127.0.0.1', 'Mozilla/5.0 (X11; Ubuntu; Linux x86_64; rv:84.0) Gecko/20100101 Firefox/84.0'),
(378, 1, 'Downloaded interview question guide template', 1610353690, '127.0.0.1', 'Mozilla/5.0 (X11; Ubuntu; Linux x86_64; rv:84.0) Gecko/20100101 Firefox/84.0'),
(379, 1, 'Downloaded interview question guide template', 1610353759, '127.0.0.1', 'Mozilla/5.0 (X11; Ubuntu; Linux x86_64; rv:84.0) Gecko/20100101 Firefox/84.0'),
(380, 1, 'Downloaded interview question guide template', 1610353783, '127.0.0.1', 'Mozilla/5.0 (X11; Ubuntu; Linux x86_64; rv:84.0) Gecko/20100101 Firefox/84.0'),
(381, 1, 'Downloaded interview question guide template', 1610353889, '127.0.0.1', 'Mozilla/5.0 (X11; Ubuntu; Linux x86_64; rv:84.0) Gecko/20100101 Firefox/84.0'),
(382, 1, 'Downloaded interview question guide template', 1610353905, '127.0.0.1', 'Mozilla/5.0 (X11; Ubuntu; Linux x86_64; rv:84.0) Gecko/20100101 Firefox/84.0'),
(383, 1, 'Downloaded interview question guide template', 1610353981, '127.0.0.1', 'Mozilla/5.0 (X11; Ubuntu; Linux x86_64; rv:84.0) Gecko/20100101 Firefox/84.0'),
(384, 1, 'Downloaded interview question guide template', 1610354052, '127.0.0.1', 'Mozilla/5.0 (X11; Ubuntu; Linux x86_64; rv:84.0) Gecko/20100101 Firefox/84.0'),
(385, 1, 'Downloaded interview question guide template', 1610354152, '127.0.0.1', 'Mozilla/5.0 (X11; Ubuntu; Linux x86_64; rv:84.0) Gecko/20100101 Firefox/84.0'),
(386, 1, 'Downloaded interview question guide template', 1610354174, '127.0.0.1', 'Mozilla/5.0 (X11; Ubuntu; Linux x86_64; rv:84.0) Gecko/20100101 Firefox/84.0'),
(387, 1, 'Downloaded interview question guide template', 1610354278, '127.0.0.1', 'Mozilla/5.0 (X11; Ubuntu; Linux x86_64; rv:84.0) Gecko/20100101 Firefox/84.0'),
(388, 1, 'Downloaded interview question guide template', 1610354293, '127.0.0.1', 'Mozilla/5.0 (X11; Ubuntu; Linux x86_64; rv:84.0) Gecko/20100101 Firefox/84.0'),
(389, 1, 'Downloaded interview question guide template', 1610354331, '127.0.0.1', 'Mozilla/5.0 (X11; Ubuntu; Linux x86_64; rv:84.0) Gecko/20100101 Firefox/84.0'),
(390, 1, 'Downloaded interview question guide template', 1610354370, '127.0.0.1', 'Mozilla/5.0 (X11; Ubuntu; Linux x86_64; rv:84.0) Gecko/20100101 Firefox/84.0'),
(391, 1, 'Downloaded interview question guide template', 1610354464, '127.0.0.1', 'Mozilla/5.0 (X11; Ubuntu; Linux x86_64; rv:84.0) Gecko/20100101 Firefox/84.0'),
(392, 1, 'Downloaded interview question guide template', 1610354478, '127.0.0.1', 'Mozilla/5.0 (X11; Ubuntu; Linux x86_64; rv:84.0) Gecko/20100101 Firefox/84.0'),
(393, 1, 'Downloaded interview question guide template', 1610354515, '127.0.0.1', 'Mozilla/5.0 (X11; Ubuntu; Linux x86_64; rv:84.0) Gecko/20100101 Firefox/84.0'),
(394, 1, 'Downloaded interview question guide template', 1610354578, '127.0.0.1', 'Mozilla/5.0 (X11; Ubuntu; Linux x86_64; rv:84.0) Gecko/20100101 Firefox/84.0'),
(395, 1, 'Downloaded interview question guide template', 1610354588, '127.0.0.1', 'Mozilla/5.0 (X11; Ubuntu; Linux x86_64; rv:84.0) Gecko/20100101 Firefox/84.0'),
(396, 1, 'Downloaded interview question guide template', 1610354602, '127.0.0.1', 'Mozilla/5.0 (X11; Ubuntu; Linux x86_64; rv:84.0) Gecko/20100101 Firefox/84.0'),
(397, 1, 'Downloaded interview question guide template', 1610354651, '127.0.0.1', 'Mozilla/5.0 (X11; Ubuntu; Linux x86_64; rv:84.0) Gecko/20100101 Firefox/84.0'),
(398, 1, 'Downloaded interview question guide template', 1610354806, '127.0.0.1', 'Mozilla/5.0 (X11; Ubuntu; Linux x86_64; rv:84.0) Gecko/20100101 Firefox/84.0'),
(399, 1, 'Downloaded interview question guide template', 1610354992, '127.0.0.1', 'Mozilla/5.0 (X11; Ubuntu; Linux x86_64; rv:84.0) Gecko/20100101 Firefox/84.0'),
(400, 1, 'Downloaded interview question guide template', 1610355053, '127.0.0.1', 'Mozilla/5.0 (X11; Ubuntu; Linux x86_64; rv:84.0) Gecko/20100101 Firefox/84.0'),
(401, 1, 'Downloaded interview question guide template', 1610355073, '127.0.0.1', 'Mozilla/5.0 (X11; Ubuntu; Linux x86_64; rv:84.0) Gecko/20100101 Firefox/84.0'),
(402, 1, 'Downloaded interview question guide template', 1610355099, '127.0.0.1', 'Mozilla/5.0 (X11; Ubuntu; Linux x86_64; rv:84.0) Gecko/20100101 Firefox/84.0'),
(403, 1, 'Downloaded interview question guide template', 1610355112, '127.0.0.1', 'Mozilla/5.0 (X11; Ubuntu; Linux x86_64; rv:84.0) Gecko/20100101 Firefox/84.0'),
(404, 1, 'Downloaded interview question guide template', 1610355158, '127.0.0.1', 'Mozilla/5.0 (X11; Ubuntu; Linux x86_64; rv:84.0) Gecko/20100101 Firefox/84.0'),
(405, 1, 'Downloaded interview question guide template', 1610355177, '127.0.0.1', 'Mozilla/5.0 (X11; Ubuntu; Linux x86_64; rv:84.0) Gecko/20100101 Firefox/84.0'),
(406, 1, 'Downloaded interview question guide template', 1610355186, '127.0.0.1', 'Mozilla/5.0 (X11; Ubuntu; Linux x86_64; rv:84.0) Gecko/20100101 Firefox/84.0'),
(407, 1, 'Downloaded interview question guide template', 1610355255, '127.0.0.1', 'Mozilla/5.0 (X11; Ubuntu; Linux x86_64; rv:84.0) Gecko/20100101 Firefox/84.0'),
(408, 1, 'Downloaded interview question guide template', 1610355281, '127.0.0.1', 'Mozilla/5.0 (X11; Ubuntu; Linux x86_64; rv:84.0) Gecko/20100101 Firefox/84.0'),
(409, 1, 'Downloaded interview question guide template', 1610355346, '127.0.0.1', 'Mozilla/5.0 (X11; Ubuntu; Linux x86_64; rv:84.0) Gecko/20100101 Firefox/84.0'),
(410, 1, 'Downloaded interview question guide template', 1610355461, '127.0.0.1', 'Mozilla/5.0 (X11; Ubuntu; Linux x86_64; rv:84.0) Gecko/20100101 Firefox/84.0'),
(411, 1, 'Downloaded interview question guide template', 1610355478, '127.0.0.1', 'Mozilla/5.0 (X11; Ubuntu; Linux x86_64; rv:84.0) Gecko/20100101 Firefox/84.0'),
(412, 1, 'Downloaded interview question guide template', 1610355532, '127.0.0.1', 'Mozilla/5.0 (X11; Ubuntu; Linux x86_64; rv:84.0) Gecko/20100101 Firefox/84.0'),
(413, 1, 'Downloaded interview question guide template', 1610355544, '127.0.0.1', 'Mozilla/5.0 (X11; Ubuntu; Linux x86_64; rv:84.0) Gecko/20100101 Firefox/84.0'),
(414, 1, 'Downloaded interview question guide template', 1610355564, '127.0.0.1', 'Mozilla/5.0 (X11; Ubuntu; Linux x86_64; rv:84.0) Gecko/20100101 Firefox/84.0'),
(415, 1, 'Downloaded interview question guide template', 1610355656, '127.0.0.1', 'Mozilla/5.0 (X11; Ubuntu; Linux x86_64; rv:84.0) Gecko/20100101 Firefox/84.0'),
(416, 1, 'Downloaded interview question guide template', 1610355676, '127.0.0.1', 'Mozilla/5.0 (X11; Ubuntu; Linux x86_64; rv:84.0) Gecko/20100101 Firefox/84.0'),
(417, 1, 'Downloaded interview question guide template', 1610355693, '127.0.0.1', 'Mozilla/5.0 (X11; Ubuntu; Linux x86_64; rv:84.0) Gecko/20100101 Firefox/84.0'),
(418, 1, 'Downloaded interview question guide template', 1610355771, '127.0.0.1', 'Mozilla/5.0 (X11; Ubuntu; Linux x86_64; rv:84.0) Gecko/20100101 Firefox/84.0'),
(419, 1, 'Downloaded interview question guide template', 1610355819, '127.0.0.1', 'Mozilla/5.0 (X11; Ubuntu; Linux x86_64; rv:84.0) Gecko/20100101 Firefox/84.0'),
(420, 1, 'Downloaded interview question guide template', 1610355864, '127.0.0.1', 'Mozilla/5.0 (X11; Ubuntu; Linux x86_64; rv:84.0) Gecko/20100101 Firefox/84.0'),
(421, 1, 'Downloaded interview question guide template', 1610355885, '127.0.0.1', 'Mozilla/5.0 (X11; Ubuntu; Linux x86_64; rv:84.0) Gecko/20100101 Firefox/84.0'),
(422, 1, 'Downloaded interview question guide template', 1610355925, '127.0.0.1', 'Mozilla/5.0 (X11; Ubuntu; Linux x86_64; rv:84.0) Gecko/20100101 Firefox/84.0'),
(423, 1, 'Downloaded interview question guide template', 1610355936, '127.0.0.1', 'Mozilla/5.0 (X11; Ubuntu; Linux x86_64; rv:84.0) Gecko/20100101 Firefox/84.0'),
(424, 1, 'Downloaded interview question guide template', 1610355961, '127.0.0.1', 'Mozilla/5.0 (X11; Ubuntu; Linux x86_64; rv:84.0) Gecko/20100101 Firefox/84.0'),
(425, 1, 'Downloaded interview question guide template', 1610355976, '127.0.0.1', 'Mozilla/5.0 (X11; Ubuntu; Linux x86_64; rv:84.0) Gecko/20100101 Firefox/84.0'),
(426, 1, 'Downloaded interview question guide template', 1610356024, '127.0.0.1', 'Mozilla/5.0 (X11; Ubuntu; Linux x86_64; rv:84.0) Gecko/20100101 Firefox/84.0'),
(427, 1, 'Downloaded interview question guide template', 1610356038, '127.0.0.1', 'Mozilla/5.0 (X11; Ubuntu; Linux x86_64; rv:84.0) Gecko/20100101 Firefox/84.0'),
(428, 1, 'Downloaded interview question guide template', 1610356065, '127.0.0.1', 'Mozilla/5.0 (X11; Ubuntu; Linux x86_64; rv:84.0) Gecko/20100101 Firefox/84.0'),
(429, 1, 'Downloaded interview question guide template', 1610356085, '127.0.0.1', 'Mozilla/5.0 (X11; Ubuntu; Linux x86_64; rv:84.0) Gecko/20100101 Firefox/84.0'),
(430, 1, 'Downloaded interview question guide template', 1610356095, '127.0.0.1', 'Mozilla/5.0 (X11; Ubuntu; Linux x86_64; rv:84.0) Gecko/20100101 Firefox/84.0'),
(431, 1, 'Downloaded interview question guide template', 1610356104, '127.0.0.1', 'Mozilla/5.0 (X11; Ubuntu; Linux x86_64; rv:84.0) Gecko/20100101 Firefox/84.0'),
(432, 1, 'Downloaded interview question guide template', 1610356136, '127.0.0.1', 'Mozilla/5.0 (X11; Ubuntu; Linux x86_64; rv:84.0) Gecko/20100101 Firefox/84.0'),
(433, 1, 'Downloaded interview question guide template', 1610356284, '127.0.0.1', 'Mozilla/5.0 (X11; Ubuntu; Linux x86_64; rv:84.0) Gecko/20100101 Firefox/84.0'),
(434, 1, 'Downloaded interview question guide template', 1610356325, '127.0.0.1', 'Mozilla/5.0 (X11; Ubuntu; Linux x86_64; rv:84.0) Gecko/20100101 Firefox/84.0'),
(435, 1, 'Downloaded interview question guide template', 1610356356, '127.0.0.1', 'Mozilla/5.0 (X11; Ubuntu; Linux x86_64; rv:84.0) Gecko/20100101 Firefox/84.0'),
(436, 1, 'Downloaded interview question guide template', 1610356388, '127.0.0.1', 'Mozilla/5.0 (X11; Ubuntu; Linux x86_64; rv:84.0) Gecko/20100101 Firefox/84.0'),
(437, 1, 'Downloaded interview question guide template', 1610356405, '127.0.0.1', 'Mozilla/5.0 (X11; Ubuntu; Linux x86_64; rv:84.0) Gecko/20100101 Firefox/84.0'),
(438, 1, 'Downloaded interview question guide template', 1610356420, '127.0.0.1', 'Mozilla/5.0 (X11; Ubuntu; Linux x86_64; rv:84.0) Gecko/20100101 Firefox/84.0'),
(439, 1, 'Downloaded interview question guide template', 1610356434, '127.0.0.1', 'Mozilla/5.0 (X11; Ubuntu; Linux x86_64; rv:84.0) Gecko/20100101 Firefox/84.0'),
(440, 1, 'Downloaded interview question guide template', 1610356442, '127.0.0.1', 'Mozilla/5.0 (X11; Ubuntu; Linux x86_64; rv:84.0) Gecko/20100101 Firefox/84.0'),
(441, 1, 'Downloaded interview question guide template', 1610356468, '127.0.0.1', 'Mozilla/5.0 (X11; Ubuntu; Linux x86_64; rv:84.0) Gecko/20100101 Firefox/84.0'),
(442, 1, 'Downloaded interview question guide template', 1610356477, '127.0.0.1', 'Mozilla/5.0 (X11; Ubuntu; Linux x86_64; rv:84.0) Gecko/20100101 Firefox/84.0'),
(443, 1, 'Downloaded interview question guide template', 1610356509, '127.0.0.1', 'Mozilla/5.0 (X11; Ubuntu; Linux x86_64; rv:84.0) Gecko/20100101 Firefox/84.0'),
(444, 1, 'Downloaded interview question guide template', 1610356546, '127.0.0.1', 'Mozilla/5.0 (X11; Ubuntu; Linux x86_64; rv:84.0) Gecko/20100101 Firefox/84.0'),
(445, 1, 'Downloaded interview question guide template', 1610356560, '127.0.0.1', 'Mozilla/5.0 (X11; Ubuntu; Linux x86_64; rv:84.0) Gecko/20100101 Firefox/84.0'),
(446, 1, 'Downloaded interview question guide template', 1610356617, '127.0.0.1', 'Mozilla/5.0 (X11; Ubuntu; Linux x86_64; rv:84.0) Gecko/20100101 Firefox/84.0'),
(447, 1, 'Downloaded interview question guide template', 1610356664, '127.0.0.1', 'Mozilla/5.0 (X11; Ubuntu; Linux x86_64; rv:84.0) Gecko/20100101 Firefox/84.0'),
(448, 1, 'Downloaded interview question guide template', 1610356673, '127.0.0.1', 'Mozilla/5.0 (X11; Ubuntu; Linux x86_64; rv:84.0) Gecko/20100101 Firefox/84.0'),
(449, 1, 'Downloaded interview question guide template', 1610356682, '127.0.0.1', 'Mozilla/5.0 (X11; Ubuntu; Linux x86_64; rv:84.0) Gecko/20100101 Firefox/84.0'),
(450, 1, 'Downloaded interview question guide template', 1610356692, '127.0.0.1', 'Mozilla/5.0 (X11; Ubuntu; Linux x86_64; rv:84.0) Gecko/20100101 Firefox/84.0'),
(451, 1, 'Downloaded interview question guide template', 1610356717, '127.0.0.1', 'Mozilla/5.0 (X11; Ubuntu; Linux x86_64; rv:84.0) Gecko/20100101 Firefox/84.0'),
(452, 1, 'Downloaded interview question guide template', 1610356734, '127.0.0.1', 'Mozilla/5.0 (X11; Ubuntu; Linux x86_64; rv:84.0) Gecko/20100101 Firefox/84.0'),
(453, 1, 'Downloaded interview question guide template', 1610356745, '127.0.0.1', 'Mozilla/5.0 (X11; Ubuntu; Linux x86_64; rv:84.0) Gecko/20100101 Firefox/84.0'),
(454, 1, 'Downloaded interview question guide template', 1610356778, '127.0.0.1', 'Mozilla/5.0 (X11; Ubuntu; Linux x86_64; rv:84.0) Gecko/20100101 Firefox/84.0'),
(455, 1, 'Downloaded interview question guide template', 1610356848, '127.0.0.1', 'Mozilla/5.0 (X11; Ubuntu; Linux x86_64; rv:84.0) Gecko/20100101 Firefox/84.0'),
(456, 1, 'Downloaded interview question guide template', 1610356921, '127.0.0.1', 'Mozilla/5.0 (X11; Ubuntu; Linux x86_64; rv:84.0) Gecko/20100101 Firefox/84.0'),
(457, 1, 'Downloaded interview question guide template', 1610356939, '127.0.0.1', 'Mozilla/5.0 (X11; Ubuntu; Linux x86_64; rv:84.0) Gecko/20100101 Firefox/84.0'),
(458, 1, 'Downloaded interview question guide template', 1610357001, '127.0.0.1', 'Mozilla/5.0 (X11; Ubuntu; Linux x86_64; rv:84.0) Gecko/20100101 Firefox/84.0'),
(459, 1, 'Downloaded interview question guide template', 1610357013, '127.0.0.1', 'Mozilla/5.0 (X11; Ubuntu; Linux x86_64; rv:84.0) Gecko/20100101 Firefox/84.0'),
(460, 1, 'Downloaded interview question guide template', 1610357058, '127.0.0.1', 'Mozilla/5.0 (X11; Ubuntu; Linux x86_64; rv:84.0) Gecko/20100101 Firefox/84.0'),
(461, 1, 'Downloaded interview question guide template', 1610357107, '127.0.0.1', 'Mozilla/5.0 (X11; Ubuntu; Linux x86_64; rv:84.0) Gecko/20100101 Firefox/84.0'),
(462, 1, 'Downloaded interview question guide template', 1610357240, '127.0.0.1', 'Mozilla/5.0 (X11; Ubuntu; Linux x86_64; rv:84.0) Gecko/20100101 Firefox/84.0'),
(463, 1, 'Downloaded interview question guide template', 1610357277, '127.0.0.1', 'Mozilla/5.0 (X11; Ubuntu; Linux x86_64; rv:84.0) Gecko/20100101 Firefox/84.0'),
(464, 1, 'Downloaded interview question guide template', 1610357293, '127.0.0.1', 'Mozilla/5.0 (X11; Ubuntu; Linux x86_64; rv:84.0) Gecko/20100101 Firefox/84.0'),
(465, 1, 'Downloaded interview question guide template', 1610357316, '127.0.0.1', 'Mozilla/5.0 (X11; Ubuntu; Linux x86_64; rv:84.0) Gecko/20100101 Firefox/84.0'),
(466, 1, 'Downloaded interview question guide template', 1610357325, '127.0.0.1', 'Mozilla/5.0 (X11; Ubuntu; Linux x86_64; rv:84.0) Gecko/20100101 Firefox/84.0'),
(467, 1, 'Downloaded interview question guide template', 1610357339, '127.0.0.1', 'Mozilla/5.0 (X11; Ubuntu; Linux x86_64; rv:84.0) Gecko/20100101 Firefox/84.0'),
(468, 1, 'Downloaded interview question guide template', 1610357352, '127.0.0.1', 'Mozilla/5.0 (X11; Ubuntu; Linux x86_64; rv:84.0) Gecko/20100101 Firefox/84.0'),
(469, 1, 'Downloaded Story of change interview guide template', 1610357432, '127.0.0.1', 'Mozilla/5.0 (X11; Ubuntu; Linux x86_64; rv:84.0) Gecko/20100101 Firefox/84.0'),
(470, 1, 'Downloaded Story of change interview guide template', 1610357961, '127.0.0.1', 'Mozilla/5.0 (X11; Ubuntu; Linux x86_64; rv:84.0) Gecko/20100101 Firefox/84.0'),
(471, 1, 'Downloaded Story of change interview guide template', 1610358023, '127.0.0.1', 'Mozilla/5.0 (X11; Ubuntu; Linux x86_64; rv:84.0) Gecko/20100101 Firefox/84.0'),
(472, 1, 'Downloaded Story of change interview guide template', 1610358035, '127.0.0.1', 'Mozilla/5.0 (X11; Ubuntu; Linux x86_64; rv:84.0) Gecko/20100101 Firefox/84.0'),
(473, 1, 'Downloaded Story of change interview guide template', 1610358069, '127.0.0.1', 'Mozilla/5.0 (X11; Ubuntu; Linux x86_64; rv:84.0) Gecko/20100101 Firefox/84.0'),
(474, 1, 'Downloaded Story of change interview guide template', 1610358187, '127.0.0.1', 'Mozilla/5.0 (X11; Ubuntu; Linux x86_64; rv:84.0) Gecko/20100101 Firefox/84.0'),
(475, 1, 'Downloaded Story of change interview guide template', 1610358228, '127.0.0.1', 'Mozilla/5.0 (X11; Ubuntu; Linux x86_64; rv:84.0) Gecko/20100101 Firefox/84.0'),
(476, 1, 'Downloaded Story of change interview guide template', 1610358245, '127.0.0.1', 'Mozilla/5.0 (X11; Ubuntu; Linux x86_64; rv:84.0) Gecko/20100101 Firefox/84.0'),
(477, 1, 'Updated interview guide question from:\' What interventions did E-SAPP put in place to resolve the problem?  Probe: Detail them according to the different steps taken. \' to \'What interventions did E-SAPP put in place to resolve the problem?  <b>Probe: Detail them according to the different steps taken</b>.\'', 1610358307, '127.0.0.1', 'Mozilla/5.0 (X11; Ubuntu; Linux x86_64; rv:84.0) Gecko/20100101 Firefox/84.0'),
(478, 1, 'Downloaded Story of change interview guide template', 1610358424, '127.0.0.1', 'Mozilla/5.0 (X11; Ubuntu; Linux x86_64; rv:84.0) Gecko/20100101 Firefox/84.0'),
(479, 1, 'Downloaded Story of change interview guide template', 1610358440, '127.0.0.1', 'Mozilla/5.0 (X11; Ubuntu; Linux x86_64; rv:84.0) Gecko/20100101 Firefox/84.0'),
(480, 1, 'Downloaded Story of change interview guide template', 1610358513, '127.0.0.1', 'Mozilla/5.0 (X11; Ubuntu; Linux x86_64; rv:84.0) Gecko/20100101 Firefox/84.0'),
(481, 1, 'Downloaded Story of change interview guide template', 1610358543, '127.0.0.1', 'Mozilla/5.0 (X11; Ubuntu; Linux x86_64; rv:84.0) Gecko/20100101 Firefox/84.0'),
(482, 1, 'Downloaded Story of change interview guide template', 1610358579, '127.0.0.1', 'Mozilla/5.0 (X11; Ubuntu; Linux x86_64; rv:84.0) Gecko/20100101 Firefox/84.0'),
(483, 1, 'Downloaded Story of change interview guide template', 1610358665, '127.0.0.1', 'Mozilla/5.0 (X11; Ubuntu; Linux x86_64; rv:84.0) Gecko/20100101 Firefox/84.0'),
(484, 1, 'Downloaded Story of change interview guide template', 1610358722, '127.0.0.1', 'Mozilla/5.0 (X11; Ubuntu; Linux x86_64; rv:84.0) Gecko/20100101 Firefox/84.0'),
(485, 1, 'Downloaded Story of change interview guide template', 1610358770, '127.0.0.1', 'Mozilla/5.0 (X11; Ubuntu; Linux x86_64; rv:84.0) Gecko/20100101 Firefox/84.0'),
(486, 1, 'Update role Administrator', 1610358885, '127.0.0.1', 'Mozilla/5.0 (X11; Ubuntu; Linux x86_64; rv:84.0) Gecko/20100101 Firefox/84.0'),
(487, 1, 'Update role Administrator', 1610359557, '127.0.0.1', 'Mozilla/5.0 (X11; Ubuntu; Linux x86_64; rv:84.0) Gecko/20100101 Firefox/84.0'),
(488, 1, 'Downloaded Story of change interview guide template', 1610359924, '127.0.0.1', 'Mozilla/5.0 (X11; Ubuntu; Linux x86_64; rv:84.0) Gecko/20100101 Firefox/84.0'),
(489, 1, 'Update role Administrator', 1610360300, '127.0.0.1', 'Mozilla/5.0 (X11; Ubuntu; Linux x86_64; rv:84.0) Gecko/20100101 Firefox/84.0'),
(490, 1, 'Added story of change category: Test', 1610361294, '127.0.0.1', 'Mozilla/5.0 (X11; Ubuntu; Linux x86_64; rv:84.0) Gecko/20100101 Firefox/84.0'),
(491, 1, 'Removed story of change category: Test from the system.', 1610361447, '127.0.0.1', 'Mozilla/5.0 (X11; Ubuntu; Linux x86_64; rv:84.0) Gecko/20100101 Firefox/84.0'),
(492, 1, 'Added story of change category: Test', 1610361454, '127.0.0.1', 'Mozilla/5.0 (X11; Ubuntu; Linux x86_64; rv:84.0) Gecko/20100101 Firefox/84.0'),
(493, 1, 'Updated story of change category description to::Description', 1610361478, '127.0.0.1', 'Mozilla/5.0 (X11; Ubuntu; Linux x86_64; rv:84.0) Gecko/20100101 Firefox/84.0'),
(494, 1, 'Added story of change category: Livestock ', 1610361550, '127.0.0.1', 'Mozilla/5.0 (X11; Ubuntu; Linux x86_64; rv:84.0) Gecko/20100101 Firefox/84.0'),
(495, 1, 'Added story of change category: Subsistence farming', 1610361568, '127.0.0.1', 'Mozilla/5.0 (X11; Ubuntu; Linux x86_64; rv:84.0) Gecko/20100101 Firefox/84.0'),
(496, 1, 'Updated story of change category description to::Subsistence farming', 1610361592, '127.0.0.1', 'Mozilla/5.0 (X11; Ubuntu; Linux x86_64; rv:84.0) Gecko/20100101 Firefox/84.0'),
(497, 1, 'Updated story of change category name from Livestock  to Livestock farming', 1610378652, '127.0.0.1', 'Mozilla/5.0 (X11; Ubuntu; Linux x86_64; rv:84.0) Gecko/20100101 Firefox/84.0'),
(498, 1, 'Removed story of change category: Test from the system.', 1610378656, '127.0.0.1', 'Mozilla/5.0 (X11; Ubuntu; Linux x86_64; rv:84.0) Gecko/20100101 Firefox/84.0'),
(499, 1, 'Update role Administrator', 1610381215, '127.0.0.1', 'Mozilla/5.0 (X11; Ubuntu; Linux x86_64; rv:84.0) Gecko/20100101 Firefox/84.0'),
(500, 1, 'Added story of change: Test', 1610388688, '127.0.0.1', 'Mozilla/5.0 (X11; Ubuntu; Linux x86_64; rv:84.0) Gecko/20100101 Firefox/84.0'),
(501, 1, 'Removed story of change: Test from the system.', 1610388904, '127.0.0.1', 'Mozilla/5.0 (X11; Ubuntu; Linux x86_64; rv:84.0) Gecko/20100101 Firefox/84.0'),
(502, 1, 'Added story of change: Test', 1610388925, '127.0.0.1', 'Mozilla/5.0 (X11; Ubuntu; Linux x86_64; rv:84.0) Gecko/20100101 Firefox/84.0'),
(503, 1, 'Updated story of change: Test', 1610392208, '127.0.0.1', 'Mozilla/5.0 (X11; Ubuntu; Linux x86_64; rv:84.0) Gecko/20100101 Firefox/84.0'),
(504, 1, 'Updated story of change: Test', 1610436102, '127.0.0.1', 'Mozilla/5.0 (X11; Ubuntu; Linux x86_64; rv:84.0) Gecko/20100101 Firefox/84.0'),
(505, 1, 'Updated story of change: Test', 1610436361, '127.0.0.1', 'Mozilla/5.0 (X11; Ubuntu; Linux x86_64; rv:84.0) Gecko/20100101 Firefox/84.0'),
(506, 1, 'Updated introduction for story of change: Test', 1610441039, '127.0.0.1', 'Mozilla/5.0 (X11; Ubuntu; Linux x86_64; rv:84.0) Gecko/20100101 Firefox/84.0'),
(507, 1, 'Updated introduction for story of change: Test', 1610441047, '127.0.0.1', 'Mozilla/5.0 (X11; Ubuntu; Linux x86_64; rv:84.0) Gecko/20100101 Firefox/84.0'),
(508, 1, 'Updated introduction for story of change: Test', 1610441334, '127.0.0.1', 'Mozilla/5.0 (X11; Ubuntu; Linux x86_64; rv:84.0) Gecko/20100101 Firefox/84.0'),
(509, 1, 'Updated challenges for story of change: Test', 1610441436, '127.0.0.1', 'Mozilla/5.0 (X11; Ubuntu; Linux x86_64; rv:84.0) Gecko/20100101 Firefox/84.0'),
(510, 1, 'Updated challenges for story of change: Test', 1610441593, '127.0.0.1', 'Mozilla/5.0 (X11; Ubuntu; Linux x86_64; rv:84.0) Gecko/20100101 Firefox/84.0'),
(511, 1, 'Updated actions for story of change: Test', 1610441858, '127.0.0.1', 'Mozilla/5.0 (X11; Ubuntu; Linux x86_64; rv:84.0) Gecko/20100101 Firefox/84.0'),
(512, 1, 'Updated actions for story of change: Test', 1610441864, '127.0.0.1', 'Mozilla/5.0 (X11; Ubuntu; Linux x86_64; rv:84.0) Gecko/20100101 Firefox/84.0'),
(513, 1, 'Updated results for story of change: Test', 1610445931, '127.0.0.1', 'Mozilla/5.0 (X11; Ubuntu; Linux x86_64; rv:84.0) Gecko/20100101 Firefox/84.0'),
(514, 1, 'Updated results for story of change: Test', 1610445938, '127.0.0.1', 'Mozilla/5.0 (X11; Ubuntu; Linux x86_64; rv:84.0) Gecko/20100101 Firefox/84.0'),
(515, 1, 'Updated results for story of change: Test', 1610445983, '127.0.0.1', 'Mozilla/5.0 (X11; Ubuntu; Linux x86_64; rv:84.0) Gecko/20100101 Firefox/84.0'),
(516, 1, 'Updated introduction for story of change: Test', 1610446060, '127.0.0.1', 'Mozilla/5.0 (X11; Ubuntu; Linux x86_64; rv:84.0) Gecko/20100101 Firefox/84.0'),
(517, 1, 'Updated actions for story of change: Test', 1610446106, '127.0.0.1', 'Mozilla/5.0 (X11; Ubuntu; Linux x86_64; rv:84.0) Gecko/20100101 Firefox/84.0'),
(518, 1, 'Updated results for story of change: Test', 1610446183, '127.0.0.1', 'Mozilla/5.0 (X11; Ubuntu; Linux x86_64; rv:84.0) Gecko/20100101 Firefox/84.0'),
(519, 1, 'Updated conclusions for story of change: Test', 1610446680, '127.0.0.1', 'Mozilla/5.0 (X11; Ubuntu; Linux x86_64; rv:84.0) Gecko/20100101 Firefox/84.0'),
(520, 1, 'Updated sequel for story of change: Test', 1610446813, '127.0.0.1', 'Mozilla/5.0 (X11; Ubuntu; Linux x86_64; rv:84.0) Gecko/20100101 Firefox/84.0'),
(521, 1, 'Updated sequel for story of change: Test', 1610446871, '127.0.0.1', 'Mozilla/5.0 (X11; Ubuntu; Linux x86_64; rv:84.0) Gecko/20100101 Firefox/84.0'),
(522, 1, 'Updated conclusions for story of change: Test', 1610446875, '127.0.0.1', 'Mozilla/5.0 (X11; Ubuntu; Linux x86_64; rv:84.0) Gecko/20100101 Firefox/84.0'),
(523, 1, 'Updated results for story of change: Test', 1610446878, '127.0.0.1', 'Mozilla/5.0 (X11; Ubuntu; Linux x86_64; rv:84.0) Gecko/20100101 Firefox/84.0'),
(524, 1, 'Updated actions for story of change: Test', 1610446883, '127.0.0.1', 'Mozilla/5.0 (X11; Ubuntu; Linux x86_64; rv:84.0) Gecko/20100101 Firefox/84.0'),
(525, 1, 'Updated challenges for story of change: Test', 1610446888, '127.0.0.1', 'Mozilla/5.0 (X11; Ubuntu; Linux x86_64; rv:84.0) Gecko/20100101 Firefox/84.0'),
(526, 1, 'Updated introduction for story of change: Test', 1610446892, '127.0.0.1', 'Mozilla/5.0 (X11; Ubuntu; Linux x86_64; rv:84.0) Gecko/20100101 Firefox/84.0'),
(527, 1, 'Updated story of change: Test', 1610446894, '127.0.0.1', 'Mozilla/5.0 (X11; Ubuntu; Linux x86_64; rv:84.0) Gecko/20100101 Firefox/84.0'),
(528, 1, 'Updated introduction for story of change: Test', 1610447031, '127.0.0.1', 'Mozilla/5.0 (X11; Ubuntu; Linux x86_64; rv:84.0) Gecko/20100101 Firefox/84.0'),
(529, 1, 'Updated sequel for story of change: Test', 1610450365, '127.0.0.1', 'Mozilla/5.0 (X11; Ubuntu; Linux x86_64; rv:84.0) Gecko/20100101 Firefox/84.0'),
(530, 1, 'Updated introduction for story of change: Test', 1610450403, '127.0.0.1', 'Mozilla/5.0 (X11; Ubuntu; Linux x86_64; rv:84.0) Gecko/20100101 Firefox/84.0'),
(531, 1, 'Submitted story of change: \'Test\' for review', 1610451229, '127.0.0.1', 'Mozilla/5.0 (X11; Ubuntu; Linux x86_64; rv:84.0) Gecko/20100101 Firefox/84.0'),
(532, 1, 'Submitted story of change: \'Test\' for review', 1610451428, '127.0.0.1', 'Mozilla/5.0 (X11; Ubuntu; Linux x86_64; rv:84.0) Gecko/20100101 Firefox/84.0'),
(533, 1, 'Updated challenges for story of change: Test', 1610451498, '127.0.0.1', 'Mozilla/5.0 (X11; Ubuntu; Linux x86_64; rv:84.0) Gecko/20100101 Firefox/84.0'),
(534, 1, 'Submitted story of change: \'Test\' for review', 1610451731, '127.0.0.1', 'Mozilla/5.0 (X11; Ubuntu; Linux x86_64; rv:84.0) Gecko/20100101 Firefox/84.0'),
(535, 1, 'Updated sequel for story of change: Test', 1610451779, '127.0.0.1', 'Mozilla/5.0 (X11; Ubuntu; Linux x86_64; rv:84.0) Gecko/20100101 Firefox/84.0'),
(536, 1, 'Submitted story of change: \'Test\' for review', 1610451849, '127.0.0.1', 'Mozilla/5.0 (X11; Ubuntu; Linux x86_64; rv:84.0) Gecko/20100101 Firefox/84.0'),
(537, 1, 'Update role User', 1610458402, '127.0.0.1', 'Mozilla/5.0 (X11; Ubuntu; Linux x86_64; rv:84.0) Gecko/20100101 Firefox/84.0'),
(538, 1, 'Updated user details with email: test2@unza.zm', 1610458485, '127.0.0.1', 'Mozilla/5.0 (X11; Ubuntu; Linux x86_64; rv:84.0) Gecko/20100101 Firefox/84.0'),
(539, 1, 'Updated user details with email: test1@unza.zm', 1610458500, '127.0.0.1', 'Mozilla/5.0 (X11; Ubuntu; Linux x86_64; rv:84.0) Gecko/20100101 Firefox/84.0'),
(540, 1, 'Update role Administrator', 1610458939, '127.0.0.1', 'Mozilla/5.0 (X11; Ubuntu; Linux x86_64; rv:84.0) Gecko/20100101 Firefox/84.0'),
(541, 1, 'Updated story of change: \'Test\'s status to \'Accepted\'', 1610467984, '127.0.0.1', 'Mozilla/5.0 (X11; Ubuntu; Linux x86_64; rv:84.0) Gecko/20100101 Firefox/84.0'),
(542, 1, 'Updated story of change: \'Test\'s status to \'Send back for more information\'', 1610468175, '127.0.0.1', 'Mozilla/5.0 (X11; Ubuntu; Linux x86_64; rv:84.0) Gecko/20100101 Firefox/84.0'),
(543, 1, 'Submitted story of change: \'Test\' for review', 1610468472, '127.0.0.1', 'Mozilla/5.0 (X11; Ubuntu; Linux x86_64; rv:84.0) Gecko/20100101 Firefox/84.0'),
(544, 1, 'Updated story of change: \'Test\'s status to \'Send back for more information\'', 1610468617, '127.0.0.1', 'Mozilla/5.0 (X11; Ubuntu; Linux x86_64; rv:84.0) Gecko/20100101 Firefox/84.0'),
(545, 1, 'Updated introduction for story of change: Test', 1610468675, '127.0.0.1', 'Mozilla/5.0 (X11; Ubuntu; Linux x86_64; rv:84.0) Gecko/20100101 Firefox/84.0'),
(546, 1, 'Submitted story of change: \'Test\' for review', 1610468679, '127.0.0.1', 'Mozilla/5.0 (X11; Ubuntu; Linux x86_64; rv:84.0) Gecko/20100101 Firefox/84.0'),
(547, 1, 'Updated story of change: \'Test\'s status to \'Accepted\'', 1610468706, '127.0.0.1', 'Mozilla/5.0 (X11; Ubuntu; Linux x86_64; rv:84.0) Gecko/20100101 Firefox/84.0'),
(548, 10, 'Added story of change: From subsistence to commercial farming-Case of Mr. Chulu', 1610472852, '127.0.0.1', 'Mozilla/5.0 (X11; Ubuntu; Linux x86_64; rv:84.0) Gecko/20100101 Firefox/84.0'),
(549, 10, 'Updated introduction for story of change: From subsistence to commercial farming-Case of Mr. Chulu', 1610472885, '127.0.0.1', 'Mozilla/5.0 (X11; Ubuntu; Linux x86_64; rv:84.0) Gecko/20100101 Firefox/84.0'),
(550, 10, 'Updated challenges for story of change: From subsistence to commercial farming-Case of Mr. Chulu', 1610472891, '127.0.0.1', 'Mozilla/5.0 (X11; Ubuntu; Linux x86_64; rv:84.0) Gecko/20100101 Firefox/84.0'),
(551, 10, 'Updated actions for story of change: From subsistence to commercial farming-Case of Mr. Chulu', 1610472895, '127.0.0.1', 'Mozilla/5.0 (X11; Ubuntu; Linux x86_64; rv:84.0) Gecko/20100101 Firefox/84.0'),
(552, 10, 'Updated results for story of change: From subsistence to commercial farming-Case of Mr. Chulu', 1610472902, '127.0.0.1', 'Mozilla/5.0 (X11; Ubuntu; Linux x86_64; rv:84.0) Gecko/20100101 Firefox/84.0'),
(553, 10, 'Updated conclusions for story of change: From subsistence to commercial farming-Case of Mr. Chulu', 1610472907, '127.0.0.1', 'Mozilla/5.0 (X11; Ubuntu; Linux x86_64; rv:84.0) Gecko/20100101 Firefox/84.0'),
(554, 10, 'Updated sequel for story of change: From subsistence to commercial farming-Case of Mr. Chulu', 1610472914, '127.0.0.1', 'Mozilla/5.0 (X11; Ubuntu; Linux x86_64; rv:84.0) Gecko/20100101 Firefox/84.0'),
(555, 10, 'Submitted story of change: \'From subsistence to commercial farming-Case of Mr. Chulu\' for review', 1610472925, '127.0.0.1', 'Mozilla/5.0 (X11; Ubuntu; Linux x86_64; rv:84.0) Gecko/20100101 Firefox/84.0'),
(556, 10, 'Submitted story of change: \'From subsistence to commercial farming-Case of Mr. Chulu\' for review', 1610472976, '127.0.0.1', 'Mozilla/5.0 (X11; Ubuntu; Linux x86_64; rv:84.0) Gecko/20100101 Firefox/84.0'),
(557, 10, 'Submitted story of change: \'From subsistence to commercial farming-Case of Mr. Chulu\' for review', 1610473231, '127.0.0.1', 'Mozilla/5.0 (X11; Ubuntu; Linux x86_64; rv:84.0) Gecko/20100101 Firefox/84.0'),
(558, 1, 'Updated story of change: \'From subsistence to commercial farming-Case of Mr. Chulu\'s status to \'Send back for more information\'', 1610473802, '127.0.0.1', 'Mozilla/5.0 (X11; Ubuntu; Linux x86_64; rv:84.0) Gecko/20100101 Firefox/84.0'),
(559, 1, 'Updated story of change: \'From subsistence to commercial farming-Case of Mr. Chulu\'s status to \'Send back for more information\'', 1610473849, '127.0.0.1', 'Mozilla/5.0 (X11; Ubuntu; Linux x86_64; rv:84.0) Gecko/20100101 Firefox/84.0'),
(560, 1, 'Updated story of change: \'From subsistence to commercial farming-Case of Mr. Chulu\'s status to \'Send back for more information\'', 1610473942, '127.0.0.1', 'Mozilla/5.0 (X11; Ubuntu; Linux x86_64; rv:84.0) Gecko/20100101 Firefox/84.0'),
(561, 10, 'Submitted story of change: \'From subsistence to commercial farming-Case of Mr. Chulu\' for review', 1610474020, '127.0.0.1', 'Mozilla/5.0 (X11; Ubuntu; Linux x86_64; rv:84.0) Gecko/20100101 Firefox/84.0'),
(562, 1, 'Updated story of change: \'From subsistence to commercial farming-Case of Mr. Chulu\'s status to \'Send back for more information\'', 1610474100, '127.0.0.1', 'Mozilla/5.0 (X11; Ubuntu; Linux x86_64; rv:84.0) Gecko/20100101 Firefox/84.0'),
(563, 10, 'Submitted story of change: \'From subsistence to commercial farming-Case of Mr. Chulu\' for review', 1610474213, '127.0.0.1', 'Mozilla/5.0 (X11; Ubuntu; Linux x86_64; rv:84.0) Gecko/20100101 Firefox/84.0'),
(564, 1, 'Update role Administrator', 1610474421, '127.0.0.1', 'Mozilla/5.0 (X11; Ubuntu; Linux x86_64; rv:84.0) Gecko/20100101 Firefox/84.0'),
(565, 1, 'Updated story of change: \'From subsistence to commercial farming-Case of Mr. Chulu\'s status to \'Accepted\'', 1610475802, '127.0.0.1', 'Mozilla/5.0 (X11; Ubuntu; Linux x86_64; rv:84.0) Gecko/20100101 Firefox/84.0'),
(566, 1, 'Update role Administrator', 1610531749, '127.0.0.1', 'Mozilla/5.0 (X11; Ubuntu; Linux x86_64; rv:84.0) Gecko/20100101 Firefox/84.0'),
(567, 1, 'Update role Administrator', 1610537883, '127.0.0.1', 'Mozilla/5.0 (X11; Ubuntu; Linux x86_64; rv:84.0) Gecko/20100101 Firefox/84.0'),
(568, 1, 'Update role Administrator', 1610724716, '127.0.0.1', 'Mozilla/5.0 (X11; Ubuntu; Linux x86_64; rv:84.0) Gecko/20100101 Firefox/84.0'),
(569, 1, 'Downloaded Story of change interview guide template', 1610726381, '127.0.0.1', 'Mozilla/5.0 (X11; Ubuntu; Linux x86_64; rv:84.0) Gecko/20100101 Firefox/84.0'),
(570, 10, 'Updated profile details ', 1610727288, '127.0.0.1', 'Mozilla/5.0 (X11; Ubuntu; Linux x86_64; rv:84.0) Gecko/20100101 Firefox/84.0'),
(571, 10, 'Updated profile details ', 1610727294, '127.0.0.1', 'Mozilla/5.0 (X11; Ubuntu; Linux x86_64; rv:84.0) Gecko/20100101 Firefox/84.0'),
(572, 10, 'Added story of change media: Picture', 1610732475, '127.0.0.1', 'Mozilla/5.0 (X11; Ubuntu; Linux x86_64; rv:84.0) Gecko/20100101 Firefox/84.0'),
(573, 10, 'Added story of change media: Audio', 1610732522, '127.0.0.1', 'Mozilla/5.0 (X11; Ubuntu; Linux x86_64; rv:84.0) Gecko/20100101 Firefox/84.0'),
(574, 10, 'Added story of change media: Audio', 1610734319, '127.0.0.1', 'Mozilla/5.0 (X11; Ubuntu; Linux x86_64; rv:84.0) Gecko/20100101 Firefox/84.0'),
(575, 10, 'Added story of change media: Completed Interview guide', 1610734439, '127.0.0.1', 'Mozilla/5.0 (X11; Ubuntu; Linux x86_64; rv:84.0) Gecko/20100101 Firefox/84.0'),
(576, 10, 'Added story of change media: Completed Interview guide', 1610734588, '127.0.0.1', 'Mozilla/5.0 (X11; Ubuntu; Linux x86_64; rv:84.0) Gecko/20100101 Firefox/84.0'),
(577, 10, 'Added story of change media: Audio', 1610734633, '127.0.0.1', 'Mozilla/5.0 (X11; Ubuntu; Linux x86_64; rv:84.0) Gecko/20100101 Firefox/84.0'),
(578, 10, 'Added story of change media: Video', 1610734785, '127.0.0.1', 'Mozilla/5.0 (X11; Ubuntu; Linux x86_64; rv:84.0) Gecko/20100101 Firefox/84.0'),
(579, 10, 'Added story of change media: Audio', 1610734886, '127.0.0.1', 'Mozilla/5.0 (X11; Ubuntu; Linux x86_64; rv:84.0) Gecko/20100101 Firefox/84.0'),
(580, 10, 'Added story of change media: Audio', 1610735709, '127.0.0.1', 'Mozilla/5.0 (X11; Ubuntu; Linux x86_64; rv:84.0) Gecko/20100101 Firefox/84.0'),
(581, 10, 'Added story of change media: Audio', 1610735730, '127.0.0.1', 'Mozilla/5.0 (X11; Ubuntu; Linux x86_64; rv:84.0) Gecko/20100101 Firefox/84.0'),
(582, 10, 'Added story of change media: Audio', 1610735788, '127.0.0.1', 'Mozilla/5.0 (X11; Ubuntu; Linux x86_64; rv:84.0) Gecko/20100101 Firefox/84.0'),
(583, 10, 'Added story of change media: Audio', 1610735890, '127.0.0.1', 'Mozilla/5.0 (X11; Ubuntu; Linux x86_64; rv:84.0) Gecko/20100101 Firefox/84.0'),
(584, 10, 'Added story of change media: Audio', 1610736927, '127.0.0.1', 'Mozilla/5.0 (X11; Ubuntu; Linux x86_64; rv:84.0) Gecko/20100101 Firefox/84.0'),
(585, 10, 'Submitted story of change: \'From subsistence to commercial farming-Case of Mr. Chulu\' for review', 1610736962, '127.0.0.1', 'Mozilla/5.0 (X11; Ubuntu; Linux x86_64; rv:84.0) Gecko/20100101 Firefox/84.0'),
(586, 10, 'Submitted story of change: \'From subsistence to commercial farming-Case of Mr. Chulu\' for review', 1610737488, '127.0.0.1', 'Mozilla/5.0 (X11; Ubuntu; Linux x86_64; rv:84.0) Gecko/20100101 Firefox/84.0'),
(587, 10, 'Submitted story of change: \'From subsistence to commercial farming-Case of Mr. Chulu\' for review', 1610737569, '127.0.0.1', 'Mozilla/5.0 (X11; Ubuntu; Linux x86_64; rv:84.0) Gecko/20100101 Firefox/84.0'),
(588, 10, 'Added story of change media: Picture', 1610769231, '127.0.0.1', 'Mozilla/5.0 (X11; Ubuntu; Linux x86_64; rv:84.0) Gecko/20100101 Firefox/84.0'),
(589, 10, 'Added story of change media: Picture', 1610771569, '127.0.0.1', 'Mozilla/5.0 (X11; Ubuntu; Linux x86_64; rv:84.0) Gecko/20100101 Firefox/84.0'),
(590, 10, 'Added story of change media: Video', 1610970100, '127.0.0.1', 'Mozilla/5.0 (X11; Ubuntu; Linux x86_64; rv:84.0) Gecko/20100101 Firefox/84.0'),
(591, 10, 'Added story of change media: Audio', 1610970117, '127.0.0.1', 'Mozilla/5.0 (X11; Ubuntu; Linux x86_64; rv:84.0) Gecko/20100101 Firefox/84.0'),
(592, 10, 'Added story of change media: Completed Interview guide', 1610970131, '127.0.0.1', 'Mozilla/5.0 (X11; Ubuntu; Linux x86_64; rv:84.0) Gecko/20100101 Firefox/84.0'),
(593, 10, 'Added story of change media: Picture', 1610975093, '127.0.0.1', 'Mozilla/5.0 (X11; Ubuntu; Linux x86_64; rv:84.0) Gecko/20100101 Firefox/84.0'),
(594, 10, 'Removed Case study media type: Completed Interview guide - my sample.pdf', 1610980438, '127.0.0.1', 'Mozilla/5.0 (X11; Ubuntu; Linux x86_64; rv:84.0) Gecko/20100101 Firefox/84.0'),
(595, 10, 'Removed Case study media type: Picture - bg1.jpg', 1610980456, '127.0.0.1', 'Mozilla/5.0 (X11; Ubuntu; Linux x86_64; rv:84.0) Gecko/20100101 Firefox/84.0'),
(596, 10, 'Added story of change media: Audio', 1610981018, '127.0.0.1', 'Mozilla/5.0 (X11; Ubuntu; Linux x86_64; rv:84.0) Gecko/20100101 Firefox/84.0'),
(597, 10, 'Removed Case study media type: Picture - ', 1610981039, '127.0.0.1', 'Mozilla/5.0 (X11; Ubuntu; Linux x86_64; rv:84.0) Gecko/20100101 Firefox/84.0'),
(598, 10, 'Removed Case study media type: Audio - sample audio.mp3', 1610981242, '127.0.0.1', 'Mozilla/5.0 (X11; Ubuntu; Linux x86_64; rv:84.0) Gecko/20100101 Firefox/84.0'),
(599, 10, 'Removed Case study media type: Picture - ', 1610981265, '127.0.0.1', 'Mozilla/5.0 (X11; Ubuntu; Linux x86_64; rv:84.0) Gecko/20100101 Firefox/84.0'),
(600, 10, 'Removed Case study media type: Video - sample video.mp4', 1610981287, '127.0.0.1', 'Mozilla/5.0 (X11; Ubuntu; Linux x86_64; rv:84.0) Gecko/20100101 Firefox/84.0'),
(601, 10, 'Removed Case study media type: Completed Interview guide - ', 1610981304, '127.0.0.1', 'Mozilla/5.0 (X11; Ubuntu; Linux x86_64; rv:84.0) Gecko/20100101 Firefox/84.0'),
(602, 10, 'Removed Case study media type: Audio - ', 1610981431, '127.0.0.1', 'Mozilla/5.0 (X11; Ubuntu; Linux x86_64; rv:84.0) Gecko/20100101 Firefox/84.0'),
(603, 10, 'Added story of change media: Completed Interview guide', 1610981490, '127.0.0.1', 'Mozilla/5.0 (X11; Ubuntu; Linux x86_64; rv:84.0) Gecko/20100101 Firefox/84.0'),
(604, 10, 'Completed interview guide template was downloaded', 1610981894, '127.0.0.1', 'Mozilla/5.0 (X11; Ubuntu; Linux x86_64; rv:84.0) Gecko/20100101 Firefox/84.0'),
(605, 10, 'Completed interview guide template was downloaded', 1610981947, '127.0.0.1', 'Mozilla/5.0 (X11; Ubuntu; Linux x86_64; rv:84.0) Gecko/20100101 Firefox/84.0'),
(606, 10, 'Completed interview guide template was downloaded', 1610981969, '127.0.0.1', 'Mozilla/5.0 (X11; Ubuntu; Linux x86_64; rv:84.0) Gecko/20100101 Firefox/84.0'),
(607, 10, 'Removed Case study media type: Audio - sample audio.mp3', 1610982034, '127.0.0.1', 'Mozilla/5.0 (X11; Ubuntu; Linux x86_64; rv:84.0) Gecko/20100101 Firefox/84.0'),
(608, 10, 'Removed Case study media type: Video - ', 1610982099, '127.0.0.1', 'Mozilla/5.0 (X11; Ubuntu; Linux x86_64; rv:84.0) Gecko/20100101 Firefox/84.0'),
(609, 10, 'Removed Case study media type: Picture - FIFA.jpg', 1610982111, '127.0.0.1', 'Mozilla/5.0 (X11; Ubuntu; Linux x86_64; rv:84.0) Gecko/20100101 Firefox/84.0'),
(610, 10, 'Removed Case study media type: Completed Interview guide - my sample.pdf', 1610982144, '127.0.0.1', 'Mozilla/5.0 (X11; Ubuntu; Linux x86_64; rv:84.0) Gecko/20100101 Firefox/84.0'),
(611, 10, 'Added story of change media: Completed Interview guide', 1610982179, '127.0.0.1', 'Mozilla/5.0 (X11; Ubuntu; Linux x86_64; rv:84.0) Gecko/20100101 Firefox/84.0'),
(612, 10, 'Added story of change media: Completed Interview guide', 1610983644, '127.0.0.1', 'Mozilla/5.0 (X11; Ubuntu; Linux x86_64; rv:84.0) Gecko/20100101 Firefox/84.0'),
(613, 10, 'Updated story of change media: Completed Interview guide', 1610983659, '127.0.0.1', 'Mozilla/5.0 (X11; Ubuntu; Linux x86_64; rv:84.0) Gecko/20100101 Firefox/84.0'),
(614, 10, 'Added story of change media: Completed Interview guide', 1610983827, '127.0.0.1', 'Mozilla/5.0 (X11; Ubuntu; Linux x86_64; rv:84.0) Gecko/20100101 Firefox/84.0'),
(615, 10, 'Updated story of change media: Completed Interview guide', 1610984163, '127.0.0.1', 'Mozilla/5.0 (X11; Ubuntu; Linux x86_64; rv:84.0) Gecko/20100101 Firefox/84.0'),
(616, 10, 'Added story of change media: Completed Interview guide', 1610984200, '127.0.0.1', 'Mozilla/5.0 (X11; Ubuntu; Linux x86_64; rv:84.0) Gecko/20100101 Firefox/84.0'),
(617, 10, 'Updated story of change media: Completed Interview guide', 1610984220, '127.0.0.1', 'Mozilla/5.0 (X11; Ubuntu; Linux x86_64; rv:84.0) Gecko/20100101 Firefox/84.0'),
(618, 10, 'Added story of change media: Picture', 1610984242, '127.0.0.1', 'Mozilla/5.0 (X11; Ubuntu; Linux x86_64; rv:84.0) Gecko/20100101 Firefox/84.0'),
(619, 10, 'Updated story of change media: Picture', 1610984357, '127.0.0.1', 'Mozilla/5.0 (X11; Ubuntu; Linux x86_64; rv:84.0) Gecko/20100101 Firefox/84.0'),
(620, 10, 'Added story of change media: Audio', 1610984390, '127.0.0.1', 'Mozilla/5.0 (X11; Ubuntu; Linux x86_64; rv:84.0) Gecko/20100101 Firefox/84.0'),
(621, 10, 'Updated story of change media: Audio', 1610984427, '127.0.0.1', 'Mozilla/5.0 (X11; Ubuntu; Linux x86_64; rv:84.0) Gecko/20100101 Firefox/84.0'),
(622, 10, 'Added story of change media: Video', 1610984457, '127.0.0.1', 'Mozilla/5.0 (X11; Ubuntu; Linux x86_64; rv:84.0) Gecko/20100101 Firefox/84.0'),
(623, 1, 'Completed interview guide template was downloaded', 1610985340, '127.0.0.1', 'Mozilla/5.0 (X11; Ubuntu; Linux x86_64; rv:84.0) Gecko/20100101 Firefox/84.0'),
(624, 10, 'Added story of change media: Completed Interview guide', 1610985873, '127.0.0.1', 'Mozilla/5.0 (X11; Ubuntu; Linux x86_64; rv:84.0) Gecko/20100101 Firefox/84.0'),
(625, 10, 'Removed Case study media type: Completed Interview guide - my sample.pdf', 1610985901, '127.0.0.1', 'Mozilla/5.0 (X11; Ubuntu; Linux x86_64; rv:84.0) Gecko/20100101 Firefox/84.0'),
(626, 10, 'Added story of change media: Completed Interview guide', 1610985922, '127.0.0.1', 'Mozilla/5.0 (X11; Ubuntu; Linux x86_64; rv:84.0) Gecko/20100101 Firefox/84.0'),
(627, 1, 'Completed interview guide template was downloaded', 1610986280, '127.0.0.1', 'Mozilla/5.0 (X11; Ubuntu; Linux x86_64; rv:84.0) Gecko/20100101 Firefox/84.0'),
(628, 1, 'Exported Story of change:Test to pdf', 1610987494, '127.0.0.1', 'Mozilla/5.0 (X11; Ubuntu; Linux x86_64; rv:84.0) Gecko/20100101 Firefox/84.0'),
(629, 1, 'Exported Story of change:Test to pdf', 1610987507, '127.0.0.1', 'Mozilla/5.0 (X11; Ubuntu; Linux x86_64; rv:84.0) Gecko/20100101 Firefox/84.0'),
(630, 1, 'Updated story of change: \'From subsistence to commercial farming-Case of Mr. Chulu\'s status to \'Accepted\'', 1610987526, '127.0.0.1', 'Mozilla/5.0 (X11; Ubuntu; Linux x86_64; rv:84.0) Gecko/20100101 Firefox/84.0'),
(631, 1, 'Exported Story of change:From subsistence to commercial farming-Case of Mr. Chulu to pdf', 1610987556, '127.0.0.1', 'Mozilla/5.0 (X11; Ubuntu; Linux x86_64; rv:84.0) Gecko/20100101 Firefox/84.0'),
(632, 1, 'Exported Story of change:From subsistence to commercial farming-Case of Mr. Chulu to pdf', 1610987678, '127.0.0.1', 'Mozilla/5.0 (X11; Ubuntu; Linux x86_64; rv:84.0) Gecko/20100101 Firefox/84.0'),
(633, 1, 'Exported Story of change:From subsistence to commercial farming-Case of Mr. Chulu to pdf', 1610987698, '127.0.0.1', 'Mozilla/5.0 (X11; Ubuntu; Linux x86_64; rv:84.0) Gecko/20100101 Firefox/84.0'),
(634, 1, 'Exported Story of change:From subsistence to commercial farming-Case of Mr. Chulu to pdf', 1610987751, '127.0.0.1', 'Mozilla/5.0 (X11; Ubuntu; Linux x86_64; rv:84.0) Gecko/20100101 Firefox/84.0'),
(635, 1, 'Exported Story of change:From subsistence to commercial farming-Case of Mr. Chulu to pdf', 1610987772, '127.0.0.1', 'Mozilla/5.0 (X11; Ubuntu; Linux x86_64; rv:84.0) Gecko/20100101 Firefox/84.0'),
(636, 1, 'Exported Story of change:From subsistence to commercial farming-Case of Mr. Chulu to pdf', 1610987781, '127.0.0.1', 'Mozilla/5.0 (X11; Ubuntu; Linux x86_64; rv:84.0) Gecko/20100101 Firefox/84.0'),
(637, 1, 'Exported Story of change:From subsistence to commercial farming-Case of Mr. Chulu to pdf', 1610987793, '127.0.0.1', 'Mozilla/5.0 (X11; Ubuntu; Linux x86_64; rv:84.0) Gecko/20100101 Firefox/84.0'),
(638, 1, 'Exported Story of change:From subsistence to commercial farming-Case of Mr. Chulu to pdf', 1610987830, '127.0.0.1', 'Mozilla/5.0 (X11; Ubuntu; Linux x86_64; rv:84.0) Gecko/20100101 Firefox/84.0'),
(639, 1, 'Exported Story of change:From subsistence to commercial farming-Case of Mr. Chulu to pdf', 1610987840, '127.0.0.1', 'Mozilla/5.0 (X11; Ubuntu; Linux x86_64; rv:84.0) Gecko/20100101 Firefox/84.0'),
(640, 1, 'Exported Story of change:From subsistence to commercial farming-Case of Mr. Chulu to pdf', 1610987858, '127.0.0.1', 'Mozilla/5.0 (X11; Ubuntu; Linux x86_64; rv:84.0) Gecko/20100101 Firefox/84.0'),
(641, 1, 'Exported Story of change:From subsistence to commercial farming-Case of Mr. Chulu to pdf', 1610987896, '127.0.0.1', 'Mozilla/5.0 (X11; Ubuntu; Linux x86_64; rv:84.0) Gecko/20100101 Firefox/84.0'),
(642, 1, 'Exported Story of change:From subsistence to commercial farming-Case of Mr. Chulu to pdf', 1610987928, '127.0.0.1', 'Mozilla/5.0 (X11; Ubuntu; Linux x86_64; rv:84.0) Gecko/20100101 Firefox/84.0'),
(643, 1, 'Exported Story of change:From subsistence to commercial farming-Case of Mr. Chulu to pdf', 1610987964, '127.0.0.1', 'Mozilla/5.0 (X11; Ubuntu; Linux x86_64; rv:84.0) Gecko/20100101 Firefox/84.0'),
(644, 1, 'Exported Story of change:From subsistence to commercial farming-Case of Mr. Chulu to pdf', 1610988009, '127.0.0.1', 'Mozilla/5.0 (X11; Ubuntu; Linux x86_64; rv:84.0) Gecko/20100101 Firefox/84.0'),
(645, 1, 'Exported Story of change:From subsistence to commercial farming-Case of Mr. Chulu to pdf', 1610988028, '127.0.0.1', 'Mozilla/5.0 (X11; Ubuntu; Linux x86_64; rv:84.0) Gecko/20100101 Firefox/84.0'),
(646, 1, 'Exported Story of change:From subsistence to commercial farming-Case of Mr. Chulu to pdf', 1610988062, '127.0.0.1', 'Mozilla/5.0 (X11; Ubuntu; Linux x86_64; rv:84.0) Gecko/20100101 Firefox/84.0'),
(647, 1, 'Exported Story of change:From subsistence to commercial farming-Case of Mr. Chulu to pdf', 1610988076, '127.0.0.1', 'Mozilla/5.0 (X11; Ubuntu; Linux x86_64; rv:84.0) Gecko/20100101 Firefox/84.0'),
(648, 1, 'Exported Story of change:From subsistence to commercial farming-Case of Mr. Chulu to pdf', 1610988107, '127.0.0.1', 'Mozilla/5.0 (X11; Ubuntu; Linux x86_64; rv:84.0) Gecko/20100101 Firefox/84.0'),
(649, 1, 'Exported Story of change:From subsistence to commercial farming-Case of Mr. Chulu to pdf', 1610988173, '127.0.0.1', 'Mozilla/5.0 (X11; Ubuntu; Linux x86_64; rv:84.0) Gecko/20100101 Firefox/84.0'),
(650, 1, 'Update role Administrator', 1610989408, '127.0.0.1', 'Mozilla/5.0 (X11; Ubuntu; Linux x86_64; rv:84.0) Gecko/20100101 Firefox/84.0'),
(651, 1, 'Added story of change article', 1610990606, '127.0.0.1', 'Mozilla/5.0 (X11; Ubuntu; Linux x86_64; rv:84.0) Gecko/20100101 Firefox/84.0'),
(652, 1, 'Exported Story of change:From subsistence to commercial farming-Case of Mr. Chulu to pdf', 1610991632, '127.0.0.1', 'Mozilla/5.0 (X11; Ubuntu; Linux x86_64; rv:84.0) Gecko/20100101 Firefox/84.0'),
(653, 1, 'Added story of change article', 1610991992, '127.0.0.1', 'Mozilla/5.0 (X11; Ubuntu; Linux x86_64; rv:84.0) Gecko/20100101 Firefox/84.0'),
(654, 1, 'Added story of change article', 1610992095, '127.0.0.1', 'Mozilla/5.0 (X11; Ubuntu; Linux x86_64; rv:84.0) Gecko/20100101 Firefox/84.0'),
(655, 1, 'Downloaded Case study article', 1610992375, '127.0.0.1', 'Mozilla/5.0 (X11; Ubuntu; Linux x86_64; rv:84.0) Gecko/20100101 Firefox/84.0'),
(656, 1, 'Removed Case study article', 1610992764, '127.0.0.1', 'Mozilla/5.0 (X11; Ubuntu; Linux x86_64; rv:84.0) Gecko/20100101 Firefox/84.0'),
(657, 1, 'Updated story of change article', 1610992849, '127.0.0.1', 'Mozilla/5.0 (X11; Ubuntu; Linux x86_64; rv:84.0) Gecko/20100101 Firefox/84.0'),
(658, 1, 'Updated story of change article', 1610992923, '127.0.0.1', 'Mozilla/5.0 (X11; Ubuntu; Linux x86_64; rv:84.0) Gecko/20100101 Firefox/84.0'),
(659, 1, 'Removed Case study article', 1610992952, '127.0.0.1', 'Mozilla/5.0 (X11; Ubuntu; Linux x86_64; rv:84.0) Gecko/20100101 Firefox/84.0'),
(660, 1, 'Added story of change article', 1610992981, '127.0.0.1', 'Mozilla/5.0 (X11; Ubuntu; Linux x86_64; rv:84.0) Gecko/20100101 Firefox/84.0'),
(661, 1, 'Updated story of change article', 1610993047, '127.0.0.1', 'Mozilla/5.0 (X11; Ubuntu; Linux x86_64; rv:84.0) Gecko/20100101 Firefox/84.0'),
(662, 1, 'Removed Case study article', 1610993078, '127.0.0.1', 'Mozilla/5.0 (X11; Ubuntu; Linux x86_64; rv:84.0) Gecko/20100101 Firefox/84.0'),
(663, 1, 'Updated story of change article', 1610993090, '127.0.0.1', 'Mozilla/5.0 (X11; Ubuntu; Linux x86_64; rv:84.0) Gecko/20100101 Firefox/84.0'),
(664, 1, 'Updated story of change article', 1610993157, '127.0.0.1', 'Mozilla/5.0 (X11; Ubuntu; Linux x86_64; rv:84.0) Gecko/20100101 Firefox/84.0'),
(665, 1, 'Removed Case study article', 1610993179, '127.0.0.1', 'Mozilla/5.0 (X11; Ubuntu; Linux x86_64; rv:84.0) Gecko/20100101 Firefox/84.0'),
(666, 1, 'Added story of change article', 1610993207, '127.0.0.1', 'Mozilla/5.0 (X11; Ubuntu; Linux x86_64; rv:84.0) Gecko/20100101 Firefox/84.0'),
(667, 1, 'Updated story of change article', 1610993345, '127.0.0.1', 'Mozilla/5.0 (X11; Ubuntu; Linux x86_64; rv:84.0) Gecko/20100101 Firefox/84.0');
INSERT INTO `audit_trail` (`id`, `user`, `action`, `date`, `ip_address`, `user_agent`) VALUES
(668, 1, 'Updated story of change article', 1610993364, '127.0.0.1', 'Mozilla/5.0 (X11; Ubuntu; Linux x86_64; rv:84.0) Gecko/20100101 Firefox/84.0'),
(669, 1, 'Downloaded Case study article', 1610993423, '127.0.0.1', 'Mozilla/5.0 (X11; Ubuntu; Linux x86_64; rv:84.0) Gecko/20100101 Firefox/84.0'),
(670, 1, 'Updated story of change article', 1610993471, '127.0.0.1', 'Mozilla/5.0 (X11; Ubuntu; Linux x86_64; rv:84.0) Gecko/20100101 Firefox/84.0'),
(671, 1, 'Downloaded Case study article', 1610993477, '127.0.0.1', 'Mozilla/5.0 (X11; Ubuntu; Linux x86_64; rv:84.0) Gecko/20100101 Firefox/84.0'),
(672, 1, 'Updated story of change article', 1610993525, '127.0.0.1', 'Mozilla/5.0 (X11; Ubuntu; Linux x86_64; rv:84.0) Gecko/20100101 Firefox/84.0'),
(673, 1, 'Exported Story of change:From subsistence to commercial farming-Case of Mr. Chulu to pdf', 1610993777, '127.0.0.1', 'Mozilla/5.0 (X11; Ubuntu; Linux x86_64; rv:84.0) Gecko/20100101 Firefox/84.0'),
(674, 10, 'Downloaded Case study article', 1610994027, '127.0.0.1', 'Mozilla/5.0 (X11; Ubuntu; Linux x86_64; rv:84.0) Gecko/20100101 Firefox/84.0'),
(675, 1, 'Exported Story of change:From subsistence to commercial farming-Case of Mr. Chulu to pdf', 1610994121, '127.0.0.1', 'Mozilla/5.0 (X11; Ubuntu; Linux x86_64; rv:84.0) Gecko/20100101 Firefox/84.0'),
(676, 1, 'Exported Story of change:From subsistence to commercial farming-Case of Mr. Chulu to pdf', 1610994227, '127.0.0.1', 'Mozilla/5.0 (X11; Ubuntu; Linux x86_64; rv:84.0) Gecko/20100101 Firefox/84.0'),
(677, 1, 'Exported Story of change:From subsistence to commercial farming-Case of Mr. Chulu to pdf', 1610994242, '127.0.0.1', 'Mozilla/5.0 (X11; Ubuntu; Linux x86_64; rv:84.0) Gecko/20100101 Firefox/84.0'),
(678, 1, 'Exported Story of change:From subsistence to commercial farming-Case of Mr. Chulu to pdf', 1610994263, '127.0.0.1', 'Mozilla/5.0 (X11; Ubuntu; Linux x86_64; rv:84.0) Gecko/20100101 Firefox/84.0'),
(679, 1, 'Exported Story of change:From subsistence to commercial farming-Case of Mr. Chulu to pdf', 1610994281, '127.0.0.1', 'Mozilla/5.0 (X11; Ubuntu; Linux x86_64; rv:84.0) Gecko/20100101 Firefox/84.0'),
(680, 1, 'Downloaded Story of change interview guide template', 1610994286, '127.0.0.1', 'Mozilla/5.0 (X11; Ubuntu; Linux x86_64; rv:84.0) Gecko/20100101 Firefox/84.0'),
(681, 1, 'Exported Story of change:From subsistence to commercial farming-Case of Mr. Chulu to pdf', 1610994320, '127.0.0.1', 'Mozilla/5.0 (X11; Ubuntu; Linux x86_64; rv:84.0) Gecko/20100101 Firefox/84.0'),
(682, 1, 'Exported Story of change:From subsistence to commercial farming-Case of Mr. Chulu to pdf', 1610994333, '127.0.0.1', 'Mozilla/5.0 (X11; Ubuntu; Linux x86_64; rv:84.0) Gecko/20100101 Firefox/84.0'),
(683, 1, 'Exported Story of change:From subsistence to commercial farming-Case of Mr. Chulu to pdf', 1610994502, '127.0.0.1', 'Mozilla/5.0 (X11; Ubuntu; Linux x86_64; rv:84.0) Gecko/20100101 Firefox/84.0'),
(684, 1, 'Exported Story of change:From subsistence to commercial farming-Case of Mr. Chulu to pdf', 1610994537, '127.0.0.1', 'Mozilla/5.0 (X11; Ubuntu; Linux x86_64; rv:84.0) Gecko/20100101 Firefox/84.0'),
(685, 1, 'Exported Story of change:From subsistence to commercial farming-Case of Mr. Chulu to pdf', 1610994658, '127.0.0.1', 'Mozilla/5.0 (X11; Ubuntu; Linux x86_64; rv:84.0) Gecko/20100101 Firefox/84.0'),
(686, 1, 'Exported Story of change:From subsistence to commercial farming-Case of Mr. Chulu to pdf', 1610994674, '127.0.0.1', 'Mozilla/5.0 (X11; Ubuntu; Linux x86_64; rv:84.0) Gecko/20100101 Firefox/84.0'),
(687, 1, 'Exported Story of change:From subsistence to commercial farming-Case of Mr. Chulu to pdf', 1610994687, '127.0.0.1', 'Mozilla/5.0 (X11; Ubuntu; Linux x86_64; rv:84.0) Gecko/20100101 Firefox/84.0'),
(688, 10, 'Downloaded Case study article', 1610994947, '127.0.0.1', 'Mozilla/5.0 (X11; Ubuntu; Linux x86_64; rv:84.0) Gecko/20100101 Firefox/84.0'),
(689, 1, 'Exported Story of change:From subsistence to commercial farming-Case of Mr. Chulu to pdf', 1610995061, '127.0.0.1', 'Mozilla/5.0 (X11; Ubuntu; Linux x86_64; rv:84.0) Gecko/20100101 Firefox/84.0'),
(690, 1, 'Exported Story of change:From subsistence to commercial farming-Case of Mr. Chulu to pdf', 1610995207, '127.0.0.1', 'Mozilla/5.0 (X11; Ubuntu; Linux x86_64; rv:84.0) Gecko/20100101 Firefox/84.0'),
(691, 1, 'Exported Story of change:From subsistence to commercial farming-Case of Mr. Chulu to pdf', 1610995236, '127.0.0.1', 'Mozilla/5.0 (X11; Ubuntu; Linux x86_64; rv:84.0) Gecko/20100101 Firefox/84.0'),
(692, 1, 'Exported Story of change:From subsistence to commercial farming-Case of Mr. Chulu to pdf', 1610995252, '127.0.0.1', 'Mozilla/5.0 (X11; Ubuntu; Linux x86_64; rv:84.0) Gecko/20100101 Firefox/84.0'),
(693, 1, 'Exported Story of change:From subsistence to commercial farming-Case of Mr. Chulu to pdf', 1610995299, '127.0.0.1', 'Mozilla/5.0 (X11; Ubuntu; Linux x86_64; rv:84.0) Gecko/20100101 Firefox/84.0'),
(694, 1, 'Exported Story of change:From subsistence to commercial farming-Case of Mr. Chulu to pdf', 1610995365, '127.0.0.1', 'Mozilla/5.0 (X11; Ubuntu; Linux x86_64; rv:84.0) Gecko/20100101 Firefox/84.0'),
(695, 1, 'Exported Story of change:From subsistence to commercial farming-Case of Mr. Chulu to pdf', 1610995389, '127.0.0.1', 'Mozilla/5.0 (X11; Ubuntu; Linux x86_64; rv:84.0) Gecko/20100101 Firefox/84.0'),
(696, 1, 'Exported Story of change:From subsistence to commercial farming-Case of Mr. Chulu to pdf', 1610995498, '127.0.0.1', 'Mozilla/5.0 (X11; Ubuntu; Linux x86_64; rv:84.0) Gecko/20100101 Firefox/84.0'),
(697, 10, 'Added story of change media: Completed Interview guide', 1611056596, '127.0.0.1', 'Mozilla/5.0 (X11; Ubuntu; Linux x86_64; rv:84.0) Gecko/20100101 Firefox/84.0'),
(698, 10, 'Removed Case study media type: Completed Interview guide - coa.png', 1611056644, '127.0.0.1', 'Mozilla/5.0 (X11; Ubuntu; Linux x86_64; rv:84.0) Gecko/20100101 Firefox/84.0'),
(699, 10, 'Added story of change media: Picture', 1611056653, '127.0.0.1', 'Mozilla/5.0 (X11; Ubuntu; Linux x86_64; rv:84.0) Gecko/20100101 Firefox/84.0'),
(700, 1, 'Update role Administrator', 1611075247, '127.0.0.1', 'Mozilla/5.0 (X11; Ubuntu; Linux x86_64; rv:84.0) Gecko/20100101 Firefox/84.0'),
(701, 1, 'Update role Administrator', 1611075256, '127.0.0.1', 'Mozilla/5.0 (X11; Ubuntu; Linux x86_64; rv:84.0) Gecko/20100101 Firefox/84.0'),
(702, 1, 'Update role Administrator', 1611075290, '127.0.0.1', 'Mozilla/5.0 (X11; Ubuntu; Linux x86_64; rv:84.0) Gecko/20100101 Firefox/84.0'),
(703, 1, 'Update role Administrator', 1611075363, '127.0.0.1', 'Mozilla/5.0 (X11; Ubuntu; Linux x86_64; rv:84.0) Gecko/20100101 Firefox/84.0'),
(704, 1, 'Update role User', 1611075628, '127.0.0.1', 'Mozilla/5.0 (X11; Ubuntu; Linux x86_64; rv:84.0) Gecko/20100101 Firefox/84.0'),
(705, 1, 'Update role User', 1611075695, '127.0.0.1', 'Mozilla/5.0 (X11; Ubuntu; Linux x86_64; rv:84.0) Gecko/20100101 Firefox/84.0'),
(706, 1, 'Added market Test market', 1611076081, '127.0.0.1', 'Mozilla/5.0 (X11; Ubuntu; Linux x86_64; rv:84.0) Gecko/20100101 Firefox/84.0'),
(707, 10, 'Added 1 commodity prices', 1611076848, '127.0.0.1', 'Mozilla/5.0 (X11; Ubuntu; Linux x86_64; rv:84.0) Gecko/20100101 Firefox/84.0'),
(708, 10, 'Added story of change: From subsistence to commercial farming-Case of Mr. Francis', 1613999393, '127.0.0.1', 'Mozilla/5.0 (X11; Ubuntu; Linux x86_64; rv:85.0) Gecko/20100101 Firefox/85.0'),
(709, 10, 'Added 1 commodity prices', 1614013880, '127.0.0.1', 'Mozilla/5.0 (X11; Ubuntu; Linux x86_64; rv:85.0) Gecko/20100101 Firefox/85.0'),
(710, 10, 'Added 1 commodity prices', 1614013941, '127.0.0.1', 'Mozilla/5.0 (X11; Ubuntu; Linux x86_64; rv:85.0) Gecko/20100101 Firefox/85.0'),
(711, 1, 'Downloaded Story of change interview guide template', 1614015676, '127.0.0.1', 'Mozilla/5.0 (X11; Ubuntu; Linux x86_64; rv:85.0) Gecko/20100101 Firefox/85.0'),
(712, 1, 'Blocked user account with email:francis.chulu@unza.zm', 1614016783, '127.0.0.1', 'Mozilla/5.0 (X11; Ubuntu; Linux x86_64; rv:85.0) Gecko/20100101 Firefox/85.0'),
(713, 1, 'Updated user details with email: test@unza.zm', 1614016818, '127.0.0.1', 'Mozilla/5.0 (X11; Ubuntu; Linux x86_64; rv:85.0) Gecko/20100101 Firefox/85.0'),
(714, 1, 'Added interview guide question::\'Test question\'', 1614019009, '127.0.0.1', 'Mozilla/5.0 (X11; Ubuntu; Linux x86_64; rv:85.0) Gecko/20100101 Firefox/85.0'),
(715, 1, 'Downloaded Story of change interview guide template', 1614019027, '127.0.0.1', 'Mozilla/5.0 (X11; Ubuntu; Linux x86_64; rv:85.0) Gecko/20100101 Firefox/85.0'),
(716, 10, 'Added story of change: From subsistence to commercial farming-Case of Chulu', 1614019196, '127.0.0.1', 'Mozilla/5.0 (X11; Ubuntu; Linux x86_64; rv:85.0) Gecko/20100101 Firefox/85.0'),
(717, 10, 'Updated introduction for story of change: From subsistence to commercial farming-Case of Chulu', 1614019228, '127.0.0.1', 'Mozilla/5.0 (X11; Ubuntu; Linux x86_64; rv:85.0) Gecko/20100101 Firefox/85.0'),
(718, 10, 'Updated challenges for story of change: From subsistence to commercial farming-Case of Chulu', 1614019245, '127.0.0.1', 'Mozilla/5.0 (X11; Ubuntu; Linux x86_64; rv:85.0) Gecko/20100101 Firefox/85.0'),
(719, 10, 'Updated actions for story of change: From subsistence to commercial farming-Case of Chulu', 1614019253, '127.0.0.1', 'Mozilla/5.0 (X11; Ubuntu; Linux x86_64; rv:85.0) Gecko/20100101 Firefox/85.0'),
(720, 10, 'Updated results for story of change: From subsistence to commercial farming-Case of Chulu', 1614019260, '127.0.0.1', 'Mozilla/5.0 (X11; Ubuntu; Linux x86_64; rv:85.0) Gecko/20100101 Firefox/85.0'),
(721, 10, 'Updated conclusions for story of change: From subsistence to commercial farming-Case of Chulu', 1614019268, '127.0.0.1', 'Mozilla/5.0 (X11; Ubuntu; Linux x86_64; rv:85.0) Gecko/20100101 Firefox/85.0'),
(722, 10, 'Updated sequel for story of change: From subsistence to commercial farming-Case of Chulu', 1614019275, '127.0.0.1', 'Mozilla/5.0 (X11; Ubuntu; Linux x86_64; rv:85.0) Gecko/20100101 Firefox/85.0'),
(723, 10, 'Submitted story of change: \'From subsistence to commercial farming-Case of Chulu\' for review', 1614019397, '127.0.0.1', 'Mozilla/5.0 (X11; Ubuntu; Linux x86_64; rv:85.0) Gecko/20100101 Firefox/85.0'),
(724, 1, 'Updated story of change: \'Test\'s status to \'Accepted\'', 1614019554, '127.0.0.1', 'Mozilla/5.0 (X11; Ubuntu; Linux x86_64; rv:85.0) Gecko/20100101 Firefox/85.0'),
(725, 1, 'Added story of change article', 1614019624, '127.0.0.1', 'Mozilla/5.0 (X11; Ubuntu; Linux x86_64; rv:85.0) Gecko/20100101 Firefox/85.0'),
(726, 1, 'Update role Administrator', 1614020005, '127.0.0.1', 'Mozilla/5.0 (X11; Ubuntu; Linux x86_64; rv:85.0) Gecko/20100101 Firefox/85.0'),
(727, 1, 'Exported Story of change:Test to pdf', 1614020055, '127.0.0.1', 'Mozilla/5.0 (X11; Ubuntu; Linux x86_64; rv:85.0) Gecko/20100101 Firefox/85.0'),
(728, 1, 'Updated story of change: \'From subsistence to commercial farming-Case of Mr. Chulu\'s status to \'Accepted\'', 1614020092, '127.0.0.1', 'Mozilla/5.0 (X11; Ubuntu; Linux x86_64; rv:85.0) Gecko/20100101 Firefox/85.0'),
(729, 1, 'Exported Story of change:From subsistence to commercial farming-Case of Mr. Chulu to pdf', 1614020103, '127.0.0.1', 'Mozilla/5.0 (X11; Ubuntu; Linux x86_64; rv:85.0) Gecko/20100101 Firefox/85.0'),
(730, 10, 'Removed story of change: From subsistence to commercial farming-Case of Mr. Francis and associated media from the system.', 1614064978, '127.0.0.1', 'Mozilla/5.0 (X11; Ubuntu; Linux x86_64; rv:85.0) Gecko/20100101 Firefox/85.0'),
(731, 1, 'Created role test', 1614068089, '127.0.0.1', 'Mozilla/5.0 (X11; Ubuntu; Linux x86_64; rv:85.0) Gecko/20100101 Firefox/85.0'),
(732, 1, 'Updated user details with email: chulu1francis@gmail.com', 1614068336, '127.0.0.1', 'Mozilla/5.0 (X11; Ubuntu; Linux x86_64; rv:85.0) Gecko/20100101 Firefox/85.0'),
(733, 1, 'Blocked user account with email:test1@unza.zm', 1614068363, '127.0.0.1', 'Mozilla/5.0 (X11; Ubuntu; Linux x86_64; rv:85.0) Gecko/20100101 Firefox/85.0'),
(734, 1, 'Activated user account with email:test1@unza.zm', 1614068371, '127.0.0.1', 'Mozilla/5.0 (X11; Ubuntu; Linux x86_64; rv:85.0) Gecko/20100101 Firefox/85.0'),
(735, 10, 'Downloaded Story of change interview guide template', 1614070007, '127.0.0.1', 'Mozilla/5.0 (X11; Ubuntu; Linux x86_64; rv:85.0) Gecko/20100101 Firefox/85.0'),
(736, 1, 'Added interview guide question::\'Another recommendation\'', 1614070268, '127.0.0.1', 'Mozilla/5.0 (X11; Ubuntu; Linux x86_64; rv:85.0) Gecko/20100101 Firefox/85.0'),
(737, 1, 'Updated interview guide question from:\' Test question \' to \'Test question another\'', 1614070301, '127.0.0.1', 'Mozilla/5.0 (X11; Ubuntu; Linux x86_64; rv:85.0) Gecko/20100101 Firefox/85.0'),
(738, 1, 'Downloaded Story of change interview guide template', 1614070308, '127.0.0.1', 'Mozilla/5.0 (X11; Ubuntu; Linux x86_64; rv:85.0) Gecko/20100101 Firefox/85.0'),
(739, 10, 'Added story of change: From subsistence to commercial farming-Case of Mr Chulu Francis', 1614070456, '127.0.0.1', 'Mozilla/5.0 (X11; Ubuntu; Linux x86_64; rv:85.0) Gecko/20100101 Firefox/85.0'),
(740, 10, 'Updated introduction for story of change: From subsistence to commercial farming-Case of Mr Chulu Francis', 1614070519, '127.0.0.1', 'Mozilla/5.0 (X11; Ubuntu; Linux x86_64; rv:85.0) Gecko/20100101 Firefox/85.0'),
(741, 10, 'Updated challenges for story of change: From subsistence to commercial farming-Case of Mr Chulu Francis', 1614070527, '127.0.0.1', 'Mozilla/5.0 (X11; Ubuntu; Linux x86_64; rv:85.0) Gecko/20100101 Firefox/85.0'),
(742, 10, 'Updated actions for story of change: From subsistence to commercial farming-Case of Mr Chulu Francis', 1614070534, '127.0.0.1', 'Mozilla/5.0 (X11; Ubuntu; Linux x86_64; rv:85.0) Gecko/20100101 Firefox/85.0'),
(743, 10, 'Updated results for story of change: From subsistence to commercial farming-Case of Mr Chulu Francis', 1614070541, '127.0.0.1', 'Mozilla/5.0 (X11; Ubuntu; Linux x86_64; rv:85.0) Gecko/20100101 Firefox/85.0'),
(744, 10, 'Updated conclusions for story of change: From subsistence to commercial farming-Case of Mr Chulu Francis', 1614070547, '127.0.0.1', 'Mozilla/5.0 (X11; Ubuntu; Linux x86_64; rv:85.0) Gecko/20100101 Firefox/85.0'),
(745, 10, 'Updated sequel for story of change: From subsistence to commercial farming-Case of Mr Chulu Francis', 1614070553, '127.0.0.1', 'Mozilla/5.0 (X11; Ubuntu; Linux x86_64; rv:85.0) Gecko/20100101 Firefox/85.0'),
(746, 10, 'Added story of change media: Completed Interview guide', 1614070638, '127.0.0.1', 'Mozilla/5.0 (X11; Ubuntu; Linux x86_64; rv:85.0) Gecko/20100101 Firefox/85.0'),
(747, 10, 'Added story of change media: Completed Interview guide', 1614070673, '127.0.0.1', 'Mozilla/5.0 (X11; Ubuntu; Linux x86_64; rv:85.0) Gecko/20100101 Firefox/85.0'),
(748, 10, 'Added story of change media: Completed Interview guide', 1614070702, '127.0.0.1', 'Mozilla/5.0 (X11; Ubuntu; Linux x86_64; rv:85.0) Gecko/20100101 Firefox/85.0'),
(749, 10, 'Submitted story of change: \'From subsistence to commercial farming-Case of Mr Chulu Francis\' for review', 1614070813, '127.0.0.1', 'Mozilla/5.0 (X11; Ubuntu; Linux x86_64; rv:85.0) Gecko/20100101 Firefox/85.0'),
(750, 1, 'Updated story of change: \'From subsistence to commercial farming-Case of Mr Chulu Francis\'s status to \'Accepted\'', 1614070934, '127.0.0.1', 'Mozilla/5.0 (X11; Ubuntu; Linux x86_64; rv:85.0) Gecko/20100101 Firefox/85.0'),
(751, 1, 'Added story of change article', 1614070974, '127.0.0.1', 'Mozilla/5.0 (X11; Ubuntu; Linux x86_64; rv:85.0) Gecko/20100101 Firefox/85.0'),
(752, 10, 'Added 2 commodity prices', 1614071294, '127.0.0.1', 'Mozilla/5.0 (X11; Ubuntu; Linux x86_64; rv:85.0) Gecko/20100101 Firefox/85.0'),
(753, 1, 'Exported Story of change:From subsistence to commercial farming-Case of Mr. Chulu to pdf', 1614790677, '127.0.0.1', 'Mozilla/5.0 (X11; Ubuntu; Linux x86_64; rv:86.0) Gecko/20100101 Firefox/86.0'),
(754, 10, 'Removed Case study media type: Completed Interview guide - index.png', 1614932102, '127.0.0.1', 'Mozilla/5.0 (X11; Ubuntu; Linux x86_64; rv:86.0) Gecko/20100101 Firefox/86.0'),
(755, 10, 'Added story of change media: Video', 1614936357, '127.0.0.1', 'Mozilla/5.0 (X11; Ubuntu; Linux x86_64; rv:86.0) Gecko/20100101 Firefox/86.0'),
(756, 10, 'Added story of change media: Audio', 1614936417, '127.0.0.1', 'Mozilla/5.0 (X11; Ubuntu; Linux x86_64; rv:86.0) Gecko/20100101 Firefox/86.0'),
(757, 10, 'Added story of change media: Picture', 1614936460, '127.0.0.1', 'Mozilla/5.0 (X11; Ubuntu; Linux x86_64; rv:86.0) Gecko/20100101 Firefox/86.0'),
(758, 10, 'Added story of change media: Completed Interview guide', 1614936492, '127.0.0.1', 'Mozilla/5.0 (X11; Ubuntu; Linux x86_64; rv:86.0) Gecko/20100101 Firefox/86.0'),
(759, 10, 'Updated story of change media: Picture', 1614936957, '127.0.0.1', 'Mozilla/5.0 (X11; Ubuntu; Linux x86_64; rv:86.0) Gecko/20100101 Firefox/86.0'),
(760, 10, 'Updated story of change media: Completed Interview guide', 1614937144, '127.0.0.1', 'Mozilla/5.0 (X11; Ubuntu; Linux x86_64; rv:86.0) Gecko/20100101 Firefox/86.0'),
(761, 10, 'Removed Case study media type: Picture - coa.png', 1614937541, '127.0.0.1', 'Mozilla/5.0 (X11; Ubuntu; Linux x86_64; rv:86.0) Gecko/20100101 Firefox/86.0'),
(762, 10, 'Added story of change media: Completed Interview guide', 1614937559, '127.0.0.1', 'Mozilla/5.0 (X11; Ubuntu; Linux x86_64; rv:86.0) Gecko/20100101 Firefox/86.0'),
(763, 10, 'Removed Case study media type: Completed Interview guide - profile.png', 1614937669, '127.0.0.1', 'Mozilla/5.0 (X11; Ubuntu; Linux x86_64; rv:86.0) Gecko/20100101 Firefox/86.0'),
(764, 10, 'Added story of change media: Picture', 1614937920, '127.0.0.1', 'Mozilla/5.0 (X11; Ubuntu; Linux x86_64; rv:86.0) Gecko/20100101 Firefox/86.0'),
(765, 10, 'Removed Case study media type: Picture - index.png', 1614937935, '127.0.0.1', 'Mozilla/5.0 (X11; Ubuntu; Linux x86_64; rv:86.0) Gecko/20100101 Firefox/86.0'),
(766, 10, 'Added story of change media: Picture', 1614937947, '127.0.0.1', 'Mozilla/5.0 (X11; Ubuntu; Linux x86_64; rv:86.0) Gecko/20100101 Firefox/86.0'),
(767, 10, 'Updated story of change media: Picture', 1614937968, '127.0.0.1', 'Mozilla/5.0 (X11; Ubuntu; Linux x86_64; rv:86.0) Gecko/20100101 Firefox/86.0'),
(768, 10, 'Removed Case study media type: Picture - index.png', 1614938043, '127.0.0.1', 'Mozilla/5.0 (X11; Ubuntu; Linux x86_64; rv:86.0) Gecko/20100101 Firefox/86.0'),
(769, 10, 'Added story of change media: Picture', 1614938053, '127.0.0.1', 'Mozilla/5.0 (X11; Ubuntu; Linux x86_64; rv:86.0) Gecko/20100101 Firefox/86.0'),
(770, 1, 'Downloaded Story of change interview guide template', 1615102321, '127.0.0.1', 'Mozilla/5.0 (X11; Ubuntu; Linux x86_64; rv:86.0) Gecko/20100101 Firefox/86.0'),
(771, 1, 'Downloaded Story of change interview guide template', 1615103001, '127.0.0.1', 'Mozilla/5.0 (X11; Ubuntu; Linux x86_64; rv:86.0) Gecko/20100101 Firefox/86.0'),
(772, 1, 'Downloaded Story of change interview guide template', 1615103006, '127.0.0.1', 'Mozilla/5.0 (X11; Ubuntu; Linux x86_64; rv:86.0) Gecko/20100101 Firefox/86.0'),
(773, 1, 'Downloaded Story of change interview guide template', 1615104010, '127.0.0.1', 'Mozilla/5.0 (X11; Ubuntu; Linux x86_64; rv:86.0) Gecko/20100101 Firefox/86.0'),
(774, 1, 'Downloaded Story of change interview guide template', 1615104710, '127.0.0.1', 'Mozilla/5.0 (X11; Ubuntu; Linux x86_64; rv:86.0) Gecko/20100101 Firefox/86.0'),
(775, 1, 'Downloaded category A Farmer registration form', 1615105241, '127.0.0.1', 'Mozilla/5.0 (X11; Ubuntu; Linux x86_64; rv:86.0) Gecko/20100101 Firefox/86.0'),
(776, 1, 'Downloaded category A Farmer registration form', 1615105270, '127.0.0.1', 'Mozilla/5.0 (X11; Ubuntu; Linux x86_64; rv:86.0) Gecko/20100101 Firefox/86.0'),
(777, 1, 'Downloaded category A Farmer registration form', 1615105514, '127.0.0.1', 'Mozilla/5.0 (X11; Ubuntu; Linux x86_64; rv:86.0) Gecko/20100101 Firefox/86.0'),
(778, 1, 'Downloaded category A Farmer registration form', 1615105581, '127.0.0.1', 'Mozilla/5.0 (X11; Ubuntu; Linux x86_64; rv:86.0) Gecko/20100101 Firefox/86.0'),
(779, 1, 'Downloaded category A Farmer registration form', 1615105613, '127.0.0.1', 'Mozilla/5.0 (X11; Ubuntu; Linux x86_64; rv:86.0) Gecko/20100101 Firefox/86.0'),
(780, 1, 'Downloaded category A Farmer registration form', 1615105658, '127.0.0.1', 'Mozilla/5.0 (X11; Ubuntu; Linux x86_64; rv:86.0) Gecko/20100101 Firefox/86.0'),
(781, 1, 'Downloaded category A Farmer registration form', 1615105700, '127.0.0.1', 'Mozilla/5.0 (X11; Ubuntu; Linux x86_64; rv:86.0) Gecko/20100101 Firefox/86.0'),
(782, 1, 'Downloaded category A Farmer registration form', 1615105779, '127.0.0.1', 'Mozilla/5.0 (X11; Ubuntu; Linux x86_64; rv:86.0) Gecko/20100101 Firefox/86.0'),
(783, 1, 'Downloaded category A Farmer registration form', 1615105795, '127.0.0.1', 'Mozilla/5.0 (X11; Ubuntu; Linux x86_64; rv:86.0) Gecko/20100101 Firefox/86.0'),
(784, 1, 'Downloaded category A Farmer registration form', 1615105946, '127.0.0.1', 'Mozilla/5.0 (X11; Ubuntu; Linux x86_64; rv:86.0) Gecko/20100101 Firefox/86.0'),
(785, 1, 'Downloaded category A Farmer registration form', 1615106022, '127.0.0.1', 'Mozilla/5.0 (X11; Ubuntu; Linux x86_64; rv:86.0) Gecko/20100101 Firefox/86.0'),
(786, 1, 'Downloaded category A Farmer registration form', 1615106081, '127.0.0.1', 'Mozilla/5.0 (X11; Ubuntu; Linux x86_64; rv:86.0) Gecko/20100101 Firefox/86.0'),
(787, 1, 'Downloaded category A Farmer registration form', 1615106245, '127.0.0.1', 'Mozilla/5.0 (X11; Ubuntu; Linux x86_64; rv:86.0) Gecko/20100101 Firefox/86.0'),
(788, 1, 'Downloaded category A Farmer registration form', 1615106261, '127.0.0.1', 'Mozilla/5.0 (X11; Ubuntu; Linux x86_64; rv:86.0) Gecko/20100101 Firefox/86.0'),
(789, 1, 'Downloaded category A Farmer registration form', 1615106273, '127.0.0.1', 'Mozilla/5.0 (X11; Ubuntu; Linux x86_64; rv:86.0) Gecko/20100101 Firefox/86.0'),
(790, 1, 'Downloaded category A Farmer registration form', 1615106351, '127.0.0.1', 'Mozilla/5.0 (X11; Ubuntu; Linux x86_64; rv:86.0) Gecko/20100101 Firefox/86.0'),
(791, 1, 'Downloaded category A Farmer registration form', 1615106542, '127.0.0.1', 'Mozilla/5.0 (X11; Ubuntu; Linux x86_64; rv:86.0) Gecko/20100101 Firefox/86.0'),
(792, 1, 'Downloaded category A Farmer registration form', 1615106558, '127.0.0.1', 'Mozilla/5.0 (X11; Ubuntu; Linux x86_64; rv:86.0) Gecko/20100101 Firefox/86.0'),
(793, 1, 'Downloaded category A Farmer registration form', 1615106589, '127.0.0.1', 'Mozilla/5.0 (X11; Ubuntu; Linux x86_64; rv:86.0) Gecko/20100101 Firefox/86.0'),
(794, 1, 'Downloaded category A Farmer registration form', 1615106600, '127.0.0.1', 'Mozilla/5.0 (X11; Ubuntu; Linux x86_64; rv:86.0) Gecko/20100101 Firefox/86.0'),
(795, 1, 'Downloaded category A Farmer registration form', 1615106715, '127.0.0.1', 'Mozilla/5.0 (X11; Ubuntu; Linux x86_64; rv:86.0) Gecko/20100101 Firefox/86.0'),
(796, 1, 'Downloaded category A Farmer registration form', 1615106735, '127.0.0.1', 'Mozilla/5.0 (X11; Ubuntu; Linux x86_64; rv:86.0) Gecko/20100101 Firefox/86.0'),
(797, 1, 'Downloaded category A Farmer registration form', 1615106759, '127.0.0.1', 'Mozilla/5.0 (X11; Ubuntu; Linux x86_64; rv:86.0) Gecko/20100101 Firefox/86.0'),
(798, 1, 'Downloaded category A Farmer registration form', 1615106792, '127.0.0.1', 'Mozilla/5.0 (X11; Ubuntu; Linux x86_64; rv:86.0) Gecko/20100101 Firefox/86.0'),
(799, 1, 'Downloaded category A Farmer registration form', 1615106868, '127.0.0.1', 'Mozilla/5.0 (X11; Ubuntu; Linux x86_64; rv:86.0) Gecko/20100101 Firefox/86.0'),
(800, 1, 'Downloaded category A Farmer registration form', 1615106889, '127.0.0.1', 'Mozilla/5.0 (X11; Ubuntu; Linux x86_64; rv:86.0) Gecko/20100101 Firefox/86.0'),
(801, 1, 'Downloaded category A Farmer registration form', 1615106918, '127.0.0.1', 'Mozilla/5.0 (X11; Ubuntu; Linux x86_64; rv:86.0) Gecko/20100101 Firefox/86.0'),
(802, 1, 'Downloaded category A Farmer registration form', 1615106949, '127.0.0.1', 'Mozilla/5.0 (X11; Ubuntu; Linux x86_64; rv:86.0) Gecko/20100101 Firefox/86.0'),
(803, 1, 'Downloaded category A Farmer registration form', 1615106981, '127.0.0.1', 'Mozilla/5.0 (X11; Ubuntu; Linux x86_64; rv:86.0) Gecko/20100101 Firefox/86.0'),
(804, 1, 'Downloaded category A Farmer registration form', 1615106994, '127.0.0.1', 'Mozilla/5.0 (X11; Ubuntu; Linux x86_64; rv:86.0) Gecko/20100101 Firefox/86.0'),
(805, 1, 'Downloaded category A Farmer registration form', 1615107019, '127.0.0.1', 'Mozilla/5.0 (X11; Ubuntu; Linux x86_64; rv:86.0) Gecko/20100101 Firefox/86.0'),
(806, 1, 'Downloaded category A Farmer registration form', 1615107111, '127.0.0.1', 'Mozilla/5.0 (X11; Ubuntu; Linux x86_64; rv:86.0) Gecko/20100101 Firefox/86.0'),
(807, 1, 'Downloaded category A Farmer registration form', 1615107125, '127.0.0.1', 'Mozilla/5.0 (X11; Ubuntu; Linux x86_64; rv:86.0) Gecko/20100101 Firefox/86.0'),
(808, 1, 'Downloaded category A Farmer registration form', 1615107177, '127.0.0.1', 'Mozilla/5.0 (X11; Ubuntu; Linux x86_64; rv:86.0) Gecko/20100101 Firefox/86.0'),
(809, 1, 'Downloaded category A Farmer registration form', 1615107329, '127.0.0.1', 'Mozilla/5.0 (X11; Ubuntu; Linux x86_64; rv:86.0) Gecko/20100101 Firefox/86.0'),
(810, 1, 'Downloaded category A Farmer registration form', 1615107347, '127.0.0.1', 'Mozilla/5.0 (X11; Ubuntu; Linux x86_64; rv:86.0) Gecko/20100101 Firefox/86.0'),
(811, 1, 'Downloaded category A Farmer registration form', 1615107530, '127.0.0.1', 'Mozilla/5.0 (X11; Ubuntu; Linux x86_64; rv:86.0) Gecko/20100101 Firefox/86.0'),
(812, 1, 'Downloaded category A Farmer registration form', 1615107560, '127.0.0.1', 'Mozilla/5.0 (X11; Ubuntu; Linux x86_64; rv:86.0) Gecko/20100101 Firefox/86.0'),
(813, 1, 'Downloaded category A Farmer registration form', 1615107571, '127.0.0.1', 'Mozilla/5.0 (X11; Ubuntu; Linux x86_64; rv:86.0) Gecko/20100101 Firefox/86.0'),
(814, 1, 'Downloaded category A Farmer registration form', 1615107594, '127.0.0.1', 'Mozilla/5.0 (X11; Ubuntu; Linux x86_64; rv:86.0) Gecko/20100101 Firefox/86.0'),
(815, 1, 'Downloaded category A Farmer registration form', 1615107826, '127.0.0.1', 'Mozilla/5.0 (X11; Ubuntu; Linux x86_64; rv:86.0) Gecko/20100101 Firefox/86.0'),
(816, 1, 'Downloaded category A Farmer registration form', 1615107951, '127.0.0.1', 'Mozilla/5.0 (X11; Ubuntu; Linux x86_64; rv:86.0) Gecko/20100101 Firefox/86.0'),
(817, 1, 'Downloaded category A Farmer registration form', 1615107973, '127.0.0.1', 'Mozilla/5.0 (X11; Ubuntu; Linux x86_64; rv:86.0) Gecko/20100101 Firefox/86.0'),
(818, 1, 'Downloaded category A Farmer registration form', 1615108010, '127.0.0.1', 'Mozilla/5.0 (X11; Ubuntu; Linux x86_64; rv:86.0) Gecko/20100101 Firefox/86.0'),
(819, 1, 'Downloaded category A Farmer registration form', 1615108025, '127.0.0.1', 'Mozilla/5.0 (X11; Ubuntu; Linux x86_64; rv:86.0) Gecko/20100101 Firefox/86.0'),
(820, 1, 'Downloaded category A Farmer registration form', 1615108105, '127.0.0.1', 'Mozilla/5.0 (X11; Ubuntu; Linux x86_64; rv:86.0) Gecko/20100101 Firefox/86.0'),
(821, 1, 'Downloaded category A Farmer registration form', 1615108122, '127.0.0.1', 'Mozilla/5.0 (X11; Ubuntu; Linux x86_64; rv:86.0) Gecko/20100101 Firefox/86.0'),
(822, 1, 'Downloaded category A Farmer registration form', 1615108228, '127.0.0.1', 'Mozilla/5.0 (X11; Ubuntu; Linux x86_64; rv:86.0) Gecko/20100101 Firefox/86.0'),
(823, 1, 'Downloaded category A Farmer registration form', 1615108251, '127.0.0.1', 'Mozilla/5.0 (X11; Ubuntu; Linux x86_64; rv:86.0) Gecko/20100101 Firefox/86.0'),
(824, 1, 'Downloaded category A Farmer registration form', 1615108291, '127.0.0.1', 'Mozilla/5.0 (X11; Ubuntu; Linux x86_64; rv:86.0) Gecko/20100101 Firefox/86.0'),
(825, 1, 'Downloaded category A Farmer registration form', 1615108319, '127.0.0.1', 'Mozilla/5.0 (X11; Ubuntu; Linux x86_64; rv:86.0) Gecko/20100101 Firefox/86.0'),
(826, 1, 'Downloaded category A Farmer registration form', 1615108340, '127.0.0.1', 'Mozilla/5.0 (X11; Ubuntu; Linux x86_64; rv:86.0) Gecko/20100101 Firefox/86.0'),
(827, 1, 'Downloaded category A Farmer registration form', 1615108372, '127.0.0.1', 'Mozilla/5.0 (X11; Ubuntu; Linux x86_64; rv:86.0) Gecko/20100101 Firefox/86.0'),
(828, 1, 'Downloaded category A Farmer registration form', 1615108404, '127.0.0.1', 'Mozilla/5.0 (X11; Ubuntu; Linux x86_64; rv:86.0) Gecko/20100101 Firefox/86.0'),
(829, 1, 'Downloaded category A Farmer registration form', 1615108429, '127.0.0.1', 'Mozilla/5.0 (X11; Ubuntu; Linux x86_64; rv:86.0) Gecko/20100101 Firefox/86.0'),
(830, 1, 'Downloaded category A Farmer registration form', 1615108449, '127.0.0.1', 'Mozilla/5.0 (X11; Ubuntu; Linux x86_64; rv:86.0) Gecko/20100101 Firefox/86.0'),
(831, 1, 'Downloaded category A Farmer registration form', 1615108535, '127.0.0.1', 'Mozilla/5.0 (X11; Ubuntu; Linux x86_64; rv:86.0) Gecko/20100101 Firefox/86.0'),
(832, 1, 'Downloaded category A Farmer registration form', 1615108561, '127.0.0.1', 'Mozilla/5.0 (X11; Ubuntu; Linux x86_64; rv:86.0) Gecko/20100101 Firefox/86.0'),
(833, 1, 'Downloaded category A Farmer registration form', 1615108612, '127.0.0.1', 'Mozilla/5.0 (X11; Ubuntu; Linux x86_64; rv:86.0) Gecko/20100101 Firefox/86.0'),
(834, 1, 'Downloaded category A Farmer registration form', 1615108659, '127.0.0.1', 'Mozilla/5.0 (X11; Ubuntu; Linux x86_64; rv:86.0) Gecko/20100101 Firefox/86.0'),
(835, 1, 'Downloaded category A Farmer registration form', 1615108687, '127.0.0.1', 'Mozilla/5.0 (X11; Ubuntu; Linux x86_64; rv:86.0) Gecko/20100101 Firefox/86.0'),
(836, 1, 'Downloaded category A Farmer registration form', 1615108703, '127.0.0.1', 'Mozilla/5.0 (X11; Ubuntu; Linux x86_64; rv:86.0) Gecko/20100101 Firefox/86.0'),
(837, 1, 'Downloaded category A Farmer registration form', 1615108744, '127.0.0.1', 'Mozilla/5.0 (X11; Ubuntu; Linux x86_64; rv:86.0) Gecko/20100101 Firefox/86.0'),
(838, 1, 'Downloaded category A Farmer registration form', 1615108777, '127.0.0.1', 'Mozilla/5.0 (X11; Ubuntu; Linux x86_64; rv:86.0) Gecko/20100101 Firefox/86.0'),
(839, 1, 'Downloaded category A Farmer registration form', 1615108803, '127.0.0.1', 'Mozilla/5.0 (X11; Ubuntu; Linux x86_64; rv:86.0) Gecko/20100101 Firefox/86.0'),
(840, 1, 'Downloaded category A Farmer registration form', 1615108829, '127.0.0.1', 'Mozilla/5.0 (X11; Ubuntu; Linux x86_64; rv:86.0) Gecko/20100101 Firefox/86.0'),
(841, 1, 'Downloaded category A Farmer registration form', 1615108854, '127.0.0.1', 'Mozilla/5.0 (X11; Ubuntu; Linux x86_64; rv:86.0) Gecko/20100101 Firefox/86.0'),
(842, 1, 'Downloaded category A Farmer registration form', 1615108870, '127.0.0.1', 'Mozilla/5.0 (X11; Ubuntu; Linux x86_64; rv:86.0) Gecko/20100101 Firefox/86.0'),
(843, 1, 'Downloaded category A Farmer registration form', 1615108882, '127.0.0.1', 'Mozilla/5.0 (X11; Ubuntu; Linux x86_64; rv:86.0) Gecko/20100101 Firefox/86.0'),
(844, 1, 'Downloaded category A Farmer registration form', 1615108899, '127.0.0.1', 'Mozilla/5.0 (X11; Ubuntu; Linux x86_64; rv:86.0) Gecko/20100101 Firefox/86.0'),
(845, 1, 'Downloaded category A Farmer registration form', 1615108955, '127.0.0.1', 'Mozilla/5.0 (X11; Ubuntu; Linux x86_64; rv:86.0) Gecko/20100101 Firefox/86.0'),
(846, 1, 'Downloaded category A Farmer registration form', 1615108965, '127.0.0.1', 'Mozilla/5.0 (X11; Ubuntu; Linux x86_64; rv:86.0) Gecko/20100101 Firefox/86.0'),
(847, 1, 'Downloaded FaaBS training attendance sheet', 1615110493, '127.0.0.1', 'Mozilla/5.0 (X11; Ubuntu; Linux x86_64; rv:86.0) Gecko/20100101 Firefox/86.0'),
(848, 1, 'Downloaded FaaBS training attendance sheet', 1615110570, '127.0.0.1', 'Mozilla/5.0 (X11; Ubuntu; Linux x86_64; rv:86.0) Gecko/20100101 Firefox/86.0'),
(849, 1, 'Downloaded FaaBS training attendance sheet', 1615110600, '127.0.0.1', 'Mozilla/5.0 (X11; Ubuntu; Linux x86_64; rv:86.0) Gecko/20100101 Firefox/86.0'),
(850, 1, 'Downloaded FaaBS training attendance sheet', 1615110620, '127.0.0.1', 'Mozilla/5.0 (X11; Ubuntu; Linux x86_64; rv:86.0) Gecko/20100101 Firefox/86.0'),
(851, 1, 'Downloaded FaaBS training attendance sheet', 1615110647, '127.0.0.1', 'Mozilla/5.0 (X11; Ubuntu; Linux x86_64; rv:86.0) Gecko/20100101 Firefox/86.0'),
(852, 1, 'Downloaded FaaBS training attendance sheet', 1615110697, '127.0.0.1', 'Mozilla/5.0 (X11; Ubuntu; Linux x86_64; rv:86.0) Gecko/20100101 Firefox/86.0'),
(853, 1, 'Downloaded FaaBS training attendance sheet', 1615110706, '127.0.0.1', 'Mozilla/5.0 (X11; Ubuntu; Linux x86_64; rv:86.0) Gecko/20100101 Firefox/86.0'),
(854, 1, 'Downloaded FaaBS training attendance sheet', 1615110715, '127.0.0.1', 'Mozilla/5.0 (X11; Ubuntu; Linux x86_64; rv:86.0) Gecko/20100101 Firefox/86.0'),
(855, 1, 'Downloaded FaaBS training attendance sheet', 1615110725, '127.0.0.1', 'Mozilla/5.0 (X11; Ubuntu; Linux x86_64; rv:86.0) Gecko/20100101 Firefox/86.0'),
(856, 1, 'Downloaded FaaBS training attendance sheet', 1615110776, '127.0.0.1', 'Mozilla/5.0 (X11; Ubuntu; Linux x86_64; rv:86.0) Gecko/20100101 Firefox/86.0'),
(857, 1, 'Downloaded FaaBS training attendance sheet', 1615110787, '127.0.0.1', 'Mozilla/5.0 (X11; Ubuntu; Linux x86_64; rv:86.0) Gecko/20100101 Firefox/86.0'),
(858, 1, 'Downloaded FaaBS training attendance sheet', 1615110846, '127.0.0.1', 'Mozilla/5.0 (X11; Ubuntu; Linux x86_64; rv:86.0) Gecko/20100101 Firefox/86.0'),
(859, 1, 'Downloaded FaaBS training attendance sheet', 1615110857, '127.0.0.1', 'Mozilla/5.0 (X11; Ubuntu; Linux x86_64; rv:86.0) Gecko/20100101 Firefox/86.0'),
(860, 1, 'Downloaded FaaBS training attendance sheet', 1615110866, '127.0.0.1', 'Mozilla/5.0 (X11; Ubuntu; Linux x86_64; rv:86.0) Gecko/20100101 Firefox/86.0'),
(861, 1, 'Downloaded FaaBS training attendance sheet', 1615110885, '127.0.0.1', 'Mozilla/5.0 (X11; Ubuntu; Linux x86_64; rv:86.0) Gecko/20100101 Firefox/86.0'),
(862, 1, 'Downloaded FaaBS training attendance sheet', 1615110963, '127.0.0.1', 'Mozilla/5.0 (X11; Ubuntu; Linux x86_64; rv:86.0) Gecko/20100101 Firefox/86.0'),
(863, 1, 'Downloaded FaaBS training attendance sheet', 1615111003, '127.0.0.1', 'Mozilla/5.0 (X11; Ubuntu; Linux x86_64; rv:86.0) Gecko/20100101 Firefox/86.0'),
(864, 1, 'Downloaded FaaBS training attendance sheet', 1615111133, '127.0.0.1', 'Mozilla/5.0 (X11; Ubuntu; Linux x86_64; rv:86.0) Gecko/20100101 Firefox/86.0'),
(865, 1, 'Downloaded FaaBS training attendance sheet', 1615111155, '127.0.0.1', 'Mozilla/5.0 (X11; Ubuntu; Linux x86_64; rv:86.0) Gecko/20100101 Firefox/86.0'),
(866, 1, 'Downloaded FaaBS training attendance sheet', 1615111182, '127.0.0.1', 'Mozilla/5.0 (X11; Ubuntu; Linux x86_64; rv:86.0) Gecko/20100101 Firefox/86.0'),
(867, 1, 'Downloaded FaaBS training attendance sheet', 1615111273, '127.0.0.1', 'Mozilla/5.0 (X11; Ubuntu; Linux x86_64; rv:86.0) Gecko/20100101 Firefox/86.0'),
(868, 1, 'Downloaded FaaBS training attendance sheet', 1615111314, '127.0.0.1', 'Mozilla/5.0 (X11; Ubuntu; Linux x86_64; rv:86.0) Gecko/20100101 Firefox/86.0'),
(869, 1, 'Downloaded FaaBS training attendance sheet', 1615111324, '127.0.0.1', 'Mozilla/5.0 (X11; Ubuntu; Linux x86_64; rv:86.0) Gecko/20100101 Firefox/86.0'),
(870, 1, 'Downloaded FaaBS training attendance sheet', 1615111338, '127.0.0.1', 'Mozilla/5.0 (X11; Ubuntu; Linux x86_64; rv:86.0) Gecko/20100101 Firefox/86.0'),
(871, 1, 'Downloaded FaaBS training attendance sheet', 1615111443, '127.0.0.1', 'Mozilla/5.0 (X11; Ubuntu; Linux x86_64; rv:86.0) Gecko/20100101 Firefox/86.0'),
(872, 1, 'Downloaded FaaBS training attendance sheet', 1615111505, '127.0.0.1', 'Mozilla/5.0 (X11; Ubuntu; Linux x86_64; rv:86.0) Gecko/20100101 Firefox/86.0'),
(873, 1, 'Downloaded FaaBS training attendance sheet', 1615111540, '127.0.0.1', 'Mozilla/5.0 (X11; Ubuntu; Linux x86_64; rv:86.0) Gecko/20100101 Firefox/86.0'),
(874, 1, 'Downloaded FaaBS training attendance sheet', 1615111561, '127.0.0.1', 'Mozilla/5.0 (X11; Ubuntu; Linux x86_64; rv:86.0) Gecko/20100101 Firefox/86.0'),
(875, 1, 'Downloaded FaaBS training attendance sheet', 1615111579, '127.0.0.1', 'Mozilla/5.0 (X11; Ubuntu; Linux x86_64; rv:86.0) Gecko/20100101 Firefox/86.0'),
(876, 1, 'Downloaded FaaBS training attendance sheet', 1615111590, '127.0.0.1', 'Mozilla/5.0 (X11; Ubuntu; Linux x86_64; rv:86.0) Gecko/20100101 Firefox/86.0'),
(877, 1, 'Downloaded FaaBS training attendance sheet', 1615111601, '127.0.0.1', 'Mozilla/5.0 (X11; Ubuntu; Linux x86_64; rv:86.0) Gecko/20100101 Firefox/86.0'),
(878, 1, 'Downloaded FaaBS training attendance sheet', 1615111609, '127.0.0.1', 'Mozilla/5.0 (X11; Ubuntu; Linux x86_64; rv:86.0) Gecko/20100101 Firefox/86.0'),
(879, 1, 'Downloaded FaaBS training attendance sheet', 1615111691, '127.0.0.1', 'Mozilla/5.0 (X11; Ubuntu; Linux x86_64; rv:86.0) Gecko/20100101 Firefox/86.0'),
(880, 1, 'Downloaded FaaBS training attendance sheet', 1615111706, '127.0.0.1', 'Mozilla/5.0 (X11; Ubuntu; Linux x86_64; rv:86.0) Gecko/20100101 Firefox/86.0'),
(881, 1, 'Downloaded FaaBS training attendance sheet', 1615111726, '127.0.0.1', 'Mozilla/5.0 (X11; Ubuntu; Linux x86_64; rv:86.0) Gecko/20100101 Firefox/86.0'),
(882, 1, 'Downloaded FaaBS training attendance sheet', 1615111739, '127.0.0.1', 'Mozilla/5.0 (X11; Ubuntu; Linux x86_64; rv:86.0) Gecko/20100101 Firefox/86.0'),
(883, 1, 'Downloaded FaaBS training attendance sheet', 1615111754, '127.0.0.1', 'Mozilla/5.0 (X11; Ubuntu; Linux x86_64; rv:86.0) Gecko/20100101 Firefox/86.0'),
(884, 1, 'Downloaded FaaBS training attendance sheet', 1615111951, '127.0.0.1', 'Mozilla/5.0 (X11; Ubuntu; Linux x86_64; rv:86.0) Gecko/20100101 Firefox/86.0'),
(885, 1, 'Downloaded FaaBS training attendance sheet', 1615111963, '127.0.0.1', 'Mozilla/5.0 (X11; Ubuntu; Linux x86_64; rv:86.0) Gecko/20100101 Firefox/86.0'),
(886, 1, 'Downloaded FaaBS training attendance sheet', 1615111980, '127.0.0.1', 'Mozilla/5.0 (X11; Ubuntu; Linux x86_64; rv:86.0) Gecko/20100101 Firefox/86.0'),
(887, 1, 'Downloaded FaaBS training attendance sheet', 1615112004, '127.0.0.1', 'Mozilla/5.0 (X11; Ubuntu; Linux x86_64; rv:86.0) Gecko/20100101 Firefox/86.0'),
(888, 1, 'Downloaded FaaBS training attendance sheet', 1615112013, '127.0.0.1', 'Mozilla/5.0 (X11; Ubuntu; Linux x86_64; rv:86.0) Gecko/20100101 Firefox/86.0'),
(889, 1, 'Downloaded FaaBS training attendance sheet', 1615112228, '127.0.0.1', 'Mozilla/5.0 (X11; Ubuntu; Linux x86_64; rv:86.0) Gecko/20100101 Firefox/86.0'),
(890, 1, 'Downloaded FaaBS training attendance sheet', 1615112252, '127.0.0.1', 'Mozilla/5.0 (X11; Ubuntu; Linux x86_64; rv:86.0) Gecko/20100101 Firefox/86.0'),
(891, 1, 'Downloaded FaaBS training attendance sheet', 1615112286, '127.0.0.1', 'Mozilla/5.0 (X11; Ubuntu; Linux x86_64; rv:86.0) Gecko/20100101 Firefox/86.0'),
(892, 1, 'Downloaded FaaBS training attendance sheet', 1615112314, '127.0.0.1', 'Mozilla/5.0 (X11; Ubuntu; Linux x86_64; rv:86.0) Gecko/20100101 Firefox/86.0'),
(893, 1, 'Downloaded FaaBS training attendance sheet', 1615112339, '127.0.0.1', 'Mozilla/5.0 (X11; Ubuntu; Linux x86_64; rv:86.0) Gecko/20100101 Firefox/86.0'),
(894, 1, 'Downloaded FaaBS training attendance sheet', 1615112366, '127.0.0.1', 'Mozilla/5.0 (X11; Ubuntu; Linux x86_64; rv:86.0) Gecko/20100101 Firefox/86.0'),
(895, 1, 'Downloaded FaaBS training attendance sheet', 1615112382, '127.0.0.1', 'Mozilla/5.0 (X11; Ubuntu; Linux x86_64; rv:86.0) Gecko/20100101 Firefox/86.0'),
(896, 1, 'Downloaded FaaBS training attendance sheet', 1615112403, '127.0.0.1', 'Mozilla/5.0 (X11; Ubuntu; Linux x86_64; rv:86.0) Gecko/20100101 Firefox/86.0'),
(897, 1, 'Downloaded FaaBS training attendance sheet', 1615112445, '127.0.0.1', 'Mozilla/5.0 (X11; Ubuntu; Linux x86_64; rv:86.0) Gecko/20100101 Firefox/86.0'),
(898, 1, 'Downloaded FaaBS training attendance sheet', 1615112459, '127.0.0.1', 'Mozilla/5.0 (X11; Ubuntu; Linux x86_64; rv:86.0) Gecko/20100101 Firefox/86.0'),
(899, 1, 'Downloaded FaaBS training attendance sheet', 1615112468, '127.0.0.1', 'Mozilla/5.0 (X11; Ubuntu; Linux x86_64; rv:86.0) Gecko/20100101 Firefox/86.0'),
(900, 1, 'Downloaded FaaBS training attendance sheet', 1615112479, '127.0.0.1', 'Mozilla/5.0 (X11; Ubuntu; Linux x86_64; rv:86.0) Gecko/20100101 Firefox/86.0'),
(901, 1, 'Downloaded FaaBS training attendance sheet', 1615112488, '127.0.0.1', 'Mozilla/5.0 (X11; Ubuntu; Linux x86_64; rv:86.0) Gecko/20100101 Firefox/86.0'),
(902, 1, 'Downloaded FaaBS training attendance sheet', 1615112582, '127.0.0.1', 'Mozilla/5.0 (X11; Ubuntu; Linux x86_64; rv:86.0) Gecko/20100101 Firefox/86.0'),
(903, 1, 'Downloaded FaaBS training attendance sheet', 1615112615, '127.0.0.1', 'Mozilla/5.0 (X11; Ubuntu; Linux x86_64; rv:86.0) Gecko/20100101 Firefox/86.0'),
(904, 1, 'Downloaded FaaBS training attendance sheet', 1615112627, '127.0.0.1', 'Mozilla/5.0 (X11; Ubuntu; Linux x86_64; rv:86.0) Gecko/20100101 Firefox/86.0'),
(905, 1, 'Downloaded FaaBS training attendance sheet', 1615114061, '127.0.0.1', 'Mozilla/5.0 (X11; Ubuntu; Linux x86_64; rv:86.0) Gecko/20100101 Firefox/86.0'),
(906, 1, 'Downloaded FaaBS training attendance sheet', 1615114096, '127.0.0.1', 'Mozilla/5.0 (X11; Ubuntu; Linux x86_64; rv:86.0) Gecko/20100101 Firefox/86.0'),
(907, 1, 'Downloaded FaaBS training attendance sheet', 1615114108, '127.0.0.1', 'Mozilla/5.0 (X11; Ubuntu; Linux x86_64; rv:86.0) Gecko/20100101 Firefox/86.0'),
(908, 1, 'Downloaded FaaBS training attendance sheet', 1615114118, '127.0.0.1', 'Mozilla/5.0 (X11; Ubuntu; Linux x86_64; rv:86.0) Gecko/20100101 Firefox/86.0'),
(909, 10, 'Downloaded FaaBS training attendance sheet', 1615114139, '127.0.0.1', 'Mozilla/5.0 (X11; Ubuntu; Linux x86_64; rv:86.0) Gecko/20100101 Firefox/86.0'),
(910, 1, 'Downloaded FaaBS training attendance sheet', 1615117305, '127.0.0.1', 'Mozilla/5.0 (X11; Ubuntu; Linux x86_64; rv:86.0) Gecko/20100101 Firefox/86.0'),
(911, 10, 'Downloaded FaaBS training attendance sheet', 1615117990, '127.0.0.1', 'Mozilla/5.0 (X11; Ubuntu; Linux x86_64; rv:86.0) Gecko/20100101 Firefox/86.0'),
(912, 10, 'Downloaded FaaBS training attendance sheet', 1615118072, '127.0.0.1', 'Mozilla/5.0 (X11; Ubuntu; Linux x86_64; rv:86.0) Gecko/20100101 Firefox/86.0'),
(913, 10, 'Downloaded FaaBS training attendance sheet', 1615118089, '127.0.0.1', 'Mozilla/5.0 (X11; Ubuntu; Linux x86_64; rv:86.0) Gecko/20100101 Firefox/86.0'),
(914, 10, 'Downloaded FaaBS training attendance sheet', 1615118099, '127.0.0.1', 'Mozilla/5.0 (X11; Ubuntu; Linux x86_64; rv:86.0) Gecko/20100101 Firefox/86.0'),
(915, 10, 'Downloaded FaaBS training attendance sheet', 1615118120, '127.0.0.1', 'Mozilla/5.0 (X11; Ubuntu; Linux x86_64; rv:86.0) Gecko/20100101 Firefox/86.0'),
(916, 10, 'Downloaded FaaBS training attendance sheet', 1615118187, '127.0.0.1', 'Mozilla/5.0 (X11; Ubuntu; Linux x86_64; rv:86.0) Gecko/20100101 Firefox/86.0'),
(917, 10, 'Downloaded FaaBS training attendance sheet', 1615118276, '127.0.0.1', 'Mozilla/5.0 (X11; Ubuntu; Linux x86_64; rv:86.0) Gecko/20100101 Firefox/86.0'),
(918, 10, 'Downloaded FaaBS training attendance sheet', 1615118414, '127.0.0.1', 'Mozilla/5.0 (X11; Ubuntu; Linux x86_64; rv:86.0) Gecko/20100101 Firefox/86.0'),
(919, 10, 'Downloaded FaaBS training attendance sheet', 1615118455, '127.0.0.1', 'Mozilla/5.0 (X11; Ubuntu; Linux x86_64; rv:86.0) Gecko/20100101 Firefox/86.0'),
(920, 10, 'Downloaded FaaBS training attendance sheet', 1615118772, '127.0.0.1', 'Mozilla/5.0 (X11; Ubuntu; Linux x86_64; rv:86.0) Gecko/20100101 Firefox/86.0'),
(921, 10, 'Downloaded FaaBS training attendance sheet', 1615118836, '127.0.0.1', 'Mozilla/5.0 (X11; Ubuntu; Linux x86_64; rv:86.0) Gecko/20100101 Firefox/86.0'),
(922, 10, 'Downloaded FaaBS training attendance sheet', 1615118916, '127.0.0.1', 'Mozilla/5.0 (X11; Ubuntu; Linux x86_64; rv:86.0) Gecko/20100101 Firefox/86.0'),
(923, 10, 'Downloaded FaaBS training attendance sheet', 1615119040, '127.0.0.1', 'Mozilla/5.0 (X11; Ubuntu; Linux x86_64; rv:86.0) Gecko/20100101 Firefox/86.0'),
(924, 10, 'Downloaded FaaBS training attendance sheet', 1615119167, '127.0.0.1', 'Mozilla/5.0 (X11; Ubuntu; Linux x86_64; rv:86.0) Gecko/20100101 Firefox/86.0'),
(925, 10, 'Downloaded FaaBS training attendance sheet', 1615119232, '127.0.0.1', 'Mozilla/5.0 (X11; Ubuntu; Linux x86_64; rv:86.0) Gecko/20100101 Firefox/86.0'),
(926, 10, 'Downloaded FaaBS training attendance sheet', 1615119264, '127.0.0.1', 'Mozilla/5.0 (X11; Ubuntu; Linux x86_64; rv:86.0) Gecko/20100101 Firefox/86.0'),
(927, 10, 'Downloaded FaaBS training attendance sheet', 1615119317, '127.0.0.1', 'Mozilla/5.0 (X11; Ubuntu; Linux x86_64; rv:86.0) Gecko/20100101 Firefox/86.0'),
(928, 10, 'Downloaded FaaBS training attendance sheet', 1615119542, '127.0.0.1', 'Mozilla/5.0 (X11; Ubuntu; Linux x86_64; rv:86.0) Gecko/20100101 Firefox/86.0'),
(929, 1, 'Update role User', 1615121370, '127.0.0.1', 'Mozilla/5.0 (X11; Ubuntu; Linux x86_64; rv:86.0) Gecko/20100101 Firefox/86.0'),
(930, 10, 'Added FaaBS group Come together Group', 1615123711, '127.0.0.1', 'Mozilla/5.0 (X11; Ubuntu; Linux x86_64; rv:86.0) Gecko/20100101 Firefox/86.0'),
(931, 10, 'Updated FaaBS group details', 1615124310, '127.0.0.1', 'Mozilla/5.0 (X11; Ubuntu; Linux x86_64; rv:86.0) Gecko/20100101 Firefox/86.0'),
(932, 10, 'Updated FaaBS group details', 1615124322, '127.0.0.1', 'Mozilla/5.0 (X11; Ubuntu; Linux x86_64; rv:86.0) Gecko/20100101 Firefox/86.0'),
(933, 10, 'Updated FaaBS group details', 1615124327, '127.0.0.1', 'Mozilla/5.0 (X11; Ubuntu; Linux x86_64; rv:86.0) Gecko/20100101 Firefox/86.0'),
(934, 10, 'Removed FaaBS group FaaBS 2 from the system.', 1615124400, '127.0.0.1', 'Mozilla/5.0 (X11; Ubuntu; Linux x86_64; rv:86.0) Gecko/20100101 Firefox/86.0'),
(935, 1, 'Update role User', 1615125975, '127.0.0.1', 'Mozilla/5.0 (X11; Ubuntu; Linux x86_64; rv:86.0) Gecko/20100101 Firefox/86.0'),
(936, 1, 'Update role Administrator', 1615127426, '127.0.0.1', 'Mozilla/5.0 (X11; Ubuntu; Linux x86_64; rv:86.0) Gecko/20100101 Firefox/86.0'),
(937, 10, 'Added farmer: Francis  Chulu', 1615132100, '127.0.0.1', 'Mozilla/5.0 (X11; Ubuntu; Linux x86_64; rv:86.0) Gecko/20100101 Firefox/86.0'),
(938, 10, 'Updated farmer records for farmer: Francis  Chulu', 1615134154, '127.0.0.1', 'Mozilla/5.0 (X11; Ubuntu; Linux x86_64; rv:86.0) Gecko/20100101 Firefox/86.0'),
(939, 10, 'Updated farmer records for farmer: Francis  Chulu', 1615143436, '127.0.0.1', 'Mozilla/5.0 (X11; Ubuntu; Linux x86_64; rv:86.0) Gecko/20100101 Firefox/86.0'),
(940, 10, 'Updated farmer records for farmer: Francis  Chulu', 1615143937, '127.0.0.1', 'Mozilla/5.0 (X11; Ubuntu; Linux x86_64; rv:86.0) Gecko/20100101 Firefox/86.0'),
(941, 10, 'Updated Category A Farmer details', 1615144397, '127.0.0.1', 'Mozilla/5.0 (X11; Ubuntu; Linux x86_64; rv:86.0) Gecko/20100101 Firefox/86.0'),
(942, 10, 'Updated Category A Farmer details', 1615144406, '127.0.0.1', 'Mozilla/5.0 (X11; Ubuntu; Linux x86_64; rv:86.0) Gecko/20100101 Firefox/86.0'),
(943, 10, 'Updated FaaBS group details', 1615144502, '127.0.0.1', 'Mozilla/5.0 (X11; Ubuntu; Linux x86_64; rv:86.0) Gecko/20100101 Firefox/86.0'),
(944, 10, 'Updated FaaBS group details', 1615144510, '127.0.0.1', 'Mozilla/5.0 (X11; Ubuntu; Linux x86_64; rv:86.0) Gecko/20100101 Firefox/86.0'),
(945, 1, 'Update role Administrator', 1615144985, '127.0.0.1', 'Mozilla/5.0 (X11; Ubuntu; Linux x86_64; rv:86.0) Gecko/20100101 Firefox/86.0'),
(946, 1, 'Update role User', 1615146800, '127.0.0.1', 'Mozilla/5.0 (X11; Ubuntu; Linux x86_64; rv:86.0) Gecko/20100101 Firefox/86.0'),
(947, 10, 'Added FaaBS training attendance record for farmer:Mr.Francis  Chulu. The training took place on:2021-03-08', 1615156562, '127.0.0.1', 'Mozilla/5.0 (X11; Ubuntu; Linux x86_64; rv:86.0) Gecko/20100101 Firefox/86.0'),
(948, 1, 'Downloaded FaaBS training attendance sheet', 1615228332, '127.0.0.1', 'Mozilla/5.0 (X11; Ubuntu; Linux x86_64; rv:86.0) Gecko/20100101 Firefox/86.0'),
(949, 1, 'Update role User', 1615228349, '127.0.0.1', 'Mozilla/5.0 (X11; Ubuntu; Linux x86_64; rv:86.0) Gecko/20100101 Firefox/86.0'),
(950, 10, 'Updated FaaBS training attendance record for farmer:Mr.Francis  Chulu. The training took place on:2021-03-08', 1615230109, '127.0.0.1', 'Mozilla/5.0 (X11; Ubuntu; Linux x86_64; rv:86.0) Gecko/20100101 Firefox/86.0'),
(951, 10, 'Added FaaBS training attendance record for farmer:Mr.Francis  Chulu. The training took place on:2021-03-08', 1615230171, '127.0.0.1', 'Mozilla/5.0 (X11; Ubuntu; Linux x86_64; rv:86.0) Gecko/20100101 Firefox/86.0'),
(952, 10, 'Added FaaBS training attendance record for farmer:Mr.Francis  Chulu. The training took place on:2021-03-03', 1615230200, '127.0.0.1', 'Mozilla/5.0 (X11; Ubuntu; Linux x86_64; rv:86.0) Gecko/20100101 Firefox/86.0'),
(953, 10, 'Removed FaaBS training attendance record for farmer:Mr.Francis  Chulu. The training took place on:2021-03-08', 1615230208, '127.0.0.1', 'Mozilla/5.0 (X11; Ubuntu; Linux x86_64; rv:86.0) Gecko/20100101 Firefox/86.0'),
(954, 10, 'Removed FaaBS training attendance record for farmer:Mr.Francis  Chulu. The training took place on:2021-03-08', 1615230253, '127.0.0.1', 'Mozilla/5.0 (X11; Ubuntu; Linux x86_64; rv:86.0) Gecko/20100101 Firefox/86.0'),
(955, 1, 'Update role Administrator', 1615230276, '127.0.0.1', 'Mozilla/5.0 (X11; Ubuntu; Linux x86_64; rv:86.0) Gecko/20100101 Firefox/86.0'),
(956, 10, 'Downloaded category A Farmer registration form', 1615235009, '127.0.0.1', 'Mozilla/5.0 (X11; Ubuntu; Linux x86_64; rv:86.0) Gecko/20100101 Firefox/86.0'),
(957, 10, 'Downloaded Story of change interview guide template', 1615235022, '127.0.0.1', 'Mozilla/5.0 (X11; Ubuntu; Linux x86_64; rv:86.0) Gecko/20100101 Firefox/86.0'),
(958, 10, 'Submitted story of change: \'From subsistence to commercial farming-Case of Mr Chulu Francis\' for review', 1615306106, '127.0.0.1', 'Mozilla/5.0 (X11; Ubuntu; Linux x86_64; rv:86.0) Gecko/20100101 Firefox/86.0'),
(959, 10, 'Added story of change media: Completed Interview guide', 1615306685, '127.0.0.1', 'Mozilla/5.0 (X11; Ubuntu; Linux x86_64; rv:86.0) Gecko/20100101 Firefox/86.0'),
(960, 10, 'Added story of change media: Completed Interview guide', 1615308524, '127.0.0.1', 'Mozilla/5.0 (X11; Ubuntu; Linux x86_64; rv:86.0) Gecko/20100101 Firefox/86.0'),
(961, 10, 'Added story of change media: Completed Interview guide', 1615308670, '127.0.0.1', 'Mozilla/5.0 (X11; Ubuntu; Linux x86_64; rv:86.0) Gecko/20100101 Firefox/86.0'),
(962, 10, 'Added story of change media: Completed Interview guide', 1615309195, '127.0.0.1', 'Mozilla/5.0 (X11; Ubuntu; Linux x86_64; rv:86.0) Gecko/20100101 Firefox/86.0'),
(963, 10, 'Added story of change media: Picture', 1615309307, '127.0.0.1', 'Mozilla/5.0 (X11; Ubuntu; Linux x86_64; rv:86.0) Gecko/20100101 Firefox/86.0');
INSERT INTO `audit_trail` (`id`, `user`, `action`, `date`, `ip_address`, `user_agent`) VALUES
(964, 10, 'Updated introduction for story of change: From subsistence to commercial farming-Case of Chulu', 1615309669, '127.0.0.1', 'Mozilla/5.0 (X11; Ubuntu; Linux x86_64; rv:86.0) Gecko/20100101 Firefox/86.0'),
(965, 10, 'Updated results for story of change: From subsistence to commercial farming-Case of Chulu', 1615309673, '127.0.0.1', 'Mozilla/5.0 (X11; Ubuntu; Linux x86_64; rv:86.0) Gecko/20100101 Firefox/86.0'),
(966, 1, 'Update role Administrator', 1615310036, '127.0.0.1', 'Mozilla/5.0 (X11; Ubuntu; Linux x86_64; rv:86.0) Gecko/20100101 Firefox/86.0'),
(967, 1, 'Update role User', 1615310043, '127.0.0.1', 'Mozilla/5.0 (X11; Ubuntu; Linux x86_64; rv:86.0) Gecko/20100101 Firefox/86.0'),
(968, 10, 'Submitted a back to office report', 1615321516, '127.0.0.1', 'Mozilla/5.0 (X11; Ubuntu; Linux x86_64; rv:86.0) Gecko/20100101 Firefox/86.0'),
(969, 10, 'Saved back to office report as draft', 1615322460, '127.0.0.1', 'Mozilla/5.0 (X11; Ubuntu; Linux x86_64; rv:86.0) Gecko/20100101 Firefox/86.0'),
(970, 10, 'Saved back to office report as draft', 1615322765, '127.0.0.1', 'Mozilla/5.0 (X11; Ubuntu; Linux x86_64; rv:86.0) Gecko/20100101 Firefox/86.0'),
(971, 10, 'Saved back to office report as draft', 1615323054, '127.0.0.1', 'Mozilla/5.0 (X11; Ubuntu; Linux x86_64; rv:86.0) Gecko/20100101 Firefox/86.0'),
(972, 10, 'Submitted a back to office report', 1615323477, '127.0.0.1', 'Mozilla/5.0 (X11; Ubuntu; Linux x86_64; rv:86.0) Gecko/20100101 Firefox/86.0'),
(973, 10, 'Submitted a back to office report', 1615323518, '127.0.0.1', 'Mozilla/5.0 (X11; Ubuntu; Linux x86_64; rv:86.0) Gecko/20100101 Firefox/86.0'),
(974, 10, 'Submitted a back to office report', 1615323534, '127.0.0.1', 'Mozilla/5.0 (X11; Ubuntu; Linux x86_64; rv:86.0) Gecko/20100101 Firefox/86.0'),
(975, 10, 'Updated and Saved back to office report as draft', 1615375883, '127.0.0.1', 'Mozilla/5.0 (X11; Ubuntu; Linux x86_64; rv:86.0) Gecko/20100101 Firefox/86.0'),
(976, 10, 'Updated and Saved back to office report as draft', 1615376188, '127.0.0.1', 'Mozilla/5.0 (X11; Ubuntu; Linux x86_64; rv:86.0) Gecko/20100101 Firefox/86.0'),
(977, 10, 'Updated and Saved back to office report as draft', 1615376492, '127.0.0.1', 'Mozilla/5.0 (X11; Ubuntu; Linux x86_64; rv:86.0) Gecko/20100101 Firefox/86.0'),
(978, 10, 'Submitted a back to office report for review', 1615377117, '127.0.0.1', 'Mozilla/5.0 (X11; Ubuntu; Linux x86_64; rv:86.0) Gecko/20100101 Firefox/86.0'),
(979, 10, 'Submitted a back to office report for review', 1615377302, '127.0.0.1', 'Mozilla/5.0 (X11; Ubuntu; Linux x86_64; rv:86.0) Gecko/20100101 Firefox/86.0'),
(980, 10, 'Submitted a back to office report for review', 1615377475, '127.0.0.1', 'Mozilla/5.0 (X11; Ubuntu; Linux x86_64; rv:86.0) Gecko/20100101 Firefox/86.0'),
(981, 1, 'Updated BtOR report\'s status to \'Send back for more information\'', 1615386422, '127.0.0.1', 'Mozilla/5.0 (X11; Ubuntu; Linux x86_64; rv:86.0) Gecko/20100101 Firefox/86.0'),
(982, 10, 'Updated and Submitted a back to office report for review', 1615386494, '127.0.0.1', 'Mozilla/5.0 (X11; Ubuntu; Linux x86_64; rv:86.0) Gecko/20100101 Firefox/86.0'),
(983, 10, 'Updated and Submitted a back to office report for review', 1615386497, '127.0.0.1', 'Mozilla/5.0 (X11; Ubuntu; Linux x86_64; rv:86.0) Gecko/20100101 Firefox/86.0'),
(984, 10, 'Updated and Submitted a back to office report for review', 1615386498, '127.0.0.1', 'Mozilla/5.0 (X11; Ubuntu; Linux x86_64; rv:86.0) Gecko/20100101 Firefox/86.0'),
(985, 10, 'Updated and Submitted a back to office report for review', 1615386499, '127.0.0.1', 'Mozilla/5.0 (X11; Ubuntu; Linux x86_64; rv:86.0) Gecko/20100101 Firefox/86.0'),
(986, 10, 'Updated and Submitted a back to office report for review', 1615386499, '127.0.0.1', 'Mozilla/5.0 (X11; Ubuntu; Linux x86_64; rv:86.0) Gecko/20100101 Firefox/86.0'),
(987, 10, 'Updated and Submitted a back to office report for review', 1615386499, '127.0.0.1', 'Mozilla/5.0 (X11; Ubuntu; Linux x86_64; rv:86.0) Gecko/20100101 Firefox/86.0'),
(988, 10, 'Updated and Submitted a back to office report for review', 1615386499, '127.0.0.1', 'Mozilla/5.0 (X11; Ubuntu; Linux x86_64; rv:86.0) Gecko/20100101 Firefox/86.0'),
(989, 10, 'Updated and Saved back to office report as draft', 1615386505, '127.0.0.1', 'Mozilla/5.0 (X11; Ubuntu; Linux x86_64; rv:86.0) Gecko/20100101 Firefox/86.0'),
(990, 10, 'Updated and Submitted a back to office report for review', 1615386511, '127.0.0.1', 'Mozilla/5.0 (X11; Ubuntu; Linux x86_64; rv:86.0) Gecko/20100101 Firefox/86.0'),
(991, 10, 'Updated and Submitted a back to office report for review', 1615386512, '127.0.0.1', 'Mozilla/5.0 (X11; Ubuntu; Linux x86_64; rv:86.0) Gecko/20100101 Firefox/86.0'),
(992, 10, 'Updated and Submitted a back to office report for review', 1615386512, '127.0.0.1', 'Mozilla/5.0 (X11; Ubuntu; Linux x86_64; rv:86.0) Gecko/20100101 Firefox/86.0'),
(993, 10, 'Updated and Submitted a back to office report for review', 1615386512, '127.0.0.1', 'Mozilla/5.0 (X11; Ubuntu; Linux x86_64; rv:86.0) Gecko/20100101 Firefox/86.0'),
(994, 10, 'Updated and Submitted a back to office report for review', 1615386512, '127.0.0.1', 'Mozilla/5.0 (X11; Ubuntu; Linux x86_64; rv:86.0) Gecko/20100101 Firefox/86.0'),
(995, 10, 'Updated and Submitted a back to office report for review', 1615386512, '127.0.0.1', 'Mozilla/5.0 (X11; Ubuntu; Linux x86_64; rv:86.0) Gecko/20100101 Firefox/86.0'),
(996, 1, 'Updated BtOR report\'s status to \'Send back for more information\'', 1615386629, '127.0.0.1', 'Mozilla/5.0 (X11; Ubuntu; Linux x86_64; rv:86.0) Gecko/20100101 Firefox/86.0'),
(997, 10, 'Updated and Submitted a back to office report for review', 1615386878, '127.0.0.1', 'Mozilla/5.0 (X11; Ubuntu; Linux x86_64; rv:86.0) Gecko/20100101 Firefox/86.0'),
(998, 10, 'Updated and Submitted a back to office report for review', 1615386880, '127.0.0.1', 'Mozilla/5.0 (X11; Ubuntu; Linux x86_64; rv:86.0) Gecko/20100101 Firefox/86.0'),
(999, 10, 'Updated and Saved back to office report as draft', 1615386932, '127.0.0.1', 'Mozilla/5.0 (X11; Ubuntu; Linux x86_64; rv:86.0) Gecko/20100101 Firefox/86.0'),
(1000, 10, 'Updated and Submitted a back to office report for review', 1615386938, '127.0.0.1', 'Mozilla/5.0 (X11; Ubuntu; Linux x86_64; rv:86.0) Gecko/20100101 Firefox/86.0'),
(1001, 10, 'Updated and Submitted a back to office report for review', 1615387336, '127.0.0.1', 'Mozilla/5.0 (X11; Ubuntu; Linux x86_64; rv:86.0) Gecko/20100101 Firefox/86.0'),
(1002, 10, 'Updated and Submitted a back to office report for review', 1615387446, '127.0.0.1', 'Mozilla/5.0 (X11; Ubuntu; Linux x86_64; rv:86.0) Gecko/20100101 Firefox/86.0'),
(1003, 10, 'Updated and Submitted a back to office report for review', 1615387451, '127.0.0.1', 'Mozilla/5.0 (X11; Ubuntu; Linux x86_64; rv:86.0) Gecko/20100101 Firefox/86.0'),
(1004, 10, 'Updated and Submitted a back to office report for review', 1615387473, '127.0.0.1', 'Mozilla/5.0 (X11; Ubuntu; Linux x86_64; rv:86.0) Gecko/20100101 Firefox/86.0'),
(1005, 10, 'Updated and Saved back to office report as draft', 1615387693, '127.0.0.1', 'Mozilla/5.0 (X11; Ubuntu; Linux x86_64; rv:86.0) Gecko/20100101 Firefox/86.0'),
(1006, 10, 'Updated and Submitted a back to office report for review', 1615387731, '127.0.0.1', 'Mozilla/5.0 (X11; Ubuntu; Linux x86_64; rv:86.0) Gecko/20100101 Firefox/86.0'),
(1007, 1, 'Updated BtOR report\'s status to \'Accepted\'', 1615388511, '127.0.0.1', 'Mozilla/5.0 (X11; Ubuntu; Linux x86_64; rv:86.0) Gecko/20100101 Firefox/86.0'),
(1008, 1, 'Update role User', 1615397135, '127.0.0.1', 'Mozilla/5.0 (X11; Ubuntu; Linux x86_64; rv:86.0) Gecko/20100101 Firefox/86.0'),
(1009, 1, 'Downloaded category A Farmer registration form', 1616330150, '127.0.0.1', 'Mozilla/5.0 (X11; Ubuntu; Linux x86_64; rv:86.0) Gecko/20100101 Firefox/86.0'),
(1010, 1, 'Downloaded FaaBS training attendance sheet', 1616330168, '127.0.0.1', 'Mozilla/5.0 (X11; Ubuntu; Linux x86_64; rv:86.0) Gecko/20100101 Firefox/86.0'),
(1011, 1, 'Update role User', 1616335275, '127.0.0.1', 'Mozilla/5.0 (X11; Ubuntu; Linux x86_64; rv:86.0) Gecko/20100101 Firefox/86.0'),
(1012, 10, 'Added Camp four camp work effort for month March', 1616418759, '127.0.0.1', 'Mozilla/5.0 (X11; Ubuntu; Linux x86_64; rv:86.0) Gecko/20100101 Firefox/86.0'),
(1013, 10, 'Added Camp four camp work effort for month March', 1616424785, '127.0.0.1', 'Mozilla/5.0 (X11; Ubuntu; Linux x86_64; rv:86.0) Gecko/20100101 Firefox/86.0'),
(1014, 10, 'Added Camp four camp work effort for month March', 1616424938, '127.0.0.1', 'Mozilla/5.0 (X11; Ubuntu; Linux x86_64; rv:86.0) Gecko/20100101 Firefox/86.0'),
(1015, 10, 'Added Camp four camp work effort for month March', 1616424985, '127.0.0.1', 'Mozilla/5.0 (X11; Ubuntu; Linux x86_64; rv:86.0) Gecko/20100101 Firefox/86.0'),
(1016, 10, 'Added Camp four camp work effort for month March', 1616425129, '127.0.0.1', 'Mozilla/5.0 (X11; Ubuntu; Linux x86_64; rv:86.0) Gecko/20100101 Firefox/86.0'),
(1017, 10, 'Added Camp four camp work effort for month March', 1616425169, '127.0.0.1', 'Mozilla/5.0 (X11; Ubuntu; Linux x86_64; rv:86.0) Gecko/20100101 Firefox/86.0'),
(1018, 10, 'Added Camp four camp work effort for month March', 1616425302, '127.0.0.1', 'Mozilla/5.0 (X11; Ubuntu; Linux x86_64; rv:86.0) Gecko/20100101 Firefox/86.0'),
(1019, 10, 'Added Camp four camp work effort for month March', 1616425683, '127.0.0.1', 'Mozilla/5.0 (X11; Ubuntu; Linux x86_64; rv:86.0) Gecko/20100101 Firefox/86.0'),
(1020, 10, 'Added Camp four camp work effort for month March', 1616426242, '127.0.0.1', 'Mozilla/5.0 (X11; Ubuntu; Linux x86_64; rv:86.0) Gecko/20100101 Firefox/86.0'),
(1021, 10, 'Added Camp four camp work effort for month March', 1616426712, '127.0.0.1', 'Mozilla/5.0 (X11; Ubuntu; Linux x86_64; rv:86.0) Gecko/20100101 Firefox/86.0'),
(1022, 10, 'Added Camp four camp work effort for month March', 1616426776, '127.0.0.1', 'Mozilla/5.0 (X11; Ubuntu; Linux x86_64; rv:86.0) Gecko/20100101 Firefox/86.0'),
(1023, 10, 'Updated Camp four camp work effort for month March', 1616428048, '127.0.0.1', 'Mozilla/5.0 (X11; Ubuntu; Linux x86_64; rv:86.0) Gecko/20100101 Firefox/86.0'),
(1024, 10, 'Removed monthly work effort and all planned activities for camp: Camp four from the system.', 1616428859, '127.0.0.1', 'Mozilla/5.0 (X11; Ubuntu; Linux x86_64; rv:86.0) Gecko/20100101 Firefox/86.0'),
(1025, 10, 'Added Camp four camp work effort for month March', 1616444054, '127.0.0.1', 'Mozilla/5.0 (X11; Ubuntu; Linux x86_64; rv:86.0) Gecko/20100101 Firefox/86.0'),
(1026, 10, 'Updated Camp four camp work effort for month March', 1616445813, '127.0.0.1', 'Mozilla/5.0 (X11; Ubuntu; Linux x86_64; rv:86.0) Gecko/20100101 Firefox/86.0'),
(1027, 10, 'Added Camp four camp planned activity for month March', 1616488269, '127.0.0.1', 'Mozilla/5.0 (X11; Ubuntu; Linux x86_64; rv:86.0) Gecko/20100101 Firefox/86.0'),
(1028, 10, 'Added Camp four camp planned activity for month March', 1616502509, '127.0.0.1', 'Mozilla/5.0 (X11; Ubuntu; Linux x86_64; rv:86.0) Gecko/20100101 Firefox/86.0'),
(1029, 10, 'Removed planned activities and all submitted actuals/achieved for camp: Camp four for activity:Test 2 from the system for the month of March', 1616508380, '127.0.0.1', 'Mozilla/5.0 (X11; Ubuntu; Linux x86_64; rv:86.0) Gecko/20100101 Firefox/86.0'),
(1030, 10, 'Updated Camp four camp planned activity for month March', 1616509259, '127.0.0.1', 'Mozilla/5.0 (X11; Ubuntu; Linux x86_64; rv:86.0) Gecko/20100101 Firefox/86.0'),
(1031, 10, 'Removed submitted achieved planned activity targets for camp: Camp four for activity:Test from the system for the month of March', 1616511407, '127.0.0.1', 'Mozilla/5.0 (X11; Ubuntu; Linux x86_64; rv:86.0) Gecko/20100101 Firefox/86.0'),
(1032, 10, 'Updated Camp four camp work effort for month March', 1616511510, '127.0.0.1', 'Mozilla/5.0 (X11; Ubuntu; Linux x86_64; rv:86.0) Gecko/20100101 Firefox/86.0'),
(1033, 10, 'Added Camp four camp planned activity for month March', 1616512189, '127.0.0.1', 'Mozilla/5.0 (X11; Ubuntu; Linux x86_64; rv:86.0) Gecko/20100101 Firefox/86.0'),
(1034, 10, 'Added Camp four camp planned activity for month March', 1616596930, '127.0.0.1', 'Mozilla/5.0 (X11; Ubuntu; Linux x86_64; rv:86.0) Gecko/20100101 Firefox/86.0'),
(1035, 10, 'Downloaded category A Farmer registration form', 1616600254, '127.0.0.1', 'Mozilla/5.0 (X11; Ubuntu; Linux x86_64; rv:86.0) Gecko/20100101 Firefox/86.0'),
(1036, 10, 'Downloaded FaaBS training attendance sheet', 1616600295, '127.0.0.1', 'Mozilla/5.0 (X11; Ubuntu; Linux x86_64; rv:86.0) Gecko/20100101 Firefox/86.0'),
(1037, 10, 'Removed submitted achieved planned activity targets for camp: Camp four for activity:Test from the system for the month of March', 1616601236, '127.0.0.1', 'Mozilla/5.0 (X11; Ubuntu; Linux x86_64; rv:86.0) Gecko/20100101 Firefox/86.0'),
(1038, 10, 'Removed submitted achieved planned activity targets for camp: Camp four for activity:Test 2 from the system for the month of March', 1616667788, '127.0.0.1', 'Mozilla/5.0 (X11; Ubuntu; Linux x86_64; rv:86.0) Gecko/20100101 Firefox/86.0'),
(1039, 10, 'Updated Camp four camp planned activity for month March', 1616669057, '127.0.0.1', 'Mozilla/5.0 (X11; Ubuntu; Linux x86_64; rv:86.0) Gecko/20100101 Firefox/86.0'),
(1040, 10, 'Updated Camp four camp planned activity for month March', 1616671828, '127.0.0.1', 'Mozilla/5.0 (X11; Ubuntu; Linux x86_64; rv:86.0) Gecko/20100101 Firefox/86.0'),
(1041, 10, 'Updated Camp four camp planned activity for month March', 1616671834, '127.0.0.1', 'Mozilla/5.0 (X11; Ubuntu; Linux x86_64; rv:86.0) Gecko/20100101 Firefox/86.0'),
(1042, 10, 'Updated Camp four camp planned activity for month March', 1616671957, '127.0.0.1', 'Mozilla/5.0 (X11; Ubuntu; Linux x86_64; rv:86.0) Gecko/20100101 Firefox/86.0'),
(1043, 10, 'Added Camp four camp planned activity for month March', 1616672600, '127.0.0.1', 'Mozilla/5.0 (X11; Ubuntu; Linux x86_64; rv:86.0) Gecko/20100101 Firefox/86.0'),
(1044, 10, 'Removed planned activities and all submitted actuals/achieved for camp: Camp four for activity:Test 3 from the system for the month of March', 1616672725, '127.0.0.1', 'Mozilla/5.0 (X11; Ubuntu; Linux x86_64; rv:86.0) Gecko/20100101 Firefox/86.0'),
(1045, 10, 'Added Camp four camp planned activity for month March', 1616672844, '127.0.0.1', 'Mozilla/5.0 (X11; Ubuntu; Linux x86_64; rv:86.0) Gecko/20100101 Firefox/86.0'),
(1046, 10, 'Added Camp four camp planned activity for month March', 1616672861, '127.0.0.1', 'Mozilla/5.0 (X11; Ubuntu; Linux x86_64; rv:86.0) Gecko/20100101 Firefox/86.0'),
(1047, 10, 'Removed planned activities and all submitted actuals/achieved for camp: Camp four for activity:Test from the system for the month of March', 1616673053, '127.0.0.1', 'Mozilla/5.0 (X11; Ubuntu; Linux x86_64; rv:86.0) Gecko/20100101 Firefox/86.0'),
(1048, 10, 'Removed planned activities and all submitted actuals/achieved for camp: Camp four for activity:Test 2 from the system for the month of March', 1616674677, '127.0.0.1', 'Mozilla/5.0 (X11; Ubuntu; Linux x86_64; rv:86.0) Gecko/20100101 Firefox/86.0'),
(1049, 10, 'Removed planned activities and all submitted actuals/achieved for camp: Camp four for activity:Test 5 from the system for the month of March', 1616674681, '127.0.0.1', 'Mozilla/5.0 (X11; Ubuntu; Linux x86_64; rv:86.0) Gecko/20100101 Firefox/86.0'),
(1050, 10, 'Removed planned activities and all submitted actuals/achieved for camp: Camp four for activity:Test 3 from the system for the month of March', 1616674685, '127.0.0.1', 'Mozilla/5.0 (X11; Ubuntu; Linux x86_64; rv:86.0) Gecko/20100101 Firefox/86.0'),
(1051, 10, 'Removed planned activities and all submitted actuals/achieved for camp: Camp four for activity:Test 4 from the system for the month of March', 1616674691, '127.0.0.1', 'Mozilla/5.0 (X11; Ubuntu; Linux x86_64; rv:86.0) Gecko/20100101 Firefox/86.0'),
(1052, 10, 'Added Camp four camp planned activity for month March', 1616674745, '127.0.0.1', 'Mozilla/5.0 (X11; Ubuntu; Linux x86_64; rv:86.0) Gecko/20100101 Firefox/86.0'),
(1053, 10, 'Removed planned activities and all submitted actuals/achieved for camp: Camp four for activity:Test from the system for the month of March', 1616674778, '127.0.0.1', 'Mozilla/5.0 (X11; Ubuntu; Linux x86_64; rv:86.0) Gecko/20100101 Firefox/86.0'),
(1054, 10, 'Added Camp four camp planned activity for month March', 1616675911, '127.0.0.1', 'Mozilla/5.0 (X11; Ubuntu; Linux x86_64; rv:86.0) Gecko/20100101 Firefox/86.0'),
(1055, 10, 'Added Camp four camp planned activity for month March', 1616676042, '127.0.0.1', 'Mozilla/5.0 (X11; Ubuntu; Linux x86_64; rv:86.0) Gecko/20100101 Firefox/86.0'),
(1056, 10, 'Removed planned activities and all submitted actuals/achieved for camp: Camp four for activity:Test 2 from the system for the month of March', 1616676177, '127.0.0.1', 'Mozilla/5.0 (X11; Ubuntu; Linux x86_64; rv:86.0) Gecko/20100101 Firefox/86.0'),
(1057, 10, 'Updated Camp four camp planned activity for month March', 1616677084, '127.0.0.1', 'Mozilla/5.0 (X11; Ubuntu; Linux x86_64; rv:86.0) Gecko/20100101 Firefox/86.0'),
(1058, 10, 'Added Camp four camp planned activity for month March', 1616677610, '127.0.0.1', 'Mozilla/5.0 (X11; Ubuntu; Linux x86_64; rv:86.0) Gecko/20100101 Firefox/86.0'),
(1059, 10, 'Added Camp three camp work effort for month March', 1616678720, '127.0.0.1', 'Mozilla/5.0 (X11; Ubuntu; Linux x86_64; rv:86.0) Gecko/20100101 Firefox/86.0'),
(1060, 10, 'Added Camp two camp work effort for month March', 1616678740, '127.0.0.1', 'Mozilla/5.0 (X11; Ubuntu; Linux x86_64; rv:86.0) Gecko/20100101 Firefox/86.0'),
(1061, 10, 'Removed monthly work effort and all planned activities for camp: Camp four from the systemfor the month of March', 1616678925, '127.0.0.1', 'Mozilla/5.0 (X11; Ubuntu; Linux x86_64; rv:86.0) Gecko/20100101 Firefox/86.0'),
(1062, 10, 'Added Camp two camp planned activity for month March', 1616679511, '127.0.0.1', 'Mozilla/5.0 (X11; Ubuntu; Linux x86_64; rv:86.0) Gecko/20100101 Firefox/86.0'),
(1063, 10, 'Downloaded FaaBS training attendance sheet', 1616681002, '127.0.0.1', 'Mozilla/5.0 (X11; Ubuntu; Linux x86_64; rv:86.0) Gecko/20100101 Firefox/86.0'),
(1064, 10, 'Downloaded category A Farmer registration form', 1616681664, '127.0.0.1', 'Mozilla/5.0 (X11; Ubuntu; Linux x86_64; rv:86.0) Gecko/20100101 Firefox/86.0'),
(1065, 1, 'Update role Administrator', 1616682426, '127.0.0.1', 'Mozilla/5.0 (X11; Ubuntu; Linux x86_64; rv:86.0) Gecko/20100101 Firefox/86.0'),
(1066, 1, 'Downloaded FaaBS training attendance sheet', 1616695673, '127.0.0.1', 'Mozilla/5.0 (X11; Ubuntu; Linux x86_64; rv:86.0) Gecko/20100101 Firefox/86.0'),
(1067, 1, 'Added FaaBS training topic:Production enhancing technologies: early planting', 1616697288, '127.0.0.1', 'Mozilla/5.0 (X11; Ubuntu; Linux x86_64; rv:86.0) Gecko/20100101 Firefox/86.0'),
(1068, 1, 'Updated FaaBS training topic:Production enhancing technologies: early planting', 1616697498, '127.0.0.1', 'Mozilla/5.0 (X11; Ubuntu; Linux x86_64; rv:86.0) Gecko/20100101 Firefox/86.0'),
(1069, 1, 'Updated FaaBS training topic:Production enhancing technologies: early planting', 1616697640, '127.0.0.1', 'Mozilla/5.0 (X11; Ubuntu; Linux x86_64; rv:86.0) Gecko/20100101 Firefox/86.0'),
(1070, 1, 'Update role Administrator', 1616702738, '127.0.0.1', 'Mozilla/5.0 (X11; Ubuntu; Linux x86_64; rv:86.0) Gecko/20100101 Firefox/86.0'),
(1071, 1, 'Removed FaaBS training topic: Production enhancing technologies: early planting from the system.', 1616702747, '127.0.0.1', 'Mozilla/5.0 (X11; Ubuntu; Linux x86_64; rv:86.0) Gecko/20100101 Firefox/86.0'),
(1072, 1, 'Added FaaBS training topic:Production enhancing technologies: early planting', 1616702765, '127.0.0.1', 'Mozilla/5.0 (X11; Ubuntu; Linux x86_64; rv:86.0) Gecko/20100101 Firefox/86.0'),
(1073, 1, 'Updated FaaBS training topic:Production enhancing technologies: early planting', 1616703015, '127.0.0.1', 'Mozilla/5.0 (X11; Ubuntu; Linux x86_64; rv:86.0) Gecko/20100101 Firefox/86.0'),
(1074, 1, 'Added FaaBS training topic:Production enhancing technologies: row planting,', 1616703620, '127.0.0.1', 'Mozilla/5.0 (X11; Ubuntu; Linux x86_64; rv:86.0) Gecko/20100101 Firefox/86.0'),
(1075, 1, 'Added FaaBS training topic:Production enhancing technologies: construct and use improved livestock housing', 1616703649, '127.0.0.1', 'Mozilla/5.0 (X11; Ubuntu; Linux x86_64; rv:86.0) Gecko/20100101 Firefox/86.0'),
(1076, 10, 'Downloaded FaaBS training attendance sheet', 1616704928, '127.0.0.1', 'Mozilla/5.0 (X11; Ubuntu; Linux x86_64; rv:86.0) Gecko/20100101 Firefox/86.0'),
(1077, 10, 'Downloaded FaaBS training attendance sheet', 1616705258, '127.0.0.1', 'Mozilla/5.0 (X11; Ubuntu; Linux x86_64; rv:86.0) Gecko/20100101 Firefox/86.0'),
(1078, 10, 'Downloaded FaaBS training attendance sheet', 1616705294, '127.0.0.1', 'Mozilla/5.0 (X11; Ubuntu; Linux x86_64; rv:86.0) Gecko/20100101 Firefox/86.0'),
(1079, 10, 'Downloaded FaaBS training attendance sheet', 1616705347, '127.0.0.1', 'Mozilla/5.0 (X11; Ubuntu; Linux x86_64; rv:86.0) Gecko/20100101 Firefox/86.0'),
(1080, 10, 'Removed submitted achieved planned activity targets for camp: Camp two for activity:Test 2 from the system for the month of March', 1616706592, '127.0.0.1', 'Mozilla/5.0 (X11; Ubuntu; Linux x86_64; rv:86.0) Gecko/20100101 Firefox/86.0'),
(1081, 10, 'Removed submitted achieved planned activity targets for camp: Camp two for activity:Test 2 from the system for the month of March', 1616707041, '127.0.0.1', 'Mozilla/5.0 (X11; Ubuntu; Linux x86_64; rv:86.0) Gecko/20100101 Firefox/86.0'),
(1082, 10, 'Removed submitted achieved planned activity targets for camp: Camp two for activity:Test 2 from the system for the month of March', 1616707509, '127.0.0.1', 'Mozilla/5.0 (X11; Ubuntu; Linux x86_64; rv:86.0) Gecko/20100101 Firefox/86.0'),
(1083, 10, 'Removed FaaBS training attendance record for farmer:Mr.Francis  Chulu. The training took place on:2021-03-03', 1616708355, '127.0.0.1', 'Mozilla/5.0 (X11; Ubuntu; Linux x86_64; rv:86.0) Gecko/20100101 Firefox/86.0'),
(1084, 10, 'Added FaaBS training attendance record for farmer:Mr.Francis  Chulu. The training took place on:2021-03-25', 1616708399, '127.0.0.1', 'Mozilla/5.0 (X11; Ubuntu; Linux x86_64; rv:86.0) Gecko/20100101 Firefox/86.0'),
(1085, 10, 'Added farmer: Francis  test', 1616709481, '127.0.0.1', 'Mozilla/5.0 (X11; Ubuntu; Linux x86_64; rv:86.0) Gecko/20100101 Firefox/86.0'),
(1086, 10, 'Updated farmer records for farmer: Francis  Chulu', 1616709496, '127.0.0.1', 'Mozilla/5.0 (X11; Ubuntu; Linux x86_64; rv:86.0) Gecko/20100101 Firefox/86.0'),
(1087, 10, 'Updated farmer records for farmer: Francis  Chulu', 1616709547, '127.0.0.1', 'Mozilla/5.0 (X11; Ubuntu; Linux x86_64; rv:86.0) Gecko/20100101 Firefox/86.0'),
(1088, 10, 'Updated farmer records for farmer: Francis  Chulu', 1616709828, '127.0.0.1', 'Mozilla/5.0 (X11; Ubuntu; Linux x86_64; rv:86.0) Gecko/20100101 Firefox/86.0'),
(1089, 10, 'Updated farmer records for farmer: Francis  test', 1616709903, '127.0.0.1', 'Mozilla/5.0 (X11; Ubuntu; Linux x86_64; rv:86.0) Gecko/20100101 Firefox/86.0'),
(1090, 1, 'Downloaded FaaBS training attendance sheet', 1616746984, '127.0.0.1', 'Mozilla/5.0 (X11; Ubuntu; Linux x86_64; rv:86.0) Gecko/20100101 Firefox/86.0'),
(1091, 1, 'Updated FaaBS training topic:Production enhancing technologies: early planting', 1616747333, '127.0.0.1', 'Mozilla/5.0 (X11; Ubuntu; Linux x86_64; rv:86.0) Gecko/20100101 Firefox/86.0'),
(1092, 1, 'Updated FaaBS training topic:Production enhancing technologies: construct and use improved livestock housing', 1616747412, '127.0.0.1', 'Mozilla/5.0 (X11; Ubuntu; Linux x86_64; rv:86.0) Gecko/20100101 Firefox/86.0'),
(1093, 1, 'Updated FaaBS training topic:Production enhancing technologies: row planting,', 1616747423, '127.0.0.1', 'Mozilla/5.0 (X11; Ubuntu; Linux x86_64; rv:86.0) Gecko/20100101 Firefox/86.0'),
(1094, 1, 'Updated FaaBS training topic:Production enhancing technologies: construct and use improved livestock housing', 1616747438, '127.0.0.1', 'Mozilla/5.0 (X11; Ubuntu; Linux x86_64; rv:86.0) Gecko/20100101 Firefox/86.0'),
(1095, 10, 'Downloaded FaaBS training attendance sheet', 1616747817, '127.0.0.1', 'Mozilla/5.0 (X11; Ubuntu; Linux x86_64; rv:86.0) Gecko/20100101 Firefox/86.0'),
(1096, 10, 'Downloaded category A Farmer registration form', 1616747838, '127.0.0.1', 'Mozilla/5.0 (X11; Ubuntu; Linux x86_64; rv:86.0) Gecko/20100101 Firefox/86.0'),
(1097, 10, 'Downloaded FaaBS training attendance sheet', 1616747862, '127.0.0.1', 'Mozilla/5.0 (X11; Ubuntu; Linux x86_64; rv:86.0) Gecko/20100101 Firefox/86.0'),
(1098, 1, 'Update role Administrator', 1616748258, '127.0.0.1', 'Mozilla/5.0 (X11; Ubuntu; Linux x86_64; rv:86.0) Gecko/20100101 Firefox/86.0'),
(1099, 1, 'Update role User', 1616748827, '127.0.0.1', 'Mozilla/5.0 (X11; Ubuntu; Linux x86_64; rv:86.0) Gecko/20100101 Firefox/86.0'),
(1100, 10, 'Updated FaaBS training attendance record for farmer:Mr.Francis  Chulu. The training took place on:2021-03-25', 1616750221, '127.0.0.1', 'Mozilla/5.0 (X11; Ubuntu; Linux x86_64; rv:86.0) Gecko/20100101 Firefox/86.0'),
(1101, 10, 'Updated FaaBS training attendance record for farmer:Mr.Francis  Chulu. The training took place on:2021-03-25', 1616750336, '127.0.0.1', 'Mozilla/5.0 (X11; Ubuntu; Linux x86_64; rv:86.0) Gecko/20100101 Firefox/86.0'),
(1102, 10, 'Updated Camp two camp work effort for month March', 1616751023, '127.0.0.1', 'Mozilla/5.0 (X11; Ubuntu; Linux x86_64; rv:86.0) Gecko/20100101 Firefox/86.0'),
(1103, 10, 'Updated FaaBS training attendance record for farmer:Mr.Francis  Chulu. The training took place on:2021-03-25', 1616762953, '127.0.0.1', 'Mozilla/5.0 (X11; Ubuntu; Linux x86_64; rv:86.0) Gecko/20100101 Firefox/86.0'),
(1104, 10, 'Added FaaBS training attendance record for farmer:Mr.Francis  test. The training took place on:2021-05-19', 1616763041, '127.0.0.1', 'Mozilla/5.0 (X11; Ubuntu; Linux x86_64; rv:86.0) Gecko/20100101 Firefox/86.0'),
(1105, 10, 'Added FaaBS training attendance record for farmer:Mr.Francis  test. The training took place on:2021-10-20', 1616764340, '127.0.0.1', 'Mozilla/5.0 (X11; Ubuntu; Linux x86_64; rv:86.0) Gecko/20100101 Firefox/86.0'),
(1106, 10, 'Added farmer: First   Last name', 1616764476, '127.0.0.1', 'Mozilla/5.0 (X11; Ubuntu; Linux x86_64; rv:86.0) Gecko/20100101 Firefox/86.0'),
(1107, 10, 'Added FaaBS training attendance record for farmer:Mrs.First   Last name. The training took place on:2021-07-21', 1616764994, '127.0.0.1', 'Mozilla/5.0 (X11; Ubuntu; Linux x86_64; rv:86.0) Gecko/20100101 Firefox/86.0'),
(1108, 10, 'Updated FaaBS training attendance record for farmer:Mrs.First   Last name. The training took place on:2021-07-21', 1616770613, '127.0.0.1', 'Mozilla/5.0 (X11; Ubuntu; Linux x86_64; rv:86.0) Gecko/20100101 Firefox/86.0'),
(1109, 10, 'Updated FaaBS training attendance record for farmer:Mr.Francis  test. The training took place on:2021-10-21', 1616770679, '127.0.0.1', 'Mozilla/5.0 (X11; Ubuntu; Linux x86_64; rv:86.0) Gecko/20100101 Firefox/86.0'),
(1110, 10, 'Updated FaaBS training attendance record for farmer:Mr.Francis  Chulu. The training took place on:2021-05-19', 1616770721, '127.0.0.1', 'Mozilla/5.0 (X11; Ubuntu; Linux x86_64; rv:86.0) Gecko/20100101 Firefox/86.0'),
(1111, 10, 'Updated FaaBS training attendance record for farmer:Mr.Francis  Chulu. The training took place on:2021-03-26', 1616770796, '127.0.0.1', 'Mozilla/5.0 (X11; Ubuntu; Linux x86_64; rv:86.0) Gecko/20100101 Firefox/86.0'),
(1112, 10, 'Updated FaaBS training attendance record for farmer:Mrs.First   Last name. The training took place on:2021-07-21', 1616770861, '127.0.0.1', 'Mozilla/5.0 (X11; Ubuntu; Linux x86_64; rv:86.0) Gecko/20100101 Firefox/86.0'),
(1113, 10, 'Updated FaaBS training attendance record for farmer:Mrs.First   Last name. The training took place on:2021-07-21', 1616771004, '127.0.0.1', 'Mozilla/5.0 (X11; Ubuntu; Linux x86_64; rv:86.0) Gecko/20100101 Firefox/86.0'),
(1114, 10, 'Updated FaaBS training attendance record for farmer:Mrs.First   Last name. The training took place on:2021-07-21', 1616771075, '127.0.0.1', 'Mozilla/5.0 (X11; Ubuntu; Linux x86_64; rv:86.0) Gecko/20100101 Firefox/86.0'),
(1115, 10, 'Updated FaaBS training attendance record for farmer:Mr.Francis  test. The training took place on:2021-10-21', 1616771154, '127.0.0.1', 'Mozilla/5.0 (X11; Ubuntu; Linux x86_64; rv:86.0) Gecko/20100101 Firefox/86.0'),
(1116, 10, 'Updated FaaBS training attendance record for farmer:Mr.Francis  test. The training took place on:2021-10-21', 1616771235, '127.0.0.1', 'Mozilla/5.0 (X11; Ubuntu; Linux x86_64; rv:86.0) Gecko/20100101 Firefox/86.0'),
(1117, 10, 'Updated FaaBS training attendance record for farmer:Mr.Francis  test. The training took place on:2021-10-21', 1616771240, '127.0.0.1', 'Mozilla/5.0 (X11; Ubuntu; Linux x86_64; rv:86.0) Gecko/20100101 Firefox/86.0'),
(1118, 10, 'Updated FaaBS training attendance record for farmer:Mr.Francis  test. The training took place on:2021-10-21', 1616771306, '127.0.0.1', 'Mozilla/5.0 (X11; Ubuntu; Linux x86_64; rv:86.0) Gecko/20100101 Firefox/86.0'),
(1119, 10, 'Updated FaaBS training attendance record for farmer:Mrs.First   Last name. The training took place on:2021-07-21', 1616771311, '127.0.0.1', 'Mozilla/5.0 (X11; Ubuntu; Linux x86_64; rv:86.0) Gecko/20100101 Firefox/86.0'),
(1120, 10, 'Updated FaaBS training attendance record for farmer:Mr.Francis  Chulu. The training took place on:2021-05-19', 1616771398, '127.0.0.1', 'Mozilla/5.0 (X11; Ubuntu; Linux x86_64; rv:86.0) Gecko/20100101 Firefox/86.0'),
(1121, 10, 'Updated FaaBS training attendance record for farmer:Mr.Francis  Chulu. The training took place on:2021-03-26', 1616771703, '127.0.0.1', 'Mozilla/5.0 (X11; Ubuntu; Linux x86_64; rv:86.0) Gecko/20100101 Firefox/86.0'),
(1122, 10, 'Updated FaaBS training attendance record for farmer:Mr.Francis  Chulu. The training took place on:2021-03-26', 1616771709, '127.0.0.1', 'Mozilla/5.0 (X11; Ubuntu; Linux x86_64; rv:86.0) Gecko/20100101 Firefox/86.0'),
(1123, 10, 'Updated FaaBS training attendance record for farmer:Mr.Francis  Chulu. The training took place on:2021-03-26', 1616771729, '127.0.0.1', 'Mozilla/5.0 (X11; Ubuntu; Linux x86_64; rv:86.0) Gecko/20100101 Firefox/86.0'),
(1124, 10, 'Updated FaaBS training attendance record for farmer:Mr.Francis  Chulu. The training took place on:2021-03-26', 1616771734, '127.0.0.1', 'Mozilla/5.0 (X11; Ubuntu; Linux x86_64; rv:86.0) Gecko/20100101 Firefox/86.0'),
(1125, 10, 'Updated FaaBS training attendance record for farmer:Mrs.First   Last name. The training took place on:2021-07-21', 1616771738, '127.0.0.1', 'Mozilla/5.0 (X11; Ubuntu; Linux x86_64; rv:86.0) Gecko/20100101 Firefox/86.0'),
(1126, 10, 'Updated FaaBS training attendance record for farmer:Mr.Francis  Chulu. The training took place on:2021-05-19', 1616772111, '127.0.0.1', 'Mozilla/5.0 (X11; Ubuntu; Linux x86_64; rv:86.0) Gecko/20100101 Firefox/86.0'),
(1127, 10, 'Added FaaBS training attendance record for farmer:Mrs.First   Last name. The training took place on:2021-07-21', 1616772292, '127.0.0.1', 'Mozilla/5.0 (X11; Ubuntu; Linux x86_64; rv:86.0) Gecko/20100101 Firefox/86.0'),
(1128, 10, 'Updated profile details ', 1616772648, '127.0.0.1', 'Mozilla/5.0 (X11; Ubuntu; Linux x86_64; rv:86.0) Gecko/20100101 Firefox/86.0'),
(1129, 10, 'Updated profile details ', 1616772776, '127.0.0.1', 'Mozilla/5.0 (X11; Ubuntu; Linux x86_64; rv:86.0) Gecko/20100101 Firefox/86.0'),
(1130, 10, 'Updated FaaBS training attendance record for farmer:Mr.Francis  Chulu. The training took place on:2021-03-26', 1616772985, '127.0.0.1', 'Mozilla/5.0 (X11; Ubuntu; Linux x86_64; rv:86.0) Gecko/20100101 Firefox/86.0'),
(1131, 10, 'Updated FaaBS training attendance record for farmer:Mrs.First   Last name. The training took place on:2021-07-21', 1616772994, '127.0.0.1', 'Mozilla/5.0 (X11; Ubuntu; Linux x86_64; rv:86.0) Gecko/20100101 Firefox/86.0'),
(1132, 10, 'Updated FaaBS training attendance record for farmer:Mrs.First   Last name. The training took place on:2021-07-21', 1616772999, '127.0.0.1', 'Mozilla/5.0 (X11; Ubuntu; Linux x86_64; rv:86.0) Gecko/20100101 Firefox/86.0'),
(1133, 10, 'Updated FaaBS training attendance record for farmer:Mr.Francis  Chulu. The training took place on:2021-05-19', 1616773603, '127.0.0.1', 'Mozilla/5.0 (X11; Ubuntu; Linux x86_64; rv:86.0) Gecko/20100101 Firefox/86.0'),
(1134, 10, 'Updated FaaBS training attendance record for farmer:Mrs.First   Last name. The training took place on:2021-07-21', 1616773609, '127.0.0.1', 'Mozilla/5.0 (X11; Ubuntu; Linux x86_64; rv:86.0) Gecko/20100101 Firefox/86.0'),
(1135, 10, 'Updated FaaBS training attendance record for farmer:Mrs.First   Last name. The training took place on:2021-07-21', 1616773629, '127.0.0.1', 'Mozilla/5.0 (X11; Ubuntu; Linux x86_64; rv:86.0) Gecko/20100101 Firefox/86.0'),
(1136, 1, 'Downloaded Story of change interview guide template', 1620995628, '127.0.0.1', 'Mozilla/5.0 (Windows NT 10.0; Win64; x64) AppleWebKit/537.36 (KHTML, like Gecko) Chrome/90.0.4430.212 Safari/537.36'),
(1137, 1, 'Downloaded Story of change interview guide template', 1620995632, '127.0.0.1', 'Mozilla/5.0 (Windows NT 10.0; Win64; x64) AppleWebKit/537.36 (KHTML, like Gecko) Chrome/90.0.4430.212 Safari/537.36'),
(1138, 1, 'Downloaded category A Farmer registration form', 1620995639, '127.0.0.1', 'Mozilla/5.0 (Windows NT 10.0; Win64; x64) AppleWebKit/537.36 (KHTML, like Gecko) Chrome/90.0.4430.212 Safari/537.36'),
(1139, 1, 'Downloaded category A Farmer registration form', 1620995641, '127.0.0.1', 'Mozilla/5.0 (Windows NT 10.0; Win64; x64) AppleWebKit/537.36 (KHTML, like Gecko) Chrome/90.0.4430.212 Safari/537.36'),
(1140, 1, 'Update role Administrator', 1621001487, '127.0.0.1', 'Mozilla/5.0 (Windows NT 10.0; Win64; x64) AppleWebKit/537.36 (KHTML, like Gecko) Chrome/90.0.4430.212 Safari/537.36'),
(1141, 1, 'Update role Administrator', 1621002119, '127.0.0.1', 'Mozilla/5.0 (Windows NT 10.0; Win64; x64) AppleWebKit/537.36 (KHTML, like Gecko) Chrome/90.0.4430.212 Safari/537.36'),
(1142, 1, 'Update role Administrator', 1621110399, '127.0.0.1', 'Mozilla/5.0 (Windows NT 10.0; Win64; x64) AppleWebKit/537.36 (KHTML, like Gecko) Chrome/90.0.4430.212 Safari/537.36'),
(1143, 1, 'Update role Administrator', 1621111413, '127.0.0.1', 'Mozilla/5.0 (Windows NT 10.0; Win64; x64) AppleWebKit/537.36 (KHTML, like Gecko) Chrome/90.0.4430.212 Safari/537.36'),
(1144, 1, 'Update role Applicant', 1621167169, '127.0.0.1', 'Mozilla/5.0 (Windows NT 10.0; Win64; x64) AppleWebKit/537.36 (KHTML, like Gecko) Chrome/90.0.4430.212 Safari/537.36'),
(1145, 1, 'Update role Administrator', 1621170672, '127.0.0.1', 'Mozilla/5.0 (Windows NT 10.0; Win64; x64; rv:88.0) Gecko/20100101 Firefox/88.0'),
(1146, 1, 'Update role Administrator', 1621187278, '127.0.0.1', 'Mozilla/5.0 (Windows NT 10.0; Win64; x64) AppleWebKit/537.36 (KHTML, like Gecko) Chrome/90.0.4430.212 Safari/537.36'),
(1147, 1, 'Downloaded Story of change interview guide template', 1621210519, '127.0.0.1', 'Mozilla/5.0 (Windows NT 10.0; Win64; x64) AppleWebKit/537.36 (KHTML, like Gecko) Chrome/90.0.4430.212 Safari/537.36'),
(1148, 1, 'Downloaded Story of change interview guide template', 1621210528, '127.0.0.1', 'Mozilla/5.0 (Windows NT 10.0; Win64; x64) AppleWebKit/537.36 (KHTML, like Gecko) Chrome/90.0.4430.212 Safari/537.36'),
(1149, 1, 'Update role Reviewer', 1621290059, '127.0.0.1', 'Mozilla/5.0 (Windows NT 10.0; Win64; x64) AppleWebKit/537.36 (KHTML, like Gecko) Chrome/90.0.4430.212 Safari/537.36'),
(1150, 1, 'Update role Administrator', 1621409949, '127.0.0.1', 'Mozilla/5.0 (Windows NT 10.0; Win64; x64) AppleWebKit/537.36 (KHTML, like Gecko) Chrome/90.0.4430.212 Safari/537.36'),
(1151, 1, 'Update role Administrator', 1621410636, '127.0.0.1', 'Mozilla/5.0 (Windows NT 10.0; Win64; x64) AppleWebKit/537.36 (KHTML, like Gecko) Chrome/90.0.4430.212 Safari/537.36');

-- --------------------------------------------------------


--
-- Table structure for table `awpb_activity`
--


DROP TABLE IF EXISTS `awpb_activity`;
/*!40101 SET @saved_cs_client     = @@character_set_client */;
/*!50503 SET character_set_client = utf8mb4 */;
CREATE TABLE `awpb_activity` (
  `id` int NOT NULL AUTO_INCREMENT,
  `activity_code` varchar(10) COLLATE utf8mb4_unicode_ci NOT NULL,
  `parent_activity_id` int DEFAULT NULL,
  `component_id` int NOT NULL,
  `outcome_id` int DEFAULT NULL,
  `output_id` int DEFAULT NULL,
  `commodity_type_id` int unsigned DEFAULT NULL,
  `type` int NOT NULL COMMENT '0 Main activity, 1 Subactivity',
  `activity_type` varchar(255) COLLATE utf8mb4_unicode_ci DEFAULT NULL,
  `awpb_template_id` int DEFAULT NULL,
  `description` varchar(255) COLLATE utf8mb4_unicode_ci NOT NULL,
  `name` varchar(40) COLLATE utf8mb4_unicode_ci NOT NULL,
  `unit_of_measure_id` int DEFAULT NULL,
  `programme_target` double DEFAULT NULL,
  `cumulative_planned` double NOT NULL,
  `cumulative_actual` double NOT NULL,
  `indicator_id` int DEFAULT NULL,
  `funder_id` int DEFAULT NULL,
  `gl_account_code` varchar(4) COLLATE utf8mb4_unicode_ci DEFAULT NULL,

CREATE TABLE `awpb_activity` (
  `id` int(11) NOT NULL,
  `activity_code` varchar(10) NOT NULL,
  `parent_activity_id` int(11) DEFAULT NULL,
  `component_id` int(11) NOT NULL,
  `type` int(11) NOT NULL COMMENT '0 Main activity, 1 Subactivity',
  `activity_type` varchar(255) DEFAULT NULL,
  `awpb_template_id` int(11) NOT NULL,
  `description` varchar(255) NOT NULL,
  `name` varchar(40) NOT NULL,
  `unit_of_measure_id` int(11) DEFAULT NULL,
  `programme_target` double NOT NULL,
  `indicator` text NOT NULL,

  `quarter_one_budget` double DEFAULT NULL,
  `quarter_two_budget` double DEFAULT NULL,
  `quarter_three_budget` double DEFAULT NULL,
  `quarter_four_budget` double DEFAULT NULL,
  `total_budget` double DEFAULT NULL,

  `expense_category_id` int DEFAULT NULL,
  `created_at` int unsigned NOT NULL,
  `updated_at` int unsigned NOT NULL,
  `created_by` int DEFAULT NULL,
  `updated_by` int DEFAULT NULL,
  PRIMARY KEY (`id`),
  UNIQUE KEY `name` (`name`),
  UNIQUE KEY `description` (`description`),
  KEY `component_id` (`component_id`),
  KEY `commodity_id` (`commodity_type_id`),
  KEY `output_id` (`output_id`),
  KEY `outcome_id` (`outcome_id`),
  KEY `indicator_id` (`indicator_id`),
  KEY `funder_id` (`funder_id`),
  KEY `activity_code` (`activity_code`),
  KEY `unit_of_measure_id` (`unit_of_measure_id`),
  KEY `awpb_template_id` (`awpb_template_id`),
  KEY `expense_category_id` (`expense_category_id`),
  CONSTRAINT `awpb_activity_ibfk_1` FOREIGN KEY (`component_id`) REFERENCES `awpb_component` (`id`) ON DELETE RESTRICT ON UPDATE RESTRICT,
  CONSTRAINT `awpb_activity_ibfk_2` FOREIGN KEY (`expense_category_id`) REFERENCES `awpb_expense_category` (`id`) ON DELETE RESTRICT ON UPDATE RESTRICT,
  CONSTRAINT `awpb_activity_ibfk_3` FOREIGN KEY (`awpb_template_id`) REFERENCES `awpb_template` (`id`) ON DELETE RESTRICT ON UPDATE RESTRICT,
  CONSTRAINT `awpb_activity_ibfk_4` FOREIGN KEY (`unit_of_measure_id`) REFERENCES `awpb_unit_of_measure` (`id`) ON DELETE RESTRICT ON UPDATE RESTRICT,
  CONSTRAINT `awpb_activity_ibfk_5` FOREIGN KEY (`funder_id`) REFERENCES `awpb_funder` (`id`) ON DELETE RESTRICT ON UPDATE RESTRICT,
  CONSTRAINT `awpb_activity_ibfk_6` FOREIGN KEY (`indicator_id`) REFERENCES `awpb_indicator` (`id`) ON DELETE RESTRICT ON UPDATE RESTRICT,
  CONSTRAINT `awpb_activity_ibfk_7` FOREIGN KEY (`outcome_id`) REFERENCES `awpb_outcome` (`id`) ON DELETE RESTRICT ON UPDATE RESTRICT,
  CONSTRAINT `awpb_activity_ibfk_8` FOREIGN KEY (`output_id`) REFERENCES `awpb_output` (`id`) ON DELETE RESTRICT ON UPDATE RESTRICT,
  CONSTRAINT `awpb_activity_ibfk_9` FOREIGN KEY (`commodity_type_id`) REFERENCES `awpb_commodity_type` (`id`) ON DELETE RESTRICT ON UPDATE RESTRICT
) ENGINE=InnoDB DEFAULT CHARSET=utf8mb4 COLLATE=utf8mb4_unicode_ci;
/*!40101 SET character_set_client = @saved_cs_client */;

  `expense_category_id` int(11) NOT NULL,
  `created_at` int(11) UNSIGNED NOT NULL,
  `updated_at` int(11) UNSIGNED NOT NULL,
  `created_by` int(11) DEFAULT NULL,
  `updated_by` int(11) DEFAULT NULL
) ENGINE=InnoDB DEFAULT CHARSET=utf8mb4;


--
-- Dumping data for table `awpb_activity`
--


LOCK TABLES `awpb_activity` WRITE;
/*!40000 ALTER TABLE `awpb_activity` DISABLE KEYS */;
/*!40000 ALTER TABLE `awpb_activity` ENABLE KEYS */;
UNLOCK TABLES;

INSERT INTO `awpb_activity` (`id`, `activity_code`, `parent_activity_id`, `component_id`, `type`, `activity_type`, `awpb_template_id`, `description`, `name`, `unit_of_measure_id`, `programme_target`, `indicator`, `quarter_one_budget`, `quarter_two_budget`, `quarter_three_budget`, `quarter_four_budget`, `total_budget`, `expense_category_id`, `created_at`, `updated_at`, `created_by`, `updated_by`) VALUES
(69, '1.1.C', NULL, 27, 0, 'Main Activity', 32, 'Malambo', 'Malambo', NULL, 0, '', NULL, NULL, NULL, NULL, NULL, 2, 1613833869, 1613833869, 14, 14),
(70, '1.1.C1', 69, 27, 1, 'Subactivity', 32, 'Testing Malambo sub activity', 'Testing Malambo sub activity', 1, 0, '', NULL, NULL, NULL, NULL, NULL, 2, 1613833968, 1613833968, 14, 14),
(71, '1.1.C2', 69, 27, 1, 'Subactivity', 32, 'Testing Malambo number two', 'Testing Malambo number two', 1, 0, '', NULL, NULL, NULL, NULL, NULL, 2, 1613834518, 1613834518, 14, 14),
(72, '1.2.C', NULL, 28, 0, 'Main Activity', 32, 'Test activity on', 'Test activity on', NULL, 0, '', NULL, NULL, NULL, NULL, NULL, 2, 1614017122, 1614017122, 14, 14),
(73, '1.2.C1', 72, 28, 1, 'Subactivity', 32, 'Sub activity test one', 'Sub activity test one', NULL, 0, '', NULL, NULL, NULL, NULL, NULL, 2, 1614017247, 1614017247, 14, 14),
(74, '1.1.C', NULL, 27, 0, 'Main Activity', 32, 'Tuesday test', 'Tuesday test', NULL, 0, '', NULL, NULL, NULL, NULL, NULL, 2, 1614069748, 1614069748, 14, 14),
(75, '1.1.C1', 74, 27, 1, 'Subactivity', 32, 'Child activity for tuesday', 'Child activity for tuesday', NULL, 0, '', NULL, NULL, NULL, NULL, NULL, 2, 1614069835, 1614069835, 14, 14),
(76, '1.1.E', NULL, 27, 0, 'Main Activity', 32, 'Policy 3 related activities', 'Policy 3 related activities', NULL, 0, '', NULL, NULL, NULL, NULL, NULL, 1, 1614943725, 1614943887, 14, 14),
(77, '1.1.E1', 76, 27, 1, 'Subactivity', 32, 'Workshop to consider recommendations from Provincial Policy Dialogue Meetings', 'Workshop to consider recommendations fro', 1, 0, '', NULL, NULL, NULL, NULL, NULL, 1, 1614944097, 1614944097, 14, 14);

-- --------------------------------------------------------


--
-- Table structure for table `awpb_activity_funder`
--


DROP TABLE IF EXISTS `awpb_activity_funder`;
/*!40101 SET @saved_cs_client     = @@character_set_client */;
/*!50503 SET character_set_client = utf8mb4 */;
CREATE TABLE `awpb_activity_funder` (
  `id` int NOT NULL AUTO_INCREMENT,
  `activity_id` int NOT NULL,
  `funder_id` int NOT NULL,
  `amount` double NOT NULL,
  `percentage` double NOT NULL,
  PRIMARY KEY (`id`),
  KEY `funder_id` (`funder_id`),
  KEY `activity_id` (`activity_id`),
  CONSTRAINT `awpb_activity_funder_ibfk_1` FOREIGN KEY (`funder_id`) REFERENCES `awpb_funder` (`id`) ON DELETE RESTRICT ON UPDATE RESTRICT,
  CONSTRAINT `awpb_activity_funder_ibfk_2` FOREIGN KEY (`activity_id`) REFERENCES `awpb_activity` (`id`) ON DELETE RESTRICT ON UPDATE RESTRICT
) ENGINE=InnoDB DEFAULT CHARSET=utf8mb4 COLLATE=utf8mb4_unicode_ci;
/*!40101 SET character_set_client = @saved_cs_client */;

--
-- Dumping data for table `awpb_activity_funder`
--

CREATE TABLE `awpb_activity_funder` (
  `id` int(11) NOT NULL,
  `activity_id` int(11) NOT NULL,
  `funder_id` int(11) NOT NULL,
  `amount` double NOT NULL,
  `percentage` double NOT NULL
) ENGINE=InnoDB DEFAULT CHARSET=utf8mb4;


-- --------------------------------------------------------

--
-- Table structure for table `awpb_activity_line`
--


DROP TABLE IF EXISTS `awpb_activity_line`;
/*!40101 SET @saved_cs_client     = @@character_set_client */;
/*!50503 SET character_set_client = utf8mb4 */;
CREATE TABLE `awpb_activity_line` (
  `id` int NOT NULL AUTO_INCREMENT,
  `activity_id` int NOT NULL,
  `awpb_template_id` int NOT NULL,
  `name` varchar(255) COLLATE utf8mb4_unicode_ci NOT NULL,

CREATE TABLE `awpb_activity_line` (
  `id` int(11) NOT NULL,
  `activity_id` int(11) NOT NULL,
  `name` varchar(255) NOT NULL,

  `unit_cost` double NOT NULL,
  `mo_1` double DEFAULT NULL,
  `mo_2` double DEFAULT NULL,
  `mo_3` double DEFAULT NULL,
  `mo_4` double DEFAULT NULL,
  `mo_5` double DEFAULT NULL,
  `mo_6` double DEFAULT NULL,
  `mo_7` double DEFAULT NULL,
  `mo_8` double DEFAULT NULL,
  `mo_9` double DEFAULT NULL,
  `mo_10` double DEFAULT NULL,
  `mo_11` double DEFAULT NULL,
  `mo_12` double DEFAULT NULL,
  `quarter_one_quantity` double DEFAULT NULL,
  `quarter_two_quantity` double DEFAULT NULL,
  `quarter_three_quantity` double DEFAULT NULL,
  `quarter_four_quantity` double DEFAULT NULL,
  `total_quantity` double NOT NULL,
  `mo_1_amount` double DEFAULT NULL,
  `mo_2_amount` double DEFAULT NULL,
  `mo_3_amount` double DEFAULT NULL,
  `mo_4_amount` double DEFAULT NULL,
  `mo_5_amount` double DEFAULT NULL,
  `mo_6_amount` double DEFAULT NULL,
  `mo_7_amount` double DEFAULT NULL,
  `mo_8_amount` double DEFAULT NULL,
  `mo_9_amount` double DEFAULT NULL,
  `mo_10_amount` double DEFAULT NULL,
  `mo_11_amount` double DEFAULT NULL,
  `mo_12_amount` double DEFAULT NULL,
  `quarter_one_amount` double DEFAULT NULL,
  `quarter_two_amount` double DEFAULT NULL,
  `quarter_three_amount` double DEFAULT NULL,
  `quarter_four_amount` double DEFAULT NULL,
  `total_amount` double NOT NULL,
  `mo_1_actual` double DEFAULT NULL,
  `mo_2_actual` double DEFAULT NULL,
  `mo_3_actual` double DEFAULT NULL,
  `mo_4_actual` double DEFAULT NULL,
  `mo_5_actual` double DEFAULT NULL,
  `mo_6_actual` double DEFAULT NULL,
  `mo_7_actual` double DEFAULT NULL,
  `mo_8_actual` double DEFAULT NULL,
  `mo_9_actual` double DEFAULT NULL,
  `mo_10_actual` double DEFAULT NULL,
  `mo_11_actual` double DEFAULT NULL,
  `mo_12_actual` double DEFAULT NULL,

  `status` int NOT NULL,
  `district_id` int unsigned DEFAULT NULL,
  `province_id` int unsigned DEFAULT NULL,
  `created_at` int unsigned NOT NULL,
  `updated_at` int unsigned NOT NULL,
  `created_by` int DEFAULT NULL,
  `updated_by` int DEFAULT NULL,
  PRIMARY KEY (`id`),
  KEY `province_id` (`province_id`),
  KEY `district_id` (`district_id`),
  KEY `activity_id` (`activity_id`),
  KEY `awpb_template_id` (`awpb_template_id`),
  CONSTRAINT `awpb_activity_line_ibfk_3` FOREIGN KEY (`activity_id`) REFERENCES `awpb_activity` (`id`) ON DELETE RESTRICT ON UPDATE RESTRICT,
  CONSTRAINT `awpb_activity_line_ibfk_4` FOREIGN KEY (`awpb_template_id`) REFERENCES `awpb_template` (`id`) ON DELETE RESTRICT ON UPDATE RESTRICT
) ENGINE=InnoDB DEFAULT CHARSET=utf8mb4 COLLATE=utf8mb4_unicode_ci;
/*!40101 SET character_set_client = @saved_cs_client */;

  `status` int(11) NOT NULL,
  `district_id` int(11) UNSIGNED DEFAULT NULL,
  `province_id` int(11) UNSIGNED DEFAULT NULL,
  `created_at` int(11) UNSIGNED NOT NULL,
  `updated_at` int(11) UNSIGNED NOT NULL,
  `created_by` int(11) DEFAULT NULL,
  `updated_by` int(11) DEFAULT NULL,
  `year` varchar(5) DEFAULT NULL
) ENGINE=InnoDB DEFAULT CHARSET=utf8mb4;


--
-- Dumping data for table `awpb_activity_line`
--


LOCK TABLES `awpb_activity_line` WRITE;
/*!40000 ALTER TABLE `awpb_activity_line` DISABLE KEYS */;
/*!40000 ALTER TABLE `awpb_activity_line` ENABLE KEYS */;
UNLOCK TABLES;

INSERT INTO `awpb_activity_line` (`id`, `activity_id`, `name`, `unit_cost`, `mo_1`, `mo_2`, `mo_3`, `mo_4`, `mo_5`, `mo_6`, `mo_7`, `mo_8`, `mo_9`, `mo_10`, `mo_11`, `mo_12`, `quarter_one_quantity`, `quarter_two_quantity`, `quarter_three_quantity`, `quarter_four_quantity`, `total_quantity`, `total_amount`, `mo_1_actual`, `mo_2_actual`, `mo_3_actual`, `mo_4_actual`, `mo_5_actual`, `mo_6_actual`, `mo_7_actual`, `mo_8_actual`, `mo_9_actual`, `mo_10_actual`, `mo_11_actual`, `mo_12_actual`, `status`, `district_id`, `province_id`, `created_at`, `updated_at`, `created_by`, `updated_by`, `year`) VALUES
(24, 70, 'Maize Seed', 58.88, 0, 0, 0, 0, 0, 0, 0, 0, 0, 0, 0, 0, 5, 5, 5, 5, 20, 1177.6, NULL, NULL, NULL, NULL, NULL, NULL, NULL, NULL, NULL, NULL, NULL, NULL, 1, 42, 5, 1614008295, 1614023831, 10, 10, NULL),
(25, 71, 'Groundnuts', 1000, 0, 0, 0, 0, 0, 0, 0, 0, 0, 0, 0, 0, 56, 6, 6, 6, 74, 74000, NULL, NULL, NULL, NULL, NULL, NULL, NULL, NULL, NULL, NULL, NULL, NULL, 1, 42, 5, 1614009746, 1614023831, 10, 10, NULL),
(27, 70, 'Urea', 500.66, 0, 0, 0, 0, 0, 0, 0, 0, 0, 0, 0, 0, 66, 688, 96886, 9666, 107306, 53723821.96, NULL, NULL, NULL, NULL, NULL, NULL, NULL, NULL, NULL, NULL, NULL, NULL, 1, 42, 5, 1614009894, 1614023831, 10, 10, NULL),
(28, 71, 'Weed Killer', 250, 0, 0, 0, 0, 0, 0, 0, 0, 0, 0, 0, 0, 63, 621, 289, 466, 1439, 359750, NULL, NULL, NULL, NULL, NULL, NULL, NULL, NULL, NULL, NULL, NULL, NULL, 1, 42, 5, 1614010000, 1614023831, 10, 10, NULL),
(29, 70, 'MRI 744 Seed', 500.66, 0, 0, 0, 0, 0, 0, 0, 0, 0, 0, 0, 0, 88, 88, 0, 9669, 9845, 4928997.7, NULL, NULL, NULL, NULL, NULL, NULL, NULL, NULL, NULL, NULL, NULL, NULL, 1, 42, 5, 1614010000, 1614023832, 10, 10, NULL),
(30, 71, 'Maize Seed', 50, 0, 0, 0, 0, 0, 0, 0, 0, 0, 0, 0, 0, 0, 100, 500, 300, 900, 45000, NULL, NULL, NULL, NULL, NULL, NULL, NULL, NULL, NULL, NULL, NULL, NULL, 1, 42, 5, 1614017595, 1614023832, 10, 10, NULL),
(31, 71, 'Urea', 75, 0, 0, 0, 0, 0, 0, 0, 0, 0, 0, 0, 0, 500, 600, 1000, 50, 2150, 161250, NULL, NULL, NULL, NULL, NULL, NULL, NULL, NULL, NULL, NULL, NULL, NULL, 1, 42, 5, 1614017595, 1614023832, 10, 10, NULL),
(34, 75, 'Maize Seed', 55.55, 0, 0, 0, 0, 0, 0, 0, 0, 0, 0, 0, 0, 50, 100, 300, 400, 850, 47217.5, NULL, NULL, NULL, NULL, NULL, NULL, NULL, NULL, NULL, NULL, NULL, NULL, 0, 42, 5, 1614070037, 1614070037, 10, 10, NULL),
(35, 71, 'Urea', 75, 0, 0, 0, 0, 0, 0, 0, 0, 0, 0, 0, 0, 300, 550, 6, 6, 862, 64650, NULL, NULL, NULL, NULL, NULL, NULL, NULL, NULL, NULL, NULL, NULL, NULL, 0, 42, 5, 1614070037, 1614070037, 10, 10, NULL),
(36, 70, 'Test', 233.66, 1, 0, 0, 0, 0, 0, 0, 0, 0, 0, 0, 0, 1, 0, 0, 0, 1, 233.66, NULL, NULL, NULL, NULL, NULL, NULL, NULL, NULL, NULL, NULL, NULL, NULL, 0, 2, 5, 1614804976, 1614806184, 14, 14, '2021'),
(37, 71, 'Test 2', 0.56, 1, 1, 1, 1, 11, 1, 1, 1, 1, 1, 1, 1, 3, 13, 3, 3, 19, 10.64, NULL, NULL, 1, NULL, NULL, NULL, NULL, NULL, NULL, NULL, NULL, NULL, 0, 2, 5, 1614808050, 1614808502, 14, 14, '2021'),
(38, 70, 'Test 3', 5.88, NULL, NULL, NULL, 1, 1, 1, 1, 1, 1, 1, 1, 1, 0, 3, 3, 3, 6, 35.28, NULL, NULL, NULL, NULL, NULL, NULL, NULL, NULL, NULL, NULL, NULL, NULL, 0, 2, 5, 1614808528, 1614808528, 14, 14, '2021'),
(39, 70, 'Test 4', 5, 0, 0, 1, 1, 0, 0, 0, 0, 0, 0, 0, 0, 0, 0, 0, 0, 6, 0, NULL, NULL, NULL, NULL, NULL, NULL, NULL, NULL, NULL, NULL, NULL, NULL, 0, 2, 5, 1614810124, 1614810124, 14, 14, '2021'),
(40, 75, 'Test 5', 5.66, 0, 0, 0, 0, 0, 0, 0, 0, 0, 0, 0, 0, 0, 0, 0, 0, 10, 0, NULL, NULL, NULL, NULL, NULL, NULL, NULL, NULL, NULL, NULL, NULL, NULL, 0, 2, 5, 1614810785, 1614810785, 14, 14, '2021'),
(41, 75, 'Test 5', 5.66, 0, 0, 0, 0, 0, 0, 0, 0, 0, 0, 0, 0, 0, 0, 0, 0, 0, 0, NULL, NULL, NULL, NULL, NULL, NULL, NULL, NULL, NULL, NULL, NULL, NULL, 0, NULL, 5, 1614811232, 1614811232, 14, 14, '2021'),
(42, 75, 'Test 5', 50.08, 0, 0, 0, 0, 0, 0, 0, 0, 0, 0, 0, 0, 0, 0, 0, 0, 0, 0, NULL, NULL, NULL, NULL, NULL, NULL, NULL, NULL, NULL, NULL, NULL, NULL, 0, NULL, 5, 1614811259, 1614811259, 14, 14, '2021'),
(43, 70, 'nn', 9.99, 1, 0, 0, 0, 0, 0, 0, 0, 0, 0, 0, 0, 1, 0, 0, 0, 2, 19.98, NULL, NULL, NULL, NULL, NULL, NULL, NULL, NULL, NULL, NULL, NULL, NULL, 0, NULL, 5, 1614812243, 1614812243, 14, 14, NULL);

-- --------------------------------------------------------


--
-- Table structure for table `awpb_comment`
--

DROP TABLE IF EXISTS `awpb_comment`;
/*!40101 SET @saved_cs_client     = @@character_set_client */;
/*!50503 SET character_set_client = utf8mb4 */;
CREATE TABLE `awpb_comment` (
  `id` int NOT NULL AUTO_INCREMENT,
  `awpb_template_id` int NOT NULL,
  `district_id` int DEFAULT NULL,
  `province_id` int DEFAULT NULL,
  `description` text COLLATE utf8mb4_unicode_ci NOT NULL,
  `created_at` int unsigned NOT NULL,
  `updated_at` int unsigned NOT NULL,
  `created_by` int DEFAULT NULL,
  `updated_by` int DEFAULT NULL,
  PRIMARY KEY (`id`)
) ENGINE=InnoDB DEFAULT CHARSET=utf8mb4 COLLATE=utf8mb4_unicode_ci;
/*!40101 SET character_set_client = @saved_cs_client */;

--
-- Dumping data for table `awpb_comment`
--

LOCK TABLES `awpb_comment` WRITE;
/*!40000 ALTER TABLE `awpb_comment` DISABLE KEYS */;
/*!40000 ALTER TABLE `awpb_comment` ENABLE KEYS */;
UNLOCK TABLES;

--
-- Table structure for table `awpb_commodity_type`
--

DROP TABLE IF EXISTS `awpb_commodity_type`;
/*!40101 SET @saved_cs_client     = @@character_set_client */;
/*!50503 SET character_set_client = utf8mb4 */;
CREATE TABLE `awpb_commodity_type` (
  `id` int unsigned NOT NULL AUTO_INCREMENT,
  `category_id` int unsigned DEFAULT NULL,
  `name` varchar(255) COLLATE utf8mb4_unicode_ci NOT NULL,
  `created_at` int unsigned NOT NULL,
  `updated_at` int unsigned NOT NULL,
  `created_by` int DEFAULT NULL,
  `updated_by` int DEFAULT NULL,
  PRIMARY KEY (`id`),
  KEY `fk_commodity_type_1_idx` (`category_id`)
) ENGINE=InnoDB DEFAULT CHARSET=utf8mb4 COLLATE=utf8mb4_unicode_ci;
/*!40101 SET character_set_client = @saved_cs_client */;

--
-- Dumping data for table `awpb_commodity_type`
--

LOCK TABLES `awpb_commodity_type` WRITE;
/*!40000 ALTER TABLE `awpb_commodity_type` DISABLE KEYS */;
/*!40000 ALTER TABLE `awpb_commodity_type` ENABLE KEYS */;
UNLOCK TABLES;

--
-- Table structure for table `awpb_component`
--


DROP TABLE IF EXISTS `awpb_component`;
/*!40101 SET @saved_cs_client     = @@character_set_client */;
/*!50503 SET character_set_client = utf8mb4 */;
CREATE TABLE `awpb_component` (
  `id` int NOT NULL AUTO_INCREMENT,
  `code` varchar(10) COLLATE utf8mb4_unicode_ci NOT NULL,
  `parent_component_id` int DEFAULT NULL,
  `name` varchar(255) COLLATE utf8mb4_unicode_ci NOT NULL,
  `description` varchar(255) COLLATE utf8mb4_unicode_ci NOT NULL,
  `outcome` text COLLATE utf8mb4_unicode_ci,
  `output` text COLLATE utf8mb4_unicode_ci,
  `type` int NOT NULL DEFAULT '0' COMMENT '0 Main component, 1 Subcomponent,',
  `access_level` int DEFAULT '0' COMMENT '0 All.1 District, 2 Programme,',
  `subcomponent` varchar(255) COLLATE utf8mb4_unicode_ci DEFAULT NULL,
  `funder_id` int DEFAULT NULL,
  `expense_category_id` int DEFAULT NULL,
  `gl_account_code` varchar(4) COLLATE utf8mb4_unicode_ci DEFAULT NULL,
  `created_at` int unsigned NOT NULL,
  `updated_at` int unsigned NOT NULL,
  `created_by` int NOT NULL,
  `updated_by` int NOT NULL,
  PRIMARY KEY (`id`),
  UNIQUE KEY `description` (`description`),
  UNIQUE KEY `component_description` (`name`),
  UNIQUE KEY `component_code` (`code`),
  KEY `funder_id` (`funder_id`),
  KEY `expense_category_id` (`expense_category_id`),
  KEY `parent_component_id` (`parent_component_id`),
  CONSTRAINT `awpb_component_ibfk_1` FOREIGN KEY (`expense_category_id`) REFERENCES `awpb_expense_category` (`id`) ON DELETE RESTRICT ON UPDATE RESTRICT,
  CONSTRAINT `awpb_component_ibfk_2` FOREIGN KEY (`funder_id`) REFERENCES `awpb_funder` (`id`) ON DELETE RESTRICT ON UPDATE RESTRICT
) ENGINE=InnoDB DEFAULT CHARSET=utf8mb4 COLLATE=utf8mb4_unicode_ci;
/*!40101 SET character_set_client = @saved_cs_client */;

CREATE TABLE `awpb_component` (
  `id` int(11) NOT NULL,
  `code` varchar(10) NOT NULL,
  `parent_component_id` int(11) DEFAULT NULL,
  `name` varchar(255) NOT NULL,
  `description` varchar(255) NOT NULL,
  `outcome` text DEFAULT NULL,
  `output` text DEFAULT NULL,
  `type` int(11) NOT NULL DEFAULT 0 COMMENT '0 Main component, 1 Subcomponent,',
  `access_level` int(11) NOT NULL DEFAULT 0 COMMENT '0 Programme, 1 District',
  `subcomponent` varchar(255) DEFAULT NULL,
  `funder_id` int(11) DEFAULT NULL,
  `expense_category_id` int(11) DEFAULT NULL,
  `created_at` int(11) UNSIGNED NOT NULL,
  `updated_at` int(11) UNSIGNED NOT NULL,
  `created_by` int(11) NOT NULL,
  `updated_by` int(11) NOT NULL
) ENGINE=InnoDB DEFAULT CHARSET=utf8mb4;


--
-- Dumping data for table `awpb_component`
--


LOCK TABLES `awpb_component` WRITE;
/*!40000 ALTER TABLE `awpb_component` DISABLE KEYS */;
/*!40000 ALTER TABLE `awpb_component` ENABLE KEYS */;
UNLOCK TABLES;

INSERT INTO `awpb_component` (`id`, `code`, `parent_component_id`, `name`, `description`, `outcome`, `output`, `type`, `access_level`, `subcomponent`, `funder_id`, `expense_category_id`, `created_at`, `updated_at`, `created_by`, `updated_by`) VALUES
(22, '1', NULL, ' Enabling Environment for Agribusiness Development Growth', 'Policy and institutional environment enhanced for agribusiness development', '', '', 0, 1, 'Component', NULL, NULL, 0, 0, 14, 14),
(25, '2', NULL, 'Sustainable Agribusiness Partnerships', '', NULL, NULL, 0, 0, 'Component', NULL, NULL, 0, 0, 14, 14),
(26, '3', NULL, 'Programme Implementation', '', NULL, NULL, 0, 0, 'Component', NULL, NULL, 0, 0, 14, 14),
(27, '1.1', 22, ' Agribusiness Policy Development', '', 'Policy and institutional environment enhanced for agribusiness development', ' Strategic framework that supports agribusiness develo', 1, 1, 'Subcomponent', NULL, NULL, 0, 0, 14, 14),
(28, '1.2', 22, 'Test', '', 'test', 'test', 1, 0, 'Subcomponent', NULL, NULL, 0, 0, 14, 14),
(29, '4', NULL, 'Test Component', '', NULL, NULL, 0, 0, 'Component', NULL, NULL, 0, 0, 14, 14);

-- --------------------------------------------------------


--
-- Table structure for table `awpb_consolidated`
--


DROP TABLE IF EXISTS `awpb_consolidated`;
/*!40101 SET @saved_cs_client     = @@character_set_client */;
/*!50503 SET character_set_client = utf8mb4 */;
CREATE TABLE `awpb_consolidated` (
  `id` int NOT NULL,
  `created_at` int unsigned NOT NULL,
  `updated_at` int unsigned NOT NULL,
  `created_by` int DEFAULT NULL,
  `updated_by` int DEFAULT NULL
) ENGINE=InnoDB DEFAULT CHARSET=utf8mb4 COLLATE=utf8mb4_unicode_ci;
/*!40101 SET character_set_client = @saved_cs_client */;

--
-- Dumping data for table `awpb_consolidated`
--

CREATE TABLE `awpb_consolidated` (
  `id` int(11) NOT NULL,
  `created_at` int(11) UNSIGNED NOT NULL,
  `updated_at` int(11) UNSIGNED NOT NULL,
  `created_by` int(11) DEFAULT NULL,
  `updated_by` int(11) DEFAULT NULL
) ENGINE=InnoDB DEFAULT CHARSET=utf8mb4;


-- --------------------------------------------------------

--
-- Table structure for table `awpb_expense_category`
--


DROP TABLE IF EXISTS `awpb_expense_category`;
/*!40101 SET @saved_cs_client     = @@character_set_client */;
/*!50503 SET character_set_client = utf8mb4 */;
CREATE TABLE `awpb_expense_category` (
  `id` int NOT NULL AUTO_INCREMENT,
  `code` varchar(6) COLLATE utf8mb4_unicode_ci NOT NULL,
  `status` int NOT NULL,
  `name` varchar(255) COLLATE utf8mb4_unicode_ci NOT NULL,
  `created_at` int unsigned NOT NULL,
  `updated_at` int unsigned NOT NULL,
  `created_by` int DEFAULT NULL,
  `updated_by` int DEFAULT NULL,
  PRIMARY KEY (`id`)
) ENGINE=InnoDB DEFAULT CHARSET=utf8mb4 COLLATE=utf8mb4_unicode_ci;
/*!40101 SET character_set_client = @saved_cs_client */;

CREATE TABLE `awpb_expense_category` (
  `id` int(11) NOT NULL,
  `code` varchar(6) NOT NULL,
  `status` int(11) NOT NULL,
  `name` varchar(255) NOT NULL,
  `created_at` int(11) UNSIGNED NOT NULL,
  `updated_at` int(11) UNSIGNED NOT NULL,
  `created_by` int(11) DEFAULT NULL,
  `updated_by` int(11) DEFAULT NULL
) ENGINE=InnoDB DEFAULT CHARSET=utf8mb4;


--
-- Dumping data for table `awpb_expense_category`
--


LOCK TABLES `awpb_expense_category` WRITE;
/*!40000 ALTER TABLE `awpb_expense_category` DISABLE KEYS */;
/*!40000 ALTER TABLE `awpb_expense_category` ENABLE KEYS */;
UNLOCK TABLES;

INSERT INTO `awpb_expense_category` (`id`, `code`, `status`, `name`, `created_at`, `updated_at`, `created_by`, `updated_by`) VALUES
(1, 'I', 1, 'Consultancy', 0, 0, 14, 14),
(2, 'II', 1, 'Equipment and Material', 0, 0, 14, 14),
(8, 'IV', 1, 'Labour', 0, 0, NULL, 11);

-- --------------------------------------------------------


--
-- Table structure for table `awpb_funder`
--


DROP TABLE IF EXISTS `awpb_funder`;
/*!40101 SET @saved_cs_client     = @@character_set_client */;
/*!50503 SET character_set_client = utf8mb4 */;
CREATE TABLE `awpb_funder` (
  `id` int NOT NULL AUTO_INCREMENT,
  `code` varchar(6) COLLATE utf8mb4_unicode_ci NOT NULL,
  `name` varchar(40) COLLATE utf8mb4_unicode_ci NOT NULL,
  `description` varchar(255) COLLATE utf8mb4_unicode_ci NOT NULL,
  `status` int NOT NULL,
  `created_at` int unsigned NOT NULL,
  `updated_at` int unsigned NOT NULL,
  `created_by` int DEFAULT NULL,
  `updated_by` int DEFAULT NULL,
  PRIMARY KEY (`id`)
) ENGINE=InnoDB DEFAULT CHARSET=utf8mb4 COLLATE=utf8mb4_unicode_ci;
/*!40101 SET character_set_client = @saved_cs_client */;

CREATE TABLE `awpb_funder` (
  `id` int(11) NOT NULL,
  `code` varchar(6) NOT NULL,
  `name` varchar(40) NOT NULL,
  `description` varchar(255) NOT NULL,
  `status` int(11) NOT NULL,
  `created_at` int(11) UNSIGNED NOT NULL,
  `updated_at` int(11) UNSIGNED NOT NULL,
  `created_by` int(11) DEFAULT NULL,
  `updated_by` int(11) DEFAULT NULL
) ENGINE=InnoDB DEFAULT CHARSET=utf8mb4;


--
-- Dumping data for table `awpb_funder`
--


LOCK TABLES `awpb_funder` WRITE;
/*!40000 ALTER TABLE `awpb_funder` DISABLE KEYS */;
/*!40000 ALTER TABLE `awpb_funder` ENABLE KEYS */;
UNLOCK TABLES;

INSERT INTO `awpb_funder` (`id`, `code`, `name`, `description`, `status`, `created_at`, `updated_at`, `created_by`, `updated_by`) VALUES
(1, '1', 'IFAD', 'IFAD', 1, 1612809613, 1612809613, 14, 14),
(2, '2', 'GRZ', 'GRZ', 1, 1612810868, 1612810868, 14, 14);

-- --------------------------------------------------------


--
-- Table structure for table `awpb_funding_type`
--


DROP TABLE IF EXISTS `awpb_funding_type`;
/*!40101 SET @saved_cs_client     = @@character_set_client */;
/*!50503 SET character_set_client = utf8mb4 */;
CREATE TABLE `awpb_funding_type` (
  `id` int NOT NULL AUTO_INCREMENT,
  `funding_type_code` varchar(6) COLLATE utf8mb4_unicode_ci NOT NULL,
  `funding_type_name` varchar(255) COLLATE utf8mb4_unicode_ci NOT NULL,
  `created_at` int unsigned NOT NULL,
  `updated_at` int unsigned NOT NULL,
  `created_by` int DEFAULT NULL,
  `updated_by` int DEFAULT NULL,
  PRIMARY KEY (`id`),
  UNIQUE KEY `funding_type_code` (`funding_type_code`)
) ENGINE=InnoDB DEFAULT CHARSET=utf8mb4 COLLATE=utf8mb4_unicode_ci;
/*!40101 SET character_set_client = @saved_cs_client */;

--
-- Dumping data for table `awpb_funding_type`
--

CREATE TABLE `awpb_funding_type` (
  `id` int(11) NOT NULL,
  `funding_type_code` varchar(6) NOT NULL,
  `funding_type_name` varchar(255) NOT NULL,
  `created_at` int(11) UNSIGNED NOT NULL,
  `updated_at` int(11) UNSIGNED NOT NULL,
  `created_by` int(11) DEFAULT NULL,
  `updated_by` int(11) DEFAULT NULL
) ENGINE=InnoDB DEFAULT CHARSET=utf8mb4;


-- --------------------------------------------------------

--
-- Table structure for table `awpb_indicator`
--

DROP TABLE IF EXISTS `awpb_indicator`;
/*!40101 SET @saved_cs_client     = @@character_set_client */;
/*!50503 SET character_set_client = utf8mb4 */;
CREATE TABLE `awpb_indicator` (
  `id` int NOT NULL AUTO_INCREMENT,
  `component_id` int NOT NULL,
  `outcome_id` int NOT NULL,
  `output_id` int DEFAULT NULL,
  `name` varchar(40) COLLATE utf8mb4_unicode_ci NOT NULL,
  `description` varchar(255) COLLATE utf8mb4_unicode_ci NOT NULL,
  `unit_of_measure_id` int DEFAULT NULL,
  `created_at` int unsigned NOT NULL,
  `updated_at` int unsigned NOT NULL,
  `created_by` int DEFAULT NULL,
  `updated_by` int DEFAULT NULL,
  PRIMARY KEY (`id`),
  KEY `component_id` (`component_id`),
  KEY `awpb_indicator_ibfk_2` (`unit_of_measure_id`),
  CONSTRAINT `awpb_indicator_ibfk_1` FOREIGN KEY (`component_id`) REFERENCES `awpb_component` (`id`) ON DELETE RESTRICT ON UPDATE RESTRICT,
  CONSTRAINT `awpb_indicator_ibfk_2` FOREIGN KEY (`unit_of_measure_id`) REFERENCES `awpb_unit_of_measure` (`id`) ON DELETE RESTRICT ON UPDATE RESTRICT
) ENGINE=InnoDB DEFAULT CHARSET=utf8mb4 COLLATE=utf8mb4_unicode_ci;
/*!40101 SET character_set_client = @saved_cs_client */;

--
-- Dumping data for table `awpb_indicator`
--

LOCK TABLES `awpb_indicator` WRITE;
/*!40000 ALTER TABLE `awpb_indicator` DISABLE KEYS */;
/*!40000 ALTER TABLE `awpb_indicator` ENABLE KEYS */;
UNLOCK TABLES;

--
-- Table structure for table `awpb_outcome`
--


DROP TABLE IF EXISTS `awpb_outcome`;
/*!40101 SET @saved_cs_client     = @@character_set_client */;
/*!50503 SET character_set_client = utf8mb4 */;
CREATE TABLE `awpb_outcome` (
  `id` int NOT NULL AUTO_INCREMENT,
  `outcome_code` varchar(10) COLLATE utf8mb4_unicode_ci NOT NULL,
  `component_id` int DEFAULT NULL,
  `name` varchar(40) COLLATE utf8mb4_unicode_ci NOT NULL,
  `outcome_description` varchar(255) COLLATE utf8mb4_unicode_ci NOT NULL,
  `created_at` int unsigned NOT NULL,
  `updated_at` int unsigned NOT NULL,
  `created_by` int DEFAULT NULL,
  `updated_by` int DEFAULT NULL,
  PRIMARY KEY (`id`),
  UNIQUE KEY `outcome_code` (`outcome_code`),
  KEY `component_id` (`component_id`),
  CONSTRAINT `awpb_outcome_ibfk_1` FOREIGN KEY (`component_id`) REFERENCES `awpb_component` (`id`) ON DELETE RESTRICT ON UPDATE RESTRICT
) ENGINE=InnoDB DEFAULT CHARSET=utf8mb4 COLLATE=utf8mb4_unicode_ci;
/*!40101 SET character_set_client = @saved_cs_client */;

CREATE TABLE `awpb_outcome` (
  `id` int(11) NOT NULL,
  `outcome_code` varchar(10) NOT NULL,
  `component_id` int(11) NOT NULL,
  `template_id` int(11) NOT NULL,
  `outcome_description` varchar(255) NOT NULL,
  `created_at` int(11) UNSIGNED NOT NULL,
  `updated_at` int(11) UNSIGNED NOT NULL,
  `created_by` int(11) DEFAULT NULL,
  `updated_by` int(11) DEFAULT NULL
) ENGINE=InnoDB DEFAULT CHARSET=utf8mb4;


-- --------------------------------------------------------

--
-- Table structure for table `awpb_output`
--


DROP TABLE IF EXISTS `awpb_output`;
/*!40101 SET @saved_cs_client     = @@character_set_client */;
/*!50503 SET character_set_client = utf8mb4 */;
CREATE TABLE `awpb_output` (
  `id` int NOT NULL AUTO_INCREMENT,
  `component_id` int NOT NULL,
  `outcome_id` int NOT NULL,
  `name` varchar(40) COLLATE utf8mb4_unicode_ci NOT NULL,
  `output_description` varchar(255) COLLATE utf8mb4_unicode_ci NOT NULL,
  `created_at` int unsigned NOT NULL,
  `updated_at` int unsigned NOT NULL,
  `created_by` int DEFAULT NULL,
  `updated_by` int DEFAULT NULL,
  PRIMARY KEY (`id`),
  KEY `component_id` (`component_id`),
  KEY `outcome_id` (`outcome_id`),
  CONSTRAINT `awpb_output_ibfk_1` FOREIGN KEY (`outcome_id`) REFERENCES `awpb_outcome` (`id`) ON DELETE RESTRICT ON UPDATE RESTRICT,
  CONSTRAINT `awpb_output_ibfk_2` FOREIGN KEY (`component_id`) REFERENCES `awpb_component` (`id`) ON DELETE RESTRICT ON UPDATE RESTRICT
) ENGINE=InnoDB DEFAULT CHARSET=utf8mb4 COLLATE=utf8mb4_unicode_ci;
/*!40101 SET character_set_client = @saved_cs_client */;

--
-- Dumping data for table `awpb_output`
--

CREATE TABLE `awpb_output` (
  `id` int(11) NOT NULL,
  `output_code` varchar(10) NOT NULL,
  `outcome_id` int(11) NOT NULL,
  `output_description` varchar(255) NOT NULL,
  `created_at` int(11) UNSIGNED NOT NULL,
  `updated_at` int(11) UNSIGNED NOT NULL,
  `created_by` int(11) DEFAULT NULL,
  `updated_by` int(11) DEFAULT NULL
) ENGINE=InnoDB DEFAULT CHARSET=utf8mb4;


-- --------------------------------------------------------

--
-- Table structure for table `awpb_template`
--


DROP TABLE IF EXISTS `awpb_template`;
/*!40101 SET @saved_cs_client     = @@character_set_client */;
/*!50503 SET character_set_client = utf8mb4 */;
CREATE TABLE `awpb_template` (
  `id` int NOT NULL AUTO_INCREMENT,
  `fiscal_year` int NOT NULL,
  `budget_theme` text COLLATE utf8mb4_unicode_ci NOT NULL,
  `comment` text COLLATE utf8mb4_unicode_ci NOT NULL,
  `guideline_file` varchar(255) COLLATE utf8mb4_unicode_ci DEFAULT NULL,
  `status` int NOT NULL COMMENT '0 Closed, 1 open, 2 Blockedsed',
  `created_at` int unsigned NOT NULL,
  `updated_at` int unsigned NOT NULL,
  `created_by` int DEFAULT NULL,
  `updated_by` int DEFAULT NULL,
  PRIMARY KEY (`id`),
  UNIQUE KEY `fiscal_year` (`fiscal_year`)
) ENGINE=InnoDB DEFAULT CHARSET=utf8mb4 COLLATE=utf8mb4_unicode_ci;
/*!40101 SET character_set_client = @saved_cs_client */;

CREATE TABLE `awpb_template` (
  `id` int(11) NOT NULL,
  `fiscal_year` int(4) NOT NULL,
  `budget_theme` text NOT NULL,
  `comment` text NOT NULL,
  `guideline_file` varchar(255) DEFAULT NULL,
  `status` int(11) NOT NULL COMMENT '0 Closed, 1 open, 2 Blockedsed',
  `created_at` int(11) UNSIGNED NOT NULL,
  `updated_at` int(11) UNSIGNED NOT NULL,
  `created_by` int(11) DEFAULT NULL,
  `updated_by` int(11) DEFAULT NULL
) ENGINE=InnoDB DEFAULT CHARSET=utf8mb4;


--
-- Dumping data for table `awpb_template`
--


LOCK TABLES `awpb_template` WRITE;
/*!40000 ALTER TABLE `awpb_template` DISABLE KEYS */;
/*!40000 ALTER TABLE `awpb_template` ENABLE KEYS */;
UNLOCK TABLES;

INSERT INTO `awpb_template` (`id`, `fiscal_year`, `budget_theme`, `comment`, `guideline_file`, `status`, `created_at`, `updated_at`, `created_by`, `updated_by`) VALUES
(1, 2001, 'nnnn 56666', 'Hi Hi Googogo', NULL, 5, 1609964565, 1611786372, 14, 14),
(2, 2000, 'Tetstst', 'Testst7778', NULL, 5, 1609964703, 1611786372, 14, 14),
(3, 2004, '2002', '2002', '', 5, 1609965221, 1611786372, 14, 14),
(4, 2003, 'bb', 'bb', NULL, 5, 1609968491, 1611786372, 14, 14),
(5, 2005, 'bb', 'bb', NULL, 5, 1609968527, 1611786372, 14, 14),
(6, 2006, 'ffff', 'fff', NULL, 5, 1609968637, 1611786372, 14, 14),
(7, 1980, 'ttt', 'gg', NULL, 5, 1610000838, 1611786372, 14, 14),
(8, 1981, 'ttt', 'gg', NULL, 5, 1610000993, 1611786372, 14, 14),
(9, 1983, 'ttt', 'gg', NULL, 5, 1610001015, 1611786372, 14, 14),
(10, 1982, 'ttt', 'gg', NULL, 5, 1610001129, 1611786372, 14, 14),
(11, 1984, 'ttt', 'gg', NULL, 5, 1610001215, 1611786372, 14, 14),
(12, 1985, 'ttt', 'gg', NULL, 5, 1610001405, 1611786372, 14, 14),
(13, 1986, 'ttt', 'gg', NULL, 5, 1610001587, 1611786372, 14, 14),
(14, 1987, 'ttt', 'gg', NULL, 5, 1610001883, 1611786372, 14, 14),
(15, 1988, 'ttt', 'gg', NULL, 5, 1610001985, 1611786372, 14, 14),
(16, 1989, 'ttt', 'gg', NULL, 5, 1610002209, 1611786373, 14, 14),
(17, 1910, 'ttt', 'gg', NULL, 5, 1610002266, 1611786373, 14, 14),
(18, 1911, 'ttt', 'gg', NULL, 5, 1610002642, 1611786373, 14, 14),
(19, 1912, '2', '2', NULL, 5, 1610007825, 1611786373, 14, 14),
(21, 1915, '2', '2', NULL, 5, 1610008326, 1611786373, 14, 14),
(22, 1916, '2', '2', NULL, 5, 1610008412, 1611786373, 14, 14),
(23, 1917, '2', '2', NULL, 5, 1610008552, 1611786373, 14, 14),
(24, 1918, '2', '2', NULL, 5, 1610008748, 1611786373, 14, 14),
(25, 1803, '1803666', '180366', '1803-AWPB-Guidelines.pdf', 5, 1610039971, 1611786373, 14, 14),
(26, 1804, '25666', '2566', '', 5, 1610040425, 1611786373, 14, 14),
(27, 1805, 'lllll', 'llllll', '1805-AWPB-Guidelines.pdf', 5, 1610040775, 1611786373, 14, 14),
(28, 1856, 'nsnsn', 'nnnnn', '1856-AWPB-Guidelines.pdf', 5, 1610968426, 1611786373, 14, 14),
(29, 2020, 'Farming as a Business', 'Business is the way to go', '2020-AWPB-Guidelines.pdf', 5, 1610986059, 1611786373, 14, 14),
(31, 2021, '2021', '2021', '2021-AWPB-Guidelines.pdf', 5, 1611785873, 1611786373, 10, 10),
(32, 2022, '2022', '2022', '2022-AWPB-Guidelines.pdf', 1, 1611786373, 1611786373, 10, 10);

-- --------------------------------------------------------


--
-- Table structure for table `awpb_template_activity`
--

DROP TABLE IF EXISTS `awpb_template_activity`;
/*!40101 SET @saved_cs_client     = @@character_set_client */;
/*!50503 SET character_set_client = utf8mb4 */;
CREATE TABLE `awpb_template_activity` (
  `id` int NOT NULL AUTO_INCREMENT,
  `activity_id` int NOT NULL,
  `component_id` int DEFAULT NULL,
  `outcome_id` int DEFAULT NULL,
  `output_id` int DEFAULT NULL,
  `awpb_template_id` int NOT NULL,
  `funder_id` int DEFAULT NULL,
  `expense_category_id` int DEFAULT NULL,
  `created_at` int unsigned NOT NULL,
  `updated_at` int unsigned NOT NULL,
  `created_by` int DEFAULT NULL,
  `updated_by` int DEFAULT NULL,
  PRIMARY KEY (`id`),
  KEY `awpb_template_id` (`awpb_template_id`),
  KEY `expense_category_id` (`expense_category_id`),
  KEY `component_id` (`component_id`),
  KEY `output_id` (`output_id`),
  KEY `outcome_id` (`outcome_id`),
  KEY `funder_id` (`funder_id`),
  KEY `activity_code` (`activity_id`),
  CONSTRAINT `awpb_template_activity_ibfk_1` FOREIGN KEY (`activity_id`) REFERENCES `awpb_activity` (`id`) ON DELETE RESTRICT ON UPDATE RESTRICT,
  CONSTRAINT `awpb_template_activity_ibfk_2` FOREIGN KEY (`awpb_template_id`) REFERENCES `awpb_template` (`id`) ON DELETE RESTRICT ON UPDATE RESTRICT,
  CONSTRAINT `awpb_template_activity_ibfk_3` FOREIGN KEY (`component_id`) REFERENCES `awpb_component` (`id`) ON DELETE RESTRICT ON UPDATE RESTRICT
) ENGINE=InnoDB DEFAULT CHARSET=utf8mb4 COLLATE=utf8mb4_unicode_ci;
/*!40101 SET character_set_client = @saved_cs_client */;

--
-- Dumping data for table `awpb_template_activity`
--

LOCK TABLES `awpb_template_activity` WRITE;
/*!40000 ALTER TABLE `awpb_template_activity` DISABLE KEYS */;
/*!40000 ALTER TABLE `awpb_template_activity` ENABLE KEYS */;
UNLOCK TABLES;

--
-- Table structure for table `awpb_unit_of_measure`
--


DROP TABLE IF EXISTS `awpb_unit_of_measure`;
/*!40101 SET @saved_cs_client     = @@character_set_client */;
/*!50503 SET character_set_client = utf8mb4 */;
CREATE TABLE `awpb_unit_of_measure` (
  `id` int NOT NULL AUTO_INCREMENT,
  `name` varchar(40) COLLATE utf8mb4_unicode_ci NOT NULL,
  `status` int NOT NULL,
  `created_by` int NOT NULL,
  `created_at` int NOT NULL,
  `updated_by` int NOT NULL,
  `updated_at` int NOT NULL,
  PRIMARY KEY (`id`)
) ENGINE=InnoDB DEFAULT CHARSET=utf8mb4 COLLATE=utf8mb4_unicode_ci;
/*!40101 SET character_set_client = @saved_cs_client */;

CREATE TABLE `awpb_unit_of_measure` (
  `id` int(11) NOT NULL,
  `name` varchar(40) NOT NULL,
  `status` int(11) NOT NULL,
  `created_by` int(11) NOT NULL,
  `created_at` int(11) NOT NULL,
  `updated_by` int(11) NOT NULL,
  `updated_at` int(11) NOT NULL
) ENGINE=InnoDB DEFAULT CHARSET=utf8mb4;


--
-- Dumping data for table `awpb_unit_of_measure`
--


LOCK TABLES `awpb_unit_of_measure` WRITE;
/*!40000 ALTER TABLE `awpb_unit_of_measure` DISABLE KEYS */;
/*!40000 ALTER TABLE `awpb_unit_of_measure` ENABLE KEYS */;
UNLOCK TABLES;

INSERT INTO `awpb_unit_of_measure` (`id`, `name`, `status`, `created_by`, `created_at`, `updated_by`, `updated_at`) VALUES
(1, 'Number', 1, 0, 0, 0, 0),
(2, 'Kilograms', 1, 0, 0, 0, 0);

-- --------------------------------------------------------


--
-- Table structure for table `camp`
--


DROP TABLE IF EXISTS `camp`;
/*!40101 SET @saved_cs_client     = @@character_set_client */;
/*!50503 SET character_set_client = utf8mb4 */;
CREATE TABLE `camp` (
  `id` int unsigned NOT NULL AUTO_INCREMENT,
  `district_id` int unsigned NOT NULL,

CREATE TABLE `camp` (
  `id` int(11) UNSIGNED NOT NULL,
  `district_id` int(11) UNSIGNED NOT NULL,

  `name` varchar(255) NOT NULL,
  `description` text DEFAULT NULL,
  `latitude` varchar(30) DEFAULT NULL,
  `longitude` varchar(30) DEFAULT NULL,

  `created_at` int unsigned NOT NULL,
  `updated_at` int unsigned NOT NULL,
  `created_by` int DEFAULT NULL,
  `updated_by` int DEFAULT NULL,
  PRIMARY KEY (`id`),
  KEY `fk_camp_1_idx` (`district_id`),
  CONSTRAINT `fk_camp_1` FOREIGN KEY (`district_id`) REFERENCES `district` (`id`)
) ENGINE=InnoDB AUTO_INCREMENT=8 DEFAULT CHARSET=latin1;
/*!40101 SET character_set_client = @saved_cs_client */;

  `created_at` int(11) UNSIGNED NOT NULL,
  `updated_at` int(11) UNSIGNED NOT NULL,
  `created_by` int(11) DEFAULT NULL,
  `updated_by` int(11) DEFAULT NULL
) ENGINE=InnoDB DEFAULT CHARSET=latin1;


--
-- Dumping data for table `camp`
--

INSERT INTO `camp` (`id`, `district_id`, `name`, `description`, `latitude`, `longitude`, `created_at`, `updated_at`, `created_by`, `updated_by`) VALUES
(5, 2, 'Camp two', NULL, NULL, NULL, 1607263313, 1607263313, 1, 1),
(6, 2, 'Camp three', NULL, NULL, NULL, 1607263313, 1607263313, 1, 1),
(7, 2, 'Camp four', NULL, NULL, NULL, 1607263313, 1607263313, 1, 1);

-- --------------------------------------------------------

--
-- Table structure for table `commodity_category`
--


DROP TABLE IF EXISTS `commodity_category`;
/*!40101 SET @saved_cs_client     = @@character_set_client */;
/*!50503 SET character_set_client = utf8mb4 */;
CREATE TABLE `commodity_category` (
  `id` int unsigned NOT NULL AUTO_INCREMENT,
  `name` varchar(255) NOT NULL,
  `description` text,
  `created_at` int unsigned NOT NULL,
  `updated_at` int unsigned NOT NULL,
  `created_by` int DEFAULT NULL,
  `updated_by` int DEFAULT NULL,
  PRIMARY KEY (`id`)
) ENGINE=InnoDB AUTO_INCREMENT=5 DEFAULT CHARSET=latin1;
/*!40101 SET character_set_client = @saved_cs_client */;

CREATE TABLE `commodity_category` (
  `id` int(10) UNSIGNED NOT NULL,
  `name` varchar(255) NOT NULL,
  `description` text DEFAULT NULL,
  `created_at` int(11) UNSIGNED NOT NULL,
  `updated_at` int(11) UNSIGNED NOT NULL,
  `created_by` int(11) DEFAULT NULL,
  `updated_by` int(11) DEFAULT NULL
) ENGINE=InnoDB DEFAULT CHARSET=latin1;


--
-- Dumping data for table `commodity_category`
--

INSERT INTO `commodity_category` (`id`, `name`, `description`, `created_at`, `updated_at`, `created_by`, `updated_by`) VALUES
(2, 'Farming inputs', 'The resources that are used in farm production, such as chemicals, equipment, feed, seed, and energy ', 1607417556, 1607419333, 1, 1),
(3, 'Farm outputs', 'Farm outputs such as maize, groundnuts\r\n', 1607417638, 1607447942, 1, 1),
(4, 'Farm output by-products', NULL, 1607447921, 1607585616, 1, 1);

-- --------------------------------------------------------

--
-- Table structure for table `commodity_price_collection`
--


DROP TABLE IF EXISTS `commodity_price_collection`;
/*!40101 SET @saved_cs_client     = @@character_set_client */;
/*!50503 SET character_set_client = utf8mb4 */;
CREATE TABLE `commodity_price_collection` (
  `id` int unsigned NOT NULL AUTO_INCREMENT,
  `district` int unsigned NOT NULL,
  `market_id` int unsigned NOT NULL,
  `commodity_type_id` int unsigned NOT NULL,
  `price_level_id` int unsigned NOT NULL,

CREATE TABLE `commodity_price_collection` (
  `id` int(10) UNSIGNED NOT NULL,
  `district` int(11) UNSIGNED NOT NULL,
  `market_id` int(11) UNSIGNED NOT NULL,
  `commodity_type_id` int(11) UNSIGNED NOT NULL,
  `price_level_id` int(11) UNSIGNED NOT NULL,

  `unit_of_measure` varchar(45) DEFAULT NULL,
  `price` double(10,2) NOT NULL,
  `description` text DEFAULT NULL,
  `month` varchar(3) NOT NULL,
  `year` varchar(11) NOT NULL,

  `created_at` int unsigned NOT NULL,
  `updated_at` int unsigned NOT NULL,
  `created_by` int DEFAULT NULL,
  `updated_by` int DEFAULT NULL,
  PRIMARY KEY (`id`),
  KEY `fk_commodity_price_collection_2_idx` (`price_level_id`),
  KEY `fk_commodity_price_collection_4_idx` (`commodity_type_id`),
  KEY `fk_commodity_price_collection_3_idx` (`market_id`),
  KEY `fk_commodity_price_collection_1_idx` (`district`),
  CONSTRAINT `fk_commodity_price_collection_1` FOREIGN KEY (`district`) REFERENCES `district` (`id`),
  CONSTRAINT `fk_commodity_price_collection_2` FOREIGN KEY (`price_level_id`) REFERENCES `commodity_price_level` (`id`),
  CONSTRAINT `fk_commodity_price_collection_3` FOREIGN KEY (`market_id`) REFERENCES `market` (`id`),
  CONSTRAINT `fk_commodity_price_collection_4` FOREIGN KEY (`commodity_type_id`) REFERENCES `commodity_type` (`id`)
) ENGINE=InnoDB AUTO_INCREMENT=18 DEFAULT CHARSET=latin1;
/*!40101 SET character_set_client = @saved_cs_client */;

  `created_at` int(11) UNSIGNED NOT NULL,
  `updated_at` int(11) UNSIGNED NOT NULL,
  `created_by` int(11) DEFAULT NULL,
  `updated_by` int(11) DEFAULT NULL
) ENGINE=InnoDB DEFAULT CHARSET=latin1;


--
-- Dumping data for table `commodity_price_collection`
--

INSERT INTO `commodity_price_collection` (`id`, `district`, `market_id`, `commodity_type_id`, `price_level_id`, `unit_of_measure`, `price`, `description`, `month`, `year`, `created_at`, `updated_at`, `created_by`, `updated_by`) VALUES
(2, 1, 3, 4, 3, '2Kg', 15.00, NULL, '12', '2020', 1607626330, 1607626330, 1, 1),
(3, 1, 3, 6, 3, '10Kg', 69.00, NULL, '12', '2020', 1607627366, 1607627366, 1, 1),
(4, 1, 3, 5, 3, '25Kg', 120.00, NULL, '12', '2020', 1607627366, 1607627366, 1, 1),
(5, 1, 3, 1, 3, '2kg', 20.00, NULL, '12', '2020', 1607627366, 1607627366, 1, 1),
(6, 1, 3, 2, 3, '5kg', 25.00, NULL, '12', '2020', 1607627366, 1607627366, 1, 1),
(7, 1, 3, 6, 3, '2KG', 15.00, NULL, '1', '2021', 1607627366, 1607627366, 1, 1),
(8, 1, 3, 1, 3, '2KG', 15.00, NULL, '1', '2021', 1607627366, 1607627366, 1, 1),
(9, 1, 3, 3, 3, '2KG', 15.00, NULL, '1', '2021', 1607627366, 1607627366, 1, 1),
(10, 1, 3, 4, 3, '5KG', 25.00, NULL, '1', '2021', 1607627366, 1607627366, 1, 1),
(11, 1, 3, 5, 3, '10KG', 50.00, NULL, '1', '2021', 1607627366, 1607627366, 1, 1),
(12, 1, 3, 3, 3, '10KG', 30.00, NULL, '1', '2021', 1607627366, 1607627366, 1, 1),
(13, 2, 4, 2, 3, '2Kg', 2.00, NULL, '1', '2021', 1611076848, 1611076848, 10, 10),
(14, 2, 4, 2, 3, '15KG', 20.00, NULL, '2', '2021', 1614013880, 1614013880, 10, 10),
(15, 2, 4, 11, 3, '10kg', 20.00, NULL, '10', '2021', 1614013941, 1614013941, 10, 10),
(16, 2, 4, 11, 3, '10KG', 20.00, NULL, '2', '2021', 1614071294, 1614071294, 10, 10),
(17, 2, 4, 5, 3, '25Kg', 100.00, NULL, '2', '2021', 1614071294, 1614071294, 10, 10);

-- --------------------------------------------------------

--
-- Table structure for table `commodity_price_level`
--


DROP TABLE IF EXISTS `commodity_price_level`;
/*!40101 SET @saved_cs_client     = @@character_set_client */;
/*!50503 SET character_set_client = utf8mb4 */;
CREATE TABLE `commodity_price_level` (
  `id` int unsigned NOT NULL AUTO_INCREMENT,
  `level` varchar(45) NOT NULL,
  `description` text,
  `created_at` int unsigned NOT NULL,
  `updated_at` int unsigned NOT NULL,
  `created_by` int DEFAULT NULL,
  `updated_by` int DEFAULT NULL,
  PRIMARY KEY (`id`)
) ENGINE=InnoDB AUTO_INCREMENT=4 DEFAULT CHARSET=latin1;
/*!40101 SET character_set_client = @saved_cs_client */;

CREATE TABLE `commodity_price_level` (
  `id` int(10) UNSIGNED NOT NULL,
  `level` varchar(45) NOT NULL,
  `description` text DEFAULT NULL,
  `created_at` int(11) UNSIGNED NOT NULL,
  `updated_at` int(11) UNSIGNED NOT NULL,
  `created_by` int(11) DEFAULT NULL,
  `updated_by` int(11) DEFAULT NULL
) ENGINE=InnoDB DEFAULT CHARSET=latin1;


--
-- Dumping data for table `commodity_price_level`
--

INSERT INTO `commodity_price_level` (`id`, `level`, `description`, `created_at`, `updated_at`, `created_by`, `updated_by`) VALUES
(1, 'Farm gate', 'Farm gate', 1568287523, 1568287523, NULL, 1),
(2, 'Wholesale', NULL, 1568287523, 1568287523, NULL, NULL),
(3, 'Retail', NULL, 1568287523, 1568287523, NULL, NULL);

-- --------------------------------------------------------

--
-- Table structure for table `commodity_type`
--


DROP TABLE IF EXISTS `commodity_type`;
/*!40101 SET @saved_cs_client     = @@character_set_client */;
/*!50503 SET character_set_client = utf8mb4 */;
CREATE TABLE `commodity_type` (
  `id` int unsigned NOT NULL AUTO_INCREMENT,
  `category_id` int unsigned NOT NULL,
  `name` varchar(255) NOT NULL,
  `created_at` int unsigned NOT NULL,
  `updated_at` int unsigned NOT NULL,
  `created_by` int DEFAULT NULL,
  `updated_by` int DEFAULT NULL,
  PRIMARY KEY (`id`),
  KEY `fk_commodity_type_1_idx` (`category_id`),
  CONSTRAINT `fk_commodity_type_1` FOREIGN KEY (`category_id`) REFERENCES `commodity_category` (`id`)
) ENGINE=InnoDB AUTO_INCREMENT=12 DEFAULT CHARSET=latin1;
/*!40101 SET character_set_client = @saved_cs_client */;

CREATE TABLE `commodity_type` (
  `id` int(10) UNSIGNED NOT NULL,
  `category_id` int(11) UNSIGNED NOT NULL,
  `name` varchar(255) NOT NULL,
  `created_at` int(11) UNSIGNED NOT NULL,
  `updated_at` int(11) UNSIGNED NOT NULL,
  `created_by` int(11) DEFAULT NULL,
  `updated_by` int(11) DEFAULT NULL
) ENGINE=InnoDB DEFAULT CHARSET=latin1;


--
-- Dumping data for table `commodity_type`
--

INSERT INTO `commodity_type` (`id`, `category_id`, `name`, `created_at`, `updated_at`, `created_by`, `updated_by`) VALUES
(1, 3, 'Maize', 1607446739, 1607447798, 1, 1),
(2, 3, 'Soya beans', 1607447814, 1607447814, 1, 1),
(3, 3, 'Groundnuts', 1607447827, 1607447827, 1, 1),
(4, 3, 'Rice', 1607447871, 1607447871, 1, 1),
(5, 4, 'Mealie meal', 1607447890, 1607447952, 1, 1),
(6, 4, 'Roller meal', 1607447902, 1607447956, 1, 1),
(7, 2, 'Maize Seed', 1607447971, 1607447971, 1, 1),
(8, 2, 'Groundnut seed', 1607447992, 1607447992, 1, 1),
(9, 2, 'Rice seed', 1607448004, 1607448004, 1, 1),
(10, 2, 'D-Compound', 1607448021, 1607448021, 1, 1),
(11, 2, 'Urea', 1607448041, 1607448041, 1, 1);

-- --------------------------------------------------------

--
-- Table structure for table `district`
--


DROP TABLE IF EXISTS `district`;
/*!40101 SET @saved_cs_client     = @@character_set_client */;
/*!50503 SET character_set_client = utf8mb4 */;
CREATE TABLE `district` (
  `id` int unsigned NOT NULL AUTO_INCREMENT,
  `province_id` int unsigned NOT NULL,
  `name` varchar(255) NOT NULL,
  `lat` varchar(20) DEFAULT NULL,
  `long` varchar(20) DEFAULT NULL,
  `created_at` int unsigned NOT NULL,
  `updated_at` int unsigned NOT NULL,
  `created_by` int DEFAULT NULL,
  `updated_by` int DEFAULT NULL,
  PRIMARY KEY (`id`),
  KEY `fk_district_province` (`province_id`),
  CONSTRAINT `fk_district_province` FOREIGN KEY (`province_id`) REFERENCES `province` (`id`) ON DELETE RESTRICT ON UPDATE RESTRICT
) ENGINE=InnoDB AUTO_INCREMENT=119 DEFAULT CHARSET=utf8mb3;
/*!40101 SET character_set_client = @saved_cs_client */;

CREATE TABLE `district` (
  `id` int(11) UNSIGNED NOT NULL,
  `province_id` int(11) UNSIGNED NOT NULL,
  `name` varchar(255) NOT NULL,
  `lat` varchar(20) DEFAULT NULL,
  `long` varchar(20) DEFAULT NULL,
  `created_at` int(11) UNSIGNED NOT NULL,
  `updated_at` int(11) UNSIGNED NOT NULL,
  `created_by` int(11) DEFAULT NULL,
  `updated_by` int(11) DEFAULT NULL
) ENGINE=InnoDB DEFAULT CHARSET=utf8;


--
-- Dumping data for table `district`
--

INSERT INTO `district` (`id`, `province_id`, `name`, `lat`, `long`, `created_at`, `updated_at`, `created_by`, `updated_by`) VALUES
(1, 1, 'Chisamba', '-14.982045', '28.377941', 0, 1607257385, NULL, 1),
(2, 1, 'Chibombo', '-14.659314', '28.080540', 0, 0, NULL, NULL),
(3, 1, 'Chitambo', '-12.226766', '30.050454', 0, 0, NULL, NULL),
(4, 1, 'Itezhi-Tezhi', '-15.600785', '25.903189', 0, 0, NULL, NULL),
(5, 1, 'Mkushi', '-13.618959', '29.395959', 0, 0, NULL, NULL),
(6, 1, 'Mumbwa', '-14.983506', '27.062202', 0, 0, NULL, NULL),
(7, 1, 'Kabwe', '-14.435119', '28.449286', 0, 0, NULL, NULL),
(8, 1, 'Kapiri Mposhi', '-13.965676', '28.679295', 0, 0, NULL, NULL),
(9, 1, 'Luano', '-14.115876', '30.165637', 0, 0, NULL, NULL),
(10, 1, 'Serenje', '-13.230460', '30.232615', 0, 0, NULL, NULL),
(11, 1, 'Ngabwe', '-14.083993', '27.254295', 0, 0, NULL, NULL),
(12, 2, 'Lufwanyama', '-12.950965', '27.410405', 0, 1607251969, NULL, NULL),
(13, 2, 'Mufulira', '-12.547810', '28.239540', 0, 0, NULL, NULL),
(14, 2, 'Kitwe', '-12.829186', '28.221206', 0, 0, NULL, NULL),
(15, 2, 'Chililabombwe', '-12.369279', '27.837037', 0, 0, NULL, NULL),
(16, 2, 'Kalulushi', '-12.841575', '28.093685', 0, 0, NULL, NULL),
(17, 2, 'Ndola', '-12.985475', '28.641245', 0, 0, NULL, NULL),
(18, 2, 'Luanshya', '-13.143666', '28.407905', 0, 0, NULL, NULL),
(19, 2, 'Mpongwe', '-13.512809', '28.156596', 0, 0, NULL, NULL),
(20, 2, 'Chingola', '-12.538506', '27.863672', 0, 0, NULL, NULL),
(21, 2, 'Masaiti', '-13.260320', '28.405731', 0, 1607362090, NULL, 1),
(22, 3, 'Katete', '-14.060067', '32.044859', 0, 0, NULL, NULL),
(23, 3, 'Chipata', '-13.641016', '32.644361', 0, 0, NULL, NULL),
(24, 3, 'Petauke', '-14.247244', '31.328673', 0, 0, NULL, NULL),
(25, 3, 'Lundazi', '-12.289583', '33.178067', 0, 0, NULL, NULL),
(26, 3, 'Chadiza', '-14.064839', '32.436619', 0, 0, NULL, NULL),
(27, 3, 'Mambwe', '-13.212054', '31.816900', 0, 0, NULL, NULL),
(28, 3, 'Nyimba', '-14.560282', '30.820266', 0, 0, NULL, NULL),
(29, 3, 'Vubwi', '-14.035375', '32.869092', 0, 0, NULL, NULL),
(30, 3, 'Sinda', '-14.214009', '31.760187', 0, 0, NULL, NULL),
(31, 4, 'Chiengi', '-8.663500', '29.160315', 0, 0, NULL, NULL),
(32, 4, 'Nchelenge', '-9.351089', '28.739773', 0, 0, NULL, NULL),
(33, 4, 'Kawambwa', '-9.795545', '29.074804', 0, 0, NULL, NULL),
(34, 4, 'Mwense', '-10.388397', '28.701568', 0, 0, NULL, NULL),
(35, 4, 'Mansa', '-11.187779', '28.883424', 0, 0, NULL, NULL),
(36, 4, 'Samfya', '-11.367624', '29.554017', 0, 0, NULL, NULL),
(37, 4, 'Milenge', '-11.912971', '29.189114', 0, 0, NULL, NULL),
(38, 4, 'Chembe', '-11.952502', '28.744292', 0, 0, NULL, NULL),
(39, 4, 'Lunga', '-11.575272', '30.102494', 0, 0, NULL, NULL),
(40, 4, 'Chipili', '-10.737772', '29.091339', 0, 0, NULL, NULL),
(41, 4, 'Mwansabombwe', '-9.820162', '28.763924', 0, 0, NULL, NULL),
(42, 5, 'Chilanga', '-15.567154', '28.273961', 0, 0, NULL, NULL),
(43, 5, 'Chirundu', '-16.028711', '28.850641', 0, 0, NULL, NULL),
(44, 5, 'Chongwe', '-15.331246', '28.677833', 0, 0, NULL, NULL),
(45, 5, 'Kafue', '-15.761006', '28.176701', 0, 0, NULL, NULL),
(46, 5, 'Luangwa', '-15.625206', '30.402532', 0, 0, NULL, NULL),
(47, 5, 'Rufunsa', '-15.078131', '29.634890', 0, 0, NULL, NULL),
(48, 1, 'Shibuyunji', '-15.424570', '27.808064', 0, 0, NULL, NULL),
(49, 5, 'Lusaka', '-15.408867', '28.333450', 0, 0, NULL, NULL),
(50, 6, 'Chama', '-11.214196', '33.154732', 0, 0, NULL, NULL),
(51, 6, 'Chinsali', '-10.544049', '32.064843', 0, 0, NULL, NULL),
(52, 6, 'Isoka', '-10.151943', '32.635510', 0, 0, NULL, NULL),
(53, 6, 'Mafinga', '-10.239173', '33.315920', 0, 0, NULL, NULL),
(54, 6, 'Mpika', '-11.825579', '31.448707', 0, 0, NULL, NULL),
(55, 6, 'Nakonde', '-9.329901', '32.753227', 0, 0, NULL, NULL),
(56, 6, 'Shiwang\'andu', '-11.230661', '31.742384', 0, 0, NULL, NULL),
(57, 7, 'Chilubi', '-11.1534286', '29.8948552', 0, 0, NULL, NULL),
(58, 7, 'Kaputa', '-8.4762768', '29.6415851', 0, 0, NULL, NULL),
(59, 7, 'Kasama', '-10.2363082', '31.143275', 0, 0, NULL, NULL),
(60, 7, 'Luwingu', '-10.6085541', '29.3183597', 0, 0, NULL, NULL),
(61, 7, 'Mbala', '-8.8480727', '31.3228791', 0, 0, NULL, NULL),
(62, 7, 'Mporokoso', '-9.371369', '30.09005', 0, 0, NULL, NULL),
(63, 7, 'Mpulungu', '-8.7692783', '31.0999665', 0, 0, NULL, NULL),
(64, 7, 'Mungwi', '-10.1783646', '31.3394879', 0, 0, NULL, NULL),
(65, 7, 'Nsama', '-8.8943783', '29.9513269', 0, 0, NULL, NULL),
(66, 8, 'Chavuma', '-13.0836162', '22.6792037', 0, 0, NULL, NULL),
(67, 8, 'Ikelenge', '-11.2374247', '24.2536066', 0, 0, NULL, NULL),
(68, 8, 'Kabompo', '-13.5951014', '24.1840838', 0, 0, NULL, NULL),
(69, 8, 'Kasempa', '-13.8025204', '25.1080866', 0, 0, NULL, NULL),
(70, 8, 'Manyinga', '-13.3964558', '24.3100834', 0, 0, NULL, NULL),
(71, 8, 'Mufumbwe', '-13.6833117', '24.7912452', 0, 0, NULL, NULL),
(72, 8, 'Mwinilunga', '-11.7384907', '24.4135768', 0, 0, NULL, NULL),
(73, 8, 'Zambezi', '-13.5486671', '23.0780261', 0, 0, NULL, NULL),
(74, 8, 'Solwezi', '-12.1689464', '26.3574449', 0, 0, NULL, NULL),
(75, 9, 'Chikankata', '-16.2499789', '28.1245782', 0, 0, NULL, NULL),
(76, 9, 'Gwembe', '-16.4968365', '27.5772712', 0, 0, NULL, NULL),
(77, 9, 'Kalomo', '-17.0311796', '26.4632748', 0, 0, NULL, NULL),
(78, 9, 'Kazungula', '-17.7807326', '25.2633509', 0, 0, NULL, NULL),
(79, 9, 'Monze', '-16.2782505', '27.438872', 0, 0, NULL, NULL),
(80, 9, 'Namwala', '-15.7537827', '26.4339638', 0, 0, NULL, NULL),
(81, 9, 'Pemba', '-16.5224626', '27.3495196', 0, 0, NULL, NULL),
(82, 9, 'Siavonga', '-16.5344177', '28.6961882', 0, 0, NULL, NULL),
(83, 9, 'Sinazongwe', '-17.2282349', '27.4392796', 0, 0, NULL, NULL),
(84, 9, 'Zimba', '-17.3155688', '26.1730813', 0, 0, NULL, NULL),
(85, 9, 'Livingstone', '-17.8516495', '25.8136647', 0, 0, NULL, NULL),
(86, 9, 'Choma', '-16.8065884', '26.9398062', 0, 0, NULL, NULL),
(87, 9, 'Mazabuka', '-15.8598383', '27.718548', 0, 0, NULL, NULL),
(88, 10, 'Kalabo', '-14.9929965', '22.6765537', 0, 0, NULL, NULL),
(89, 10, 'Kaoma', '-14.8178214', '24.7662298', 0, 0, NULL, NULL),
(90, 10, 'Limulunga', '-15.1308547', '23.1433868', 0, 0, NULL, NULL),
(91, 10, 'Luampa', '-15.063068', '24.4033706', 0, 0, NULL, NULL),
(92, 10, 'Lukulu', '-14.4081161', '23.257885', 0, 0, NULL, NULL),
(93, 10, 'Mitete', '-14.1333121', '22.8579119', 0, 0, NULL, NULL),
(94, 10, 'Mulobezi', '-16.7806905', '25.162382', 0, 0, NULL, NULL),
(95, 10, 'Mwandi', '-17.5177437', '24.8150758', 0, 0, NULL, NULL),
(96, 10, 'Nalolo', '-15.5396655', '23.1134373', 0, 0, NULL, NULL),
(97, 10, 'Nkeyema', '-14.8509307', '25.1825476', 0, 0, NULL, NULL),
(98, 10, 'Senanga', '-16.1161414', '23.288226', 0, 0, NULL, NULL),
(99, 10, 'Sesheke', '-17.4747938', '24.2784546', 0, 0, NULL, NULL),
(100, 10, 'Shangombo', '-16.3225216', '22.0986338', 0, 0, NULL, NULL),
(101, 10, 'Sikongo', '-15.0334481', '22.1591901', 0, 0, NULL, NULL),
(102, 10, 'Sioma', '-16.6038901', '23.5006356', 0, 0, NULL, NULL),
(103, 10, 'Mongu', '-15.2705632', '23.1280444', 0, 0, NULL, NULL),
(104, 3, 'Kasenengwa', '-13.316667', '31.916667', 0, 0, NULL, NULL),
(105, 3, 'Lumezi', '-12.525488', '33.046017', 0, 0, NULL, NULL),
(106, 3, 'Msanzala', '-14.083333', '31.350000', 0, 0, NULL, NULL),
(107, 3, 'Chipangali', '-13.217256', '32.764192', 0, 0, NULL, NULL),
(108, 3, 'Chasefu', '-11.921364', '33.093417', 0, 0, NULL, NULL),
(109, 4, 'Chifunabuli', '-11.107550', '29.667098', 0, 0, NULL, NULL),
(110, 6, 'Chilinda', '-13.0905358', '24.1696381', 0, 0, NULL, NULL),
(112, 6, 'Kanchibiya', '-11.3756661', '31.0114803', 0, 0, NULL, NULL),
(113, 6, 'Lavushimanda', '-12.3999787', '30.8579119', 0, 0, NULL, NULL),
(114, 7, 'Lunte', NULL, NULL, 0, 0, NULL, NULL),
(115, 7, 'Lupososhi', '-10.5340351', '30.0180635', 0, 0, NULL, NULL),
(116, 7, 'Senga', '-9.3730437', '31.2241528', 0, 0, NULL, NULL),
(117, 8, 'Kalumbila', '-12.2735897', '25.3718008', 0, 0, NULL, NULL),
(118, 8, 'Mushindamo', '-11.8666667', '27.1166667', 0, 0, NULL, NULL);

-- --------------------------------------------------------

--
-- Table structure for table `lkm_storyofchange`
--


DROP TABLE IF EXISTS `lkm_storyofchange`;
/*!40101 SET @saved_cs_client     = @@character_set_client */;
/*!50503 SET character_set_client = utf8mb4 */;
CREATE TABLE `lkm_storyofchange` (
  `id` int NOT NULL AUTO_INCREMENT,
  `category_id` int NOT NULL,

CREATE TABLE `lkm_storyofchange` (
  `id` int(11) NOT NULL,
  `category_id` int(11) NOT NULL,

  `title` text NOT NULL COMMENT 'Title of the story of change',
  `interviewee_names` text NOT NULL,
  `interviewer_names` text NOT NULL,
  `date_interviewed` date NOT NULL,

  `introduction` text COMMENT 'Introduction of the story: 2-3 sentences summary of the case study or success story',
  `challenge` text COMMENT 'The problem that was being addressed in the story',
  `actions` text COMMENT 'What was done, how, by and with who etc',
  `results` text COMMENT 'what changed and what difference was made',
  `conclusions` text COMMENT 'Factors that seemed to be critical to achieving the outcomes',
  `sequel` text COMMENT 'Summarising what happens next, whether this seems to be the end of the story or whether the programme will continue to track changes',
  `status` int NOT NULL DEFAULT '0',
  `paio_review_status` int DEFAULT '0',
  `paio_comments` text,
  `ikmo_review_status` int DEFAULT '0',
  `ikmo_comments` text,
  `created_at` int unsigned NOT NULL,
  `updated_at` int unsigned NOT NULL,
  `created_by` int DEFAULT NULL,
  `updated_by` int DEFAULT NULL,
  `camp_id` int DEFAULT NULL,
  `district_id` int DEFAULT NULL,
  `province_id` int DEFAULT NULL,
  PRIMARY KEY (`id`),
  KEY `fk_lkm_storyofchange_1_idx` (`category_id`),
  CONSTRAINT `fk_lkm_storyofchange_1` FOREIGN KEY (`category_id`) REFERENCES `lkm_storyofchange_category` (`id`)
) ENGINE=InnoDB AUTO_INCREMENT=8 DEFAULT CHARSET=latin1;
/*!40101 SET character_set_client = @saved_cs_client */;

  `introduction` text DEFAULT NULL COMMENT 'Introduction of the story: 2-3 sentences summary of the case study or success story',
  `challenge` text DEFAULT NULL COMMENT 'The problem that was being addressed in the story',
  `actions` text DEFAULT NULL COMMENT 'What was done, how, by and with who etc',
  `results` text DEFAULT NULL COMMENT 'what changed and what difference was made',
  `conclusions` text DEFAULT NULL COMMENT 'Factors that seemed to be critical to achieving the outcomes',
  `sequel` text DEFAULT NULL COMMENT 'Summarising what happens next, whether this seems to be the end of the story or whether the programme will continue to track changes',
  `status` int(11) NOT NULL DEFAULT 0,
  `paio_review_status` int(11) DEFAULT 0,
  `paio_comments` text DEFAULT NULL,
  `ikmo_review_status` int(11) DEFAULT 0,
  `ikmo_comments` text DEFAULT NULL,
  `created_at` int(11) UNSIGNED NOT NULL,
  `updated_at` int(11) UNSIGNED NOT NULL,
  `created_by` int(11) DEFAULT NULL,
  `updated_by` int(11) DEFAULT NULL,
  `camp_id` int(11) DEFAULT NULL,
  `district_id` int(11) DEFAULT NULL,
  `province_id` int(11) DEFAULT NULL
) ENGINE=InnoDB DEFAULT CHARSET=latin1;


--
-- Dumping data for table `lkm_storyofchange`
--


LOCK TABLES `lkm_storyofchange` WRITE;
/*!40000 ALTER TABLE `lkm_storyofchange` DISABLE KEYS */;
INSERT INTO `lkm_storyofchange` VALUES (2,3,'Test','Upendo Chulu','Francis Chulu','2021-01-11','<p><strong>My story introduction<br></strong></p><p>Yes this is my introduction of this story</p>','<p>The challenges</p>','<p>Story Actions</p>','<p><strong>The results</strong></p>','<p>The conclusions</p>','<p><strong>The sequel</strong></p>',0,0,NULL,1,'Story accepted',1610388925,1614019554,1,1,NULL,NULL,NULL),(3,4,'From subsistence to commercial farming-Case of Mr. Chulu','Francis Chulu','Edson Chulu','2021-01-12','<p>Lorem ipsum dolor sit amet, consectetur adipiscing elit. Proin malesuada lacus ullamcorper dui molestie, sit amet congue quam finibus. Etiam ultricies nunc non magna feugiat commodo. Etiam odio magna, mollis auctor felis vitae, ullamcorper ornare ligula. Proin pellentesque tincidunt nisi, vitae ullamcorper felis aliquam id. Pellentesque habitant morbi tristique senectus et netus et malesuada fames ac turpis egestas. Proin id orci eu lectus blandit suscipit. Phasellus porta, ante et varius ornare, sem enim sollicitudin eros, at commodo leo est vitae lacus. Etiam ut porta sem. Proin porttitor porta nisl, id tempor risus rhoncus quis. In in quam a nibh cursus pulvinar non consequat neque. Mauris lacus elit, condimentum ac condimentum at, semper vitae lectus. Cras lacinia erat eget sapien porta consectetur.</p>','<p>Lorem ipsum dolor sit amet, consectetur adipiscing elit. Proin malesuada lacus ullamcorper dui molestie, sit amet congue quam finibus. Etiam ultricies nunc non magna feugiat commodo. Etiam odio magna, mollis auctor felis vitae, ullamcorper ornare ligula. Proin pellentesque tincidunt nisi, vitae ullamcorper felis aliquam id. Pellentesque habitant morbi tristique senectus et netus et malesuada fames ac turpis egestas. Proin id orci eu lectus blandit suscipit. Phasellus porta, ante et varius ornare, sem enim sollicitudin eros, at commodo leo est vitae lacus. Etiam ut porta sem. Proin porttitor porta nisl, id tempor risus rhoncus quis. In in quam a nibh cursus pulvinar non consequat neque. Mauris lacus elit, condimentum ac condimentum at, semper vitae lectus. Cras lacinia erat eget sapien porta consectetur.</p>','<p>Lorem ipsum dolor sit amet, consectetur adipiscing elit. Proin malesuada lacus ullamcorper dui molestie, sit amet congue quam finibus. Etiam ultricies nunc non magna feugiat commodo. Etiam odio magna, mollis auctor felis vitae, ullamcorper ornare ligula. Proin pellentesque tincidunt nisi, vitae ullamcorper felis aliquam id. Pellentesque habitant morbi tristique senectus et netus et malesuada fames ac turpis egestas. Proin id orci eu lectus blandit suscipit. Phasellus porta, ante et varius ornare, sem enim sollicitudin eros, at commodo leo est vitae lacus. Etiam ut porta sem. Proin porttitor porta nisl, id tempor risus rhoncus quis. In in quam a nibh cursus pulvinar non consequat neque. Mauris lacus elit, condimentum ac condimentum at, semper vitae lectus. Cras lacinia erat eget sapien porta consectetur.</p>','<p>Lorem ipsum dolor sit amet, consectetur adipiscing elit. Proin malesuada lacus ullamcorper dui molestie, sit amet congue quam finibus. Etiam ultricies nunc non magna feugiat commodo. Etiam odio magna, mollis auctor felis vitae, ullamcorper ornare ligula. Proin pellentesque tincidunt nisi, vitae ullamcorper felis aliquam id. Pellentesque habitant morbi tristique senectus et netus et malesuada fames ac turpis egestas. Proin id orci eu lectus blandit suscipit. Phasellus porta, ante et varius ornare, sem enim sollicitudin eros, at commodo leo est vitae lacus. Etiam ut porta sem. Proin porttitor porta nisl, id tempor risus rhoncus quis. In in quam a nibh cursus pulvinar non consequat neque. Mauris lacus elit, condimentum ac condimentum at, semper vitae lectus. Cras lacinia erat eget sapien porta consectetur.</p>','<p>Lorem ipsum dolor sit amet, consectetur adipiscing elit. Proin malesuada lacus ullamcorper dui molestie, sit amet congue quam finibus. Etiam ultricies nunc non magna feugiat commodo. Etiam odio magna, mollis auctor felis vitae, ullamcorper ornare ligula. Proin pellentesque tincidunt nisi, vitae ullamcorper felis aliquam id. Pellentesque habitant morbi tristique senectus et netus et malesuada fames ac turpis egestas. Proin id orci eu lectus blandit suscipit. Phasellus porta, ante et varius ornare, sem enim sollicitudin eros, at commodo leo est vitae lacus. Etiam ut porta sem. Proin porttitor porta nisl, id tempor risus rhoncus quis. In in quam a nibh cursus pulvinar non consequat neque. Mauris lacus elit, condimentum ac condimentum at, semper vitae lectus. Cras lacinia erat eget sapien porta consectetur.</p>','<p>Lorem ipsum dolor sit amet, consectetur adipiscing elit. Proin malesuada lacus ullamcorper dui molestie, sit amet congue quam finibus. Etiam ultricies nunc non magna feugiat commodo. Etiam odio magna, mollis auctor felis vitae, ullamcorper ornare ligula. Proin pellentesque tincidunt nisi, vitae ullamcorper felis aliquam id. Pellentesque habitant morbi tristique senectus et netus et malesuada fames ac turpis egestas. Proin id orci eu lectus blandit suscipit. Phasellus porta, ante et varius ornare, sem enim sollicitudin eros, at commodo leo est vitae lacus. Etiam ut porta sem. Proin porttitor porta nisl, id tempor risus rhoncus quis. In in quam a nibh cursus pulvinar non consequat neque. Mauris lacus elit, condimentum ac condimentum at, semper vitae lectus. Cras lacinia erat eget sapien porta consectetur.<span class=\"redactor-invisible-space\"></span></p>',0,0,NULL,1,'',1610472852,1614020092,10,1,NULL,2,1),(5,3,'From subsistence to commercial farming-Case of Chulu','Francis Chulu','Test names','2021-02-16','<p>Introduction</p>','<p>Challenges<br></p>','<p>The actions<br></p>','The results','Conclusion','Sequel',0,0,NULL,0,NULL,1614019196,1614019397,10,10,NULL,2,1),(6,4,'From subsistence to commercial farming-Case of Mr Chulu Francis','Francis Chulu','Edson Chulu','2021-02-09','<p>Lorem ipsum dolor sit amet, consectetur adipiscing elit, sed do eiusmod tempor incididunt ut labore et dolore magna aliqua. Ut enim ad minim veniam, quis nostrud exercitation ullamco laboris nisi ut aliquip ex ea commodo consequat. Duis aute irure dolor in reprehenderit in voluptate velit esse cillum dolore eu fugiat nulla pariatur. Excepteur sint occaecat cupidatat non proident, sunt in culpa qui officia deserunt mollit anim id est laborum.</p>','<p>Lorem ipsum dolor sit amet, consectetur adipiscing elit, sed do eiusmod tempor incididunt ut labore et dolore magna aliqua. Ut enim ad minim veniam, quis nostrud exercitation ullamco laboris nisi ut aliquip ex ea commodo consequat. Duis aute irure dolor in reprehenderit in voluptate velit esse cillum dolore eu fugiat nulla pariatur. Excepteur sint occaecat cupidatat non proident, sunt in culpa qui officia deserunt mollit anim id est laborum.</p>','<p>Lorem ipsum dolor sit amet, consectetur adipiscing elit, sed do eiusmod tempor incididunt ut labore et dolore magna aliqua. Ut enim ad minim veniam, quis nostrud exercitation ullamco laboris nisi ut aliquip ex ea commodo consequat. Duis aute irure dolor in reprehenderit in voluptate velit esse cillum dolore eu fugiat nulla pariatur. Excepteur sint occaecat cupidatat non proident, sunt in culpa qui officia deserunt mollit anim id est laborum.</p>','Lorem ipsum dolor sit amet, consectetur adipiscing elit, sed do eiusmod tempor incididunt ut labore et dolore magna aliqua. Ut enim ad minim veniam, quis nostrud exercitation ullamco laboris nisi ut aliquip ex ea commodo consequat. Duis aute irure dolor in reprehenderit in voluptate velit esse cillum dolore eu fugiat nulla pariatur. Excepteur sint occaecat cupidatat non proident, sunt in culpa qui officia deserunt mollit anim id est laborum.','Lorem ipsum dolor sit amet, consectetur adipiscing elit, sed do eiusmod tempor incididunt ut labore et dolore magna aliqua. Ut enim ad minim veniam, quis nostrud exercitation ullamco laboris nisi ut aliquip ex ea commodo consequat. Duis aute irure dolor in reprehenderit in voluptate velit esse cillum dolore eu fugiat nulla pariatur. Excepteur sint occaecat cupidatat non proident, sunt in culpa qui officia deserunt mollit anim id est laborum.','Lorem ipsum dolor sit amet, consectetur adipiscing elit, sed do eiusmod tempor incididunt ut labore et dolore magna aliqua. Ut enim ad minim veniam, quis nostrud exercitation ullamco laboris nisi ut aliquip ex ea commodo consequat. Duis aute irure dolor in reprehenderit in voluptate velit esse cillum dolore eu fugiat nulla pariatur. Excepteur sint occaecat cupidatat non proident, sunt in culpa qui officia deserunt mollit anim id est laborum.',2,0,NULL,1,'',1614070456,1615306106,10,10,NULL,2,1),(7,3,'From subsistence to commercial farming test','Upendo Chulu','Francis Chulu','2021-03-10','<p>test</p>','<p>test</p>','<p>action</p>','<p>results</p>','<p>test<br></p>','<p>sequel</p>',1,0,NULL,1,'',1618996486,1618996726,10,1,NULL,2,1);
/*!40000 ALTER TABLE `lkm_storyofchange` ENABLE KEYS */;
UNLOCK TABLES;

INSERT INTO `lkm_storyofchange` (`id`, `category_id`, `title`, `interviewee_names`, `interviewer_names`, `date_interviewed`, `introduction`, `challenge`, `actions`, `results`, `conclusions`, `sequel`, `status`, `paio_review_status`, `paio_comments`, `ikmo_review_status`, `ikmo_comments`, `created_at`, `updated_at`, `created_by`, `updated_by`, `camp_id`, `district_id`, `province_id`) VALUES
(2, 3, 'Test', 'Upendo Chulu', 'Francis Chulu', '2021-01-11', '<p><strong>My story introduction<br></strong></p><p>Yes this is my introduction of this story</p>', '<p>The challenges</p>', '<p>Story Actions</p>', '<p><strong>The results</strong></p>', '<p>The conclusions</p>', '<p><strong>The sequel</strong></p>', 0, 0, NULL, 1, 'Story accepted', 1610388925, 1614019554, 1, 1, NULL, NULL, NULL),
(3, 4, 'From subsistence to commercial farming-Case of Mr. Chulu', 'Francis Chulu', 'Edson Chulu', '2021-01-12', '<p>Lorem ipsum dolor sit amet, consectetur adipiscing elit. Proin malesuada lacus ullamcorper dui molestie, sit amet congue quam finibus. Etiam ultricies nunc non magna feugiat commodo. Etiam odio magna, mollis auctor felis vitae, ullamcorper ornare ligula. Proin pellentesque tincidunt nisi, vitae ullamcorper felis aliquam id. Pellentesque habitant morbi tristique senectus et netus et malesuada fames ac turpis egestas. Proin id orci eu lectus blandit suscipit. Phasellus porta, ante et varius ornare, sem enim sollicitudin eros, at commodo leo est vitae lacus. Etiam ut porta sem. Proin porttitor porta nisl, id tempor risus rhoncus quis. In in quam a nibh cursus pulvinar non consequat neque. Mauris lacus elit, condimentum ac condimentum at, semper vitae lectus. Cras lacinia erat eget sapien porta consectetur.</p>', '<p>Lorem ipsum dolor sit amet, consectetur adipiscing elit. Proin malesuada lacus ullamcorper dui molestie, sit amet congue quam finibus. Etiam ultricies nunc non magna feugiat commodo. Etiam odio magna, mollis auctor felis vitae, ullamcorper ornare ligula. Proin pellentesque tincidunt nisi, vitae ullamcorper felis aliquam id. Pellentesque habitant morbi tristique senectus et netus et malesuada fames ac turpis egestas. Proin id orci eu lectus blandit suscipit. Phasellus porta, ante et varius ornare, sem enim sollicitudin eros, at commodo leo est vitae lacus. Etiam ut porta sem. Proin porttitor porta nisl, id tempor risus rhoncus quis. In in quam a nibh cursus pulvinar non consequat neque. Mauris lacus elit, condimentum ac condimentum at, semper vitae lectus. Cras lacinia erat eget sapien porta consectetur.</p>', '<p>Lorem ipsum dolor sit amet, consectetur adipiscing elit. Proin malesuada lacus ullamcorper dui molestie, sit amet congue quam finibus. Etiam ultricies nunc non magna feugiat commodo. Etiam odio magna, mollis auctor felis vitae, ullamcorper ornare ligula. Proin pellentesque tincidunt nisi, vitae ullamcorper felis aliquam id. Pellentesque habitant morbi tristique senectus et netus et malesuada fames ac turpis egestas. Proin id orci eu lectus blandit suscipit. Phasellus porta, ante et varius ornare, sem enim sollicitudin eros, at commodo leo est vitae lacus. Etiam ut porta sem. Proin porttitor porta nisl, id tempor risus rhoncus quis. In in quam a nibh cursus pulvinar non consequat neque. Mauris lacus elit, condimentum ac condimentum at, semper vitae lectus. Cras lacinia erat eget sapien porta consectetur.</p>', '<p>Lorem ipsum dolor sit amet, consectetur adipiscing elit. Proin malesuada lacus ullamcorper dui molestie, sit amet congue quam finibus. Etiam ultricies nunc non magna feugiat commodo. Etiam odio magna, mollis auctor felis vitae, ullamcorper ornare ligula. Proin pellentesque tincidunt nisi, vitae ullamcorper felis aliquam id. Pellentesque habitant morbi tristique senectus et netus et malesuada fames ac turpis egestas. Proin id orci eu lectus blandit suscipit. Phasellus porta, ante et varius ornare, sem enim sollicitudin eros, at commodo leo est vitae lacus. Etiam ut porta sem. Proin porttitor porta nisl, id tempor risus rhoncus quis. In in quam a nibh cursus pulvinar non consequat neque. Mauris lacus elit, condimentum ac condimentum at, semper vitae lectus. Cras lacinia erat eget sapien porta consectetur.</p>', '<p>Lorem ipsum dolor sit amet, consectetur adipiscing elit. Proin malesuada lacus ullamcorper dui molestie, sit amet congue quam finibus. Etiam ultricies nunc non magna feugiat commodo. Etiam odio magna, mollis auctor felis vitae, ullamcorper ornare ligula. Proin pellentesque tincidunt nisi, vitae ullamcorper felis aliquam id. Pellentesque habitant morbi tristique senectus et netus et malesuada fames ac turpis egestas. Proin id orci eu lectus blandit suscipit. Phasellus porta, ante et varius ornare, sem enim sollicitudin eros, at commodo leo est vitae lacus. Etiam ut porta sem. Proin porttitor porta nisl, id tempor risus rhoncus quis. In in quam a nibh cursus pulvinar non consequat neque. Mauris lacus elit, condimentum ac condimentum at, semper vitae lectus. Cras lacinia erat eget sapien porta consectetur.</p>', '<p>Lorem ipsum dolor sit amet, consectetur adipiscing elit. Proin malesuada lacus ullamcorper dui molestie, sit amet congue quam finibus. Etiam ultricies nunc non magna feugiat commodo. Etiam odio magna, mollis auctor felis vitae, ullamcorper ornare ligula. Proin pellentesque tincidunt nisi, vitae ullamcorper felis aliquam id. Pellentesque habitant morbi tristique senectus et netus et malesuada fames ac turpis egestas. Proin id orci eu lectus blandit suscipit. Phasellus porta, ante et varius ornare, sem enim sollicitudin eros, at commodo leo est vitae lacus. Etiam ut porta sem. Proin porttitor porta nisl, id tempor risus rhoncus quis. In in quam a nibh cursus pulvinar non consequat neque. Mauris lacus elit, condimentum ac condimentum at, semper vitae lectus. Cras lacinia erat eget sapien porta consectetur.<span class=\"redactor-invisible-space\"></span></p>', 0, 0, NULL, 1, '', 1610472852, 1614020092, 10, 1, NULL, 2, 1),
(5, 3, 'From subsistence to commercial farming-Case of Chulu', 'Francis Chulu', 'Test names', '2021-02-16', '<p>Introduction</p>', '<p>Challenges<br></p>', '<p>The actions<br></p>', 'The results', 'Conclusion', 'Sequel', 0, 0, NULL, 0, NULL, 1614019196, 1614019397, 10, 10, NULL, 2, 1),
(6, 4, 'From subsistence to commercial farming-Case of Mr Chulu Francis', 'Francis Chulu', 'Edson Chulu', '2021-02-09', '<p>Lorem ipsum dolor sit amet, consectetur adipiscing elit, sed do eiusmod tempor incididunt ut labore et dolore magna aliqua. Ut enim ad minim veniam, quis nostrud exercitation ullamco laboris nisi ut aliquip ex ea commodo consequat. Duis aute irure dolor in reprehenderit in voluptate velit esse cillum dolore eu fugiat nulla pariatur. Excepteur sint occaecat cupidatat non proident, sunt in culpa qui officia deserunt mollit anim id est laborum.</p>', '<p>Lorem ipsum dolor sit amet, consectetur adipiscing elit, sed do eiusmod tempor incididunt ut labore et dolore magna aliqua. Ut enim ad minim veniam, quis nostrud exercitation ullamco laboris nisi ut aliquip ex ea commodo consequat. Duis aute irure dolor in reprehenderit in voluptate velit esse cillum dolore eu fugiat nulla pariatur. Excepteur sint occaecat cupidatat non proident, sunt in culpa qui officia deserunt mollit anim id est laborum.</p>', '<p>Lorem ipsum dolor sit amet, consectetur adipiscing elit, sed do eiusmod tempor incididunt ut labore et dolore magna aliqua. Ut enim ad minim veniam, quis nostrud exercitation ullamco laboris nisi ut aliquip ex ea commodo consequat. Duis aute irure dolor in reprehenderit in voluptate velit esse cillum dolore eu fugiat nulla pariatur. Excepteur sint occaecat cupidatat non proident, sunt in culpa qui officia deserunt mollit anim id est laborum.</p>', 'Lorem ipsum dolor sit amet, consectetur adipiscing elit, sed do eiusmod tempor incididunt ut labore et dolore magna aliqua. Ut enim ad minim veniam, quis nostrud exercitation ullamco laboris nisi ut aliquip ex ea commodo consequat. Duis aute irure dolor in reprehenderit in voluptate velit esse cillum dolore eu fugiat nulla pariatur. Excepteur sint occaecat cupidatat non proident, sunt in culpa qui officia deserunt mollit anim id est laborum.', 'Lorem ipsum dolor sit amet, consectetur adipiscing elit, sed do eiusmod tempor incididunt ut labore et dolore magna aliqua. Ut enim ad minim veniam, quis nostrud exercitation ullamco laboris nisi ut aliquip ex ea commodo consequat. Duis aute irure dolor in reprehenderit in voluptate velit esse cillum dolore eu fugiat nulla pariatur. Excepteur sint occaecat cupidatat non proident, sunt in culpa qui officia deserunt mollit anim id est laborum.', 'Lorem ipsum dolor sit amet, consectetur adipiscing elit, sed do eiusmod tempor incididunt ut labore et dolore magna aliqua. Ut enim ad minim veniam, quis nostrud exercitation ullamco laboris nisi ut aliquip ex ea commodo consequat. Duis aute irure dolor in reprehenderit in voluptate velit esse cillum dolore eu fugiat nulla pariatur. Excepteur sint occaecat cupidatat non proident, sunt in culpa qui officia deserunt mollit anim id est laborum.', 2, 0, NULL, 1, '', 1614070456, 1615306106, 10, 10, NULL, 2, 1);

-- --------------------------------------------------------


--
-- Table structure for table `lkm_storyofchange_article`
--


DROP TABLE IF EXISTS `lkm_storyofchange_article`;
/*!40101 SET @saved_cs_client     = @@character_set_client */;
/*!50503 SET character_set_client = utf8mb4 */;
CREATE TABLE `lkm_storyofchange_article` (
  `id` int NOT NULL AUTO_INCREMENT,
  `story_id` int DEFAULT NULL,

CREATE TABLE `lkm_storyofchange_article` (
  `id` int(11) NOT NULL,
  `story_id` int(11) DEFAULT NULL,

  `article_type` varchar(255) DEFAULT NULL,
  `description` text DEFAULT NULL,
  `file` varchar(255) NOT NULL,

  `created_at` int unsigned NOT NULL,
  `updated_at` int unsigned NOT NULL,
  `created_by` int DEFAULT NULL,
  `updated_by` int DEFAULT NULL,
  `file_name` varchar(45) DEFAULT NULL,
  PRIMARY KEY (`id`)
) ENGINE=InnoDB AUTO_INCREMENT=9 DEFAULT CHARSET=latin1;
/*!40101 SET character_set_client = @saved_cs_client */;

  `created_at` int(11) UNSIGNED NOT NULL,
  `updated_at` int(11) UNSIGNED NOT NULL,
  `created_by` int(11) DEFAULT NULL,
  `updated_by` int(11) DEFAULT NULL,
  `file_name` varchar(45) DEFAULT NULL
) ENGINE=InnoDB DEFAULT CHARSET=latin1;


--
-- Dumping data for table `lkm_storyofchange_article`
--


LOCK TABLES `lkm_storyofchange_article` WRITE;
/*!40000 ALTER TABLE `lkm_storyofchange_article` DISABLE KEYS */;
INSERT INTO `lkm_storyofchange_article` VALUES (5,3,NULL,'Article description','DWpPgMuaYfz35QYbjzXdl86Rz03k2Avk.pdf',1610993207,1610993525,1,1,'my sample.pdf'),(6,2,NULL,'Description','JXqdPvl27LGf0T51dn54_yOxRqF4deXk.pdf',1614019624,1614019624,1,1,'my sample.pdf'),(7,6,NULL,'','_KDjaAkOc32clJN1sKBeKHCnTRUhjzIi.pdf',1614070974,1614070974,1,1,'my sample.pdf'),(8,7,NULL,'','mvxMFs5PxGYVPLu9AVAlY6xU9qBXzqMW.pdf',1618996769,1618996769,1,1,'my sample.pdf');
/*!40000 ALTER TABLE `lkm_storyofchange_article` ENABLE KEYS */;
UNLOCK TABLES;

INSERT INTO `lkm_storyofchange_article` (`id`, `story_id`, `article_type`, `description`, `file`, `created_at`, `updated_at`, `created_by`, `updated_by`, `file_name`) VALUES
(5, 3, NULL, 'Article description', 'DWpPgMuaYfz35QYbjzXdl86Rz03k2Avk.pdf', 1610993207, 1610993525, 1, 1, 'my sample.pdf'),
(6, 2, NULL, 'Description', 'JXqdPvl27LGf0T51dn54_yOxRqF4deXk.pdf', 1614019624, 1614019624, 1, 1, 'my sample.pdf'),
(7, 6, NULL, '', '_KDjaAkOc32clJN1sKBeKHCnTRUhjzIi.pdf', 1614070974, 1614070974, 1, 1, 'my sample.pdf');

-- --------------------------------------------------------


--
-- Table structure for table `lkm_storyofchange_category`
--


DROP TABLE IF EXISTS `lkm_storyofchange_category`;
/*!40101 SET @saved_cs_client     = @@character_set_client */;
/*!50503 SET character_set_client = utf8mb4 */;
CREATE TABLE `lkm_storyofchange_category` (
  `id` int NOT NULL AUTO_INCREMENT,
  `name` text NOT NULL COMMENT 'Story category name',
  `description` text COMMENT 'Story category description',
  `created_at` int unsigned NOT NULL,
  `updated_at` int unsigned NOT NULL,
  `created_by` int DEFAULT NULL,
  `updated_by` int DEFAULT NULL,
  PRIMARY KEY (`id`)
) ENGINE=InnoDB AUTO_INCREMENT=5 DEFAULT CHARSET=latin1;
/*!40101 SET character_set_client = @saved_cs_client */;

CREATE TABLE `lkm_storyofchange_category` (
  `id` int(11) NOT NULL,
  `name` text NOT NULL COMMENT 'Story category name',
  `description` text DEFAULT NULL COMMENT 'Story category description',
  `created_at` int(11) UNSIGNED NOT NULL,
  `updated_at` int(11) UNSIGNED NOT NULL,
  `created_by` int(11) DEFAULT NULL,
  `updated_by` int(11) DEFAULT NULL
) ENGINE=InnoDB DEFAULT CHARSET=latin1;


--
-- Dumping data for table `lkm_storyofchange_category`
--

INSERT INTO `lkm_storyofchange_category` (`id`, `name`, `description`, `created_at`, `updated_at`, `created_by`, `updated_by`) VALUES
(3, 'Livestock farming', '', 1610361550, 1610378652, 1, 1),
(4, 'Subsistence farming', 'Subsistence farming', 1610361568, 1610361592, 1, 1);

-- --------------------------------------------------------

--
-- Table structure for table `lkm_storyofchange_interview_guide_template_questions`
--


DROP TABLE IF EXISTS `lkm_storyofchange_interview_guide_template_questions`;
/*!40101 SET @saved_cs_client     = @@character_set_client */;
/*!50503 SET character_set_client = utf8mb4 */;
CREATE TABLE `lkm_storyofchange_interview_guide_template_questions` (
  `id` int NOT NULL AUTO_INCREMENT,
  `section` varchar(45) NOT NULL,
  `number` varchar(4) NOT NULL,
  `question` text NOT NULL,
  `created_at` int unsigned NOT NULL,
  `updated_at` int unsigned NOT NULL,
  `created_by` int DEFAULT NULL,
  `updated_by` int DEFAULT NULL,
  PRIMARY KEY (`id`)
) ENGINE=InnoDB AUTO_INCREMENT=12 DEFAULT CHARSET=latin1;
/*!40101 SET character_set_client = @saved_cs_client */;

CREATE TABLE `lkm_storyofchange_interview_guide_template_questions` (
  `id` int(11) NOT NULL,
  `section` varchar(45) NOT NULL,
  `number` varchar(4) NOT NULL,
  `question` text NOT NULL,
  `created_at` int(11) UNSIGNED NOT NULL,
  `updated_at` int(11) UNSIGNED NOT NULL,
  `created_by` int(11) DEFAULT NULL,
  `updated_by` int(11) DEFAULT NULL
) ENGINE=InnoDB DEFAULT CHARSET=latin1;


--
-- Dumping data for table `lkm_storyofchange_interview_guide_template_questions`
--

INSERT INTO `lkm_storyofchange_interview_guide_template_questions` (`id`, `section`, `number`, `question`, `created_at`, `updated_at`, `created_by`, `updated_by`) VALUES
(1, 'Introduction', '1', 'Please introduce yourself and tell me a bit about yourself?', 1609956950, 1609956950, 1, 1),
(2, 'The Problem', '2', 'What Challenges were you experiencing before the E-SAPP and why?', 1609958624, 1609958624, 1, 1),
(3, 'The Problem', '3', 'Did you do anything to solve the problem before E-SAPP? If yes, what did you do?', 1609958658, 1609958658, 1, 1),
(4, 'The Action', '4', 'What interventions did E-SAPP put in place to resolve the problem?  <b>Probe: Detail them according to the different steps taken</b>.', 1609958714, 1610358307, 1, 1),
(5, 'The Action', '5', 'Did the interventions by E-SAPP resolve the problem? Give a reason for your answer.', 1609958980, 1609958980, 1, 1),
(6, 'The Action', '6', 'In your opinion, do you think this problem was going to be addressed if it was not for the intervention from E-SAPP? Give a reason?', 1609958996, 1609958996, 1, 1),
(7, 'The Action', '7', 'What are the key areas of change that you noticed as a result of the intervention? Give examples. ', 1609959016, 1609959016, 1, 1),
(8, 'The Action', '8', 'What are some of the lessons that you have learnt from the intervention?', 1609959038, 1609959038, 1, 1),
(9, 'Recommendations', '9', ' In terms of how the E-SAPP could improve its intervention delivery, do you have any recommendations/ suggestions? What do you think needs to be done?', 1609959055, 1609959055, 1, 1),
(10, 'Introduction', '10', 'Test question another', 1614019009, 1614070301, 1, 1),
(11, 'Recommendations', '11', 'Another recommendation', 1614070268, 1614070268, 1, 1);

-- --------------------------------------------------------

--
-- Table structure for table `lkm_storyofchange_media`
--


DROP TABLE IF EXISTS `lkm_storyofchange_media`;
/*!40101 SET @saved_cs_client     = @@character_set_client */;
/*!50503 SET character_set_client = utf8mb4 */;
CREATE TABLE `lkm_storyofchange_media` (
  `id` int NOT NULL AUTO_INCREMENT,
  `story_id` int NOT NULL,
  `media_type` text NOT NULL,
  `file_name` varchar(255) DEFAULT NULL,
  `file` varchar(255) NOT NULL,
  `created_at` int unsigned NOT NULL,
  `updated_at` int unsigned NOT NULL,
  `created_by` int DEFAULT NULL,
  `updated_by` int DEFAULT NULL,
  PRIMARY KEY (`id`),
  KEY `fk_lkm_storyofchange_media_1_idx` (`story_id`),
  CONSTRAINT `fk_lkm_storyofchange_media_1` FOREIGN KEY (`story_id`) REFERENCES `lkm_storyofchange` (`id`)
) ENGINE=InnoDB AUTO_INCREMENT=42 DEFAULT CHARSET=latin1;
/*!40101 SET character_set_client = @saved_cs_client */;

CREATE TABLE `lkm_storyofchange_media` (
  `id` int(11) NOT NULL,
  `story_id` int(11) NOT NULL,
  `media_type` text NOT NULL,
  `file_name` varchar(255) DEFAULT NULL,
  `file` varchar(255) NOT NULL,
  `created_at` int(11) UNSIGNED NOT NULL,
  `updated_at` int(11) UNSIGNED NOT NULL,
  `created_by` int(11) DEFAULT NULL,
  `updated_by` int(11) DEFAULT NULL
) ENGINE=InnoDB DEFAULT CHARSET=latin1;


--
-- Dumping data for table `lkm_storyofchange_media`
--

INSERT INTO `lkm_storyofchange_media` (`id`, `story_id`, `media_type`, `file_name`, `file`, `created_at`, `updated_at`, `created_by`, `updated_by`) VALUES
(26, 3, 'Picture', 'index.png', 'dmG_gpT6kkkEblh3ReA_Ar4jHtSAjWzM.png', 1610984242, 1610984357, 10, 10),
(27, 3, 'Audio', 'sample audio.mp3', 'zLCUZmBHpAx05bs5eV6ktmSDNq-XPZnG.mp3', 1610984390, 1610984427, 10, 10),
(28, 3, 'Video', 'sample video.mp4', 'gMBISWTb_mKuJStmt2MKqT8BPblM_qpl.mp4', 1610984457, 1610984457, 10, 10),
(30, 3, 'Picture', 'coa.png', 'Joxf6pf6YuhmsiTakdyzQBkBXrmXq8tw.png', 1611056653, 1611056653, 10, 10),
(32, 6, 'Video', 'sample video.mp4', 'MwlYJ1CCJxJWq6CSK8aGnA0us31uKacY.mp4', 1614936357, 1614936357, 10, 10),
(33, 6, 'Audio', 'sample audio.mp3', 'L9ZJK9i-cH2l85NfrOs4CtuF-FUvhzAz.mp3', 1614936417, 1614936417, 10, 10),
(38, 6, 'Picture', 'profile.png', 'JsN6az9MI360kbJ_jr-clyVt1rycpzU3wuicQrqwga9Aq.png', 1614938053, 1614938053, 10, 10),
(41, 6, 'Picture', 'coa.png', 'zMajjrs0uQzjIkVj08C3Yd9ZMADZfXsJYB7Lte1dMa-bu.png', 1615309307, 1615309307, 10, 10);

-- --------------------------------------------------------

--
-- Table structure for table `market`
--


DROP TABLE IF EXISTS `market`;
/*!40101 SET @saved_cs_client     = @@character_set_client */;
/*!50503 SET character_set_client = utf8mb4 */;
CREATE TABLE `market` (
  `id` int unsigned NOT NULL AUTO_INCREMENT,
  `district_id` int unsigned NOT NULL,
  `name` varchar(255) NOT NULL,
  `description` text,
  `created_at` int unsigned NOT NULL,
  `updated_at` int unsigned NOT NULL,
  `created_by` int DEFAULT NULL,
  `updated_by` int DEFAULT NULL,
  PRIMARY KEY (`id`),
  KEY `fk_market_1_idx` (`district_id`),
  CONSTRAINT `fk_market_1` FOREIGN KEY (`district_id`) REFERENCES `district` (`id`)
) ENGINE=InnoDB AUTO_INCREMENT=5 DEFAULT CHARSET=latin1;
/*!40101 SET character_set_client = @saved_cs_client */;

CREATE TABLE `market` (
  `id` int(11) UNSIGNED NOT NULL,
  `district_id` int(11) UNSIGNED NOT NULL,
  `name` varchar(255) NOT NULL,
  `description` text DEFAULT NULL,
  `created_at` int(11) UNSIGNED NOT NULL,
  `updated_at` int(11) UNSIGNED NOT NULL,
  `created_by` int(11) DEFAULT NULL,
  `updated_by` int(11) DEFAULT NULL
) ENGINE=InnoDB DEFAULT CHARSET=latin1;


--
-- Dumping data for table `market`
--

INSERT INTO `market` (`id`, `district_id`, `name`, `description`, `created_at`, `updated_at`, `created_by`, `updated_by`) VALUES
(1, 14, 'Chisokone', NULL, 1607267413, 1607362158, 1, 1),
(2, 49, 'Soweto', NULL, 1607267496, 1607362171, 1, 1),
(3, 1, 'Chisamba test', NULL, 1607623358, 1607623358, 1, 1),
(4, 2, 'Test market', NULL, 1611076081, 1611076081, 1, 1);

-- --------------------------------------------------------

--
-- Table structure for table `me_back_to_office_report`
--


DROP TABLE IF EXISTS `me_back_to_office_report`;
/*!40101 SET @saved_cs_client     = @@character_set_client */;
/*!50503 SET character_set_client = utf8mb4 */;
CREATE TABLE `me_back_to_office_report` (
  `id` int NOT NULL AUTO_INCREMENT,

CREATE TABLE `me_back_to_office_report` (
  `id` int(11) NOT NULL,

  `start_date` date NOT NULL,
  `end_date` date NOT NULL,
  `name_of_officer` varchar(45) NOT NULL,
  `team_members` text DEFAULT NULL,
  `key_partners` text DEFAULT NULL COMMENT 'Key partners in each location/site visited',
  `purpose_of_assignment` text NOT NULL,
  `summary_of_assignment_outcomes` text NOT NULL,
  `key_findings` text NOT NULL,
  `key_recommendations` text NOT NULL COMMENT 'Key Recommendations/Actions to be taken, by whom',

  `copy_sent_to` text,
  `annexes` text,
  `status` int NOT NULL DEFAULT '0' COMMENT 'Pending submission for review=0, Reviewed and accepted=1,Submitted for review=2,Reviewed and sent back for more information=3',
  `reviewer_comments` varchar(45) DEFAULT NULL,
  `created_at` int unsigned NOT NULL,
  `updated_at` int unsigned NOT NULL,
  `created_by` int DEFAULT NULL,
  `updated_by` int DEFAULT NULL,
  PRIMARY KEY (`id`)
) ENGINE=InnoDB AUTO_INCREMENT=4 DEFAULT CHARSET=latin1;
/*!40101 SET character_set_client = @saved_cs_client */;

  `copy_sent_to` text DEFAULT NULL,
  `annexes` text DEFAULT NULL,
  `status` int(11) NOT NULL DEFAULT 0 COMMENT 'Pending submission for review=0, Reviewed and accepted=1,Submitted for review=2,Reviewed and sent back for more information=3',
  `reviewer_comments` varchar(45) DEFAULT NULL,
  `created_at` int(11) UNSIGNED NOT NULL,
  `updated_at` int(11) UNSIGNED NOT NULL,
  `created_by` int(11) DEFAULT NULL,
  `updated_by` int(11) DEFAULT NULL
) ENGINE=InnoDB DEFAULT CHARSET=latin1;


--
-- Dumping data for table `me_back_to_office_report`
--


LOCK TABLES `me_back_to_office_report` WRITE;
/*!40000 ALTER TABLE `me_back_to_office_report` DISABLE KEYS */;
INSERT INTO `me_back_to_office_report` VALUES (1,'2021-03-10','2021-03-12','test  Test','Francis  Chulu','<p>Partners</p>','<p>Purpose</p>','<p>Summary</p>','<p>Findings</p>','<p>Recommedations</p>',NULL,'',1,'BtOR is well done hence it has been accepted',1615321516,1615388511,10,1),(2,'2021-03-09','2021-03-12','test  Test','Chulu  Francis, Test  Test','<p>Partners</p>','<p>Lorem ipsum</p>','<p>Lorem ipsum</p>','<p>Lorem ipsum</p>','<p>Lorem ipsum</p>',NULL,'',1,'',1617129037,1617129133,10,1),(3,'2021-03-24','2021-03-27','test  Test','Francis  Chulu, test test','<p>lorem ipsum</p>','<p>lorem ipsum</p>','<p>lorem ipsum</p>','<p>lorem ipsum</p>','<p>lorem ipsum</p>',NULL,'',1,'',1617178995,1617179107,10,1);
/*!40000 ALTER TABLE `me_back_to_office_report` ENABLE KEYS */;
UNLOCK TABLES;

INSERT INTO `me_back_to_office_report` (`id`, `start_date`, `end_date`, `name_of_officer`, `team_members`, `key_partners`, `purpose_of_assignment`, `summary_of_assignment_outcomes`, `key_findings`, `key_recommendations`, `copy_sent_to`, `annexes`, `status`, `reviewer_comments`, `created_at`, `updated_at`, `created_by`, `updated_by`) VALUES
(1, '2021-03-10', '2021-03-12', 'test  Test', 'Francis  Chulu', '<p>Partners</p>', '<p>Purpose</p>', '<p>Summary</p>', '<p>Findings</p>', '<p>Recommedations</p>', NULL, '', 1, 'BtOR is well done hence it has been accepted', 1615321516, 1615388511, 10, 1);

-- --------------------------------------------------------


--
-- Table structure for table `me_camp_subproject_records_awpb_objectives`
--


DROP TABLE IF EXISTS `me_camp_subproject_records_awpb_objectives`;
/*!40101 SET @saved_cs_client     = @@character_set_client */;
/*!50503 SET character_set_client = utf8mb4 */;
CREATE TABLE `me_camp_subproject_records_awpb_objectives` (
  `id` int NOT NULL AUTO_INCREMENT,
  `camp_id` int unsigned NOT NULL,
  `quarter` int NOT NULL,

CREATE TABLE `me_camp_subproject_records_awpb_objectives` (
  `id` int(11) NOT NULL,
  `camp_id` int(11) UNSIGNED NOT NULL,
  `quarter` int(11) NOT NULL,

  `key_indicators` text NOT NULL,
  `period_unit` varchar(255) NOT NULL,
  `target` varchar(255) NOT NULL,
  `year` varchar(5) NOT NULL,

  `created_at` int unsigned NOT NULL,
  `updated_at` int unsigned NOT NULL,
  `created_by` int DEFAULT NULL,
  `updated_by` int DEFAULT NULL,
  PRIMARY KEY (`id`),
  KEY `fk_me_camp_subproject_records_awpb_objectives_1_idx` (`camp_id`),
  CONSTRAINT `fk_me_camp_subproject_records_awpb_objectives_1` FOREIGN KEY (`camp_id`) REFERENCES `camp` (`id`)
) ENGINE=InnoDB AUTO_INCREMENT=13 DEFAULT CHARSET=latin1;
/*!40101 SET character_set_client = @saved_cs_client */;

  `created_at` int(11) UNSIGNED NOT NULL,
  `updated_at` int(11) UNSIGNED NOT NULL,
  `created_by` int(11) DEFAULT NULL,
  `updated_by` int(11) DEFAULT NULL
) ENGINE=InnoDB DEFAULT CHARSET=latin1;


--
-- Dumping data for table `me_camp_subproject_records_awpb_objectives`
--

INSERT INTO `me_camp_subproject_records_awpb_objectives` (`id`, `camp_id`, `quarter`, `key_indicators`, `period_unit`, `target`, `year`, `created_at`, `updated_at`, `created_by`, `updated_by`) VALUES
(1, 5, 1, 'Not set', 'Not set', '0', '2021', 1615474709, 1615489186, 10, 10),
(2, 5, 2, 'Not set', 'Not set', '0', '2021', 1615474709, 1615489186, 10, 10),
(3, 5, 3, 'Not set', 'Not set', '0', '2021', 1615474709, 1615489186, 10, 10),
(4, 5, 4, 'Not set', 'Not set', '0', '2021', 1615474709, 1615489186, 10, 10),
(5, 6, 1, 'Not set', 'Not set', '0', '2021', 1615474709, 1615487999, 10, 10),
(6, 6, 2, 'Not set', 'Not set', '0', '2021', 1615474709, 1615487999, 10, 10),
(7, 6, 3, 'Not set', 'Not set', '0', '2021', 1615474709, 1615487999, 10, 10),
(8, 6, 4, 'Not set', 'Not set', '0', '2021', 1615474709, 1615487999, 10, 10),
(9, 7, 1, '- Train 10 farmers\r\n- Indicator two\r\n', '12', '10', '2021', 1615474709, 1615486522, 10, 10),
(10, 7, 2, '- Issue out 5 commodity sacks', '20', '5', '2021', 1615474709, 1615486522, 10, 10),
(11, 7, 3, '- Indicator one\r\n- Indicator two', '1', '1', '2021', 1615474709, 1615486629, 10, 10),
(12, 7, 4, '- Indicator one\r\n- Indicator two', '3', '2', '2021', 1615474709, 1615486522, 10, 10);

-- --------------------------------------------------------

--
-- Table structure for table `me_camp_subproject_records_improved_tech_facilitation`
--


DROP TABLE IF EXISTS `me_camp_subproject_records_improved_tech_facilitation`;
/*!40101 SET @saved_cs_client     = @@character_set_client */;
/*!50503 SET character_set_client = utf8mb4 */;
CREATE TABLE `me_camp_subproject_records_improved_tech_facilitation` (
  `id` int NOT NULL AUTO_INCREMENT,
  `camp_id` int unsigned NOT NULL,
  `output_level_indicator_id` int NOT NULL,
  `year` varchar(5) NOT NULL,
  `quarter` varchar(4) DEFAULT NULL,
  `created_at` int unsigned NOT NULL,
  `updated_at` int unsigned NOT NULL,
  `created_by` int DEFAULT NULL,
  `updated_by` int DEFAULT NULL,
  PRIMARY KEY (`id`),
  KEY `fk_me_camp_subproject_improved_tech_facilitation_1_idx` (`output_level_indicator_id`),
  CONSTRAINT `fk_me_camp_subproject_improved_tech_facilitation_1` FOREIGN KEY (`output_level_indicator_id`) REFERENCES `me_camp_subproject_records_output_level_indicators` (`id`)

CREATE TABLE `me_camp_subproject_records_improved_tech_facilitation` (
  `id` int(11) NOT NULL,
  `camp_id` int(11) UNSIGNED NOT NULL,
  `output_level_indicator_id` int(11) NOT NULL,
  `year` varchar(5) NOT NULL,
  `quarter` varchar(4) DEFAULT NULL,
  `created_at` int(11) UNSIGNED NOT NULL,
  `updated_at` int(11) UNSIGNED NOT NULL,
  `created_by` int(11) DEFAULT NULL,
  `updated_by` int(11) DEFAULT NULL

) ENGINE=InnoDB DEFAULT CHARSET=latin1;

-- --------------------------------------------------------

--
-- Table structure for table `me_camp_subproject_records_monthly_planned_activities`
--


DROP TABLE IF EXISTS `me_camp_subproject_records_monthly_planned_activities`;
/*!40101 SET @saved_cs_client     = @@character_set_client */;
/*!50503 SET character_set_client = utf8mb4 */;
CREATE TABLE `me_camp_subproject_records_monthly_planned_activities` (
  `id` int NOT NULL AUTO_INCREMENT,
  `work_effort_id` int NOT NULL,
  `activity_id` int NOT NULL,
  `faabs_id` int NOT NULL,
  `zone` varchar(45) DEFAULT NULL,
  `activity_target` varchar(255) DEFAULT NULL,
  `beneficiary_target_total` int DEFAULT '0',
  `beneficiary_target_women` varchar(45) NOT NULL DEFAULT '0',
  `beneficiary_target_youth` varchar(45) NOT NULL DEFAULT '0',
  `beneficiary_target_women_headed` varchar(45) NOT NULL DEFAULT '0',
  `created_at` int unsigned NOT NULL,
  `updated_at` int unsigned NOT NULL,
  `created_by` int DEFAULT NULL,
  `updated_by` int DEFAULT NULL,
  PRIMARY KEY (`id`),
  KEY `fk_me_camp_subproject_records_monthly_planned_activities_1_idx` (`faabs_id`),
  KEY `fk_me_camp_subproject_records_monthly_planned_activities_2_idx` (`work_effort_id`),
  CONSTRAINT `fk_me_camp_subproject_records_monthly_planned_activities_1` FOREIGN KEY (`faabs_id`) REFERENCES `me_faabs_groups` (`id`),
  CONSTRAINT `fk_me_camp_subproject_records_monthly_planned_activities_2` FOREIGN KEY (`work_effort_id`) REFERENCES `me_camp_subproject_records_planned_work_effort` (`id`)
) ENGINE=InnoDB AUTO_INCREMENT=17 DEFAULT CHARSET=latin1;
/*!40101 SET character_set_client = @saved_cs_client */;

CREATE TABLE `me_camp_subproject_records_monthly_planned_activities` (
  `id` int(11) NOT NULL,
  `work_effort_id` int(11) NOT NULL,
  `activity_id` int(11) NOT NULL,
  `faabs_id` int(11) NOT NULL,
  `zone` varchar(45) DEFAULT NULL,
  `activity_target` varchar(255) DEFAULT NULL,
  `beneficiary_target_total` int(11) DEFAULT 0,
  `beneficiary_target_women` varchar(45) NOT NULL DEFAULT '0',
  `beneficiary_target_youth` varchar(45) NOT NULL DEFAULT '0',
  `beneficiary_target_women_headed` varchar(45) NOT NULL DEFAULT '0',
  `created_at` int(11) UNSIGNED NOT NULL,
  `updated_at` int(11) UNSIGNED NOT NULL,
  `created_by` int(11) DEFAULT NULL,
  `updated_by` int(11) DEFAULT NULL
) ENGINE=InnoDB DEFAULT CHARSET=latin1;


--
-- Dumping data for table `me_camp_subproject_records_monthly_planned_activities`
--


LOCK TABLES `me_camp_subproject_records_monthly_planned_activities` WRITE;
/*!40000 ALTER TABLE `me_camp_subproject_records_monthly_planned_activities` DISABLE KEYS */;
INSERT INTO `me_camp_subproject_records_monthly_planned_activities` VALUES (14,14,37,3,'Zone','1',7,'1','3','3',1616679511,1616679511,10,10),(15,14,39,3,'Zone','1',7,'2','2','3',1617179520,1617179520,10,10),(16,13,37,3,'Zone','1',3,'1','1','1',1618423737,1618423737,10,10);
/*!40000 ALTER TABLE `me_camp_subproject_records_monthly_planned_activities` ENABLE KEYS */;
UNLOCK TABLES;

INSERT INTO `me_camp_subproject_records_monthly_planned_activities` (`id`, `work_effort_id`, `activity_id`, `faabs_id`, `zone`, `activity_target`, `beneficiary_target_total`, `beneficiary_target_women`, `beneficiary_target_youth`, `beneficiary_target_women_headed`, `created_at`, `updated_at`, `created_by`, `updated_by`) VALUES
(14, 14, 37, 3, 'Zone', '1', 7, '1', '3', '3', 1616679511, 1616679511, 10, 10);

-- --------------------------------------------------------


--
-- Table structure for table `me_camp_subproject_records_monthly_planned_activities_actual`
--


DROP TABLE IF EXISTS `me_camp_subproject_records_monthly_planned_activities_actual`;
/*!40101 SET @saved_cs_client     = @@character_set_client */;
/*!50503 SET character_set_client = utf8mb4 */;
CREATE TABLE `me_camp_subproject_records_monthly_planned_activities_actual` (
  `id` int NOT NULL AUTO_INCREMENT,
  `planned_activity_id` int NOT NULL,

CREATE TABLE `me_camp_subproject_records_monthly_planned_activities_actual` (
  `id` int(11) NOT NULL,
  `planned_activity_id` int(11) NOT NULL,

  `hours_worked_field` varchar(2) NOT NULL DEFAULT '0',
  `hours_worked_office` varchar(2) NOT NULL DEFAULT '0',
  `hours_worked_total` varchar(4) DEFAULT '0',
  `achieved_activity_target` varchar(45) NOT NULL,
  `beneficiary_target_achieved_total` varchar(45) NOT NULL DEFAULT '0',
  `beneficiary_target_achieved_women` varchar(45) NOT NULL DEFAULT '0',
  `beneficiary_target_achieved_youth` varchar(45) NOT NULL DEFAULT '0',
  `beneficiary_target_achieved_women_headed` varchar(45) NOT NULL DEFAULT '0',
  `remarks` text DEFAULT NULL,
  `year` varchar(5) DEFAULT NULL,
  `month` varchar(3) DEFAULT NULL,

  `created_at` int unsigned NOT NULL,
  `updated_at` int unsigned NOT NULL,
  `created_by` int DEFAULT NULL,
  `updated_by` int DEFAULT NULL,
  PRIMARY KEY (`id`),
  KEY `fk_new_table_2_idx` (`planned_activity_id`),
  CONSTRAINT `fk_new_table_2` FOREIGN KEY (`planned_activity_id`) REFERENCES `me_camp_subproject_records_monthly_planned_activities` (`id`)
) ENGINE=InnoDB AUTO_INCREMENT=4 DEFAULT CHARSET=latin1;
/*!40101 SET character_set_client = @saved_cs_client */;

  `created_at` int(11) UNSIGNED NOT NULL,
  `updated_at` int(11) UNSIGNED NOT NULL,
  `created_by` int(11) DEFAULT NULL,
  `updated_by` int(11) DEFAULT NULL
) ENGINE=InnoDB DEFAULT CHARSET=latin1;


--
-- Dumping data for table `me_camp_subproject_records_monthly_planned_activities_actual`
--


LOCK TABLES `me_camp_subproject_records_monthly_planned_activities_actual` WRITE;
/*!40000 ALTER TABLE `me_camp_subproject_records_monthly_planned_activities_actual` DISABLE KEYS */;
INSERT INTO `me_camp_subproject_records_monthly_planned_activities_actual` VALUES (1,14,'1','1','2','1','31','18','5','8','',NULL,NULL,1617129988,1617129988,10,10),(2,15,'1','10','11','1','12','4','4','4','',NULL,NULL,1617179689,1617179689,10,10),(3,16,'1','1','2','1','3','1','1','1','',NULL,NULL,1618423751,1618423751,10,10);
/*!40000 ALTER TABLE `me_camp_subproject_records_monthly_planned_activities_actual` ENABLE KEYS */;
UNLOCK TABLES;

INSERT INTO `me_camp_subproject_records_monthly_planned_activities_actual` (`id`, `planned_activity_id`, `hours_worked_field`, `hours_worked_office`, `hours_worked_total`, `achieved_activity_target`, `beneficiary_target_achieved_total`, `beneficiary_target_achieved_women`, `beneficiary_target_achieved_youth`, `beneficiary_target_achieved_women_headed`, `remarks`, `year`, `month`, `created_at`, `updated_at`, `created_by`, `updated_by`) VALUES
(13, 14, '1', '1', '2', '1', '3', '1', '1', '1', '', NULL, NULL, 1616707532, 1616707532, 10, 10);

-- --------------------------------------------------------


--
-- Table structure for table `me_camp_subproject_records_output_level_indicators`
--


DROP TABLE IF EXISTS `me_camp_subproject_records_output_level_indicators`;
/*!40101 SET @saved_cs_client     = @@character_set_client */;
/*!50503 SET character_set_client = utf8mb4 */;
CREATE TABLE `me_camp_subproject_records_output_level_indicators` (
  `id` int NOT NULL AUTO_INCREMENT,
  `indicator` text NOT NULL,
  PRIMARY KEY (`id`)

CREATE TABLE `me_camp_subproject_records_output_level_indicators` (
  `id` int(11) NOT NULL,
  `indicator` text NOT NULL

) ENGINE=InnoDB DEFAULT CHARSET=latin1;

-- --------------------------------------------------------

--
-- Table structure for table `me_camp_subproject_records_planned_work_effort`
--


DROP TABLE IF EXISTS `me_camp_subproject_records_planned_work_effort`;
/*!40101 SET @saved_cs_client     = @@character_set_client */;
/*!50503 SET character_set_client = utf8mb4 */;
CREATE TABLE `me_camp_subproject_records_planned_work_effort` (
  `id` int NOT NULL AUTO_INCREMENT,
  `camp_id` int unsigned NOT NULL,
  `year` int NOT NULL,
  `month` varchar(15) NOT NULL,
  `days_in_month` int NOT NULL,
  `days_field` int NOT NULL DEFAULT '0',
  `days_office` int NOT NULL DEFAULT '0',
  `days_total` int DEFAULT '0' COMMENT 'Field days + Office days',
  `days_other_non_esapp_activities` int DEFAULT NULL,
  `created_at` int unsigned NOT NULL,
  `updated_at` int unsigned NOT NULL,
  `created_by` int DEFAULT NULL,
  `updated_by` int DEFAULT NULL,
  PRIMARY KEY (`id`),
  KEY `fk_me_camp_subproject_records_planned_work_effort_1_idx` (`camp_id`),
  CONSTRAINT `fk_me_camp_subproject_records_planned_work_effort_1` FOREIGN KEY (`camp_id`) REFERENCES `camp` (`id`)
) ENGINE=InnoDB AUTO_INCREMENT=15 DEFAULT CHARSET=latin1;
/*!40101 SET character_set_client = @saved_cs_client */;

CREATE TABLE `me_camp_subproject_records_planned_work_effort` (
  `id` int(11) NOT NULL,
  `camp_id` int(11) UNSIGNED NOT NULL,
  `year` int(11) NOT NULL,
  `month` varchar(15) NOT NULL,
  `days_in_month` int(11) NOT NULL,
  `days_field` int(11) NOT NULL DEFAULT 0,
  `days_office` int(11) NOT NULL DEFAULT 0,
  `days_total` int(11) DEFAULT 0 COMMENT 'Field days + Office days',
  `days_other_non_esapp_activities` int(11) DEFAULT NULL,
  `created_at` int(11) UNSIGNED NOT NULL,
  `updated_at` int(11) UNSIGNED NOT NULL,
  `created_by` int(11) DEFAULT NULL,
  `updated_by` int(11) DEFAULT NULL
) ENGINE=InnoDB DEFAULT CHARSET=latin1;


--
-- Dumping data for table `me_camp_subproject_records_planned_work_effort`
--

INSERT INTO `me_camp_subproject_records_planned_work_effort` (`id`, `camp_id`, `year`, `month`, `days_in_month`, `days_field`, `days_office`, `days_total`, `days_other_non_esapp_activities`, `created_at`, `updated_at`, `created_by`, `updated_by`) VALUES
(13, 6, 2021, '3', 31, 12, 12, 24, 2, 1616678720, 1616678720, 10, 10),
(14, 5, 2021, '3', 31, 6, 4, 10, 7, 1616678740, 1616751023, 10, 10);

-- --------------------------------------------------------

--
-- Table structure for table `me_camp_subproject_records_subcomponents`
--


DROP TABLE IF EXISTS `me_camp_subproject_records_subcomponents`;
/*!40101 SET @saved_cs_client     = @@character_set_client */;
/*!50503 SET character_set_client = utf8mb4 */;
CREATE TABLE `me_camp_subproject_records_subcomponents` (
  `id` int NOT NULL AUTO_INCREMENT,
  `facilitation_id` int NOT NULL,

CREATE TABLE `me_camp_subproject_records_subcomponents` (
  `id` int(11) NOT NULL,
  `facilitation_id` int(11) NOT NULL,

  `sub_component` varchar(255) NOT NULL,
  `females` varchar(45) NOT NULL DEFAULT '0',
  `males` varchar(45) NOT NULL DEFAULT '0',
  `women_headed` varchar(45) NOT NULL DEFAULT '0',
  `youth` varchar(45) NOT NULL DEFAULT '0',

  `created_at` int unsigned NOT NULL,
  `updated_at` int unsigned NOT NULL,
  `created_by` int DEFAULT NULL,
  `updated_by` int DEFAULT NULL,
  PRIMARY KEY (`id`),
  KEY `fk_me_camp_subproject_records_subcomponents_1_idx` (`facilitation_id`),
  CONSTRAINT `fk_me_camp_subproject_records_subcomponents_1` FOREIGN KEY (`facilitation_id`) REFERENCES `me_camp_subproject_records_improved_tech_facilitation` (`id`)

  `created_at` int(11) UNSIGNED NOT NULL,
  `updated_at` int(11) UNSIGNED NOT NULL,
  `created_by` int(11) DEFAULT NULL,
  `updated_by` int(11) DEFAULT NULL

) ENGINE=InnoDB DEFAULT CHARSET=latin1;

-- --------------------------------------------------------

--
-- Table structure for table `me_faabs_category_a_farmers`
--


DROP TABLE IF EXISTS `me_faabs_category_a_farmers`;
/*!40101 SET @saved_cs_client     = @@character_set_client */;
/*!50503 SET character_set_client = utf8mb4 */;
CREATE TABLE `me_faabs_category_a_farmers` (
  `id` int NOT NULL AUTO_INCREMENT,
  `faabs_group_id` int NOT NULL,

CREATE TABLE `me_faabs_category_a_farmers` (
  `id` int(11) NOT NULL,
  `faabs_group_id` int(11) NOT NULL,

  `first_name` varchar(255) NOT NULL,
  `other_names` varchar(255) DEFAULT NULL,
  `last_name` varchar(255) NOT NULL,
  `sex` varchar(7) NOT NULL,
  `dob` date NOT NULL,
  `nrc` varchar(20) DEFAULT NULL,
  `marital_status` varchar(15) NOT NULL,
  `contact_number` varchar(16) DEFAULT NULL,
  `relationship_to_household_head` varchar(50) DEFAULT NULL,
  `registration_date` date NOT NULL,

  `status` int NOT NULL DEFAULT '1',
  `household_size` int DEFAULT '0',

  `status` int(11) NOT NULL DEFAULT 1,
  `household_size` int(11) DEFAULT 0,

  `village` varchar(255) DEFAULT NULL,
  `chiefdom` varchar(255) DEFAULT NULL,
  `block` varchar(255) DEFAULT NULL,
  `zone` varchar(255) DEFAULT NULL,
  `commodity` varchar(255) DEFAULT NULL,

  `created_at` int unsigned NOT NULL,
  `updated_at` int unsigned NOT NULL,
  `created_by` int DEFAULT NULL,
  `updated_by` int DEFAULT NULL,
  `title` varchar(10) NOT NULL,
  `age` int DEFAULT NULL,
  PRIMARY KEY (`id`),
  KEY `fk_me_faabs_farmer_register_1_idx` (`faabs_group_id`),
  CONSTRAINT `fk_me_faabs_category_a_farmers` FOREIGN KEY (`faabs_group_id`) REFERENCES `me_faabs_groups` (`id`)
) ENGINE=InnoDB AUTO_INCREMENT=4 DEFAULT CHARSET=latin1;
/*!40101 SET character_set_client = @saved_cs_client */;

  `created_at` int(11) UNSIGNED NOT NULL,
  `updated_at` int(11) UNSIGNED NOT NULL,
  `created_by` int(11) DEFAULT NULL,
  `updated_by` int(11) DEFAULT NULL,
  `title` varchar(10) NOT NULL,
  `age` int(11) DEFAULT NULL
) ENGINE=InnoDB DEFAULT CHARSET=latin1;


--
-- Dumping data for table `me_faabs_category_a_farmers`
--

INSERT INTO `me_faabs_category_a_farmers` (`id`, `faabs_group_id`, `first_name`, `other_names`, `last_name`, `sex`, `dob`, `nrc`, `marital_status`, `contact_number`, `relationship_to_household_head`, `registration_date`, `status`, `household_size`, `village`, `chiefdom`, `block`, `zone`, `commodity`, `created_at`, `updated_at`, `created_by`, `updated_by`, `title`, `age`) VALUES
(1, 3, 'Francis', '', 'Chulu', 'Male', '1990-06-05', '1828672/12/34', 'Married', '+260978981455', '', '2021-03-03', 1, 10, 'Village one', 'Chiefdom', 'Block', 'Zone', 'Commodity', 1615132100, 1616709828, 10, 10, 'Mr.', 30),
(2, 3, 'Francis', '', 'test', 'Male', '1989-07-19', '1828672/12/00', 'Single', '', '', '2021-03-25', 1, NULL, '', '', '', '', '', 1616709481, 1616709903, 10, 10, 'Mr.', 31),
(3, 1, 'First ', '', 'Last name', 'Female', '1980-07-23', '1828672/12/1', 'Married', '', '', '2021-03-26', 1, 6, 'Village one', 'Chiefdom', 'Block', 'Zone', 'Commodity', 1616764476, 1616764476, 10, 10, 'Mrs.', 40);

-- --------------------------------------------------------

--
-- Table structure for table `me_faabs_groups`
--


DROP TABLE IF EXISTS `me_faabs_groups`;
/*!40101 SET @saved_cs_client     = @@character_set_client */;
/*!50503 SET character_set_client = utf8mb4 */;
CREATE TABLE `me_faabs_groups` (
  `id` int NOT NULL AUTO_INCREMENT,
  `camp_id` int unsigned NOT NULL,
  `name` varchar(255) NOT NULL,
  `code` varchar(20) DEFAULT NULL,
  `status` int DEFAULT '1',
  `created_at` int unsigned NOT NULL,
  `updated_at` int unsigned NOT NULL,
  `created_by` int DEFAULT NULL,
  `updated_by` int DEFAULT NULL,
  PRIMARY KEY (`id`),
  KEY `fk_me_faabs_groups_1_idx` (`camp_id`),
  CONSTRAINT `fk_me_faabs_groups_1` FOREIGN KEY (`camp_id`) REFERENCES `camp` (`id`)
) ENGINE=InnoDB AUTO_INCREMENT=4 DEFAULT CHARSET=utf8mb3;
/*!40101 SET character_set_client = @saved_cs_client */;

CREATE TABLE `me_faabs_groups` (
  `id` int(11) NOT NULL,
  `camp_id` int(11) UNSIGNED NOT NULL,
  `name` varchar(255) NOT NULL,
  `code` varchar(20) DEFAULT NULL,
  `status` int(11) DEFAULT 1,
  `created_at` int(11) UNSIGNED NOT NULL,
  `updated_at` int(11) UNSIGNED NOT NULL,
  `created_by` int(11) DEFAULT NULL,
  `updated_by` int(11) DEFAULT NULL
) ENGINE=InnoDB DEFAULT CHARSET=utf8;


--
-- Dumping data for table `me_faabs_groups`
--

INSERT INTO `me_faabs_groups` (`id`, `camp_id`, `name`, `code`, `status`, `created_at`, `updated_at`, `created_by`, `updated_by`) VALUES
(1, 5, 'FaaBS One', 'FO', 1, 1607263313, 1615144510, 1, 10),
(3, 5, 'Come together Group', NULL, 1, 1615123711, 1615123711, 10, 10);

-- --------------------------------------------------------

--
-- Table structure for table `me_faabs_register`
--


DROP TABLE IF EXISTS `me_faabs_register`;
/*!40101 SET @saved_cs_client     = @@character_set_client */;
/*!50503 SET character_set_client = utf8mb4 */;
CREATE TABLE `me_faabs_register` (
  `id` int NOT NULL AUTO_INCREMENT,
  `faabs_group_id` int NOT NULL,
  `farmer_id` int NOT NULL,
  `present` enum('Yes','No') DEFAULT 'Yes',
  `date` date NOT NULL,
  `topic` mediumtext NOT NULL COMMENT 'Topic or session covered i.e. Village Chicken housing',
  `created_at` int unsigned NOT NULL,
  `updated_at` int unsigned NOT NULL,
  `created_by` int DEFAULT NULL,
  `updated_by` int DEFAULT NULL,
  PRIMARY KEY (`id`),
  KEY `fk_me_faabs_register_1_idx` (`farmer_id`),
  KEY `fk_me_faabs_register_2_idx` (`faabs_group_id`),
  CONSTRAINT `fk_me_faabs_register_1` FOREIGN KEY (`farmer_id`) REFERENCES `me_faabs_category_a_farmers` (`id`),
  CONSTRAINT `fk_me_faabs_register_2` FOREIGN KEY (`faabs_group_id`) REFERENCES `me_faabs_groups` (`id`)
) ENGINE=InnoDB DEFAULT CHARSET=utf8mb3;
/*!40101 SET character_set_client = @saved_cs_client */;

--
-- Dumping data for table `me_faabs_register`
--

CREATE TABLE `me_faabs_register` (
  `id` int(11) NOT NULL,
  `faabs_group_id` int(11) NOT NULL,
  `farmer_id` int(11) NOT NULL,
  `present` enum('Yes','No') DEFAULT 'Yes',
  `date` date NOT NULL,
  `topic` mediumtext NOT NULL COMMENT 'Topic or session covered i.e. Village Chicken housing',
  `created_at` int(11) UNSIGNED NOT NULL,
  `updated_at` int(11) UNSIGNED NOT NULL,
  `created_by` int(11) DEFAULT NULL,
  `updated_by` int(11) DEFAULT NULL
) ENGINE=InnoDB DEFAULT CHARSET=utf8;


-- --------------------------------------------------------

--
-- Table structure for table `me_faabs_training_attendance_sheet`
--


DROP TABLE IF EXISTS `me_faabs_training_attendance_sheet`;
/*!40101 SET @saved_cs_client     = @@character_set_client */;
/*!50503 SET character_set_client = utf8mb4 */;
CREATE TABLE `me_faabs_training_attendance_sheet` (
  `id` int NOT NULL AUTO_INCREMENT,
  `faabs_group_id` int NOT NULL,
  `farmer_id` int NOT NULL,

CREATE TABLE `me_faabs_training_attendance_sheet` (
  `id` int(11) NOT NULL,
  `faabs_group_id` int(11) NOT NULL,
  `farmer_id` int(11) NOT NULL,

  `household_head_type` varchar(45) NOT NULL DEFAULT 'Male headed' COMMENT 'Female headed or Male headed',
  `topic` text NOT NULL COMMENT 'Training course',
  `facilitators` text NOT NULL COMMENT 'Facilitators/Organisation',
  `partner_organisations` text DEFAULT NULL,
  `training_date` date NOT NULL,
  `duration` varchar(10) NOT NULL COMMENT 'Duration hours and minutes',

  `created_at` int unsigned NOT NULL,
  `updated_at` int unsigned NOT NULL,
  `created_by` int DEFAULT NULL,
  `updated_by` int DEFAULT NULL,

  `created_at` int(11) UNSIGNED NOT NULL,
  `updated_at` int(11) UNSIGNED NOT NULL,
  `created_by` int(11) DEFAULT NULL,
  `updated_by` int(11) DEFAULT NULL,

  `full_names` varchar(255) DEFAULT NULL,
  `youth_non_youth` enum('Youth','Non Youth') DEFAULT NULL,
  `marital_status` varchar(45) DEFAULT NULL,
  `sex` varchar(45) DEFAULT NULL,
  `year_of_birth` varchar(6) DEFAULT NULL,
  `quarter` varchar(2) DEFAULT NULL,

  `topic_indicator` text,
  `topic_subcomponent` varchar(45) DEFAULT NULL,
  `training_type` text,
  PRIMARY KEY (`id`),
  KEY `fk_me_faabs_training_attendance_sheet_1_idx` (`farmer_id`),
  KEY `fk_me_faabs_training_attendance_sheet_2_idx` (`faabs_group_id`),
  CONSTRAINT `fk_me_faabs_training_attendance_sheet_1` FOREIGN KEY (`farmer_id`) REFERENCES `me_faabs_category_a_farmers` (`id`),
  CONSTRAINT `fk_me_faabs_training_attendance_sheet_2` FOREIGN KEY (`faabs_group_id`) REFERENCES `me_faabs_groups` (`id`)
) ENGINE=InnoDB AUTO_INCREMENT=11 DEFAULT CHARSET=latin1;
/*!40101 SET character_set_client = @saved_cs_client */;

  `topic_indicator` text DEFAULT NULL,
  `topic_subcomponent` varchar(45) DEFAULT NULL
) ENGINE=InnoDB DEFAULT CHARSET=latin1;


--
-- Dumping data for table `me_faabs_training_attendance_sheet`
--


LOCK TABLES `me_faabs_training_attendance_sheet` WRITE;
/*!40000 ALTER TABLE `me_faabs_training_attendance_sheet` DISABLE KEYS */;
INSERT INTO `me_faabs_training_attendance_sheet` VALUES (9,3,1,'','3','Facilitator names','','2021-04-06','12:30',1618397385,1618398329,10,10,NULL,'Non Youth',NULL,'Male',NULL,'2','Number of smallholders trained in the use of improved production technologies & best practices to enhance productivity that allow production to comply with market requirements (at least 3 improved production technologies facilitated)','Sub-component 2.2','Participants under non-Direct/Other Training [Stream 2]'),(10,3,1,'','2','Facilitator names','','2021-04-12','13:00',1618917211,1618917211,10,10,NULL,'Non Youth',NULL,'Male',NULL,'2','Number of smallholders trained in the use of improved production technologies & best practices to enhance productivity that allow production to comply with market requirements (at least 3 improved production technologies facilitated)','Sub-component 2.1','Participants under non-Direct/Other Training [Stream 2]');
/*!40000 ALTER TABLE `me_faabs_training_attendance_sheet` ENABLE KEYS */;
UNLOCK TABLES;

INSERT INTO `me_faabs_training_attendance_sheet` (`id`, `faabs_group_id`, `farmer_id`, `household_head_type`, `topic`, `facilitators`, `partner_organisations`, `training_date`, `duration`, `created_at`, `updated_at`, `created_by`, `updated_by`, `full_names`, `youth_non_youth`, `marital_status`, `sex`, `year_of_birth`, `quarter`, `topic_indicator`, `topic_subcomponent`) VALUES
(4, 3, 1, 'Male headed', '3', 'Facilitator names', '', '2021-03-26', '00:50', 1616708399, 1616772985, 10, 10, NULL, 'Non Youth', NULL, 'Male', NULL, '1', 'Number of smallholders trained in the use of improved production technologies & best practices to enhance productivity that allow production to comply with market requirements (at least 3 improved production technologies facilitated)', 'Sub-component 2.2'),
(5, 3, 1, 'Female headed', '4', 'Facilitator names', '', '2021-05-19', '00:45', 1616763041, 1616773603, 10, 10, NULL, 'Non Youth', NULL, 'Male', NULL, '3', 'Number of smallholders trained in improved Post-harvest technologies (at least 2 improved post-harvest technologies)', 'Sub-component 2.2'),
(6, 3, 2, 'Male headed', '2', 'Facilitator names', '', '2021-10-21', '15:00', 1616764340, 1616771306, 10, 10, NULL, 'Non Youth', NULL, 'Male', NULL, '3', 'Number of smallholders trained in the use of improved production technologies & best practices to enhance productivity that allow production to comply with market requirements (at least 3 improved production technologies facilitated)', 'Sub-component 2.1'),
(7, 1, 3, 'Female headed', '3', 'Facilitator names', '', '2021-07-21', '15:15', 1616764994, 1616773629, 10, 10, NULL, 'Non Youth', NULL, 'Female', NULL, '3', 'Number of smallholders trained in the use of improved production technologies & best practices to enhance productivity that allow production to comply with market requirements (at least 3 improved production technologies facilitated)', 'Sub-component 2.2'),
(8, 1, 3, 'Female headed', '2', 'Facilitator names', '', '2021-07-21', '17:15', 1616772292, 1616772994, 10, 10, NULL, 'Non Youth', NULL, 'Female', NULL, '3', 'Number of smallholders trained in the use of improved production technologies & best practices to enhance productivity that allow production to comply with market requirements (at least 3 improved production technologies facilitated)', 'Sub-component 2.1');

-- --------------------------------------------------------


--
-- Table structure for table `me_faabs_training_topic_enrolment`
--

DROP TABLE IF EXISTS `me_faabs_training_topic_enrolment`;
/*!40101 SET @saved_cs_client     = @@character_set_client */;
/*!50503 SET character_set_client = utf8mb4 */;
CREATE TABLE `me_faabs_training_topic_enrolment` (
  `id` int NOT NULL AUTO_INCREMENT,
  `faabs_id` int NOT NULL,
  `training_type` varchar(255) NOT NULL,
  `topic_id` int NOT NULL,
  PRIMARY KEY (`id`),
  KEY `fk_me_faabs_training_topic_enrolment_1_idx` (`faabs_id`),
  KEY `fk_me_faabs_training_topic_enrolment_2_idx` (`topic_id`),
  CONSTRAINT `fk_me_faabs_training_topic_enrolment_1` FOREIGN KEY (`faabs_id`) REFERENCES `me_faabs_groups` (`id`),
  CONSTRAINT `fk_me_faabs_training_topic_enrolment_2` FOREIGN KEY (`topic_id`) REFERENCES `me_faabs_training_topics` (`id`)
) ENGINE=InnoDB AUTO_INCREMENT=23 DEFAULT CHARSET=utf8mb3;
/*!40101 SET character_set_client = @saved_cs_client */;

--
-- Dumping data for table `me_faabs_training_topic_enrolment`
--

LOCK TABLES `me_faabs_training_topic_enrolment` WRITE;
/*!40000 ALTER TABLE `me_faabs_training_topic_enrolment` DISABLE KEYS */;
INSERT INTO `me_faabs_training_topic_enrolment` VALUES (14,1,'Participants under non-Direct/Other Training [Stream 2]',2),(15,1,'Participants under non-Direct/Other Training [Stream 2]',3),(16,1,'Participants under non-Direct/Other Training [Stream 2]',4),(19,3,'Participants under Direct/Intensive Training [Stream 1]',2),(20,3,'Participants under Direct/Intensive Training [Stream 1]',3),(21,3,'Participants under Direct/Intensive Training [Stream 1]',4),(22,3,'Participants under Direct/Intensive Training [Stream 1]',5);
/*!40000 ALTER TABLE `me_faabs_training_topic_enrolment` ENABLE KEYS */;
UNLOCK TABLES;

--
-- Table structure for table `me_faabs_training_topics`
--


DROP TABLE IF EXISTS `me_faabs_training_topics`;
/*!40101 SET @saved_cs_client     = @@character_set_client */;
/*!50503 SET character_set_client = utf8mb4 */;
CREATE TABLE `me_faabs_training_topics` (
  `id` int NOT NULL AUTO_INCREMENT,
  `topic` text NOT NULL,
  `output_level_indicator` text NOT NULL,
  `category` text NOT NULL,
  `subcomponent` text,
  PRIMARY KEY (`id`)
) ENGINE=InnoDB AUTO_INCREMENT=9 DEFAULT CHARSET=utf8mb3;
/*!40101 SET character_set_client = @saved_cs_client */;

CREATE TABLE `me_faabs_training_topics` (
  `id` int(11) NOT NULL,
  `topic` text NOT NULL,
  `output_level_indicator` text NOT NULL,
  `category` text NOT NULL,
  `subcomponent` text DEFAULT NULL
) ENGINE=InnoDB DEFAULT CHARSET=utf8;


--
-- Dumping data for table `me_faabs_training_topics`
--


LOCK TABLES `me_faabs_training_topics` WRITE;
/*!40000 ALTER TABLE `me_faabs_training_topics` DISABLE KEYS */;
INSERT INTO `me_faabs_training_topics` VALUES (2,'Production enhancing technologies: early planting','Number of smallholders trained in the use of improved production technologies & best practices to enhance productivity that allow production to comply with market requirements (at least 3 improved production technologies facilitated)','Crops','Sub-component 2.1'),(3,'Production enhancing technologies: row planting,','Number of smallholders trained in the use of improved production technologies & best practices to enhance productivity that allow production to comply with market requirements (at least 3 improved production technologies facilitated)','Crops','Sub-component 2.2'),(4,'Production enhancing technologies: construct and use improved livestock housing','Number of smallholders trained in improved Post-harvest technologies (at least 2 improved post-harvest technologies)','Livestock','Sub-component 2.2'),(5,'Test topic 1','Number of local service providers (farm & non-farm) strengthened and/or trained to provide services that allow production to meet market requirements [Strengthening of coordination & business models] ','Aquaculture','Sub-component 2.1'),(6,'Test topic 2','Number of smallholder producers (desegregated by gender) in organizations/cooperatives/marketing groups trained in crucial aspects for inclusion in VC i.e. identification of partnership opportunities, negotiation, market linkages, business management, governance etc [Strengthening of coordination & business models] ','Livestock','Sub-component 2.2'),(7,'Test topic 3','Number of smallholders trained in improved Post-harvest technologies (at least 2 improved post-harvest technologies)','Crops','Sub-component 2.1'),(8,'test topic','Number of smallholders trained in the use of improved production technologies & best practices to enhance productivity that allow production to comply with market requirements (at least 3 improved production technologies facilitated)','Crops','Sub-component 2.1');
/*!40000 ALTER TABLE `me_faabs_training_topics` ENABLE KEYS */;
UNLOCK TABLES;

INSERT INTO `me_faabs_training_topics` (`id`, `topic`, `output_level_indicator`, `category`, `subcomponent`) VALUES
(2, 'Production enhancing technologies: early planting', 'Number of smallholders trained in the use of improved production technologies & best practices to enhance productivity that allow production to comply with market requirements (at least 3 improved production technologies facilitated)', 'Crops', 'Sub-component 2.1'),
(3, 'Production enhancing technologies: row planting,', 'Number of smallholders trained in the use of improved production technologies & best practices to enhance productivity that allow production to comply with market requirements (at least 3 improved production technologies facilitated)', 'Crops', 'Sub-component 2.2'),
(4, 'Production enhancing technologies: construct and use improved livestock housing', 'Number of smallholders trained in improved Post-harvest technologies (at least 2 improved post-harvest technologies)', 'Livestock', 'Sub-component 2.2');

-- --------------------------------------------------------

--
-- Table structure for table `me_field_monitoring_checklists`
--

CREATE TABLE `me_field_monitoring_checklists` (
  `id` int(11) NOT NULL,
  `district_id` int(11) DEFAULT NULL,
  `province_id` int(11) DEFAULT NULL,
  `issue_id` int(11) NOT NULL,
  `addressed` enum('Yes','No') NOT NULL DEFAULT 'No',
  `comments` varchar(45) DEFAULT NULL,
  `created_at` int(11) UNSIGNED NOT NULL,
  `updated_at` int(11) UNSIGNED NOT NULL,
  `created_by` int(11) DEFAULT NULL,
  `updated_by` int(11) DEFAULT NULL
) ENGINE=InnoDB DEFAULT CHARSET=latin1;

-- --------------------------------------------------------


--
-- Table structure for table `me_field_monitoring_checklist_issues`
--


DROP TABLE IF EXISTS `me_field_monitoring_checklist_issues`;
/*!40101 SET @saved_cs_client     = @@character_set_client */;
/*!50503 SET character_set_client = utf8mb4 */;
CREATE TABLE `me_field_monitoring_checklist_issues` (
  `id` int NOT NULL AUTO_INCREMENT,

CREATE TABLE `me_field_monitoring_checklist_issues` (
  `id` int(11) NOT NULL,

  `level` varchar(45) NOT NULL,
  `issue_category` varchar(255) NOT NULL,
  `issue` text NOT NULL
) ENGINE=InnoDB DEFAULT CHARSET=latin1;

-- --------------------------------------------------------

--
-- Table structure for table `mgf_activity`
--

CREATE TABLE `mgf_activity` (
  `id` int(11) NOT NULL,
  `activity_no` int(11) NOT NULL,
  `activity_name` varchar(40) COLLATE utf8mb4_unicode_ci NOT NULL,
  `subtotal` decimal(12,2) NOT NULL DEFAULT 0.00,
  `componet_id` int(11) NOT NULL,
  `inputs` int(11) NOT NULL DEFAULT 0,
  `date_created` timestamp NOT NULL DEFAULT current_timestamp(),
  `createdby` int(11) NOT NULL
) ENGINE=InnoDB DEFAULT CHARSET=utf8mb4 COLLATE=utf8mb4_unicode_ci;

--
-- Dumping data for table `mgf_activity`
--


DROP TABLE IF EXISTS `me_field_monitoring_checklists`;
/*!40101 SET @saved_cs_client     = @@character_set_client */;
/*!50503 SET character_set_client = utf8mb4 */;
CREATE TABLE `me_field_monitoring_checklists` (
  `id` int NOT NULL AUTO_INCREMENT,
  `district_id` int DEFAULT NULL,
  `province_id` int DEFAULT NULL,
  `issue_id` int NOT NULL,
  `addressed` enum('Yes','No') NOT NULL DEFAULT 'No',
  `comments` varchar(45) DEFAULT NULL,
  `created_at` int unsigned NOT NULL,
  `updated_at` int unsigned NOT NULL,
  `created_by` int DEFAULT NULL,
  `updated_by` int DEFAULT NULL,
  PRIMARY KEY (`id`),
  KEY `fk_me_field_monitoring_checklists_1_idx` (`issue_id`),
  CONSTRAINT `fk_me_field_monitoring_checklists_1` FOREIGN KEY (`issue_id`) REFERENCES `me_field_monitoring_checklist_issues` (`id`)
) ENGINE=InnoDB DEFAULT CHARSET=latin1;
/*!40101 SET character_set_client = @saved_cs_client */;

INSERT INTO `mgf_activity` (`id`, `activity_no`, `activity_name`, `subtotal`, `componet_id`, `inputs`, `date_created`, `createdby`) VALUES
(55, 1620846741, 'Activity 1', '51900.00', 35, 1, '2021-05-12 17:12:21', 56),
(56, 1620846747, 'Activity 2', '15580.00', 35, 2, '2021-05-12 17:12:27', 56),
(57, 1620846761, 'Activity 1', '20000.00', 36, 2, '2021-05-12 17:12:41', 56),
(58, 1620846766, 'Activity 2', '9450.00', 36, 1, '2021-05-12 17:12:46', 56);

-- --------------------------------------------------------


--
-- Table structure for table `mgf_applicant`
--

CREATE TABLE `mgf_applicant` (
  `id` int(11) NOT NULL,
  `title` enum('Mr.','Mrs.','Ms.','Miss.','Dr.','Prof.','Rev.') DEFAULT NULL,
  `province_id` int(11) UNSIGNED DEFAULT NULL,
  `district_id` int(11) UNSIGNED DEFAULT NULL,
  `first_name` varchar(30) NOT NULL,
  `last_name` varchar(30) NOT NULL,
  `mobile` varchar(15) NOT NULL,
  `nationalid` varchar(15) DEFAULT NULL,
  `address` text DEFAULT NULL,
  `confirmed` tinyint(1) NOT NULL DEFAULT 0,
  `applicant_type` enum('Category-A','Category-B') DEFAULT NULL,
  `user_id` int(11) NOT NULL,
  `organisation_id` int(11) DEFAULT NULL,
  `date_created` timestamp NOT NULL DEFAULT current_timestamp()
) ENGINE=InnoDB DEFAULT CHARSET=utf8;

--
-- Dumping data for table `mgf_applicant`
--

INSERT INTO `mgf_applicant` (`id`, `title`, `province_id`, `district_id`, `first_name`, `last_name`, `mobile`, `nationalid`, `address`, `confirmed`, `applicant_type`, `user_id`, `organisation_id`, `date_created`) VALUES
(2, NULL, 1, NULL, 'Chikondi', 'Banda', '0977665423', NULL, '', 0, 'Category-B', 17, NULL, '2021-03-01 19:15:34'),
(5, NULL, 2, NULL, 'Danny', 'Leza', '0977384902', NULL, '', 0, '', 20, NULL, '2021-03-11 15:54:48'),
(6, NULL, 4, NULL, 'Jacob', 'Chaya', '0967889021', NULL, '', 0, '', 21, NULL, '2021-03-16 13:51:59'),
(7, NULL, 2, NULL, 'Lloyd', 'Hambai', '0977221178', NULL, '', 0, 'Category-A', 22, NULL, '2021-04-06 14:31:20'),
(8, 'Mr.', 2, NULL, 'David', 'Kangwa', '0977116278', '473890/11/1', 'address1', 0, 'Category-A', 23, NULL, '2021-04-06 14:33:34'),
(9, 'Mr.', 2, NULL, 'Brian', 'Kaoma', '0967889022', '237781/11/1', 'wqw', 0, 'Category-B', 24, NULL, '2021-04-10 19:22:48'),
(10, NULL, NULL, NULL, 'Farai', 'Tofa', '0977847239', '593312/11/1', NULL, 0, 'Category-B', 26, NULL, '2021-04-19 17:28:15'),
(11, 'Rev.', 2, NULL, 'Adrian', 'Kangwa', '0977221178', '983382/11/1', 'address', 0, 'Category-B', 27, NULL, '2021-04-21 06:37:45'),
(12, NULL, NULL, NULL, 'Boyd', 'Banda', '0966327718', '112783/11/1', NULL, 0, 'Category-B', 28, NULL, '2021-04-21 06:50:19'),
(13, NULL, NULL, NULL, 'New', 'User', '0977336627', '991103/11/1', NULL, 0, 'Category-B', 35, NULL, '2021-04-27 11:31:42'),
(14, 'Mr.', 7, NULL, 'Asan', 'Mbale', '0977336627', '593312/10/1', 'My Addresss', 0, 'Category-B', 37, NULL, '2021-04-27 12:14:09'),
(15, 'Mr.', 1, NULL, 'Kalusa', 'Kaamba', '0977847231', '593312/13/1', 'Address 35676242', 0, 'Category-B', 53, NULL, '2021-04-28 17:54:11'),
(16, 'Mr.', 2, NULL, 'Kaluba', 'Kaumba', '0977847232', '593393/10/1', 'My Address', 0, 'Category-A', 54, NULL, '2021-04-28 18:23:19'),
(17, 'Mr.', 1, NULL, 'David', 'Bwalya', '0977227781', '473890/10/1', 'Address1 ', 0, 'Category-B', 55, NULL, '2021-04-28 18:43:39'),
(18, 'Mr.', 6, 54, 'FarmerA', 'FarmerA', '0977338294', '593393/10/1', 'Farmer-A Address', 1, 'Category-A', 56, 34, '2021-04-28 20:14:29'),
(19, 'Mr.', 2, 13, 'FarmerB', 'FarmerB', '0977338214', '593313/12/1', 'Farmer-B Address', 0, 'Category-B', 57, 35, '2021-04-28 20:20:17'),
(20, 'Ms.', 5, NULL, 'FarmerC', 'FarmerC', '0977338829', '993301/11/1', 'Farmer C Address', 0, 'Category-B', 60, NULL, '2021-05-11 19:12:00'),
(21, 'Ms.', 1, 7, 'FarmerD', 'FarmerD', '0977332289', '839920/11/1', 'Farmer D Address', 0, 'Category-B', 61, 37, '2021-05-12 07:40:12'),
(22, 'Mrs.', 2, 12, 'Farmer7', 'Farmer7', '0978221189', '882211/12/1', 'Address\r\n', 0, 'Category-B', 66, 36, '2021-05-17 08:04:00'),
(23, 'Mr.', 1, 9, 'Farmer8', 'Farmer8', '0977661162', '1828672/12/00', 'Address', 0, 'Category-A', 67, NULL, '2021-05-17 15:14:15'),
(24, NULL, NULL, NULL, 'Farmer9', 'Farmer9', '0977227381', '903381/11/1', NULL, 0, NULL, 68, NULL, '2021-05-17 16:23:59'),
(25, NULL, NULL, NULL, 'Farmer10', 'Farmer9', '0977443891', '991182/22/1', NULL, 0, NULL, 69, NULL, '2021-05-17 16:26:06'),
(26, NULL, NULL, NULL, 'Farmer11', 'Farmer11', '0977221394', '968590/11/1', NULL, 0, NULL, 70, NULL, '2021-05-17 16:27:43'),
(27, NULL, NULL, NULL, 'Farmer12', 'Farmer12', '0966447382', '904487/21/1', NULL, 0, NULL, 71, NULL, '2021-05-17 16:29:42'),
(28, NULL, NULL, NULL, 'Farmer13', 'Farmer13', '0976338891', '905592/11/1', NULL, 0, NULL, 72, NULL, '2021-05-17 17:00:47'),
(29, 'Mrs.', 1, 10, 'Farmer14', 'Farmer14', '0977336478', '987765/11/1', 'fhg', 0, NULL, 73, NULL, '2021-05-17 18:37:41'),
(30, NULL, NULL, NULL, 'Farmer15', 'Farmer15', '0977446738', '349901/11/1', NULL, 0, NULL, 74, NULL, '2021-05-17 18:44:49'),
(31, NULL, NULL, NULL, 'Farmer16', 'Farmer16', '0977447581', '894490/11/1', NULL, 0, NULL, 75, NULL, '2021-05-17 18:47:41'),
(32, 'Mrs.', 1, 11, 'Farmer17', 'Farmer17', '0977332283', '1828672/12/1', 'Address', 0, NULL, 76, 38, '2021-05-18 08:18:23'),
(33, NULL, NULL, NULL, 'Farai', 'Tofa', '0977227738', '784799/11/1', NULL, 0, NULL, 77, NULL, '2021-05-18 11:03:14'),
(34, NULL, NULL, NULL, 'F1', 'L1', '0977336617', '647738/11/1', NULL, 0, NULL, 78, NULL, '2021-05-21 14:11:30'),
(35, NULL, NULL, NULL, 'F2', 'L2', '0977221189', '885590/11/1', NULL, 0, NULL, 79, NULL, '2021-05-21 14:20:08'),
(36, 'Mrs.', 1, 9, 'F3', 'L3', '0977119902', '948839/22/1', 'My Address', 0, NULL, 80, 39, '2021-05-21 14:24:48');

--
-- Triggers `mgf_applicant`
--
DELIMITER $$
CREATE TRIGGER `after_applicant_update` AFTER UPDATE ON `mgf_applicant` FOR EACH ROW BEGIN
	UPDATE users SET first_name=new.first_name, last_name=new.last_name,phone=new.mobile,district_id=new.district_id,province_id=new.province_id,nrc=new.nationalid,type_of_user='Applicant' WHERE id=new.user_id;
END
$$
DELIMITER ;

-- --------------------------------------------------------

--
-- Table structure for table `mgf_application`
--

CREATE TABLE `mgf_application` (
  `id` int(11) NOT NULL,
  `attachements` int(1) DEFAULT NULL,
  `applicant_id` int(11) NOT NULL,
  `organisation_id` int(11) NOT NULL,
  `application_status` varchar(15) COLLATE utf8mb4_unicode_ci NOT NULL DEFAULT 'Initialized',
  `is_active` tinyint(1) NOT NULL DEFAULT 0,
  `date_created` timestamp NOT NULL DEFAULT current_timestamp(),
  `date_submitted` timestamp NULL DEFAULT NULL
) ENGINE=InnoDB DEFAULT CHARSET=utf8mb4 COLLATE=utf8mb4_unicode_ci;

--

-- Table structure for table `me_quarterly_operations_funds_requisition`
--

DROP TABLE IF EXISTS `me_quarterly_operations_funds_requisition`;
/*!40101 SET @saved_cs_client     = @@character_set_client */;
/*!50503 SET character_set_client = utf8mb4 */;
CREATE TABLE `me_quarterly_operations_funds_requisition` (
  `id` int NOT NULL AUTO_INCREMENT,
  `quarter_workplan_id` int NOT NULL,
  `budget_estimate_month_1` varchar(50) DEFAULT '0',
  `budget_estimate_month_2` varchar(50) DEFAULT '0',
  `budget_estimate_month_3` varchar(50) DEFAULT '0',
  `created_at` int unsigned NOT NULL,
  `updated_at` int unsigned NOT NULL,
  `created_by` int DEFAULT NULL,
  `updated_by` int DEFAULT NULL,
  PRIMARY KEY (`id`),
  KEY `fk_me_quarterly_operations_funds_requisition_1_idx` (`quarter_workplan_id`),
  CONSTRAINT `fk_me_quarterly_operations_funds_requisition_1` FOREIGN KEY (`quarter_workplan_id`) REFERENCES `me_quarterly_work_plan` (`id`)
) ENGINE=InnoDB DEFAULT CHARSET=utf8mb3;
/*!40101 SET character_set_client = @saved_cs_client */;

--
-- Dumping data for table `me_quarterly_operations_funds_requisition`
--

LOCK TABLES `me_quarterly_operations_funds_requisition` WRITE;
/*!40000 ALTER TABLE `me_quarterly_operations_funds_requisition` DISABLE KEYS */;
/*!40000 ALTER TABLE `me_quarterly_operations_funds_requisition` ENABLE KEYS */;
UNLOCK TABLES;

--
-- Table structure for table `me_quarterly_work_plan`
--

DROP TABLE IF EXISTS `me_quarterly_work_plan`;
/*!40101 SET @saved_cs_client     = @@character_set_client */;
/*!50503 SET character_set_client = utf8mb4 */;
CREATE TABLE `me_quarterly_work_plan` (
  `id` int NOT NULL AUTO_INCREMENT,
  `activity_id` int NOT NULL,
  `province_id` int NOT NULL,
  `district_id` int NOT NULL,
  `month` int NOT NULL,
  `quarter` varchar(15) NOT NULL,
  `year` varchar(5) NOT NULL,
  `status` int NOT NULL DEFAULT '0',
  `district_approval_status` int NOT NULL DEFAULT '0',
  `provincial_approval_status` int NOT NULL,
  `Remarks` text NOT NULL,
  `esapp_comments` text,
  `created_at` int unsigned NOT NULL,
  `updated_at` int unsigned NOT NULL,
  `created_by` int DEFAULT NULL,
  `updated_by` int DEFAULT NULL,
  PRIMARY KEY (`id`)
) ENGINE=InnoDB DEFAULT CHARSET=utf8mb3;
/*!40101 SET character_set_client = @saved_cs_client */;

--
-- Dumping data for table `me_quarterly_work_plan`
--

LOCK TABLES `me_quarterly_work_plan` WRITE;
/*!40000 ALTER TABLE `me_quarterly_work_plan` DISABLE KEYS */;
/*!40000 ALTER TABLE `me_quarterly_work_plan` ENABLE KEYS */;
UNLOCK TABLES;

--
-- Table structure for table `migration`
--

DROP TABLE IF EXISTS `migration`;
/*!40101 SET @saved_cs_client     = @@character_set_client */;
/*!50503 SET character_set_client = utf8mb4 */;
CREATE TABLE `migration` (
  `version` varchar(180) NOT NULL,
  `apply_time` int DEFAULT NULL,
  PRIMARY KEY (`version`)
) ENGINE=InnoDB DEFAULT CHARSET=utf8mb4 COLLATE=utf8mb4_0900_ai_ci;
/*!40101 SET character_set_client = @saved_cs_client */;

--
-- Dumping data for table `migration`
--

LOCK TABLES `migration` WRITE;
/*!40000 ALTER TABLE `migration` DISABLE KEYS */;
INSERT INTO `migration` VALUES ('m000000_000000_base',1621726502),('m130524_201442_init',1621726752),('m190124_110200_add_verification_token_column_to_user_table',1621726752),('m210521_150431_001_create_table_awpb_comment',1621726752),('m210521_150431_002_create_table_awpb_commodity_type',1621726752),('m210521_150431_003_create_table_awpb_consolidated',1621726752),('m210521_150431_004_create_table_awpb_expense_category',1621726753),('m210521_150431_005_create_table_awpb_funder',1621726753),('m210521_150431_006_create_table_awpb_funding_type',1621726753),('m210521_150432_007_create_table_awpb_template',1621726791),('m210521_150432_008_create_table_awpb_unit_of_measure',1621726804),('m210521_150433_025_create_table_awpb_component',1621726806),('m210521_150433_026_create_table_awpb_indicator',1621726806),('m210521_150433_027_create_table_awpb_outcome',1621726807),('m210521_150433_028_create_table_awpb_output',1621726807),('m210521_150434_036_create_table_awpb_activity',1621726811),('m210521_150434_037_create_table_awpb_activity_funder',1621726812),('m210521_150434_038_create_table_awpb_activity_line',1621726812),('m210521_150434_039_create_table_awpb_template_activity',1621726814);
/*!40000 ALTER TABLE `migration` ENABLE KEYS */;
UNLOCK TABLES;

--
-- Table structure for table `permissions`
--

DROP TABLE IF EXISTS `permissions`;
/*!40101 SET @saved_cs_client     = @@character_set_client */;
/*!50503 SET character_set_client = utf8mb4 */;
CREATE TABLE `permissions` (
  `id` int NOT NULL AUTO_INCREMENT,
  `right` text,
  `definition` text,
  `active` int NOT NULL DEFAULT '1',
  PRIMARY KEY (`id`)
) ENGINE=InnoDB AUTO_INCREMENT=78 DEFAULT CHARSET=utf8mb3;
/*!40101 SET character_set_client = @saved_cs_client */;

-- Dumping data for table `mgf_application`
--

INSERT INTO `mgf_application` (`id`, `attachements`, `applicant_id`, `organisation_id`, `application_status`, `is_active`, `date_created`, `date_submitted`) VALUES
(62, NULL, 18, 34, 'Initialized', 0, '2021-05-12 17:04:46', NULL),
(63, NULL, 19, 35, 'Accepted', 1, '2021-05-12 20:27:03', '2021-05-22 18:05:58'),
(64, NULL, 22, 36, 'Initialized', 0, '2021-05-17 09:23:27', NULL),
(65, NULL, 21, 37, 'Approved', 0, '2021-05-17 23:56:08', '2021-05-18 00:46:57'),
(66, NULL, 32, 38, 'Accepted', 0, '2021-05-18 11:06:45', '2021-05-18 11:10:57'),
(67, NULL, 36, 39, 'Approved', 0, '2021-05-21 14:32:12', '2021-05-21 14:33:17');


--
-- Triggers `mgf_application`
--
DELIMITER $$
CREATE TRIGGER `after_application_insert` AFTER INSERT ON `mgf_application` FOR EACH ROW BEGIN
	INSERT INTO mgf_attachements(registration_certificate,articles_of_assoc,audit_reports,mou_contract,board_resolution,application_attachement,application_id,organisation_id) VALUES ('Nil','Nil','Nil','Nil','Nil','Nil',new.id,new.organisation_id);
END
$$
DELIMITER ;


LOCK TABLES `permissions` WRITE;
/*!40000 ALTER TABLE `permissions` DISABLE KEYS */;
INSERT INTO `permissions` VALUES (1,'Manage Users',NULL,1),(2,'View Users',NULL,1),(3,'Manage Roles',NULL,1),(4,'View Roles',NULL,1),(6,'View profile',NULL,1),(7,'View audit trail logs',NULL,1),(8,'Manage provinces',NULL,1),(9,'Manage districts',NULL,1),(10,'Manage camps',NULL,1),(11,'Remove provinces',NULL,1),(12,'Remove districts',NULL,1),(13,'Remove camps',NULL,1),(14,'Manage markets',NULL,1),(15,'Remove markets',NULL,1),(16,'Manage commodity configs',NULL,1),(17,'Remove commodity config',NULL,1),(18,'Collect commodity prices',NULL,1),(19,'View commodity prices',NULL,1),(20,'Remove commodity price',NULL,1),(21,'Manage interview guide template questions',NULL,1),(22,'View interview guide template',NULL,1),(23,'Remove interview guide template question',NULL,1),(24,'Manage story of change categories',NULL,1),(25,'Submit story of change',NULL,1),(26,'Review Story of change',NULL,1),(27,'View Story of change',NULL,1),(28,'Attach case study articles',NULL,1),(29,'Manage faabs groups',NULL,1),(30,'View faabs groups',NULL,1),(31,'Remove faabs groups',NULL,1),(32,'Manage category A farmers',NULL,1),(33,'View category A farmers',NULL,1),(34,'Remove category A farmers',NULL,1),(35,'Submit FaaBS training records',NULL,1),(36,'View FaaBS training records',NULL,1),(37,'Remove FaaBS training records',NULL,1),(38,'Submit back to office report',NULL,1),(39,'Review back to office report',NULL,1),(40,'View back to office report',NULL,1),(43,'Plan camp monthly activities',NULL,1),(44,'Remove planned camp monthly activities',NULL,1),(45,'View planned camp monthly activities',NULL,1),(46,'Manage FaaBS training topics',NULL,1),(47,'View FaaBS training topics',NULL,1),(48,'Remove FaaBS training topics',NULL,1),(49,'View facilitation of improved technologies/best practices report',NULL,1),(50,'View training attendance cumulative report',NULL,1),(55,'View physical tracking table report',NULL,1),(56,'Commodity-Specific AWPB','Commodity-Specific AWPB',1),(57,'View programmes','View programmes',1),(58,'Manage AWPB activities','',1),(59,'View AWPB activities','',1),(60,'Manage components','',1),(61,'View components','',1),(62,'Manage AWPB templates','',1),(63,'View AWPB templates','',1),(64,'View AWPB activity lines','',1),(65,'Manage AWPB activity lines','View AWPB activity lines',1),(66,'Submit District AWPB','',1),(67,'Approve AWPB - Provincial','Approve AWPB - Provincial',1),(68,'Submit programme-wide AWPB','Submit programme-wide AWPB',1),(69,'Manage province consolidated AWPB','Manage province consolidated AWPB',1),(70,'Manage programme-wide AWPB activity lines','Manage programme-wide AWPB activity lines',1),(71,'Approve AWPB - PCO','Approve AWPB - PCO',1),(72,'Manage AWPB funders','Manage AWPB funders',1),(73,'View AWPB funders','View AWPB funders',1),(74,'Setup AWPB','Setup AWPB',1),(75,'Approve AWPB - Ministry','Approve AWPB - Ministry',1),(76,'Manage programme-wide AWPB','Manage programme-wide AWPB',1),(77,'View PW AWPB','View PW AWPB',1);
/*!40000 ALTER TABLE `permissions` ENABLE KEYS */;
UNLOCK TABLES;

-- --------------------------------------------------------


--
-- Table structure for table `mgf_approval`
--


DROP TABLE IF EXISTS `province`;
/*!40101 SET @saved_cs_client     = @@character_set_client */;
/*!50503 SET character_set_client = utf8mb4 */;
CREATE TABLE `province` (
  `id` int unsigned NOT NULL AUTO_INCREMENT,
  `name` varchar(255) NOT NULL,
  `created_at` int unsigned NOT NULL,
  `updated_at` int unsigned NOT NULL,
  `created_by` int DEFAULT NULL,
  `updated_by` int DEFAULT NULL,
  PRIMARY KEY (`id`)
) ENGINE=InnoDB AUTO_INCREMENT=11 DEFAULT CHARSET=utf8mb3;
/*!40101 SET character_set_client = @saved_cs_client */;

CREATE TABLE `mgf_approval` (
  `id` int(11) NOT NULL,
  `application_id` int(11) NOT NULL,
  `conceptnote_id` int(11) NOT NULL,
  `scores` varchar(5) COLLATE utf8mb4_unicode_ci DEFAULT '0',
  `review_remark` text COLLATE utf8mb4_unicode_ci DEFAULT NULL,
  `review_submission` timestamp NULL DEFAULT NULL,
  `reviewed_by` varchar(20) COLLATE utf8mb4_unicode_ci DEFAULT NULL,
  `certify_remark` text COLLATE utf8mb4_unicode_ci DEFAULT NULL,
  `certify_submission` timestamp NULL DEFAULT NULL,
  `certified_by` varchar(20) COLLATE utf8mb4_unicode_ci DEFAULT NULL,
  `review2_remark` text COLLATE utf8mb4_unicode_ci DEFAULT NULL,
  `review2_submission` timestamp NULL DEFAULT NULL,
  `reviewed2_by` varchar(20) COLLATE utf8mb4_unicode_ci DEFAULT NULL,
  `approval_remark` text COLLATE utf8mb4_unicode_ci DEFAULT NULL,
  `approve_submittion` timestamp NULL DEFAULT NULL,
  `approved_by` varchar(20) COLLATE utf8mb4_unicode_ci DEFAULT NULL
) ENGINE=InnoDB DEFAULT CHARSET=utf8mb4 COLLATE=utf8mb4_unicode_ci;


--
-- Dumping data for table `mgf_approval`
--

INSERT INTO `mgf_approval` (`id`, `application_id`, `conceptnote_id`, `scores`, `review_remark`, `review_submission`, `reviewed_by`, `certify_remark`, `certify_submission`, `certified_by`, `review2_remark`, `review2_submission`, `reviewed2_by`, `approval_remark`, `approve_submittion`, `approved_by`) VALUES
(38, 63, 18, '72.72', 'Certified as meeting eligibility criteria and conditions for participation', '2021-05-22 18:06:24', '1', 'Checked and confirmed', NULL, NULL, NULL, NULL, NULL, 'Approved for participation', '2021-05-13 05:53:27', 'rev5'),
(39, 65, 19, '72.72', 'Certified as meeting eligibility criteria and conditions for participation', '2021-05-22 17:15:09', '1', 'Checked and confirmed', '2021-05-22 17:42:47', '1', NULL, NULL, NULL, 'Approved for participation', '2021-05-22 17:46:13', '1'),
(40, 66, 20, '81.81', 'Certified as meeting eligibility criteria and conditions for participation', '2021-05-22 17:42:29', '1', NULL, NULL, NULL, NULL, NULL, NULL, NULL, NULL, NULL),
(41, 67, 21, '81.81', 'Certified as meeting eligibility criteria and conditions for participation', '2021-05-22 16:34:12', '1', 'Checked and confirmed', '2021-05-22 16:35:17', '1', NULL, NULL, NULL, 'Approved for participation', '2021-05-22 17:51:14', '1'),
(42, 63, 18, '0', NULL, NULL, NULL, NULL, NULL, NULL, NULL, NULL, NULL, NULL, NULL, NULL);

-- --------------------------------------------------------

--
-- Table structure for table `mgf_approval_status`
--


DROP TABLE IF EXISTS `right_to_role`;
/*!40101 SET @saved_cs_client     = @@character_set_client */;
/*!50503 SET character_set_client = utf8mb4 */;
CREATE TABLE `right_to_role` (
  `id` int NOT NULL AUTO_INCREMENT,
  `role` int NOT NULL,
  `right` text,
  `active` int DEFAULT '1',
  PRIMARY KEY (`id`),
  KEY `fk_right_to_role_1_idx` (`role`),
  CONSTRAINT `fk_right_to_role_1` FOREIGN KEY (`role`) REFERENCES `roles` (`id`)
) ENGINE=InnoDB AUTO_INCREMENT=1297 DEFAULT CHARSET=utf8mb3;
/*!40101 SET character_set_client = @saved_cs_client */;

CREATE TABLE `mgf_approval_status` (
  `id` int(11) NOT NULL,
  `approval_status` enum('Accepted','On-Hold','Rejected','Not Recommended','Recommended','Strongly Recommended','Deferred') COLLATE utf8mb4_unicode_ci DEFAULT NULL,
  `lowerlimit` varchar(5) COLLATE utf8mb4_unicode_ci NOT NULL,
  `upperlimit` varchar(5) COLLATE utf8mb4_unicode_ci NOT NULL,
  `user_id` int(11) NOT NULL,
  `date_created` timestamp NOT NULL DEFAULT current_timestamp()
) ENGINE=InnoDB DEFAULT CHARSET=utf8mb4 COLLATE=utf8mb4_unicode_ci;


--
-- Dumping data for table `mgf_approval_status`
--


LOCK TABLES `right_to_role` WRITE;
/*!40000 ALTER TABLE `right_to_role` DISABLE KEYS */;
INSERT INTO `right_to_role` VALUES (608,4,'View Users',1),(1130,3,'View profile',1),(1131,3,'Collect commodity prices',1),(1132,3,'View commodity prices',1),(1133,3,'Submit story of change',1),(1134,3,'Manage faabs groups',1),(1135,3,'View faabs groups',1),(1136,3,'Remove faabs groups',1),(1137,3,'Manage category A farmers',1),(1138,3,'View category A farmers',1),(1139,3,'Remove category A farmers',1),(1140,3,'Submit FaaBS training records',1),(1141,3,'View FaaBS training records',1),(1142,3,'Remove FaaBS training records',1),(1143,3,'Submit back to office report',1),(1144,3,'Plan camp monthly activities',1),(1145,3,'Remove planned camp monthly activities',1),(1146,3,'View facilitation of improved technologies/best practices report',1),(1147,3,'View training attendance cumulative report',1),(1250,1,'Manage Users',1),(1251,1,'View Users',1),(1252,1,'Manage Roles',1),(1253,1,'View Roles',1),(1254,1,'View profile',1),(1255,1,'View audit trail logs',1),(1256,1,'Manage provinces',1),(1257,1,'Manage districts',1),(1258,1,'Manage camps',1),(1259,1,'Remove provinces',1),(1260,1,'Remove districts',1),(1261,1,'Remove camps',1),(1262,1,'Manage markets',1),(1263,1,'Remove markets',1),(1264,1,'Manage commodity configs',1),(1265,1,'Remove commodity config',1),(1266,1,'View commodity prices',1),(1267,1,'Remove commodity price',1),(1268,1,'Manage interview guide template questions',1),(1269,1,'View interview guide template',1),(1270,1,'Remove interview guide template question',1),(1271,1,'Manage story of change categories',1),(1272,1,'Review Story of change',1),(1273,1,'Attach case study articles',1),(1274,1,'View faabs groups',1),(1275,1,'View category A farmers',1),(1276,1,'View FaaBS training records',1),(1277,1,'Review back to office report',1),(1278,1,'Manage FaaBS training topics',1),(1279,1,'View FaaBS training topics',1),(1280,1,'Remove FaaBS training topics',1),(1281,1,'View facilitation of improved technologies/best practices report',1),(1282,1,'View training attendance cumulative report',1),(1283,1,'View physical tracking table report',1),(1284,5,'View Roles',1),(1293,10,'Manage Users',1),(1294,10,'Manage Roles',1),(1295,10,'View Roles',1),(1296,10,'View Users',1);
/*!40000 ALTER TABLE `right_to_role` ENABLE KEYS */;
UNLOCK TABLES;

INSERT INTO `mgf_approval_status` (`id`, `approval_status`, `lowerlimit`, `upperlimit`, `user_id`, `date_created`) VALUES
(1, 'Accepted', '70', '100', 15, '2021-03-07 16:23:51'),
(2, 'On-Hold', '69.9', '40', 15, '2021-03-07 16:23:51'),
(3, 'Rejected', '0', '39.9', 15, '2021-03-07 16:24:34'),
(4, 'Not Recommended', '0', '49.9', 15, '2021-03-18 07:14:15'),
(5, 'Recommended', '70', '90', 15, '2021-03-18 07:14:15'),
(6, 'Strongly Recommended', '90.01', '100', 15, '2021-03-18 07:15:01'),
(7, 'Deferred', '50', '69.9', 15, '2021-03-31 17:07:35');

-- --------------------------------------------------------


--
-- Table structure for table `mgf_attachements`
--


DROP TABLE IF EXISTS `roles`;
/*!40101 SET @saved_cs_client     = @@character_set_client */;
/*!50503 SET character_set_client = utf8mb4 */;
CREATE TABLE `roles` (
  `id` int NOT NULL AUTO_INCREMENT,
  `role` text NOT NULL,
  `active` int DEFAULT '1',
  `created_at` int unsigned DEFAULT NULL,
  `updated_at` int unsigned DEFAULT NULL,
  `updated_by` int DEFAULT NULL,
  `created_by` int DEFAULT NULL,
  PRIMARY KEY (`id`)
) ENGINE=InnoDB AUTO_INCREMENT=11 DEFAULT CHARSET=utf8mb3;
/*!40101 SET character_set_client = @saved_cs_client */;

CREATE TABLE `mgf_attachements` (
  `id` int(11) NOT NULL,
  `registration_certificate` text COLLATE utf8mb4_unicode_ci NOT NULL,
  `articles_of_assoc` text COLLATE utf8mb4_unicode_ci NOT NULL,
  `audit_reports` text COLLATE utf8mb4_unicode_ci DEFAULT NULL,
  `mou_contract` text COLLATE utf8mb4_unicode_ci NOT NULL,
  `board_resolution` text COLLATE utf8mb4_unicode_ci NOT NULL,
  `application_attachement` text COLLATE utf8mb4_unicode_ci DEFAULT NULL,
  `organisation_id` int(11) NOT NULL,
  `application_id` int(11) NOT NULL,
  `date_created` timestamp NOT NULL DEFAULT current_timestamp()
) ENGINE=InnoDB DEFAULT CHARSET=utf8mb4 COLLATE=utf8mb4_unicode_ci;


--
-- Dumping data for table `mgf_attachements`
--


LOCK TABLES `roles` WRITE;
/*!40000 ALTER TABLE `roles` DISABLE KEYS */;
INSERT INTO `roles` VALUES (1,'Administrator',1,1222,1603902498,1,1),(3,'User',1,1603902583,1603902583,1,1),(4,'test',1,1614068089,1614068089,1,1),(5,'Test 2',1,1619185146,1619185146,1,1),(10,'Admin',1,1621730405,1621730405,NULL,NULL);
/*!40000 ALTER TABLE `roles` ENABLE KEYS */;
UNLOCK TABLES;

INSERT INTO `mgf_attachements` (`id`, `registration_certificate`, `articles_of_assoc`, `audit_reports`, `mou_contract`, `board_resolution`, `application_attachement`, `organisation_id`, `application_id`, `date_created`) VALUES
(62, 'uploads/attachements/62_Certificate2559_bgreg.jfif', 'uploads/attachements/62_Article2873_bgreg.jfif', 'Nil', 'uploads/attachements/62_Contract2651_bgreg.jfif', 'uploads/attachements/62_Resolution2700_bgreg.jfif', 'Nil', 34, 62, '2021-05-12 17:04:46'),
(63, 'uploads/attachements/63_Certificate1425_e5.jfif', 'uploads/attachements/63_Article2145_bgreg.jfif', 'uploads/attachements/63_Audit1043_bgreg.jfif', 'uploads/attachements/63_Contract2670_bgreg.jfif', 'uploads/attachements/63_Resolution3489_bgreg.jfif', 'uploads/attachements/63_Application2346_bgreg.jfif', 35, 63, '2021-05-12 20:27:03'),
(64, 'Nil', 'Nil', 'Nil', 'Nil', 'Nil', 'Nil', 36, 64, '2021-05-17 09:23:27'),
(65, 'Nil', 'Nil', 'Nil', 'Nil', 'Nil', 'Nil', 37, 65, '2021-05-17 23:56:08'),
(66, 'Nil', 'Nil', 'Nil', 'Nil', 'Nil', 'Nil', 38, 66, '2021-05-18 11:06:45'),
(67, 'Nil', 'Nil', 'Nil', 'Nil', 'Nil', 'Nil', 39, 67, '2021-05-21 14:32:12');

-- --------------------------------------------------------


--
-- Table structure for table `mgf_component`
--


DROP TABLE IF EXISTS `users`;
/*!40101 SET @saved_cs_client     = @@character_set_client */;
/*!50503 SET character_set_client = utf8mb4 */;
CREATE TABLE `users` (
  `id` int NOT NULL AUTO_INCREMENT,
  `role` int NOT NULL,
  `first_name` varchar(255) NOT NULL,
  `last_name` varchar(255) NOT NULL,
  `other_name` varchar(255) DEFAULT '',
  `title` varchar(10) DEFAULT '',
  `sex` varchar(7) DEFAULT 'Male',
  `phone` varchar(45) DEFAULT NULL,
  `nrc` varchar(45) DEFAULT NULL,
  `username` varchar(255) NOT NULL,
  `email` varchar(255) NOT NULL DEFAULT '',
  `status` smallint NOT NULL DEFAULT '10',
  `auth_key` varchar(32) NOT NULL,
  `password` varchar(255) NOT NULL DEFAULT '',
  `password_reset_token` varchar(255) DEFAULT NULL,
  `verification_token` varchar(255) DEFAULT NULL,
  `camp_id` int unsigned DEFAULT NULL,
  `district_id` int unsigned DEFAULT NULL,
  `province_id` int unsigned DEFAULT NULL,
  `updated_by` int DEFAULT NULL,
  `created_by` int DEFAULT NULL,
  `created_at` int unsigned NOT NULL,
  `updated_at` int unsigned NOT NULL,
  `type_of_user` varchar(45) DEFAULT 'Other user' COMMENT 'Type of user different from role. This is there to ammodate users that belong to camps, districts or province\nAvailable types {Camp user, District user, Provincial user, Other user}',
  PRIMARY KEY (`id`),
  KEY `fk_users_1_idx` (`role`),
  KEY `fk_users_2_idx` (`camp_id`),
  KEY `fk_users_3_idx` (`district_id`),
  KEY `fk_users_4_idx` (`province_id`),
  CONSTRAINT `fk_users_1` FOREIGN KEY (`role`) REFERENCES `roles` (`id`)
) ENGINE=InnoDB AUTO_INCREMENT=15 DEFAULT CHARSET=utf8mb3;
/*!40101 SET character_set_client = @saved_cs_client */;

CREATE TABLE `mgf_component` (
  `id` int(11) NOT NULL,
  `component_no` int(11) NOT NULL,
  `component_name` varchar(40) COLLATE utf8mb4_unicode_ci NOT NULL,
  `subtotal` decimal(12,2) NOT NULL DEFAULT 0.00,
  `proposal_id` int(11) NOT NULL,
  `activities` int(11) NOT NULL DEFAULT 0,
  `date_created` timestamp NOT NULL DEFAULT current_timestamp(),
  `createdby` int(11) NOT NULL
) ENGINE=InnoDB DEFAULT CHARSET=utf8mb4 COLLATE=utf8mb4_unicode_ci;


--
-- Dumping data for table `mgf_component`
--


LOCK TABLES `users` WRITE;
/*!40000 ALTER TABLE `users` DISABLE KEYS */;
INSERT INTO `users` VALUES (1,1,'Francis','Chulu','','Mr.','Male','+260978981234','123454/21/23','chulu1francis@gmail.com','chulu1francis@gmail.com',1,'gB_PJTElMSxW^IfiNmpYT^7qva3?Hy:a','$2y$13$/igl4SBKySwX9QQc352pKef5YX6gRSI8nx/8vkTvyD0RYNDXIjIvO','-GDPDTEgVpbCySh94TqY4hRrma_XkSty_1616662153',NULL,0,0,0,1,NULL,11,1616662153,'Other user'),(5,3,'Chulu','Francis','','Mr.','Male','+260978981345','123454/21/23','francis.chulu@unza.zm','francis.chulu@unza.zm',1,'gB_PJTElMSxW^IfiNmpYT^7qva3?Hy:a','$2y$13$/igl4SBKySwX9QQc352pKef5YX6gRSI8nx/8vkTvyD0RYNDXIjIvO',NULL,NULL,NULL,NULL,NULL,1,1,1604659275,1604660233,'Other user'),(6,1,'test','Test','','','Male','','','francis.chulu1@unza.zm','francis.chulu@unza.zm',2,'gB_PJTElMSxW^IfiNmpYT^7qva3?Hy:a','$2y$13$/igl4SBKySwX9QQc352pKef5YX6gRSI8nx/8vkTvyD0RYNDXIjIvO','LZ-pePN17FJB7Mg1CtyYyRsNH5tohaz6_1607174006',NULL,NULL,NULL,NULL,1,1,1607174006,1607174024,'Other user'),(9,3,'Test','Test','','Mr.','Female','','','test@unza.zm','chulu1francis@gmail.com',1,'gB_PJTElMSxW^IfiNmpYT^7qva3?Hy:a','$2y$13$/igl4SBKySwX9QQc352pKef5YX6gRSI8nx/8vkTvyD0RYNDXIjIvO','PF4j04-lRuOClA4gXY-oTX_95V6Ap-2-_1607181915',NULL,0,0,0,1,1,1607181915,1607186786,'Other user'),(10,3,'test','Test','','Mr.','Female','','','test1@unza.zm','francis.chulu@unza.zm',1,'gB_PJTElMSxW^IfiNmpYT^7qva3?Hy:a','$2y$13$/igl4SBKySwX9QQc352pKef5YX6gRSI8nx/8vkTvyD0RYNDXIjIvO','VlfAXnPz_XY_5s6E7x2Qi_SpPhIEl9I0_1607181970',NULL,NULL,2,1,1,1,1607181970,1616772648,'District user'),(11,3,'test','Test 3','','Mr.','Male','','','test2@unza.zm','francis.chulu@unza.zm',0,'gB_PJTElMSxW^IfiNmpYT^7qva3?Hy:a','$2y$13$/igl4SBKySwX9QQc352pKef5YX6gRSI8nx/8vkTvyD0RYNDXIjIvO','pFOgJWyUKdULYoTNxXctPhB4CEv8LpzB_1607182013',NULL,NULL,NULL,1,1,1,1607182013,1614016783,'Provincial user'),(14,10,'Please','me','delete','','Male',NULL,NULL,'admin@emis.com','admin@emis.com',1,'CpmiIyoNtGGkHX0meoIJU7sGcRqQcXm5','$2y$13$AYj8JnzR1i0DDTQ5OYerHek8g5.Ch9ZrKjpg4ZJtAchchVGwVIWhy',NULL,NULL,NULL,NULL,NULL,NULL,NULL,1621730406,1621730406,'Other user');
/*!40000 ALTER TABLE `users` ENABLE KEYS */;
UNLOCK TABLES;
/*!40103 SET TIME_ZONE=@OLD_TIME_ZONE */;

INSERT INTO `mgf_component` (`id`, `component_no`, `component_name`, `subtotal`, `proposal_id`, `activities`, `date_created`, `createdby`) VALUES
(35, 1, 'Comp 1', '67480.00', 13, 2, '2021-05-12 17:12:08', 56),
(36, 2, 'Comp 2', '29450.00', 13, 2, '2021-05-12 17:12:13', 56),
(37, 1, 'Comp 1', '0.00', 14, 0, '2021-05-14 00:10:58', 57),
(38, 2, 'Comp 2', '0.00', 14, 0, '2021-05-14 00:11:05', 57),
(39, 3, 'Comp 3', '0.00', 13, 0, '2021-05-17 21:40:21', 56);


-- --------------------------------------------------------


-- Dump completed on 2021-05-23  3:14:32

--
-- Table structure for table `mgf_concept_note`
--

CREATE TABLE `mgf_concept_note` (
  `id` int(11) NOT NULL,
  `project_title` varchar(30) COLLATE utf8mb4_unicode_ci NOT NULL,
  `estimated_cost` decimal(12,2) NOT NULL,
  `starting_date` date NOT NULL,
  `operation_id` int(11) NOT NULL,
  `implimentation_period` enum('1','2','3','4','5','6','7','8') COLLATE utf8mb4_unicode_ci DEFAULT NULL,
  `other_operation_type` text COLLATE utf8mb4_unicode_ci DEFAULT NULL,
  `application_id` int(11) NOT NULL,
  `organisation_id` int(11) NOT NULL,
  `date_created` timestamp NOT NULL DEFAULT current_timestamp(),
  `date_submitted` timestamp NULL DEFAULT NULL
) ENGINE=InnoDB DEFAULT CHARSET=utf8mb4 COLLATE=utf8mb4_unicode_ci;

--
-- Dumping data for table `mgf_concept_note`
--

INSERT INTO `mgf_concept_note` (`id`, `project_title`, `estimated_cost`, `starting_date`, `operation_id`, `implimentation_period`, `other_operation_type`, `application_id`, `organisation_id`, `date_created`, `date_submitted`) VALUES
(18, 'Cassava Project', '30000.00', '2021-04-25', 1, '2', '', 63, 35, '2021-05-12 20:32:01', '2021-05-22 18:05:58'),
(19, 'Banana Project', '5000.00', '2021-05-29', 1, '2', NULL, 65, 37, '2021-05-18 00:46:27', '2021-05-18 00:46:57'),
(20, 'Banana Project', '6000.00', '2021-06-05', 1, '2', NULL, 66, 38, '2021-05-18 11:08:25', '2021-05-18 11:10:57'),
(21, 'BHC project 1', '40000.00', '2021-05-29', 4, '3', NULL, 67, 39, '2021-05-21 14:33:08', '2021-05-21 14:33:17');

--
-- Triggers `mgf_concept_note`
--
DELIMITER $$
CREATE TRIGGER `after_concept_note_insert` AFTER INSERT ON `mgf_concept_note` FOR EACH ROW BEGIN
	INSERT INTO mgf_screening(criterion,conceptnote_id,organisation_id) 
  VALUES ("Has the applicant fully filled the application form with required attachments?",new.id,new.organisation_id),
        ("Is the applicant an appropriate type of organization for the window applied under?",new.id,new.organisation_id),
         ("Is the applicant legally registered in Zambia to do business in agriculture/agribusiness?",new.id,new.organisation_id),
         ("Has the applicant been operating in the value chains of focus for E-SAPP (minimum two years)?",new.id,new.organisation_id),
         ("Has the applicant been collaborating or intends to collaborate with smallholders/producers?",new.id,new.organisation_id),
         ("Is the applicant operating as a fully commercial enterprise?",new.id,new.organisation_id),
         ("Have the key staff/members provided training in farming as a business to smallholder farmers or is organization ready to provide FaaB training if required?",new.id,new.organisation_id),
         ("Has the applicant demonstrated capacity to make required contribution in cash or kind or both?",new.id,new.organisation_id),
         ("Does the application demonstrate good financial standing of the applicant?",new.id,new.organisation_id),
         ("Does the applicant have sound governance and proven management capacity?",new.id,new.organisation_id),
         ("Has an appropriate body within the organization approved the decision to apply for a grant under the E-SAPP?",new.id,new.organisation_id);
END
$$
DELIMITER ;

-- --------------------------------------------------------

--
-- Table structure for table `mgf_contact`
--

CREATE TABLE `mgf_contact` (
  `id` int(11) NOT NULL,
  `first_name` varchar(30) COLLATE utf8mb4_unicode_ci NOT NULL,
  `last_name` varchar(30) COLLATE utf8mb4_unicode_ci NOT NULL,
  `mobile` varchar(15) COLLATE utf8mb4_unicode_ci NOT NULL,
  `tel_no` varchar(15) COLLATE utf8mb4_unicode_ci DEFAULT NULL,
  `physical_address` varchar(50) COLLATE utf8mb4_unicode_ci DEFAULT NULL,
  `organisation_id` int(11) NOT NULL,
  `position_id` int(11) NOT NULL,
  `applicant_id` int(11) NOT NULL,
  `date_created` timestamp NOT NULL DEFAULT current_timestamp()
) ENGINE=InnoDB DEFAULT CHARSET=utf8mb4 COLLATE=utf8mb4_unicode_ci;

--
-- Dumping data for table `mgf_contact`
--

INSERT INTO `mgf_contact` (`id`, `first_name`, `last_name`, `mobile`, `tel_no`, `physical_address`, `organisation_id`, `position_id`, `applicant_id`, `date_created`) VALUES
(25, 'Nankala', 'Sinkala', '0957338891', '954574956796', 'Address', 34, 1, 18, '2021-05-12 17:06:01'),
(26, 'Vincent', 'Changa', '0977448902', '0945878974', 'Address', 34, 2, 18, '2021-05-12 17:06:35'),
(27, 'Adrian', 'Sinkala', '0977448902', '32467686', 'PA', 35, 1, 19, '2021-05-12 20:26:59'),
(28, 'Farai', 'Sakala', '0977336625', '68567576', 'PA', 35, 2, 19, '2021-05-12 20:27:44'),
(29, 'Daniel', 'Chabala', '0966337289', '667876876', 'A', 37, 1, 21, '2021-05-17 23:55:57');

-- --------------------------------------------------------

--
-- Table structure for table `mgf_experience`
--

CREATE TABLE `mgf_experience` (
  `id` int(11) NOT NULL,
  `financed_before` enum('YES','NO') COLLATE utf8mb4_unicode_ci DEFAULT NULL,
  `any_collaboration` enum('YES','NO') COLLATE utf8mb4_unicode_ci DEFAULT NULL,
  `collaboration_will` enum('YES','NO','N/A') COLLATE utf8mb4_unicode_ci DEFAULT NULL,
  `collaboration_ready` enum('YES','NO') COLLATE utf8mb4_unicode_ci DEFAULT NULL,
  `organisation_id` int(11) NOT NULL,
  `date_created` timestamp NOT NULL DEFAULT current_timestamp()
) ENGINE=InnoDB DEFAULT CHARSET=utf8mb4 COLLATE=utf8mb4_unicode_ci;

--
-- Dumping data for table `mgf_experience`
--

INSERT INTO `mgf_experience` (`id`, `financed_before`, `any_collaboration`, `collaboration_will`, `collaboration_ready`, `organisation_id`, `date_created`) VALUES
(13, 'YES', 'YES', 'NO', 'NO', 34, '2021-05-12 17:04:47'),
(14, 'YES', 'YES', 'YES', 'NO', 35, '2021-05-12 20:27:03'),
(15, 'YES', NULL, NULL, NULL, 36, '2021-05-17 09:23:28'),
(16, NULL, NULL, NULL, NULL, 37, '2021-05-17 23:56:08'),
(17, NULL, NULL, NULL, NULL, 38, '2021-05-18 11:06:46'),
(18, NULL, NULL, NULL, NULL, 39, '2021-05-21 14:32:12');

-- --------------------------------------------------------

--
-- Table structure for table `mgf_final_evaluation`
--

CREATE TABLE `mgf_final_evaluation` (
  `id` int(11) NOT NULL,
  `proposal_id` int(11) NOT NULL,
  `organisation_id` int(11) NOT NULL,
  `status` int(1) NOT NULL DEFAULT 0,
  `finalscore` varchar(5) COLLATE utf8mb4_unicode_ci DEFAULT NULL,
  `decision` varchar(20) COLLATE utf8mb4_unicode_ci DEFAULT NULL,
  `notified` tinyint(1) NOT NULL DEFAULT 0,
  `finalcomment` text COLLATE utf8mb4_unicode_ci DEFAULT NULL,
  `response` text COLLATE utf8mb4_unicode_ci DEFAULT NULL,
  `date_created` timestamp NOT NULL DEFAULT current_timestamp()
) ENGINE=InnoDB DEFAULT CHARSET=utf8mb4 COLLATE=utf8mb4_unicode_ci;

--
-- Dumping data for table `mgf_final_evaluation`
--

INSERT INTO `mgf_final_evaluation` (`id`, `proposal_id`, `organisation_id`, `status`, `finalscore`, `decision`, `notified`, `finalcomment`, `response`, `date_created`) VALUES
(6, 13, 34, 4, '71', 'Deferred', 0, NULL, NULL, '2021-05-12 19:23:00');

-- --------------------------------------------------------

--
-- Table structure for table `mgf_input_cost`
--

CREATE TABLE `mgf_input_cost` (
  `id` int(11) NOT NULL,
  `item_no` int(11) NOT NULL,
  `input_name` varchar(40) COLLATE utf8mb4_unicode_ci NOT NULL,
  `unit_cost` decimal(9,2) NOT NULL,
  `project_year_1` decimal(9,2) UNSIGNED DEFAULT NULL,
  `project_year_2` decimal(9,2) UNSIGNED DEFAULT NULL,
  `project_year_3` decimal(9,2) UNSIGNED DEFAULT NULL,
  `project_year_4` decimal(9,2) UNSIGNED DEFAULT NULL,
  `project_year_5` decimal(9,2) UNSIGNED NOT NULL,
  `project_year_6` decimal(9,2) UNSIGNED NOT NULL,
  `project_year_7` decimal(9,2) UNSIGNED NOT NULL,
  `project_year_8` decimal(9,2) UNSIGNED NOT NULL,
  `total_cost` decimal(9,2) NOT NULL,
  `comment` text COLLATE utf8mb4_unicode_ci NOT NULL,
  `activity_id` int(11) NOT NULL,
  `date_created` timestamp NOT NULL DEFAULT current_timestamp(),
  `createdby` int(11) NOT NULL
) ENGINE=InnoDB DEFAULT CHARSET=utf8mb4 COLLATE=utf8mb4_unicode_ci;

--
-- Dumping data for table `mgf_input_cost`
--

INSERT INTO `mgf_input_cost` (`id`, `item_no`, `input_name`, `unit_cost`, `project_year_1`, `project_year_2`, `project_year_3`, `project_year_4`, `project_year_5`, `project_year_6`, `project_year_7`, `project_year_8`, `total_cost`, `comment`, `activity_id`, `date_created`, `createdby`) VALUES
(66, 1620846807, 'item 1', '100.00', '1200.00', '2200.00', '3400.00', '0.00', '0.00', '0.00', '0.00', '0.00', '6800.00', 'c1', 57, '2021-05-12 17:13:27', 56),
(67, 1620846841, 'item 2', '200.00', '4000.00', '6800.00', '2400.00', '0.00', '0.00', '0.00', '0.00', '0.00', '13200.00', 'c2', 57, '2021-05-12 17:14:01', 56),
(68, 1620846895, 'item 1', '150.00', '1500.00', '3450.00', '4500.00', '0.00', '0.00', '0.00', '0.00', '0.00', '9450.00', 'c1', 58, '2021-05-12 17:14:55', 56),
(69, 1620846932, 'item 1', '300.00', '6900.00', '15000.00', '30000.00', '0.00', '0.00', '0.00', '0.00', '0.00', '51900.00', 'c1', 55, '2021-05-12 17:15:32', 56),
(70, 1620846956, 'item 1', '300.00', '300.00', '600.00', '900.00', '0.00', '0.00', '0.00', '0.00', '0.00', '1800.00', 'c1', 56, '2021-05-12 17:15:56', 56),
(71, 1620846987, 'item 2', '130.00', '4290.00', '4290.00', '5200.00', '0.00', '0.00', '0.00', '0.00', '0.00', '13780.00', 'c2', 56, '2021-05-12 17:16:27', 56);

-- --------------------------------------------------------

--
-- Table structure for table `mgf_input_item`
--

CREATE TABLE `mgf_input_item` (
  `id` int(11) NOT NULL,
  `item_no` int(11) NOT NULL,
  `input_name` varchar(40) COLLATE utf8mb4_unicode_ci NOT NULL,
  `unit_of_measure` varchar(10) COLLATE utf8mb4_unicode_ci NOT NULL,
  `project_year_1` decimal(9,2) NOT NULL DEFAULT 0.00,
  `project_year_2` decimal(9,2) DEFAULT 0.00,
  `project_year_3` decimal(9,2) NOT NULL DEFAULT 0.00,
  `project_year_4` decimal(9,2) NOT NULL DEFAULT 0.00,
  `project_year_5` decimal(9,2) UNSIGNED NOT NULL,
  `project_year_6` decimal(9,2) UNSIGNED NOT NULL,
  `project_year_7` decimal(9,2) UNSIGNED NOT NULL,
  `project_year_8` decimal(9,2) UNSIGNED NOT NULL,
  `unit_cost` decimal(9,2) NOT NULL,
  `total_cost` decimal(9,2) NOT NULL,
  `comment` text COLLATE utf8mb4_unicode_ci NOT NULL,
  `activity_id` int(11) NOT NULL,
  `date_created` timestamp NOT NULL DEFAULT current_timestamp(),
  `createdby` int(11) NOT NULL
) ENGINE=InnoDB DEFAULT CHARSET=utf8mb4 COLLATE=utf8mb4_unicode_ci;

--
-- Dumping data for table `mgf_input_item`
--

INSERT INTO `mgf_input_item` (`id`, `item_no`, `input_name`, `unit_of_measure`, `project_year_1`, `project_year_2`, `project_year_3`, `project_year_4`, `project_year_5`, `project_year_6`, `project_year_7`, `project_year_8`, `unit_cost`, `total_cost`, `comment`, `activity_id`, `date_created`, `createdby`) VALUES
(66, 1620846807, 'item 1', 'cm', '12.00', '22.00', '34.00', '0.00', '0.00', '0.00', '0.00', '0.00', '100.00', '6800.00', 'c1', 57, '2021-05-12 17:13:27', 56),
(67, 1620846841, 'item 2', 'count', '20.00', '34.00', '12.00', '0.00', '0.00', '0.00', '0.00', '0.00', '200.00', '13200.00', 'c2', 57, '2021-05-12 17:14:01', 56),
(68, 1620846895, 'item 1', 'Kg', '10.00', '23.00', '30.00', '0.00', '0.00', '0.00', '0.00', '0.00', '150.00', '9450.00', 'c1', 58, '2021-05-12 17:14:55', 56),
(69, 1620846932, 'item 1', 'lbs', '23.00', '50.00', '100.00', '0.00', '0.00', '0.00', '0.00', '0.00', '300.00', '51900.00', 'c1', 55, '2021-05-12 17:15:32', 56),
(70, 1620846956, 'item 1', 'count', '1.00', '2.00', '3.00', '0.00', '0.00', '0.00', '0.00', '0.00', '300.00', '1800.00', 'c1', 56, '2021-05-12 17:15:56', 56),
(71, 1620846987, 'item 2', 'in', '33.00', '33.00', '40.00', '0.00', '0.00', '0.00', '0.00', '0.00', '130.00', '13780.00', 'c2', 56, '2021-05-12 17:16:27', 56);

--
-- Triggers `mgf_input_item`
--
DELIMITER $$
CREATE TRIGGER `after_item_input_delete` AFTER DELETE ON `mgf_input_item` FOR EACH ROW BEGIN
	DELETE FROM mgf_input_cost WHERE item_no=old.item_no AND activity_id=old.activity_id;
END
$$
DELIMITER ;
DELIMITER $$
CREATE TRIGGER `after_item_input_insert` AFTER INSERT ON `mgf_input_item` FOR EACH ROW BEGIN
	INSERT INTO mgf_input_cost(item_no,input_name,unit_cost,total_cost,comment,activity_id,createdby) VALUES (new.item_no,new.input_name,new.unit_cost,new.total_cost,new.comment,new.activity_id,new.createdby);
END
$$
DELIMITER ;
DELIMITER $$
CREATE TRIGGER `after_item_input_update` AFTER UPDATE ON `mgf_input_item` FOR EACH ROW BEGIN
	UPDATE mgf_input_cost SET input_name=new.input_name, unit_cost=new.unit_cost,total_cost=new.total_cost,comment=new.comment WHERE item_no=new.item_no AND activity_id=new.activity_id;
END
$$
DELIMITER ;

-- --------------------------------------------------------

--
-- Table structure for table `mgf_offer`
--

CREATE TABLE `mgf_offer` (
  `id` int(11) NOT NULL,
  `proposal_id` int(11) NOT NULL,
  `organisation_id` int(11) NOT NULL,
  `status` enum('Offer Accepted','Offer Rejected') COLLATE utf8mb4_unicode_ci DEFAULT NULL,
  `amountoffered` decimal(12,2) NOT NULL,
  `contribution` decimal(12,2) NOT NULL,
  `responded` tinyint(1) DEFAULT 0,
  `date_created` timestamp NOT NULL DEFAULT current_timestamp(),
  `date_responde` timestamp NULL DEFAULT NULL,
  `createdby` int(11) NOT NULL
) ENGINE=InnoDB DEFAULT CHARSET=utf8mb4 COLLATE=utf8mb4_unicode_ci;

-- --------------------------------------------------------

--
-- Table structure for table `mgf_operation`
--

CREATE TABLE `mgf_operation` (
  `id` int(11) NOT NULL,
  `operation_type` varchar(30) COLLATE utf8mb4_unicode_ci NOT NULL,
  `date_created` timestamp NOT NULL DEFAULT current_timestamp()
) ENGINE=InnoDB DEFAULT CHARSET=utf8mb4 COLLATE=utf8mb4_unicode_ci;

--
-- Dumping data for table `mgf_operation`
--

INSERT INTO `mgf_operation` (`id`, `operation_type`, `date_created`) VALUES
(1, 'Agric production', '2021-02-28 15:06:43'),
(2, 'Processing Marketing', '2021-02-28 15:06:43'),
(3, 'Warehousing', '2021-02-28 15:07:18'),
(4, 'Trade Services', '2021-02-28 15:07:18'),
(5, 'Others', '2021-02-28 15:08:19');

-- --------------------------------------------------------

--
-- Table structure for table `mgf_organisation`
--

CREATE TABLE `mgf_organisation` (
  `id` int(11) NOT NULL,
  `cooperative` varchar(50) COLLATE utf8mb4_unicode_ci NOT NULL,
  `acronym` varchar(10) COLLATE utf8mb4_unicode_ci NOT NULL,
  `registration_type` varchar(30) COLLATE utf8mb4_unicode_ci NOT NULL,
  `registration_no` varchar(30) COLLATE utf8mb4_unicode_ci NOT NULL,
  `trade_license_no` varchar(30) COLLATE utf8mb4_unicode_ci NOT NULL,
  `registration_date` date NOT NULL,
  `business_objective` text COLLATE utf8mb4_unicode_ci DEFAULT NULL,
  `email_address` varchar(40) COLLATE utf8mb4_unicode_ci NOT NULL,
  `physical_address` varchar(50) COLLATE utf8mb4_unicode_ci NOT NULL,
  `tel_no` varchar(15) COLLATE utf8mb4_unicode_ci DEFAULT NULL,
  `province_id` int(11) UNSIGNED DEFAULT NULL,
  `district_id` int(11) UNSIGNED DEFAULT NULL,
  `applicant_id` int(11) NOT NULL,
  `is_active` int(1) DEFAULT 1,
  `date_created` timestamp NOT NULL DEFAULT current_timestamp()
) ENGINE=InnoDB DEFAULT CHARSET=utf8mb4 COLLATE=utf8mb4_unicode_ci;

--
-- Dumping data for table `mgf_organisation`
--

INSERT INTO `mgf_organisation` (`id`, `cooperative`, `acronym`, `registration_type`, `registration_no`, `trade_license_no`, `registration_date`, `business_objective`, `email_address`, `physical_address`, `tel_no`, `province_id`, `district_id`, `applicant_id`, `is_active`, `date_created`) VALUES
(34, 'Farmer A Cooperative', 'CAFO', 'Type 2', '65768', '45465768', '2000-06-15', 'CBO', 'faco@essap.orgg', 'HPA', '36545768', 6, 54, 18, 1, '2021-05-12 17:04:24'),
(35, 'Farmer B Cooperative', 'FBC', 'Type 1', '65767', '46576', '2020-10-05', 'CBO', 'fbc@gmail.com', 'HPA', '57869534', 2, 13, 19, 1, '2021-05-12 20:26:18'),
(36, 'VV Cooperative', 'VVC', 'Type 2', '8758947', '78789', '2020-12-01', 'O', 'vv@email.com', 'A', '6576', 2, 12, 22, 1, '2021-05-17 09:23:21'),
(37, 'Farmer D Cooperative', 'FDC', 'Type 1', '7768756', '58555', '2019-07-31', 'hghk', 'fdc@fdc.com', 'gjhg', '57658', 1, 7, 21, 1, '2021-05-17 23:55:06'),
(38, 'GG Cooperative', 'GGC', 'Type 3', '7987987', '77966', '2020-07-07', 'CBO', 'ggc@gmail.com', 'HPA', '796856', 1, 11, 32, 1, '2021-05-18 11:06:24'),
(39, 'Blessed Hope Cooperative', 'BHC', 'Type 2', '380989', '809990', '2020-04-27', 'CBO', 'bh@email.com', 'HPA', '0987897989', 1, 9, 36, 1, '2021-05-21 14:31:58');

--
-- Triggers `mgf_organisation`
--
DELIMITER $$
CREATE TRIGGER `after_organisation_insert` AFTER INSERT ON `mgf_organisation` FOR EACH ROW BEGIN
  UPDATE mgf_applicant SET organisation_id=new.id WHERE id=new.applicant_id;  
END
$$
DELIMITER ;

-- --------------------------------------------------------

--
-- Table structure for table `mgf_organisational_details`
--

CREATE TABLE `mgf_organisational_details` (
  `id` int(11) NOT NULL,
  `mgt_Staff` int(11) NOT NULL,
  `senior_Staff` int(11) NOT NULL,
  `junior_Staff` int(11) NOT NULL,
  `others` int(11) NOT NULL,
  `last_board` date NOT NULL,
  `last_agm` date NOT NULL,
  `last_audit` date NOT NULL,
  `has_finance` enum('YES','NO') COLLATE utf8mb4_unicode_ci DEFAULT NULL,
  `has_resources` enum('YES','NO') COLLATE utf8mb4_unicode_ci DEFAULT NULL,
  `organisation_id` int(11) NOT NULL,
  `date_created` timestamp NOT NULL DEFAULT current_timestamp()
) ENGINE=InnoDB DEFAULT CHARSET=utf8mb4 COLLATE=utf8mb4_unicode_ci;

--
-- Dumping data for table `mgf_organisational_details`
--

INSERT INTO `mgf_organisational_details` (`id`, `mgt_Staff`, `senior_Staff`, `junior_Staff`, `others`, `last_board`, `last_agm`, `last_audit`, `has_finance`, `has_resources`, `organisation_id`, `date_created`) VALUES
(10, 4, 10, 30, 4, '2021-05-04', '2021-04-26', '2021-04-26', 'YES', 'YES', 35, '2021-05-12 20:28:42');

-- --------------------------------------------------------

--
-- Table structure for table `mgf_partnership`
--

CREATE TABLE `mgf_partnership` (
  `id` int(11) NOT NULL,
  `partner_name` varchar(50) COLLATE utf8mb4_unicode_ci NOT NULL,
  `partnership_aim` varchar(50) COLLATE utf8mb4_unicode_ci NOT NULL,
  `start_date` date NOT NULL,
  `end_date` date NOT NULL,
  `partnership_status` enum('On-Going','Completed') COLLATE utf8mb4_unicode_ci NOT NULL,
  `experience_id` int(11) NOT NULL,
  `organisation_id` int(11) NOT NULL,
  `date_created` timestamp NOT NULL DEFAULT current_timestamp()
) ENGINE=InnoDB DEFAULT CHARSET=utf8mb4 COLLATE=utf8mb4_unicode_ci;

--
-- Dumping data for table `mgf_partnership`
--

INSERT INTO `mgf_partnership` (`id`, `partner_name`, `partnership_aim`, `start_date`, `end_date`, `partnership_status`, `experience_id`, `organisation_id`, `date_created`) VALUES
(18, 'partner 1', 'Aim 1', '2019-12-01', '2021-06-05', 'On-Going', 13, 34, '2021-05-12 17:08:27'),
(19, 'partner 2', 'Aim 2', '0000-00-00', '0000-00-00', 'On-Going', 13, 34, '2021-05-17 20:03:39');

-- --------------------------------------------------------

--
-- Table structure for table `mgf_pastproject`
--

CREATE TABLE `mgf_pastproject` (
  `id` int(11) NOT NULL,
  `project_name` varchar(50) COLLATE utf8mb4_unicode_ci NOT NULL,
  `years_assisted` int(11) NOT NULL,
  `amount_assisted` decimal(10,0) NOT NULL,
  `obligations_met` enum('YES','NO') COLLATE utf8mb4_unicode_ci NOT NULL,
  `outcome_response` text COLLATE utf8mb4_unicode_ci NOT NULL,
  `organisation_id` int(11) NOT NULL,
  `experience_id` int(11) NOT NULL,
  `date_created` timestamp NOT NULL DEFAULT current_timestamp()
) ENGINE=InnoDB DEFAULT CHARSET=utf8mb4 COLLATE=utf8mb4_unicode_ci;

--
-- Dumping data for table `mgf_pastproject`
--

INSERT INTO `mgf_pastproject` (`id`, `project_name`, `years_assisted`, `amount_assisted`, `obligations_met`, `outcome_response`, `organisation_id`, `experience_id`, `date_created`) VALUES
(16, 'Project 1', 2, '30000', 'YES', 'Success', 34, 13, '2021-05-12 17:07:20'),
(17, 'Project 2', 1, '4000', 'NO', 'Fail', 34, 13, '2021-05-12 17:07:46');

-- --------------------------------------------------------

--
-- Table structure for table `mgf_position`
--

CREATE TABLE `mgf_position` (
  `id` int(11) NOT NULL,
  `position` varchar(30) COLLATE utf8mb4_unicode_ci NOT NULL,
  `date_created` timestamp NOT NULL DEFAULT current_timestamp()
) ENGINE=InnoDB DEFAULT CHARSET=utf8mb4 COLLATE=utf8mb4_unicode_ci;

--
-- Dumping data for table `mgf_position`
--

INSERT INTO `mgf_position` (`id`, `position`, `date_created`) VALUES
(1, 'CEO', '2021-03-04 23:49:33'),
(2, 'Board Chairman', '2021-03-05 12:37:08');

-- --------------------------------------------------------

--
-- Table structure for table `mgf_project_evaluation`
--

CREATE TABLE `mgf_project_evaluation` (
  `id` int(11) NOT NULL,
  `proposal_id` int(11) NOT NULL,
  `organisation_id` int(11) NOT NULL,
  `window` enum('1','2') COLLATE utf8mb4_unicode_ci DEFAULT NULL,
  `status` int(1) NOT NULL DEFAULT 0,
  `observation` text COLLATE utf8mb4_unicode_ci DEFAULT NULL,
  `declaration` text COLLATE utf8mb4_unicode_ci DEFAULT NULL,
  `totalscore` varchar(5) COLLATE utf8mb4_unicode_ci DEFAULT '0',
  `decision` varchar(20) COLLATE utf8mb4_unicode_ci DEFAULT NULL,
  `date_created` timestamp NOT NULL DEFAULT current_timestamp(),
  `date_submitted` timestamp NULL DEFAULT NULL,
  `date_reviewed` timestamp NULL DEFAULT NULL,
  `reviewedby` int(11) NOT NULL,
  `signature` text COLLATE utf8mb4_unicode_ci DEFAULT NULL
) ENGINE=InnoDB DEFAULT CHARSET=utf8mb4 COLLATE=utf8mb4_unicode_ci;

--
-- Dumping data for table `mgf_project_evaluation`
--

INSERT INTO `mgf_project_evaluation` (`id`, `proposal_id`, `organisation_id`, `window`, `status`, `observation`, `declaration`, `totalscore`, `decision`, `date_created`, `date_submitted`, `date_reviewed`, `reviewedby`, `signature`) VALUES
(62, 13, 34, '1', 4, 'O', 'D', '65', 'Differed', '2021-05-12 19:07:08', '2021-05-12 17:43:40', '2021-05-12 19:22:59', 58, 'S'),
(63, 13, 34, '1', 2, 'O', 'D', '72', 'Recommended', '2021-05-12 19:14:34', '2021-05-12 17:43:40', '2021-05-12 20:02:24', 63, 'S'),
(64, 13, 34, '1', 4, 'O', 'D', '65', 'Differed', '2021-05-12 19:14:47', '2021-05-12 17:43:40', '2021-05-12 20:05:01', 64, 'S');

-- --------------------------------------------------------

--
-- Table structure for table `mgf_proposal`
--

CREATE TABLE `mgf_proposal` (
  `id` int(11) NOT NULL,
  `project_title` varchar(30) COLLATE utf8mb4_unicode_ci DEFAULT NULL,
  `mgf_no` varchar(11) COLLATE utf8mb4_unicode_ci NOT NULL,
  `organisation_id` int(11) NOT NULL,
  `applicant_type` enum('Category-A','Category-B') COLLATE utf8mb4_unicode_ci DEFAULT NULL,
  `starting_date` date NOT NULL,
  `ending_date` date DEFAULT NULL,
  `project_length` int(11) NOT NULL DEFAULT 0,
  `number_reviewers` int(11) NOT NULL DEFAULT 0,
  `project_operations` text COLLATE utf8mb4_unicode_ci DEFAULT NULL,
  `any_experience` enum('YES','NO','N/A') COLLATE utf8mb4_unicode_ci DEFAULT NULL,
  `experience_response` text COLLATE utf8mb4_unicode_ci DEFAULT NULL,
  `indicate_partnerships` text COLLATE utf8mb4_unicode_ci DEFAULT NULL,
  `proposal_status` varchar(20) COLLATE utf8mb4_unicode_ci NOT NULL DEFAULT 'Created',
  `date_created` timestamp NOT NULL DEFAULT current_timestamp(),
  `date_submitted` timestamp NULL DEFAULT NULL,
  `problem_statement` text COLLATE utf8mb4_unicode_ci DEFAULT NULL,
  `overall_objective` text COLLATE utf8mb4_unicode_ci DEFAULT NULL,
  `is_active` int(1) DEFAULT 0,
  `totalcost` decimal(15,2) DEFAULT 0.00,
  `province_id` int(11) UNSIGNED DEFAULT NULL,
  `district_id` int(11) UNSIGNED DEFAULT NULL
) ENGINE=InnoDB DEFAULT CHARSET=utf8mb4 COLLATE=utf8mb4_unicode_ci;

--
-- Dumping data for table `mgf_proposal`
--

INSERT INTO `mgf_proposal` (`id`, `project_title`, `mgf_no`, `organisation_id`, `applicant_type`, `starting_date`, `ending_date`, `project_length`, `number_reviewers`, `project_operations`, `any_experience`, `experience_response`, `indicate_partnerships`, `proposal_status`, `date_created`, `date_submitted`, `problem_statement`, `overall_objective`, `is_active`, `totalcost`, `province_id`, `district_id`) VALUES
(13, 'Apple Project', '1620846711', 34, 'Category-A', '2021-06-04', '2024-06-04', 3, 3, 'Agric production', 'YES', 'EE', '', 'Updated', '2021-05-12 17:11:51', '2021-05-12 17:43:40', 'PS', 'OO', 1, '96930.00', 6, 54),
(14, 'Cassava Project', '1620892408', 35, 'Category-B', '2021-04-25', '2023-04-25', 2, 0, 'Agric production', NULL, NULL, NULL, 'Created', '2021-05-13 05:53:28', NULL, NULL, NULL, 0, '30000.00', 2, 13),
(15, 'Banana Project', '1621705574', 37, 'Category-B', '2021-05-29', '2023-05-29', 2, 0, 'Agric production', NULL, NULL, NULL, 'Created', '2021-05-22 17:46:14', NULL, NULL, NULL, 1, '5000.00', 1, 7),
(16, 'BHC project 1', '1621705874', 39, NULL, '2021-05-29', '2024-05-29', 3, 0, 'Trade Services', NULL, NULL, NULL, 'Created', '2021-05-22 17:51:15', NULL, NULL, NULL, 1, '40000.00', 1, 9);

-- --------------------------------------------------------

--
-- Table structure for table `mgf_proposal_evaluation`
--

CREATE TABLE `mgf_proposal_evaluation` (
  `id` int(11) NOT NULL,
  `proposal_id` int(11) NOT NULL,
  `criterion_id` int(11) NOT NULL,
  `awardedscore` int(2) DEFAULT NULL,
  `grade` varchar(70) COLLATE utf8mb4_unicode_ci DEFAULT NULL,
  `comment` text COLLATE utf8mb4_unicode_ci DEFAULT NULL,
  `date_created` timestamp NOT NULL DEFAULT current_timestamp(),
  `createdby` int(11) NOT NULL
) ENGINE=InnoDB DEFAULT CHARSET=utf8mb4 COLLATE=utf8mb4_unicode_ci;

--
-- Dumping data for table `mgf_proposal_evaluation`
--

INSERT INTO `mgf_proposal_evaluation` (`id`, `proposal_id`, `criterion_id`, `awardedscore`, `grade`, `comment`, `date_created`, `createdby`) VALUES
(450, 13, 3, 3, 'Moderately', 'comment1', '2021-05-12 19:16:39', 58),
(451, 13, 4, 8, 'Highly', 'comment2', '2021-05-12 19:16:39', 58),
(452, 13, 5, 2, 'Little', 'comment4', '2021-05-12 19:16:39', 58),
(453, 13, 6, 5, 'Excellent in all respects', NULL, '2021-05-12 19:16:39', 58),
(454, 13, 7, 4, 'Very well', NULL, '2021-05-12 19:16:39', 58),
(455, 13, 8, 8, 'Appropriate attention and resources allocated', NULL, '2021-05-12 19:16:39', 58),
(456, 13, 9, 2, 'Realistic but fail to accommodate delay', NULL, '2021-05-12 19:16:39', 58),
(457, 13, 10, 8, 'Very satisfactory', NULL, '2021-05-12 19:16:39', 58),
(458, 13, 11, 4, 'Between 1-2 years', NULL, '2021-05-12 19:16:39', 58),
(459, 13, 12, 4, '500 - 799', 'comment5', '2021-05-12 19:16:39', 58),
(460, 13, 13, 4, '30  50%', NULL, '2021-05-12 19:16:39', 58),
(461, 13, 14, 1, 'Less than 15%', NULL, '2021-05-12 19:16:39', 58),
(462, 13, 15, 1, 'Less than 10%', NULL, '2021-05-12 19:16:39', 58),
(463, 13, 16, 4, 'Very much', NULL, '2021-05-12 19:16:39', 58),
(464, 13, 17, 2, '10  30 new employment', NULL, '2021-05-12 19:16:39', 58),
(465, 13, 18, 1, 'Very little attention', NULL, '2021-05-12 19:16:39', 58),
(466, 13, 19, 4, 'Satisfactorily addressed', NULL, '2021-05-12 19:16:39', 58),
(467, 13, 3, 4, 'Highly', NULL, '2021-05-12 19:47:18', 62),
(468, 13, 4, 10, 'Extremely Well', NULL, '2021-05-12 19:47:19', 62),
(469, 13, 5, 4, 'Clear and highly responsive', NULL, '2021-05-12 19:47:19', 62),
(470, 13, 6, 5, 'Excellent in all respects', NULL, '2021-05-12 19:47:19', 62),
(471, 13, 7, 4, 'Very well', NULL, '2021-05-12 19:47:19', 62),
(472, 13, 8, 8, 'Appropriate attention and resources allocated', NULL, '2021-05-12 19:47:19', 62),
(473, 13, 9, 5, 'Much more realistic/Very much realistic', NULL, '2021-05-12 19:47:19', 62),
(474, 13, 10, 8, 'Very satisfactory', NULL, '2021-05-12 19:47:19', 62),
(475, 13, 11, 5, 'Within 1 year', NULL, '2021-05-12 19:47:19', 62),
(476, 13, 12, 2, '200 - 499', NULL, '2021-05-12 19:47:19', 62),
(477, 13, 13, 5, 'Over 50%', NULL, '2021-05-12 19:47:20', 62),
(478, 13, 14, 5, 'Over 30%', NULL, '2021-05-12 19:47:20', 62),
(479, 13, 15, 4, '20  30%', NULL, '2021-05-12 19:47:20', 62),
(480, 13, 16, 4, 'Very much', NULL, '2021-05-12 19:47:20', 62),
(481, 13, 17, 2, '10  30 new employment', NULL, '2021-05-12 19:47:20', 62),
(482, 13, 18, 3, 'Appropriate', NULL, '2021-05-12 19:47:20', 62),
(483, 13, 19, 4, 'Satisfactorily addressed', NULL, '2021-05-12 19:47:20', 62),
(484, 13, 3, 4, 'Highly', NULL, '2021-05-12 20:01:36', 63),
(485, 13, 4, 10, 'Extremely Well', NULL, '2021-05-12 20:01:36', 63),
(486, 13, 5, 4, 'Clear and highly responsive', NULL, '2021-05-12 20:01:36', 63),
(487, 13, 6, 0, 'Vague/difficult to relate to technology', NULL, '2021-05-12 20:01:36', 63),
(488, 13, 7, 4, 'Very well', NULL, '2021-05-12 20:01:37', 63),
(489, 13, 8, 8, 'Appropriate attention and resources allocated', NULL, '2021-05-12 20:01:37', 63),
(490, 13, 9, 2, 'Realistic but fail to accommodate delay', NULL, '2021-05-12 20:01:37', 63),
(491, 13, 10, 8, 'Very satisfactory', NULL, '2021-05-12 20:01:37', 63),
(492, 13, 11, 4, 'Between 1-2 years', NULL, '2021-05-12 20:01:37', 63),
(493, 13, 12, 4, '500 - 799', NULL, '2021-05-12 20:01:37', 63),
(494, 13, 13, 4, '30  50%', NULL, '2021-05-12 20:01:37', 63),
(495, 13, 14, 4, '20  30%', NULL, '2021-05-12 20:01:37', 63),
(496, 13, 15, 4, '20  30%', NULL, '2021-05-12 20:01:37', 63),
(497, 13, 16, 5, 'Extremely well', NULL, '2021-05-12 20:01:37', 63),
(498, 13, 17, 2, '10  30 new employment', NULL, '2021-05-12 20:01:37', 63),
(499, 13, 18, 1, 'Very little attention', NULL, '2021-05-12 20:01:37', 63),
(500, 13, 19, 4, 'Satisfactorily addressed', NULL, '2021-05-12 20:01:37', 63),
(501, 13, 3, 0, 'Poorly', NULL, '2021-05-12 20:03:37', 64),
(502, 13, 4, 6, 'Moderately', NULL, '2021-05-12 20:03:37', 64),
(503, 13, 5, 2, 'Little', NULL, '2021-05-12 20:03:37', 64),
(504, 13, 6, 2, 'Very little', NULL, '2021-05-12 20:03:37', 64),
(505, 13, 7, 5, 'Highly responsive', NULL, '2021-05-12 20:03:37', 64),
(506, 13, 8, 8, 'Appropriate attention and resources allocated', NULL, '2021-05-12 20:03:37', 64),
(507, 13, 9, 2, 'Realistic but fail to accommodate delay', NULL, '2021-05-12 20:03:38', 64),
(508, 13, 10, 8, 'Very satisfactory', NULL, '2021-05-12 20:03:38', 64),
(509, 13, 11, 3, 'After 2 years', NULL, '2021-05-12 20:03:38', 64),
(510, 13, 12, 5, '800 - 1000', NULL, '2021-05-12 20:03:38', 64),
(511, 13, 13, 4, '30  50%', NULL, '2021-05-12 20:03:38', 64),
(512, 13, 14, 5, 'Over 30%', NULL, '2021-05-12 20:03:38', 64),
(513, 13, 15, 2, '15  19%', NULL, '2021-05-12 20:03:38', 64),
(514, 13, 16, 1, 'Very little', NULL, '2021-05-12 20:03:38', 64),
(515, 13, 17, 5, 'Over 50 new employment', NULL, '2021-05-12 20:03:38', 64),
(516, 13, 18, 3, 'Appropriate', NULL, '2021-05-12 20:03:38', 64),
(517, 13, 19, 4, 'Satisfactorily addressed', NULL, '2021-05-12 20:03:38', 64);

-- --------------------------------------------------------

--
-- Table structure for table `mgf_reviewer`
--

CREATE TABLE `mgf_reviewer` (
  `id` int(11) NOT NULL,
  `title` enum('Mr.','Mrs.','Ms.','Miss.','Dr.','Prof.','Rev.') DEFAULT NULL,
  `login_code` varchar(10) NOT NULL,
  `first_name` varchar(30) NOT NULL,
  `last_name` varchar(30) NOT NULL,
  `mobile` varchar(15) NOT NULL,
  `reviewer_type` enum('Internal','External') DEFAULT NULL,
  `area_of_expertise` text NOT NULL,
  `user_id` int(11) NOT NULL,
  `confirmed` int(11) DEFAULT 0,
  `createdBy` int(11) UNSIGNED DEFAULT NULL,
  `total_assigned_1` int(11) DEFAULT 0,
  `total_assigned_2` int(11) DEFAULT 0,
  `email` varchar(50) NOT NULL,
  `date_created` timestamp NOT NULL DEFAULT current_timestamp()
) ENGINE=InnoDB DEFAULT CHARSET=utf8;

--
-- Dumping data for table `mgf_reviewer`
--

INSERT INTO `mgf_reviewer` (`id`, `title`, `login_code`, `first_name`, `last_name`, `mobile`, `reviewer_type`, `area_of_expertise`, `user_id`, `confirmed`, `createdBy`, `total_assigned_1`, `total_assigned_2`, `email`, `date_created`) VALUES
(38, NULL, 'rev1', 'Garry', 'Kapaya', '0955336672', 'External', 'Agric production', 58, 0, 15, 1, 0, 'garr@test.com', '2021-04-28 20:27:43'),
(39, NULL, 'rev2', 'Susan', 'Kalenga', '0978119920', 'Internal', 'Agric production', 59, 0, 15, 0, 0, 'sue@test.com', '2021-04-28 20:28:37'),
(40, NULL, 'rev3', 'Fatima', 'Josh', '0966227718', 'Internal', 'Agric production', 62, 0, 15, 0, 0, 'josh@essap.org', '2021-05-12 15:02:13'),
(41, NULL, 'rev4', 'Nandipa', 'Kamfwa', '0977339929', 'External', 'Agric production', 63, 0, 15, 1, 0, 'nk@gmai.com', '2021-05-12 19:08:52'),
(42, NULL, 'rev5', 'Harry', 'Mwanga', '0971662267', 'External', 'Agric production', 64, 0, 15, 1, 0, 'hm@email.com', '2021-05-12 19:12:49');

--
-- Triggers `mgf_reviewer`
--
DELIMITER $$
CREATE TRIGGER `after_mgfreviewer_insert` AFTER INSERT ON `mgf_reviewer` FOR EACH ROW BEGIN
	INSERT INTO users(username,first_name,last_name,password,phone,role,email,auth_key) VALUES (new.login_code,new.first_name,new.last_name,new.mobile,new.mobile,5,new.email,'ehhjhwe5678gR%^$%^$Fghfghff');
END
$$
DELIMITER ;

-- --------------------------------------------------------

--
-- Table structure for table `mgf_screening`
--

CREATE TABLE `mgf_screening` (
  `id` int(11) NOT NULL,
  `conceptnote_id` int(11) NOT NULL,
  `organisation_id` int(11) NOT NULL,
  `criterion` text COLLATE utf8mb4_unicode_ci DEFAULT NULL,
  `satisfactory` varchar(4) COLLATE utf8mb4_unicode_ci DEFAULT NULL,
  `approve_submittion` timestamp NULL DEFAULT NULL,
  `verified_by` varchar(20) COLLATE utf8mb4_unicode_ci DEFAULT NULL
) ENGINE=InnoDB DEFAULT CHARSET=utf8mb4 COLLATE=utf8mb4_unicode_ci;

--
-- Dumping data for table `mgf_screening`
--

INSERT INTO `mgf_screening` (`id`, `conceptnote_id`, `organisation_id`, `criterion`, `satisfactory`, `approve_submittion`, `verified_by`) VALUES
(188, 18, 35, 'Has the applicant fully filled the application form with required attachments?', 'YES', NULL, 'rev5'),
(189, 18, 35, 'Is the applicant an appropriate type of organization for the window applied under?', 'YES', NULL, 'rev5'),
(190, 18, 35, 'Is the applicant legally registered in Zambia to do business in agriculture/agribusiness?', 'YES', NULL, 'rev5'),
(191, 18, 35, 'Has the applicant been operating in the value chains of focus for E-SAPP (minimum two years)?', 'YES', NULL, 'rev5'),
(192, 18, 35, 'Has the applicant been collaborating or intends to collaborate with smallholders/producers?', 'YES', NULL, 'rev5'),
(193, 18, 35, 'Is the applicant operating as a fully commercial enterprise?', 'NO', NULL, 'rev5'),
(194, 18, 35, 'Have the key staff/members provided training in farming as a business to smallholder farmers or is organization ready to provide FaaB training if required?', 'NO', NULL, 'rev5'),
(195, 18, 35, 'Has the applicant demonstrated capacity to make required contribution in cash or kind or both?', 'YES', NULL, 'rev5'),
(196, 18, 35, 'Does the application demonstrate good financial standing of the applicant?', 'YES', NULL, 'rev5'),
(197, 18, 35, 'Does the applicant have sound governance and proven management capacity?', 'YES', NULL, 'rev5'),
(198, 18, 35, 'Has an appropriate body within the organization approved the decision to apply for a grant under the E-SAPP?', 'NO', NULL, 'rev5'),
(199, 19, 37, 'Has the applicant fully filled the application form with required attachments?', 'NO', NULL, 'chulu1francis@gmail.'),
(200, 19, 37, 'Is the applicant an appropriate type of organization for the window applied under?', 'YES', NULL, 'chulu1francis@gmail.'),
(201, 19, 37, 'Is the applicant legally registered in Zambia to do business in agriculture/agribusiness?', 'NO', NULL, 'chulu1francis@gmail.'),
(202, 19, 37, 'Has the applicant been operating in the value chains of focus for E-SAPP (minimum two years)?', 'YES', NULL, 'chulu1francis@gmail.'),
(203, 19, 37, 'Has the applicant been collaborating or intends to collaborate with smallholders/producers?', 'YES', NULL, 'chulu1francis@gmail.'),
(204, 19, 37, 'Is the applicant operating as a fully commercial enterprise?', 'YES', NULL, 'chulu1francis@gmail.'),
(205, 19, 37, 'Have the key staff/members provided training in farming as a business to smallholder farmers or is organization ready to provide FaaB training if required?', 'YES', NULL, 'chulu1francis@gmail.'),
(206, 19, 37, 'Has the applicant demonstrated capacity to make required contribution in cash or kind or both?', 'YES', NULL, 'chulu1francis@gmail.'),
(207, 19, 37, 'Does the application demonstrate good financial standing of the applicant?', 'YES', NULL, 'chulu1francis@gmail.'),
(208, 19, 37, 'Does the applicant have sound governance and proven management capacity?', 'YES', NULL, 'chulu1francis@gmail.'),
(209, 19, 37, 'Has an appropriate body within the organization approved the decision to apply for a grant under the E-SAPP?', 'NO', NULL, 'chulu1francis@gmail.'),
(210, 20, 38, 'Has the applicant fully filled the application form with required attachments?', 'YES', NULL, 'chulu1francis@gmail.'),
(211, 20, 38, 'Is the applicant an appropriate type of organization for the window applied under?', 'NO', NULL, 'chulu1francis@gmail.'),
(212, 20, 38, 'Is the applicant legally registered in Zambia to do business in agriculture/agribusiness?', 'YES', NULL, 'chulu1francis@gmail.'),
(213, 20, 38, 'Has the applicant been operating in the value chains of focus for E-SAPP (minimum two years)?', 'YES', NULL, 'chulu1francis@gmail.'),
(214, 20, 38, 'Has the applicant been collaborating or intends to collaborate with smallholders/producers?', 'YES', NULL, 'chulu1francis@gmail.'),
(215, 20, 38, 'Is the applicant operating as a fully commercial enterprise?', 'YES', NULL, 'chulu1francis@gmail.'),
(216, 20, 38, 'Have the key staff/members provided training in farming as a business to smallholder farmers or is organization ready to provide FaaB training if required?', 'NO', NULL, 'chulu1francis@gmail.'),
(217, 20, 38, 'Has the applicant demonstrated capacity to make required contribution in cash or kind or both?', 'YES', NULL, 'chulu1francis@gmail.'),
(218, 20, 38, 'Does the application demonstrate good financial standing of the applicant?', 'YES', NULL, 'chulu1francis@gmail.'),
(219, 20, 38, 'Does the applicant have sound governance and proven management capacity?', 'YES', NULL, 'chulu1francis@gmail.'),
(220, 20, 38, 'Has an appropriate body within the organization approved the decision to apply for a grant under the E-SAPP?', 'YES', NULL, 'chulu1francis@gmail.'),
(221, 21, 39, 'Has the applicant fully filled the application form with required attachments?', 'YES', NULL, 'chulu1francis@gmail.'),
(222, 21, 39, 'Is the applicant an appropriate type of organization for the window applied under?', 'YES', NULL, 'chulu1francis@gmail.'),
(223, 21, 39, 'Is the applicant legally registered in Zambia to do business in agriculture/agribusiness?', 'YES', NULL, 'chulu1francis@gmail.'),
(224, 21, 39, 'Has the applicant been operating in the value chains of focus for E-SAPP (minimum two years)?', 'NO', NULL, 'chulu1francis@gmail.'),
(225, 21, 39, 'Has the applicant been collaborating or intends to collaborate with smallholders/producers?', 'YES', NULL, 'chulu1francis@gmail.'),
(226, 21, 39, 'Is the applicant operating as a fully commercial enterprise?', 'YES', NULL, 'chulu1francis@gmail.'),
(227, 21, 39, 'Have the key staff/members provided training in farming as a business to smallholder farmers or is organization ready to provide FaaB training if required?', 'YES', NULL, 'chulu1francis@gmail.'),
(228, 21, 39, 'Has the applicant demonstrated capacity to make required contribution in cash or kind or both?', 'YES', NULL, 'chulu1francis@gmail.'),
(229, 21, 39, 'Does the application demonstrate good financial standing of the applicant?', 'YES', NULL, 'chulu1francis@gmail.'),
(230, 21, 39, 'Does the applicant have sound governance and proven management capacity?', 'NO', NULL, 'chulu1francis@gmail.'),
(231, 21, 39, 'Has an appropriate body within the organization approved the decision to apply for a grant under the E-SAPP?', 'YES', NULL, 'chulu1francis@gmail.');

-- --------------------------------------------------------

--
-- Table structure for table `mgf_selection_category`
--

CREATE TABLE `mgf_selection_category` (
  `id` int(11) NOT NULL,
  `category` text COLLATE utf8mb4_unicode_ci NOT NULL,
  `date_created` timestamp NOT NULL DEFAULT current_timestamp(),
  `createdby` int(11) NOT NULL
) ENGINE=InnoDB DEFAULT CHARSET=utf8mb4 COLLATE=utf8mb4_unicode_ci;

--
-- Dumping data for table `mgf_selection_category`
--

INSERT INTO `mgf_selection_category` (`id`, `category`, `date_created`, `createdby`) VALUES
(1, 'PROBLEM STATEMENT AND STRATEGIC OBJECTIVE ', '2021-03-17 09:00:55', 1),
(2, 'PROJECT DESCRIPTION AND RELEVANCE TO TECHNOLOGY AND PROBLEM STATEMENT', '2021-03-17 09:00:55', 15),
(3, 'IMPLEMENTATION CAPACITY AND ARRANGEMENTS', '2021-03-18 06:52:23', 15),
(4, 'PROJECT RESULTS AND BENEFICIARIES', '2021-03-18 06:52:23', 15),
(5, 'SUSTAINABILITY/SCALABILITY/REPLICABILITY', '2021-03-18 06:53:14', 15),
(6, 'PROJECT RISKS AND MITIGANTS', '2021-03-18 06:53:14', 15);

-- --------------------------------------------------------

--
-- Table structure for table `mgf_selection_criteria`
--

CREATE TABLE `mgf_selection_criteria` (
  `id` int(11) NOT NULL,
  `criterion` text COLLATE utf8mb4_unicode_ci NOT NULL,
  `category_id` int(11) NOT NULL,
  `date_created` timestamp NOT NULL DEFAULT current_timestamp(),
  `createdby` int(11) NOT NULL
) ENGINE=InnoDB DEFAULT CHARSET=utf8mb4 COLLATE=utf8mb4_unicode_ci;

--
-- Dumping data for table `mgf_selection_criteria`
--

INSERT INTO `mgf_selection_criteria` (`id`, `criterion`, `category_id`, `date_created`, `createdby`) VALUES
(3, 'Will addressing the problem identified in the FPP respond to E-SAPP MGF-Objective: Agricultural commercialization, enhancing smallholder participation in the selected value chains, value addition, market access, competitiveness?', 1, '2021-03-17 09:02:21', 15),
(4, 'Is the strategic objective responsive to the problem statement?', 1, '2021-03-17 09:02:21', 15),
(5, 'Are components and activities clearly defined and responsive to strategic objective?', 2, '2021-03-17 13:02:35', 15),
(6, 'Are the input/output coefficients detailed and in-line with the technology and industry experience? ', 2, '2021-03-17 13:02:35', 15),
(7, 'Will the proposed technology/initiative provide practical and economic solutions to address the problem(s) identified?', 2, '2021-03-17 13:04:00', 15),
(8, 'Have Marketing issues been considered and adequate arrangements made (including resources allocated) for marketing?', 2, '2021-03-17 13:04:00', 15),
(9, 'Is the period of implementation realistic for such a project?', 2, '2021-03-17 13:06:53', 15),
(10, 'Has the applicant demonstrated capacity to implement the proposed project (i.e. number of staff, training and experience, track record of project management including financial management, leadership and governance?', 3, '2021-03-18 16:50:21', 15),
(11, 'How soon will the participating smallholders realise expected benefits?', 4, '2021-03-18 16:58:11', 15),
(12, 'How large is the number of smallholder farmers/producers who will benefit from the proposed project?', 4, '2021-03-18 17:06:35', 15),
(13, 'What is the percentage of women among the direct beneficiaries who will benefit from the proposed project? ', 4, '2021-03-18 17:06:35', 15),
(14, 'What is the proportion of youths among the direct beneficiaries who will benefit from the proposed project?', 4, '2021-03-18 17:06:35', 15),
(15, 'How significant will the increase in income of direct smallholder beneficiaries be?', 4, '2021-03-18 17:06:35', 15),
(16, 'Will the proposed project contribute to the development of effective and sustainable linkages with other actors in the value chain?', 5, '2021-03-18 18:10:58', 15),
(17, 'Will the proposed project have a systemic impact in the value chain? (Direct and Indirect/Casual Employment)', 5, '2021-03-18 18:10:58', 15),
(18, 'Has the proposed project adequately identified its social and environmental impact and climate risks? \r\nHave necessary measures for control and mitigation been addressed?', 6, '2021-03-18 18:10:58', 15),
(19, 'Have other risk exposures (Business, Financial, etc) been identified and mitigation measures addressed?', 6, '2021-03-18 18:10:58', 15);

-- --------------------------------------------------------

--
-- Table structure for table `mgf_selection_grade`
--

CREATE TABLE `mgf_selection_grade` (
  `id` int(11) NOT NULL,
  `grade` varchar(70) COLLATE utf8mb4_unicode_ci NOT NULL,
  `criterion_id` int(11) NOT NULL,
  `awardedscore` int(2) NOT NULL,
  `date_created` timestamp NOT NULL DEFAULT current_timestamp(),
  `createdby` int(11) NOT NULL
) ENGINE=InnoDB DEFAULT CHARSET=utf8mb4 COLLATE=utf8mb4_unicode_ci;

--
-- Dumping data for table `mgf_selection_grade`
--

INSERT INTO `mgf_selection_grade` (`id`, `grade`, `criterion_id`, `awardedscore`, `date_created`, `createdby`) VALUES
(1, 'Poorly', 4, 0, '2021-03-17 09:40:37', 15),
(2, 'Little', 4, 4, '2021-03-17 09:42:10', 15),
(3, 'Moderately', 4, 6, '2021-03-17 09:43:08', 15),
(4, 'Highly', 4, 8, '2021-03-17 09:44:12', 15),
(5, 'Extremely Well', 4, 10, '2021-03-17 09:44:56', 15),
(6, 'Poorly', 3, 0, '2021-03-17 11:02:54', 15),
(7, 'Little', 3, 2, '2021-03-17 11:16:15', 15),
(8, 'Moderately', 3, 3, '2021-03-17 11:16:15', 15),
(9, 'Highly', 3, 4, '2021-03-17 11:16:15', 15),
(10, 'Extremely Well', 3, 5, '2021-03-17 11:16:15', 15),
(11, 'Unclear/ unresponsive', 5, 0, '2021-03-17 13:20:44', 15),
(12, 'Little', 5, 2, '2021-03-17 13:20:44', 15),
(13, 'Clear and highly responsive', 5, 4, '2021-03-17 13:20:44', 15),
(14, 'Highly responsive and clear', 5, 5, '2021-03-17 13:20:44', 15),
(15, 'Vague/difficult to relate to technology', 6, 0, '2021-03-17 16:47:54', 15),
(16, 'Very little', 6, 2, '2021-03-17 16:47:54', 15),
(17, 'Detailed and in-line with Technology & Industry norm', 6, 4, '2021-03-17 16:47:54', 15),
(18, 'Excellent in all respects', 6, 5, '2021-03-17 16:47:54', 15),
(19, 'Not at all', 7, 0, '2021-03-17 16:47:54', 15),
(20, 'Moderately', 7, 2, '2021-03-17 16:47:54', 15),
(21, 'Very well', 7, 4, '2021-03-17 16:47:54', 15),
(22, 'Highly responsive', 7, 5, '2021-03-17 16:47:54', 15),
(23, 'Not at all', 8, 0, '2021-03-17 16:47:54', 15),
(24, 'Moderately', 8, 5, '2021-03-17 16:47:54', 15),
(25, 'Appropriate attention and resources allocated', 8, 8, '2021-03-17 16:47:54', 15),
(26, 'Extremely well considered', 8, 10, '2021-03-17 16:47:54', 15),
(27, 'Over optimistic', 9, 0, '2021-03-17 16:47:54', 15),
(28, 'Realistic but fail to accommodate delay', 9, 2, '2021-03-17 16:47:54', 15),
(29, 'Adequate', 9, 4, '2021-03-17 16:47:54', 15),
(30, 'Much more realistic/Very much realistic', 9, 5, '2021-03-17 16:47:54', 15),
(31, 'No evidence', 10, 0, '2021-03-18 18:37:33', 15),
(32, 'Fairly satisfactory', 10, 5, '2021-03-18 18:37:33', 15),
(33, 'Very satisfactory', 10, 8, '2021-03-18 18:37:33', 15),
(34, 'Highly satisfactory with proven experience', 10, 10, '2021-03-18 18:37:33', 15),
(35, 'After 3 years', 11, 1, '2021-03-18 18:37:33', 15),
(36, 'After 2 years', 11, 3, '2021-03-18 18:37:33', 15),
(37, 'Between 1-2 years', 11, 4, '2021-03-18 18:37:33', 15),
(38, 'Within 1 year', 11, 5, '2021-03-18 18:37:33', 15),
(39, 'Less than 200', 12, 1, '2021-03-18 18:37:33', 15),
(40, '200 - 499', 12, 2, '2021-03-18 18:37:33', 15),
(41, '500 - 799', 12, 4, '2021-03-18 18:37:33', 15),
(42, '800 - 1000', 12, 5, '2021-03-18 18:37:33', 15),
(43, 'Less than 10%', 13, 1, '2021-03-18 18:37:33', 15),
(44, '10  29%', 13, 2, '2021-03-18 18:37:33', 15),
(45, '30  50%', 13, 4, '2021-03-18 18:37:33', 15),
(46, 'Over 50%', 13, 5, '2021-03-18 18:37:33', 15),
(47, 'Less than 15%', 14, 1, '2021-03-18 18:37:33', 15),
(48, '15  19%', 14, 2, '2021-03-18 18:37:33', 15),
(49, '20  30%', 14, 4, '2021-03-18 18:37:33', 15),
(50, 'Over 30%', 14, 5, '2021-03-18 18:37:33', 15),
(51, 'Less than 10%', 15, 1, '2021-03-18 18:51:32', 15),
(52, '15  19%', 15, 2, '2021-03-18 18:51:32', 15),
(53, '20  30%', 15, 4, '2021-03-18 18:51:32', 15),
(54, 'Over 30%', 15, 5, '2021-03-18 18:51:32', 15),
(55, 'Very little', 16, 1, '2021-03-18 18:51:32', 15),
(56, 'To a large extent', 16, 2, '2021-03-18 18:51:32', 15),
(57, 'Very much', 16, 4, '2021-03-18 18:51:32', 15),
(58, 'Extremely well', 16, 5, '2021-03-18 18:51:32', 15),
(59, 'Less than 10 persons employed', 17, 1, '2021-03-18 18:51:32', 15),
(60, '10  30 new employment', 17, 2, '2021-03-18 18:51:32', 15),
(61, '31  50 new employment', 17, 4, '2021-03-18 18:51:32', 15),
(62, 'Over 50 new employment', 17, 5, '2021-03-18 18:51:32', 15),
(63, 'No attention is given', 18, 0, '2021-03-18 18:51:32', 15),
(64, 'Very little attention', 18, 1, '2021-03-18 18:51:32', 15),
(65, 'Appropriate', 18, 3, '2021-03-18 18:51:32', 15),
(66, 'Very satisfactory attention', 18, 5, '2021-03-18 18:51:32', 15),
(67, 'To a limited extent', 19, 1, '2021-03-18 18:51:32', 15),
(68, 'Fairly well addressed', 19, 2, '2021-03-18 18:51:32', 15),
(69, 'Satisfactorily addressed', 19, 4, '2021-03-18 18:51:32', 15),
(70, 'Very well addressed', 19, 5, '2021-03-18 18:51:32', 15);

-- --------------------------------------------------------

--
-- Table structure for table `mgf_unit`
--

CREATE TABLE `mgf_unit` (
  `id` int(11) NOT NULL,
  `unit` varchar(30) COLLATE utf8mb4_unicode_ci NOT NULL,
  `synonym` varchar(11) COLLATE utf8mb4_unicode_ci NOT NULL,
  `user_id` int(11) NOT NULL,
  `date_created` timestamp NOT NULL DEFAULT current_timestamp()
) ENGINE=InnoDB DEFAULT CHARSET=utf8mb4 COLLATE=utf8mb4_unicode_ci;

--
-- Dumping data for table `mgf_unit`
--

INSERT INTO `mgf_unit` (`id`, `unit`, `synonym`, `user_id`, `date_created`) VALUES
(3, 'centimeters', 'cm', 28, '2021-04-27 15:23:33'),
(4, 'kilograms', 'Kg', 5, '2021-04-27 15:23:33'),
(5, 'count', 'count', 15, '2021-04-27 15:24:44'),
(6, 'pounds', 'lbs', 15, '2021-04-27 15:24:44'),
(7, 'medas', 'meda', 15, '2021-04-27 15:26:01'),
(8, 'inches', 'in', 15, '2021-04-27 15:26:01');

-- --------------------------------------------------------

--
-- Table structure for table `migration`
--

CREATE TABLE `migration` (
  `version` varchar(180) NOT NULL,
  `apply_time` int(11) DEFAULT NULL
) ENGINE=InnoDB DEFAULT CHARSET=utf8mb4;

--
-- Dumping data for table `migration`
--

INSERT INTO `migration` (`version`, `apply_time`) VALUES
('m000000_000000_base', 1620985268),
('m130524_201442_init', 1620985276),
('m190124_110200_add_verification_token_column_to_user_table', 1620985276);

-- --------------------------------------------------------

--
-- Table structure for table `permissions`
--

CREATE TABLE `permissions` (
  `id` int(11) NOT NULL,
  `right` text DEFAULT NULL,
  `definition` text DEFAULT NULL,
  `active` int(11) NOT NULL DEFAULT 1
) ENGINE=InnoDB DEFAULT CHARSET=utf8;

--
-- Dumping data for table `permissions`
--

INSERT INTO `permissions` (`id`, `right`, `definition`, `active`) VALUES
(1, 'Manage Users', NULL, 1),
(2, 'View Users', NULL, 1),
(3, 'Manage Roles', NULL, 1),
(4, 'View Roles', NULL, 1),
(6, 'View profile', NULL, 1),
(7, 'View audit trail logs', NULL, 1),
(8, 'Manage provinces', NULL, 1),
(9, 'Manage districts', NULL, 1),
(10, 'Manage camps', NULL, 1),
(11, 'Remove provinces', NULL, 1),
(12, 'Remove districts', NULL, 1),
(13, 'Remove camps', NULL, 1),
(14, 'Manage markets', NULL, 1),
(15, 'Remove markets', NULL, 1),
(16, 'Manage commodity configs', NULL, 1),
(17, 'Remove commodity config', NULL, 1),
(18, 'Collect commodity prices', NULL, 1),
(19, 'View commodity prices', NULL, 1),
(20, 'Remove commodity price', NULL, 1),
(21, 'Manage interview guide template questions', NULL, 1),
(22, 'View interview guide template', NULL, 1),
(23, 'Remove interview guide template question', NULL, 1),
(24, 'Manage story of change categories', NULL, 1),
(25, 'Submit story of change', NULL, 1),
(26, 'Review Story of change', NULL, 1),
(27, 'View Story of change', NULL, 1),
(28, 'Attach case study articles', NULL, 1),
(29, 'Manage faabs groups', NULL, 1),
(30, 'View faabs groups', NULL, 1),
(31, 'Remove faabs groups', NULL, 1),
(32, 'Manage category A farmers', NULL, 1),
(33, 'View category A farmers', NULL, 1),
(34, 'Remove category A farmers', NULL, 1),
(35, 'Submit FaaBS training records', NULL, 1),
(36, 'View FaaBS training records', NULL, 1),
(37, 'Remove FaaBS training records', NULL, 1),
(38, 'Submit back to office report', NULL, 1),
(39, 'Review back to office report', NULL, 1),
(40, 'View back to office report', NULL, 1),
(43, 'Plan camp monthly activities', NULL, 1),
(44, 'Remove planned camp monthly activities', NULL, 1),
(45, 'View planned camp monthly activities', NULL, 1),
(46, 'Manage FaaBS training topics', NULL, 1),
(47, 'View FaaBS training topics', NULL, 1),
(48, 'Remove FaaBS training topics', NULL, 1),
(49, 'View facilitation of improved technologies/best practices report', NULL, 1),
(50, 'View MGF module', 'Permission to View the MGF module', 1),
(51, 'View MGF Applicants', NULL, 1),
(52, 'View MGF Organisations', NULL, 1),
(53, 'Update MGF Organisation', NULL, 1),
(54, 'View MGF Concept Note', NULL, 1),
(55, 'View MGF Application', NULL, 1),
(56, 'View MGF Evaluations', '', 1),
(57, 'View MGF Proposals', NULL, 1),
(58, 'View MGF Approvals', NULL, 1),
(59, 'View Project Components', NULL, 1),
(60, 'Review Concept Note', NULL, 1),
(61, 'View Concept Note', NULL, 1);

-- --------------------------------------------------------

--
-- Table structure for table `province`
--

CREATE TABLE `province` (
  `id` int(10) UNSIGNED NOT NULL,
  `name` varchar(255) NOT NULL,
  `created_at` int(11) UNSIGNED NOT NULL,
  `updated_at` int(11) UNSIGNED NOT NULL,
  `created_by` int(11) DEFAULT NULL,
  `updated_by` int(11) DEFAULT NULL
) ENGINE=InnoDB DEFAULT CHARSET=utf8;

--
-- Dumping data for table `province`
--

INSERT INTO `province` (`id`, `name`, `created_at`, `updated_at`, `created_by`, `updated_by`) VALUES
(1, 'Central', 0, 1607362055, NULL, 1),
(2, 'Copperbelt', 0, 0, NULL, NULL),
(3, 'Eastern', 0, 0, NULL, NULL),
(4, 'Luapula', 0, 0, NULL, NULL),
(5, 'Lusaka', 0, 0, NULL, NULL),
(6, 'Muchinga', 0, 0, NULL, NULL),
(7, 'Northern', 0, 0, NULL, NULL),
(8, 'North-Western', 0, 0, NULL, NULL),
(9, 'Southern', 0, 0, NULL, NULL),
(10, 'Western', 0, 0, NULL, NULL);

-- --------------------------------------------------------

--
-- Table structure for table `right_to_role`
--

CREATE TABLE `right_to_role` (
  `id` int(11) NOT NULL,
  `role` int(11) NOT NULL,
  `right` text DEFAULT NULL,
  `active` int(11) DEFAULT 1
) ENGINE=InnoDB DEFAULT CHARSET=utf8;

--
-- Dumping data for table `right_to_role`
--

INSERT INTO `right_to_role` (`id`, `role`, `right`, `active`) VALUES
(608, 4, 'View Users', 1),
(896, 3, 'View profile', 1),
(897, 3, 'Collect commodity prices', 1),
(898, 3, 'View commodity prices', 1),
(899, 3, 'Submit story of change', 1),
(900, 3, 'Manage faabs groups', 1),
(901, 3, 'View faabs groups', 1),
(902, 3, 'Remove faabs groups', 1),
(903, 3, 'Manage category A farmers', 1),
(904, 3, 'View category A farmers', 1),
(905, 3, 'Remove category A farmers', 1),
(906, 3, 'Submit FaaBS training records', 1),
(907, 3, 'View FaaBS training records', 1),
(908, 3, 'Remove FaaBS training records', 1),
(909, 3, 'Submit back to office report', 1),
(910, 3, 'Plan camp monthly activities', 1),
(911, 3, 'Remove planned camp monthly activities', 1),
(912, 3, 'View facilitation of improved technologies/best practices report', 1),
(1051, 5, 'View MGF module', 1),
(1131, 6, 'View Project Components', 1),
(1174, 1, 'Manage Users', 1),
(1175, 1, 'View Users', 1),
(1176, 1, 'Manage Roles', 1),
(1177, 1, 'View Roles', 1),
(1178, 1, 'View profile', 1),
(1179, 1, 'View audit trail logs', 1),
(1180, 1, 'Manage provinces', 1),
(1181, 1, 'Manage districts', 1),
(1182, 1, 'Manage camps', 1),
(1183, 1, 'Remove provinces', 1),
(1184, 1, 'Remove districts', 1),
(1185, 1, 'Remove camps', 1),
(1186, 1, 'Manage markets', 1),
(1187, 1, 'Remove markets', 1),
(1188, 1, 'Manage commodity configs', 1),
(1189, 1, 'Remove commodity config', 1),
(1190, 1, 'View commodity prices', 1),
(1191, 1, 'Remove commodity price', 1),
(1192, 1, 'Manage interview guide template questions', 1),
(1193, 1, 'View interview guide template', 1),
(1194, 1, 'Remove interview guide template question', 1),
(1195, 1, 'Manage story of change categories', 1),
(1196, 1, 'Review Story of change', 1),
(1197, 1, 'Attach case study articles', 1),
(1198, 1, 'View faabs groups', 1),
(1199, 1, 'View category A farmers', 1),
(1200, 1, 'View FaaBS training records', 1),
(1201, 1, 'Review back to office report', 1),
(1202, 1, 'Manage FaaBS training topics', 1),
(1203, 1, 'View FaaBS training topics', 1),
(1204, 1, 'Remove FaaBS training topics', 1),
(1205, 1, 'View facilitation of improved technologies/best practices report', 1),
(1206, 1, 'View MGF module', 1),
(1207, 1, 'View MGF Applicants', 1),
(1208, 1, 'View MGF Organisations', 1),
(1209, 1, 'Update MGF Organisation', 1),
(1210, 1, 'View MGF Concept Note', 1),
(1211, 1, 'View MGF Application', 1),
(1212, 1, 'View MGF Evaluations', 1),
(1213, 1, 'View MGF Proposals', 1),
(1214, 1, 'View MGF Approvals', 1),
(1215, 1, 'Review Concept Note', 1),
(1216, 1, 'View Concept Note', 1);

-- --------------------------------------------------------

--
-- Table structure for table `roles`
--

CREATE TABLE `roles` (
  `id` int(11) NOT NULL,
  `role` text NOT NULL,
  `active` int(11) DEFAULT 1,
  `created_at` int(11) UNSIGNED DEFAULT NULL,
  `updated_at` int(11) UNSIGNED DEFAULT NULL,
  `updated_by` int(11) DEFAULT NULL,
  `created_by` int(11) DEFAULT NULL
) ENGINE=InnoDB DEFAULT CHARSET=utf8;

--
-- Dumping data for table `roles`
--

INSERT INTO `roles` (`id`, `role`, `active`, `created_at`, `updated_at`, `updated_by`, `created_by`) VALUES
(1, 'Administrator', 1, 1222, 1603902498, 1, 1),
(3, 'User', 1, 1603902583, 1603902583, 1, 1),
(4, 'test', 1, 1614068089, 1614068089, 1, 1),
(5, 'Applicant', 1, 1614068089, 1614068089, 1, 1),
(6, 'Reviewer', 1, 1614068089, 1614068089, 1, 1);

-- --------------------------------------------------------

--
-- Table structure for table `user`
--

CREATE TABLE `user` (
  `id` int(11) NOT NULL,
  `username` varchar(255) COLLATE utf8_unicode_ci NOT NULL,
  `auth_key` varchar(32) COLLATE utf8_unicode_ci NOT NULL,
  `password_hash` varchar(255) COLLATE utf8_unicode_ci NOT NULL,
  `password_reset_token` varchar(255) COLLATE utf8_unicode_ci DEFAULT NULL,
  `email` varchar(255) COLLATE utf8_unicode_ci NOT NULL,
  `status` smallint(6) NOT NULL DEFAULT 10,
  `created_at` int(11) NOT NULL,
  `updated_at` int(11) NOT NULL,
  `verification_token` varchar(255) COLLATE utf8_unicode_ci DEFAULT NULL
) ENGINE=InnoDB DEFAULT CHARSET=utf8 COLLATE=utf8_unicode_ci;

-- --------------------------------------------------------

--
-- Table structure for table `users`
--

CREATE TABLE `users` (
  `id` int(11) NOT NULL,
  `role` int(11) NOT NULL,
  `first_name` varchar(255) NOT NULL,
  `last_name` varchar(255) NOT NULL,
  `other_name` varchar(255) DEFAULT '',
  `title` varchar(10) DEFAULT '',
  `sex` varchar(7) DEFAULT 'Male',
  `phone` varchar(45) DEFAULT NULL,
  `nrc` varchar(45) DEFAULT NULL,
  `username` varchar(255) NOT NULL,
  `email` varchar(255) NOT NULL DEFAULT '',
  `status` smallint(6) NOT NULL DEFAULT 10,
  `auth_key` varchar(32) NOT NULL,
  `password` varchar(255) NOT NULL DEFAULT '',
  `password_reset_token` varchar(255) DEFAULT NULL,
  `verification_token` varchar(255) DEFAULT NULL,
  `camp_id` int(11) UNSIGNED DEFAULT NULL,
  `district_id` int(11) UNSIGNED DEFAULT NULL,
  `province_id` int(11) UNSIGNED DEFAULT NULL,
  `updated_by` int(11) DEFAULT NULL,
  `created_by` int(11) DEFAULT NULL,
  `created_at` int(11) UNSIGNED NOT NULL,
  `updated_at` int(11) UNSIGNED NOT NULL,
  `type_of_user` varchar(45) DEFAULT 'Other user' COMMENT 'Type of user different from role. This is there to ammodate users that belong to camps, districts or province\nAvailable types {Camp user, District user, Provincial user, Other user}'
) ENGINE=InnoDB DEFAULT CHARSET=utf8;

--
-- Dumping data for table `users`
--

INSERT INTO `users` (`id`, `role`, `first_name`, `last_name`, `other_name`, `title`, `sex`, `phone`, `nrc`, `username`, `email`, `status`, `auth_key`, `password`, `password_reset_token`, `verification_token`, `camp_id`, `district_id`, `province_id`, `updated_by`, `created_by`, `created_at`, `updated_at`, `type_of_user`) VALUES
(1, 1, 'Francis', 'Chulu', '', 'Mr.', 'Male', '+260978981234', '123454/21/23', 'chulu1francis@gmail.com', 'chulu1francis@gmail.com', 1, 'gB_PJTElMSxW^IfiNmpYT^7qva3?Hy:a', '$2y$13$/igl4SBKySwX9QQc352pKef5YX6gRSI8nx/8vkTvyD0RYNDXIjIvO', '-GDPDTEgVpbCySh94TqY4hRrma_XkSty_1616662153', NULL, 0, 0, 0, 1, NULL, 11, 1616662153, 'Other user'),
(5, 3, 'Chulu', 'Francis', '', 'Mr.', 'Male', '+260978981345', '123454/21/23', 'francis.chulu@unza.zm', 'francis.chulu@unza.zm', 1, 'gB_PJTElMSxW^IfiNmpYT^7qva3?Hy:a', '$2y$13$/igl4SBKySwX9QQc352pKef5YX6gRSI8nx/8vkTvyD0RYNDXIjIvO', NULL, NULL, NULL, NULL, NULL, 1, 1, 1604659275, 1604660233, 'Other user'),
(6, 1, 'test', 'Test', '', '', 'Male', '', '', 'francis.chulu1@unza.zm', 'francis.chulu@unza.zm', 2, 'gB_PJTElMSxW^IfiNmpYT^7qva3?Hy:a', '$2y$13$/igl4SBKySwX9QQc352pKef5YX6gRSI8nx/8vkTvyD0RYNDXIjIvO', 'LZ-pePN17FJB7Mg1CtyYyRsNH5tohaz6_1607174006', NULL, NULL, NULL, NULL, 1, 1, 1607174006, 1607174024, 'Other user'),
(9, 3, 'Test', 'Test', '', 'Mr.', 'Female', '', '', 'test@unza.zm', 'chulu1francis@gmail.com', 1, 'gB_PJTElMSxW^IfiNmpYT^7qva3?Hy:a', '$2y$13$/igl4SBKySwX9QQc352pKef5YX6gRSI8nx/8vkTvyD0RYNDXIjIvO', 'PF4j04-lRuOClA4gXY-oTX_95V6Ap-2-_1607181915', NULL, 0, 0, 0, 1, 1, 1607181915, 1607186786, 'Other user'),
(10, 3, 'test', 'Test', '', 'Mr.', 'Female', '', '', 'test1@unza.zm', 'francis.chulu@unza.zm', 1, 'gB_PJTElMSxW^IfiNmpYT^7qva3?Hy:a', '$2y$13$/igl4SBKySwX9QQc352pKef5YX6gRSI8nx/8vkTvyD0RYNDXIjIvO', 'VlfAXnPz_XY_5s6E7x2Qi_SpPhIEl9I0_1607181970', NULL, NULL, 2, 1, 1, 1, 1607181970, 1616772648, 'District user'),
(11, 3, 'test', 'Test 3', '', 'Mr.', 'Male', '', '', 'test2@unza.zm', 'francis.chulu@unza.zm', 0, 'gB_PJTElMSxW^IfiNmpYT^7qva3?Hy:a', '$2y$13$/igl4SBKySwX9QQc352pKef5YX6gRSI8nx/8vkTvyD0RYNDXIjIvO', 'pFOgJWyUKdULYoTNxXctPhB4CEv8LpzB_1607182013', NULL, NULL, NULL, 1, 1, 1, 1607182013, 1614016783, 'Provincial user'),
(15, 1, 'Admin', 'Admin', '', '', 'Male', '0964167617', NULL, 'admin', 'admin@admin.com', 10, 'gB_PJTElMSxW^IfiNmpYT^7qva3?Hy:a', '$2y$13$/igl4SBKySwX9QQc352pKef5YX6gRSI8nx/8vkTvyD0RYNDXIjIvO', NULL, 'Za3k5GHN792DigVab-xANiYLfllPY8Rg_1614478206', NULL, 7, 1, NULL, NULL, 1614478206, 1614478250, 'Provincial user1'),
(17, 4, 'Chikondi', 'Banda', '', '', 'Male', '0977665423', NULL, 'farmer', 'bb@gmail.com', 10, 'ExKpvjXBPls-9hCcW2PRoic_yHIwYxu_', '$2y$13$2iqtClJkR7PBsbAAqulZ9.Qeoub1Io2xtAd9o5Pjr674FFIKkEk2S', NULL, 'T5O7Ys_l2dxUP_lt4am-rTEy6BvnC1KA_1614525982', NULL, NULL, 1, NULL, 15, 1619527366, 1619527366, 'Applicant'),
(18, 4, 'Kalata', 'Kalata', '', '', 'Male', '0977338293', '593392/11/1', 'farmer_1', 'kalata@gmail.com', 10, '8OiHyS2cZxOlOgIXlHbwD_uViH8D9X9M', '$2y$13$4deHjVOO1fB4B/MSqdq2W.90mGsWICJbfnTyZ9laAP4e.SSGblyUu', NULL, 'v1VstTqFK-U2q-t7sh5NxRXO_B_1DBmC_1615119985', NULL, 17, 2, NULL, NULL, 1615119985, 1615120084, 'Applicant'),
(19, 1, 'Kalusa', 'Kaamba', '', '', 'Male', '0977847231', '593393/11/1', 'reviewer', 'kalusa@gmail.com', 10, '0pK2pa4RV7tz-GQ40oKruNc-sOWF_7nA', '$2y$13$75n8ltBtUczPP0RlxfrUYOf.q1uc/J5wFVxKNI13zCsil1idAYVWu', NULL, 'GM9U_WJ_xisy1VNBQ09JEkcpIlZNWVHA_1615379816', NULL, 13, 2, NULL, NULL, 1615379816, 1615379950, 'Provincial User1'),
(20, 4, 'Danny', 'Leza', '', '', 'Male', '0977384902', NULL, 'farmer3', 'dd@gmail.com', 10, 'KMeVjwajyb5aVRipYa06mRJoHyERRrsp', '$2y$13$KF3W7l15rzt3TsXkIcubre7CDMXHrYmyIUfzXP9TAfV3TMZNXgziq', NULL, 'x3zmfAim3wUVC1bwL10PapF4ciSXQ02W_1615485288', NULL, NULL, 2, NULL, NULL, 1615485288, 1615485383, 'Applicant'),
(21, 4, 'Jacob', 'Chaya', '', '', 'Male', '0967889021', NULL, 'farmer4', 'jaco@hmail.com', 10, 'LJZifYt8RhrmaEsNVFGV8QPs_eG7QOys', '$2y$13$Wl/jSV6ZPXSufauBYfK0nepag8rqLoz8fXdapQRY3ICgW1B5ztzLy', NULL, 'JViykxs6GmQ011ioeJMdpv-PwszD7qt__1615909919', NULL, NULL, 4, NULL, NULL, 1615909919, 1615909982, 'Applicant'),
(22, 4, 'Lloyd', 'Hambai', '', '', 'Male', '0977221178', NULL, 'user1', 'user1@gmail.com', 10, 'YzBiXqzwjTjXmpz-LeCowoL-FgP3_Xys', '$2y$13$RY6k3WZUrIGhfVw6XcEEReAXv8svP1i9ZwriQzqN7CCCsVYXmut7u', NULL, 'ofOYwZ7S0gINZWOUWbBWIJN9SJyMmWSY_1617726680', NULL, NULL, 2, NULL, NULL, 1617726680, 1617726766, 'Applicant'),
(23, 4, 'David', 'Kangwa', '', '', 'Male', '0977116278', '473890/11/1', 'user2', 'user2@gmail.com', 10, 'mH62_uQceauBM-B359_8K5fQ8SooSFse', '$2y$13$gi2FiyCH0dj9pWRT0573PuWqIVFFlSqZEx05e7ILQ7aa3Qj/7lxAu', NULL, 'DPf7ZUk5NjvZktB-FP-DciRIh4wWiJFg_1617726814', NULL, NULL, 2, NULL, NULL, 1617726814, 1617726848, 'Applicant'),
(24, 4, 'Brian', 'Kaoma', '', '', 'Male', '0967889022', '237781/11/1', 'user3', 'bkao@gmail.com', 10, 'rDgfLtTlLQe1svOnK5sxA7nUhoRlJsi0', '$2y$13$PCG0tJcLVC5dlELIDMqO7unTF.0QwcdcQxMW2oJ4olfefU0fGbqi6', NULL, 'Muv9ObxbT-jED6YXgeRap3KEFsigx_ME_1618089768', NULL, NULL, 2, NULL, NULL, 1618089768, 1618307933, 'Applicant'),
(26, 4, 'Farai', 'Tofa', '', '', 'Male', '0977847239', '593312/11/1', 'user4', 'fara@gmail.com', 9, 'TTc-pstewNdJOcjqqrxypxkepQjrunvU', '$2y$13$Mww8NcNgTye5vo3G3myyZulLSDlscykS88jHjbP4EfjjO1ccUbVbO', NULL, 'nPRc3iwQvFsCXKYxrKKkKmAqOEJvoQtz_1618860494', NULL, NULL, NULL, NULL, NULL, 1618860494, 1618860494, 'Applicant'),
(27, 4, 'Adrian', 'Kangwa', '', '', 'Male', '0977221178', '983382/11/1', 'ad', 'ad@ka.com', 10, 'sbSf-WsV_vLkc0Wl57UzjpZqzk6Y4paA', '$2y$13$uYBzArLfXa1ajqz8Kci2UuZwF5cQUWB03TgISV42kOG9KK9nX0m.K', NULL, 'Wq6GjpuEURLiwNPB4SikxOIwCTeecVVD_1618994250', NULL, NULL, 2, NULL, NULL, 1618994250, 1618994488, 'Applicant'),
(28, 4, 'Boyd', 'Banda', '', '', 'Male', '0966327718', '112783/11/1', 'bb', 'bb@admin.zm', 10, 'Gn9iZ3_-dkHh1BmgVB8JTpFRfX93QV5k', '$2y$13$XKK0u8DoE3XJnqoE38BVMeArvW691eC6WJtTQkjhad/L6jCzgy10O', NULL, 'lhs7vk-q-IATTMHqwlgx_hJNyIRDbmFw_1618995018', NULL, NULL, NULL, NULL, NULL, 1618995018, 1618995159, 'Applicant'),
(29, 5, 'tet', 'etet', '', '', 'Male', 'ete', NULL, 'etet', 'tete', 10, '_pATiS7CdH8HE7NUodIwrjrAOmMhX5GX', '$2y$13$4U.VXWPhMUt1A.af4PQ7cO06SnZYwte0fLNYLj7zaY.fNFTcoWxHy', NULL, NULL, NULL, NULL, NULL, NULL, 15, 1619535221, 1619535221, 'Other user'),
(30, 5, 'rtr', 'rtr', '', '', 'Male', 'trtrt', NULL, 'trtr', 'rtrt', 10, 'ehhjhwe5678gR%^$%^$Fghfghff', 'trtrt', NULL, NULL, NULL, NULL, NULL, NULL, NULL, 0, 0, 'Other user'),
(31, 5, 'tetet', 'etet', '', '', 'Male', 'etet', NULL, 'etert', 'tetet', 10, 'ehhjhwe5678gR%^$%^$Fghfghff', 'etet', NULL, NULL, NULL, NULL, NULL, NULL, 15, 1619527509, 1619527509, 'Other user'),
(32, 5, 'ry', 'tyty', '', '', 'Male', 'tyt', NULL, '546', 'tyt', 10, 'ehhjhwe5678gR%^$%^$Fghfghff', '', NULL, NULL, NULL, NULL, NULL, NULL, 15, 1619527735, 1619527735, 'Other user'),
(33, 5, '545', '4545', '', '', 'Male', '4545', NULL, '545', '545', 10, 'ehhjhwe5678gR%^$%^$Fghfghff', '$2y$13$Ql9AUW09PHHhedeA4QPIDOk/TQZqphz/OtjH8BNJUrszvXFTph696', NULL, NULL, NULL, NULL, NULL, NULL, 15, 1619529531, 1619529531, 'Other user'),
(34, 5, 'ryry', 'yryr', '', '', 'Male', 'ryr', NULL, 'rtr', 'yryr', 10, 'ehhjhwe5678gR%^$%^$Fghfghff', '$2y$13$jwMdZ/2HYBUaxmwYS9BcxuG2WjB.e2r.odhmotuCVWc..oBrwp.km', NULL, NULL, NULL, NULL, NULL, NULL, 15, 1619530183, 1619530183, 'Other user'),
(35, 4, 'New', 'User', '', '', 'Male', '0977336627', '991103/11/1', 'newuser', 'new@user.com', 9, 'aVHbrCMFiwAaD8dHudS7FiVG7AO93Kwx', '$2y$13$RIU2GVX6A9ikJLnIH4JDr.TI3iZbetz0OKWx6x7zWxJwmen1q7xbC', NULL, 'SDEJ6aS4n6xWs7MLihifNWP5dw4gsFc1_1619530299', NULL, NULL, NULL, NULL, NULL, 1619530299, 1619530299, 'Applicant'),
(36, 5, 'mmmmm', 'mmmmmm', '', '', 'Male', '475585', NULL, '1526', 'mm@mm.admin', 10, 'hGnd4Q3rS53AoBGBNJrh2ceLsfMvuMDo', '$2y$13$zMDXaNvDvdvj0rj/0T6equsbcLYqrDFqTGoNagAU7wtUD6y5bbLym', NULL, NULL, NULL, NULL, NULL, NULL, 15, 1619531688, 1619531688, 'Other user'),
(37, 4, 'Asan', 'Mbale', '', '', 'Male', '0977336627', '593312/10/1', 'user5', 'new1@user.com', 10, 'wn0PW-G-sWgtKcVx-cQC24Wuk4PPPMOc', '$2y$13$7FyqQ8IC2DrQIdcQyn0MTeT4XI0T7/AtvHDZsHL6ptXrBoM8gl1GS', NULL, 'jpRkUSb59-n3ixBNB0O3jLaj2L9hOkuI_1619532849', NULL, NULL, 7, NULL, NULL, 1619532849, 1619629691, 'Applicant'),
(38, 5, 'fgfh', 'fhfh', '', '', 'Male', 'fhf', NULL, 'sdg', 'hfhfh', 10, 'bZdqlYDdOXneLcg1UmSlKVmLF6idDLgG', '$2y$13$OsscyO7PMq9DRr5j3bLqhup64RDGHhNFwZedo1vWAHC30YRm1gbOy', NULL, NULL, NULL, NULL, NULL, NULL, 15, 1619533327, 1619533327, 'Other user'),
(39, 5, 'etyey', 'etet', '', '', 'Male', 'etet', NULL, 'tet', 'etet', 10, 'tkd_GyprVgmBVj9yM6PUwpEMMUP4wjjt', '$2y$13$ehnxXZV9wAYm4vwGhnYjmuthLXlJCeT9P6YDmezXPt0NQbNWYqIzG', NULL, NULL, NULL, NULL, NULL, NULL, 15, 1619533449, 1619533449, 'Other user'),
(40, 5, 'sdd', 'dsds', '', '', 'Male', 'dsd', NULL, 'dsd', 'dsds', 10, '1rA7RP_y6RFaXF35Kb9JHMQF-VL0KAUy', '$2y$13$ZwAA5RvqoVzcc53BDHcioODRAAnwA057cxHcIvj1KBo7UjyRoiyVq', NULL, NULL, NULL, NULL, NULL, NULL, 15, 1619533900, 1619533900, 'Other user'),
(41, 5, 'yty', 'tyt', '', '', 'Male', 'ytyt', NULL, 'yt', 'ytyt', 10, 'JOgNkOAbor-ZGz6aOdtJEnkt8tegGN_-', '$2y$13$.XfnbSENKaSJU3H/Qw2b1.tNieUp5R0lBt4.aoT/nenIDyyWHbKqy', NULL, NULL, NULL, NULL, NULL, NULL, 15, 1619533953, 1619533953, 'Other user'),
(42, 5, 'rtr', 'grtr', '', '', 'Male', 'trtr', NULL, 'tut', 'trtrt', 10, 'jqSqPz-294olvA2CoHXTu7aOZ1FB5qHL', '$2y$13$pXbmQ9JN9B7Euyiw7aIWWuzdiaoa9nrb9YeVI5bTJymtnq6xN4dCW', NULL, NULL, NULL, NULL, NULL, NULL, 15, 1619534030, 1619534030, 'Other user'),
(43, 5, 'tyry', 'ryryr', '', '', 'Male', 'yryry', NULL, 'dgfh', 'ryryr', 10, 'lpLsYWQ6q-jwd8LhVPttP3UrQsnOjc4v', '$2y$13$08fO/zI7vHJMoYQvJgX1cOlqd205w6oQ6hclwkpCv2gBHZaMzKbtC', NULL, NULL, NULL, NULL, NULL, NULL, 15, 1619534099, 1619534099, 'Other user'),
(44, 5, 'ryyr', 'te454', '', '', 'Male', '546tr', NULL, 'rytuyiu', 'yryt', 10, 'OTAjcqir9hD7lNQt1CDbOgW6sbJwJP-0', '$2y$13$OrukqbavpRZnwETYPyE6beHXIEPm20pIt1.ykeqTvwtqbnPhhue0S', NULL, NULL, NULL, NULL, NULL, NULL, 15, 1619534135, 1619534135, 'Other user'),
(45, 5, 'tuut', 'ryryr', '', '', 'Male', '4585686', NULL, 'yhtu7676', 'hghg', 10, 'M86fbJO2MA3dudc2_gHn_pgHdSHIHeiR', '$2y$13$.fc2Y3D0MlDFFZhN8yuCwe/gRMVeFOW2JjXdEx8oMkkpS/QmF60RC', NULL, NULL, NULL, NULL, NULL, NULL, 15, 1619534280, 1619534280, 'Other user'),
(46, 5, 'ururu', '5rujrf', '', '', 'Male', 'hrfj', NULL, 'gryr', 'jgjhk', 10, '5656mSSyHF95q_EhAaUinuYqkbZZYq4I', '$2y$13$SMBFDSnyqNzliW7Q59UeseM/vECSrQiLLmcJyUwUo1C7HZFS0DFR6', NULL, NULL, NULL, NULL, NULL, NULL, 15, 1619534397, 1619534397, 'Other user'),
(47, 5, 'iyyiyu', 'ouiyi', '', '', 'Male', 'yiyi', NULL, 'uyiuy57568', 'yiyiy-ghh', 10, 'p-t0rjl7d95m3zpV_ttVisLunFiLeXGr', '$2y$13$a3l6PvJPf.rQ0lVKv4FCUO3gHFg3Wx7FaXweb6P97TIqY0BUo8Jti', NULL, NULL, NULL, NULL, NULL, NULL, 15, 1619534465, 1619534465, 'Other user'),
(48, 5, 'tutu', 'tury', '', '', 'Male', 'ertete', NULL, 'wteryry', 'tete', 10, 'ehhjhwe5678gR%^$%^$Fghfghff', 'ertete', NULL, NULL, NULL, NULL, NULL, NULL, NULL, 0, 0, 'Other user'),
(49, 5, 'yryrurtu', 'tutu', '', '', 'Male', 'tutut', NULL, 'wret', 'ututu', 10, 'NMZHosmLMH9CXU19cmzXK272xWJxPsxI', '$2y$13$2..sOsciugB6VgVpex4iVe4QWghBUnhhG.UYd5z3xD3G2udUHRgPC', NULL, NULL, NULL, NULL, NULL, NULL, 15, 1619535269, 1619535269, 'Other user'),
(50, 5, 'tytyr', 'yryryt', '', '', 'Male', 'utut', NULL, '354trytry', 'truryr', 10, 'TCLt29hv2xz7NugDaGOSaP8SQr1aoEpP', '$2y$13$KrR8HQLqlAOYeOZJ1cM79ePthk.kr1y.37sd1VpRMwXpfjt1PdypW', NULL, NULL, NULL, NULL, NULL, NULL, 15, 1619535810, 1619535810, 'Other user'),
(51, 5, '75ytyu', 'tutruy5', '', '', 'Male', '7567686', NULL, '6575', '5y5', 10, 'RUHFUQf0RoSaxkV8llkNMYR2wU7bHxC8', '$2y$13$PGIvYYmcuB9wz/0KC00AK.sswt5q0P2kzo79.3Qzjindmr.JGD.q2', NULL, 'h9Nws4sqDWPoKQivm7rl9_boCldKKLBA', NULL, NULL, NULL, NULL, 15, 1619538023, 1619538023, 'Other user'),
(52, 5, 'ytyt', 'tyty', '', '', 'Male', 'tyty', NULL, '65465', 'tytuy', 10, 'IME95xAhWktTRCO4bpVQIBTNqP34h2Vi', '$2y$13$5XAxf.dcZ83hGD5PNnKzCuskzn6t9TM.u0SVfr0wGGgue.a3yi2gK', NULL, 'CiNLJUmUXnDnxRJ-9GZCN9ChUNNfcb8q_1619538355', NULL, NULL, NULL, NULL, 15, 1619538355, 1619538355, 'Other user'),
(53, 4, 'Kalusa', 'Kaamba', '', '', 'Male', '0977847231', '593312/13/1', 'user6', 'ka1lusa@gmail.com', 10, 'QYziJD8LLuXMOoMpT6lHfOfaGa4Dv4hp', '$2y$13$ZJPi93NFUzWkWSeNTiKkYehmhbOHa8jBWIzMBL.pjxBgyB64Y3jIS', NULL, '8QJWMMJN35Qr8WVg7jPMmxJl_rEFLfCi_1619639649', NULL, NULL, 1, NULL, NULL, 1619639649, 1619639727, 'Applicant'),
(54, 4, 'Kaluba', 'Kaumba', '', '', 'Male', '0977847232', '593393/10/1', 'farmer5', 'kalusa3@gmail.com', 10, 'nv0QlXcdrw3VuFTsSWMCfmCSKXBXWOSU', '$2y$13$QCjwsgZYoRsKifhJa1Cbo.j1/H4Jlrjh/tF5f65fcFu8amzRiTxPu', NULL, 'rF0SE4Ia1pfVT9fpm9yYgSYBIoJn1LcC_1619641399', NULL, NULL, 2, NULL, NULL, 1619641399, 1619641474, 'Applicant'),
(55, 4, 'David', 'Bwalya', '', '', 'Male', '0977227781', '473890/10/1', 'farmer6', 'farmer@essap.com', 10, 'LljqHsciWsw08256DvuDcOmTWbK5GAWJ', '$2y$13$ythAUnKeiowh9FJiLr/r0u2tDM.UHCQcIVA2YNLDN0demqTA11dPm', NULL, 'R5ZtV1TZlvKnx_mvkDzg4XsMoQ3aIVfq_1619642619', NULL, NULL, 1, NULL, NULL, 1619642619, 1619644100, 'Applicant'),
(56, 4, 'FarmerA', 'FarmerA', '', '', 'Male', '0977338294', '593393/10/1', 'farmerA', 'farmerA@gmail.com', 10, 'a6-d1XXcg2Vy7FIc-j8k8aOzIm3qL0yI', '$2y$13$AiyR4dbynw4wieWhPj7rKuujXHwjs/LrqPoFWiEOwHc8AzBAJHf2a', NULL, 'QriQZYlmNzQo-C7tLHVw2OwDbP18nylZ_1619648068', NULL, 54, 6, NULL, NULL, 1619648068, 1619648120, 'Applicant'),
(57, 4, 'FarmerB', 'FarmerB', '', '', 'Male', '0977338214', '593313/12/1', 'farmerB', 'farmerB@gmail.com', 10, 'Tjh1_EpQR7ss9XtiK6qYYkuiZUw2FzIu', '$2y$13$BZISIOLpCgEppOgjOt.q8ubSJBBcHp9e7Tcql1io1iGa9efHxPhVm', NULL, 'nzatz5A3YCqlEGbcHPDZwLtOVf2bt_JU_1619648417', NULL, 13, 2, NULL, NULL, 1619648417, 1619648460, 'Applicant'),
(58, 1, 'Garry', 'Kapaya', '', '', 'Male', '0955336672', NULL, 'rev1', 'garr@test.com', 10, 'xeGNGvMKjM3ZqpJunKQjXJVI2ujAXB66', '$2y$13$BZISIOLpCgEppOgjOt.q8ubSJBBcHp9e7Tcql1io1iGa9efHxPhVm', NULL, 'jm5li0Uk6cqw06PJ7fRJAhS2C6VWxxuq_1619648864', NULL, NULL, NULL, NULL, 15, 1619648864, 1619648864, 'Other user'),
(59, 1, 'Susan', 'Kalenga', '', '', 'Male', '0978119920', NULL, 'rev2', 'sue@test.com', 10, '-a1xnadhGvOEkq_J-JkZLGghhe5ZY6A8', '$2y$13$BZISIOLpCgEppOgjOt.q8ubSJBBcHp9e7Tcql1io1iGa9efHxPhVm', NULL, 'e8dP1lKDpgaywKw84-Hna8w0AFc3-h4q_1619648918', NULL, NULL, NULL, NULL, 15, 1619648918, 1619648918, 'Other user'),
(60, 4, 'FarmerC', 'FarmerC', '', '', 'Male', '0977338829', '993301/11/1', 'farmerc', 'farmerc@essap.org', 10, 'BJqujMPnma2mV7BIdC5aNH0AvrDzp9iy', '$2y$13$3MCmv/bM2v0x9N592eUwlOcxcQgVOOi4TAWNDN39HbWz4tw6srLkK', NULL, 'cKioss8BWaMxJcxqLq55xFvhZTxPU-j4_1620767518', NULL, NULL, 5, NULL, NULL, 1620767518, 1620767684, 'Applicant'),
(61, 4, 'FarmerD', 'FarmerD', '', '', 'Male', '0977332289', '839920/11/1', 'farmerd', 'farmerd@gmail.com', 10, 'C__NW0Z9ie9MR0cAXx2-4JaHXbCeY-_w', '$2y$13$TfQ8FDImXacFw21.XQZpy./7aObUwCoGGlVTGFs8dxyR7NMGOhfhK', NULL, 'gpNbsBZ-T7ejpLoMqopLxg5EFi-YugII_1620812411', NULL, 7, 1, NULL, NULL, 1620812411, 1620812554, 'Applicant'),
(62, 1, 'Fatima', 'Josh', '', '', 'Male', '0966227718', NULL, 'rev3', 'josh@essap.org', 10, 'L5VVv-9t_q9-aMf-hmtZJDt_4RtRTpia', '$2y$13$3MCmv/bM2v0x9N592eUwlOcxcQgVOOi4TAWNDN39HbWz4tw6srLkK', NULL, 'EKApBNZR81cJfbw7sHYxW8VAwGJbES9n_1620838934', NULL, NULL, NULL, NULL, 15, 1620838934, 1620838934, 'Other user'),
(63, 1, 'Nandipa', 'Kamfwa', '', '', 'Male', '0977339929', NULL, 'rev4', 'nk@gmai.com', 10, 'vvdz0wm561MR3dDFVg3CLGhaCTsNJ6Zv', '$2y$13$3MCmv/bM2v0x9N592eUwlOcxcQgVOOi4TAWNDN39HbWz4tw6srLkK', NULL, 'ZZ7jdMwsSt25jVwfMZnB9Bxe2rPZSn20_1620853733', NULL, NULL, NULL, NULL, 15, 1620853733, 1620853733, 'Other user'),
(64, 1, 'Harry', 'Mwanga', '', '', 'Male', '0971662267', NULL, 'rev5', 'hm@email.com', 10, 'j5cJX_B1YrUwR2UHZivZOimbaK855pEC', '$2y$13$3MCmv/bM2v0x9N592eUwlOcxcQgVOOi4TAWNDN39HbWz4tw6srLkK', NULL, 'JRx-0E6dK2UVvf05mrB-yNhOJz_Drw32_1620853970', NULL, NULL, NULL, NULL, 15, 1620853970, 1620853970, 'Other user'),
(65, 5, 'ghg', 'gjh', '', '', 'Male', 'fhfg', 'jhkh', 'MGF21050025', 'fhfh@gmail.com', 9, 'sgq1SKBTKj55x0XqhhSnfI6tcwnk01_j', '$2y$13$74G5A/eaUEdY8LR9RcM2cu83EEUFhxmJFiJVofF85G3DnxRxcq766', NULL, 'xyFipsuroZ4-KR5M6hBDXNIw41Qv-8hs_1621238455', NULL, NULL, NULL, NULL, NULL, 1621238455, 1621238455, 'Applicant'),
(66, 5, 'Farmer7', 'Farmer7', '', '', 'Male', '0978221189', '882211/12/1', 'farmer7', 'farmer7@gmail.com', 10, 'jX8OjYhUEvqW8brNvw6fEyIExE9oYrl9', '$2y$13$xmUTe00E4LdLSbjOJHrISeYr3I.ZUBCEccJ6JGXNOLTPcMiii3qY2', NULL, 'DCkJbb8Mx8Upj6IgjwheIOrzScRtaSxQ_1621238640', NULL, 12, 2, NULL, NULL, 1621238640, 1621239147, 'Applicant'),
(67, 5, 'Farmer8', 'Farmer8', '', '', 'Male', '0977661162', '1828672/12/00', 'login1', 'farmer8@gmail.com', 10, '0mchz7ojtYXxkfMUImFY6Q-qNFzMMd1o', '$2y$13$jvTzIJKSnpCy8eFsKFR1tuwf8.XY6iM9.3fxQ5Qmb9DvqfHT/3kbu', NULL, 'h0qgwiJ-4JX39_PsKyqdqbaedY7Wat5U_1621264454', NULL, 9, 1, NULL, NULL, 1621264454, 1621264565, 'Applicant'),
(68, 5, 'Farmer9', 'Farmer9', '', '', 'Male', '0977227381', '903381/11/1', 'farmer9', 'farmer9@gmail.com', 9, 'TomSzMfzMBhwYlv_a6488cVtK2JFADRC', '$2y$13$MmTxfu7h416/cRji3WsBReLf65YIpGafm93VOxLLgFHW2kXQ7iCfe', NULL, 'rQD3Ll1mXvhumjqbHEIxycf-GUVAgP4q_1621268639', NULL, NULL, NULL, NULL, NULL, 1621268639, 1621268639, 'Applicant'),
(69, 5, 'Farmer10', 'Farmer9', '', '', 'Male', '0977443891', '991182/22/1', 'farmer10', 'farmer10@gmail.com', 9, 'sEfbcjxBBsjYx7WFYxZFZEoA6X23q5EX', '$2y$13$RjFbNni/gKqixY.ASnFzbuSVh7d/ai2FUmSHmIiQXu9kp9rMFM.Q6', NULL, 'xIzo20ep-3_7j4WqwmJW3FPQknVS3FJC_1621268766', NULL, NULL, NULL, NULL, NULL, 1621268766, 1621268767, 'Applicant'),
(70, 5, 'Farmer11', 'Farmer11', '', '', 'Male', '0977221394', '968590/11/1', 'farmer11', 'farmer11@gmail.com', 9, 'McuVxmC6wXLD_KPVTQgiaRN7knCHcj4Y', '$2y$13$cc6eHg3VN52kcDfLN8XR1.z.zyGPFgwI0A2W0h2W8m4QTjsys9gOm', NULL, 'HFSPpiNw3SrMzI_lwm5YGObBKoTheJdV_1621268862', NULL, NULL, NULL, NULL, NULL, 1621268862, 1621268863, 'Applicant'),
(71, 5, 'Farmer12', 'Farmer12', '', '', 'Male', '0966447382', '904487/21/1', 'farmer12', 'farmer12@gmail.com', 9, 'sycJyxZa41kFN5GWyFjZEXaF6KY1cxRD', '$2y$13$KyZR6Vpf6ULXKcSOWc/9U.5pNtKSSA7fbaK3syTeni64Yg.SQd6lG', NULL, 'jLSUj56BSAnsvYC4Dd6UORobSXJrSfzc_1621268982', NULL, NULL, NULL, NULL, NULL, 1621268982, 1621268982, 'Applicant'),
(72, 5, 'Farmer13', 'Farmer13', '', '', 'Male', '0976338891', '905592/11/1', 'MGF21050026', 'farmer13@gmail.com', 9, 'osN6UMv1C1pBJr4YQJibMD5ymOjfGX-6', '$2y$13$iQsY4ThXx1vAiDYGKTzzlemhQeMB49YIMPtO.YodfFQtEF1YiYzSm', NULL, 'S9Iqxd7frSqOFcj9PzThc8EP3zdtdBfI_1621270847', NULL, NULL, NULL, NULL, NULL, 1621270847, 1621270847, 'Applicant'),
(73, 5, 'Farmer14', 'Farmer14', '', '', 'Male', '0977336478', '987765/11/1', 'MGF05212766', 'farmer14@gmail.com', 10, 'MFy8O3SyalKkoPdvSIMJFFWPjHXhzVr0', '$2y$13$8sR57q5zq6DUZtGg2yMHieg.gDbPq9fZcaqQw.Dfp5C7zZ8BtZ3W6', NULL, 'wOXyGohVH25EUU3exGJsAlnwPR65La-U_1621276660', NULL, 10, 1, NULL, NULL, 1621276660, 1621276759, 'Applicant'),
(74, 5, 'Farmer15', 'Farmer15', '', '', 'Male', '0977446738', '349901/11/1', 'MGF05215638', 'farmer15@gmail.com', 9, 'fWZH-_NC81bSRehYHOu1mJhTIoamVd-r', '$2y$13$8qcUk972fWjvYKITQ4BLguH2zGKgu2GU7UkPYnBvdenjqCwHfF0me', NULL, 'ofKLGzUP7PAomoGxe9R2ByvEbl0h9LNH_1621277088', NULL, NULL, NULL, NULL, NULL, 1621277088, 1621277089, 'Applicant'),
(75, 5, 'Farmer16', 'Farmer16', '', '', 'Male', '0977447581', '894490/11/1', 'MGF05218561', 'farmer16@gmail.com', 10, 'W3TYj2bYXWo9LRsyOj0ByN5TWjbPI4Cp', '$2y$13$AQGtScdDxGmFkY9ORfBuE.mBR38ntAu4q5W3292nZewKmJLR4Ftrm', NULL, 'shUl4ne-a4Dkrt0pTtKobfAWQBD6CNls_1621277261', NULL, NULL, NULL, NULL, NULL, 1621277261, 1621325486, 'Applicant'),
(76, 5, 'Farmer17', 'Farmer17', '', '', 'Male', '0977332283', '1828672/12/1', 'MGF05215052', 'farmer17@gmail.com', 10, '6_u5wjPOLEM7AazTyiD5wBl7jEaeLaoF', '$2y$13$ApYaqTz7lbVwoyAXklf3AegnCR8qkVvAXvWYifLV5J9OOY28vlVnG', NULL, 'heDcVJbzLjhbbZ_DcATULDOM_-S6G6q3_1621325903', NULL, 11, 1, NULL, NULL, 1621325903, 1621325941, 'Applicant'),
(77, 5, 'Farai', 'Tofa', '', '', 'Male', '0977227738', '784799/11/1', 'MGF05219203', 'farmer18@gmail.com', 9, 'xkYcKLb8Ro5Do0UrJcsufiIUgBvm3APZ', '$2y$13$6jNSj48yi2IW538mr2EYK.xNXCJwrVebTEujZRsY71/faGrjl9Eay', NULL, '-Ayy-IaTmE8KoslBbIlOzcDGKyb9DD5D_1621335790', NULL, NULL, NULL, NULL, NULL, 1621335790, 1621335794, 'Applicant'),
(78, 5, 'F1', 'L1', '', '', 'Male', '0977336617', '647738/11/1', 'MGF05211931', 'fl1@gmail.com', 9, 'PT-FAd_Dxc1sJu6OAmRL14HVIcIcQnyK', '$2y$13$dMAl8lqROGZnjLGJHEaep.2ElFXQ3ZcsiLXkOCuEN46laJ3I..6q6', NULL, 'aqKZW-Ec-Q3xqBDYN06kyhVGqIMCj-7i_1621606286', NULL, NULL, NULL, NULL, NULL, 1621606286, 1621606290, 'Applicant'),
(79, 5, 'F2', 'L2', '', '', 'Male', '0977221189', '885590/11/1', 'MGF05214122', 'fl2@gmail.com', 9, '4Ab43rJhBXA0QA9FqaWmiiJ-RA0xG4jz', '$2y$13$XGdnt2aTUjPn3Z7inQfAh.HOwzsDUIFygji0FZkG5/u78WX8wtZqu', NULL, 'OX59x5l8tjTmlKIIQwOjAtplYtVjtfl1_1621606808', NULL, NULL, NULL, NULL, NULL, 1621606808, 1621606809, 'Applicant'),
(80, 5, 'F3', 'L3', '', '', 'Male', '0977119902', '948839/22/1', 'MGF05211920', 'fl3@ymail.com', 10, '_3Db-RShNCllUcwL41s7lw3vfqGlHjLK', '$2y$13$0YddwtCkchdSeNUgZKQjg.stxMYelPxhKtwzrFReF3mWI./HE//3.', NULL, 'PTD2YsmZZJaGONdlybgxaPR7kuKgaQBW_1621607088', NULL, 9, 1, NULL, NULL, 1621607088, 1621607320, 'Applicant');

--
-- Indexes for dumped tables
--

--
-- Indexes for table `audit_trail`
--
ALTER TABLE `audit_trail`
  ADD PRIMARY KEY (`id`),
  ADD KEY `fk_audit_trail_1_idx` (`user`);

--
-- Indexes for table `awpb_activity`
--
ALTER TABLE `awpb_activity`
  ADD PRIMARY KEY (`id`),
  ADD UNIQUE KEY `description` (`description`),
  ADD UNIQUE KEY `name` (`name`),
  ADD KEY `component_id` (`component_id`),
  ADD KEY `expense_category_id` (`expense_category_id`),
  ADD KEY `awpb_template_id` (`awpb_template_id`),
  ADD KEY `unit_of_measure_id` (`unit_of_measure_id`),
  ADD KEY `activity_code` (`activity_code`) USING BTREE;

--
-- Indexes for table `awpb_activity_funder`
--
ALTER TABLE `awpb_activity_funder`
  ADD PRIMARY KEY (`id`),
  ADD KEY `activity_id` (`activity_id`),
  ADD KEY `funder_id` (`funder_id`);

--
-- Indexes for table `awpb_activity_line`
--
ALTER TABLE `awpb_activity_line`
  ADD PRIMARY KEY (`id`),
  ADD KEY `activity_id` (`activity_id`),
  ADD KEY `district_id` (`district_id`),
  ADD KEY `province_id` (`province_id`);

--
-- Indexes for table `awpb_component`
--
ALTER TABLE `awpb_component`
  ADD PRIMARY KEY (`id`),
  ADD UNIQUE KEY `component_code` (`code`),
  ADD UNIQUE KEY `component_description` (`name`),
  ADD KEY `parent_component_id` (`parent_component_id`),
  ADD KEY `expense_category_id` (`expense_category_id`),
  ADD KEY `funder_id` (`funder_id`);

--
-- Indexes for table `awpb_expense_category`
--
ALTER TABLE `awpb_expense_category`
  ADD PRIMARY KEY (`id`);

--
-- Indexes for table `awpb_funder`
--
ALTER TABLE `awpb_funder`
  ADD PRIMARY KEY (`id`);

--
-- Indexes for table `awpb_funding_type`
--
ALTER TABLE `awpb_funding_type`
  ADD PRIMARY KEY (`id`),
  ADD UNIQUE KEY `funding_type_code` (`funding_type_code`);

--
-- Indexes for table `awpb_outcome`
--
ALTER TABLE `awpb_outcome`
  ADD PRIMARY KEY (`id`),
  ADD UNIQUE KEY `outcome_code` (`outcome_code`),
  ADD KEY `template_id` (`template_id`),
  ADD KEY `component_id` (`component_id`);

--
-- Indexes for table `awpb_output`
--
ALTER TABLE `awpb_output`
  ADD PRIMARY KEY (`id`),
  ADD UNIQUE KEY `output_code` (`output_code`),
  ADD KEY `outcome_id` (`outcome_id`);

--
-- Indexes for table `awpb_template`
--
ALTER TABLE `awpb_template`
  ADD PRIMARY KEY (`id`),
  ADD UNIQUE KEY `fiscal_year` (`fiscal_year`);

--
-- Indexes for table `awpb_unit_of_measure`
--
ALTER TABLE `awpb_unit_of_measure`
  ADD PRIMARY KEY (`id`);

--
-- Indexes for table `camp`
--
ALTER TABLE `camp`
  ADD PRIMARY KEY (`id`),
  ADD KEY `fk_camp_1_idx` (`district_id`);

--
-- Indexes for table `commodity_category`
--
ALTER TABLE `commodity_category`
  ADD PRIMARY KEY (`id`);

--
-- Indexes for table `commodity_price_collection`
--
ALTER TABLE `commodity_price_collection`
  ADD PRIMARY KEY (`id`),
  ADD KEY `fk_commodity_price_collection_2_idx` (`price_level_id`),
  ADD KEY `fk_commodity_price_collection_4_idx` (`commodity_type_id`),
  ADD KEY `fk_commodity_price_collection_3_idx` (`market_id`),
  ADD KEY `fk_commodity_price_collection_1_idx` (`district`);

--
-- Indexes for table `commodity_price_level`
--
ALTER TABLE `commodity_price_level`
  ADD PRIMARY KEY (`id`);

--
-- Indexes for table `commodity_type`
--
ALTER TABLE `commodity_type`
  ADD PRIMARY KEY (`id`),
  ADD KEY `fk_commodity_type_1_idx` (`category_id`);

--
-- Indexes for table `district`
--
ALTER TABLE `district`
  ADD PRIMARY KEY (`id`),
  ADD KEY `fk_district_province` (`province_id`);

--
-- Indexes for table `lkm_storyofchange`
--
ALTER TABLE `lkm_storyofchange`
  ADD PRIMARY KEY (`id`),
  ADD KEY `fk_lkm_storyofchange_1_idx` (`category_id`);

--
-- Indexes for table `lkm_storyofchange_article`
--
ALTER TABLE `lkm_storyofchange_article`
  ADD PRIMARY KEY (`id`);

--
-- Indexes for table `lkm_storyofchange_category`
--
ALTER TABLE `lkm_storyofchange_category`
  ADD PRIMARY KEY (`id`);

--
-- Indexes for table `lkm_storyofchange_interview_guide_template_questions`
--
ALTER TABLE `lkm_storyofchange_interview_guide_template_questions`
  ADD PRIMARY KEY (`id`);

--
-- Indexes for table `lkm_storyofchange_media`
--
ALTER TABLE `lkm_storyofchange_media`
  ADD PRIMARY KEY (`id`),
  ADD KEY `fk_lkm_storyofchange_media_1_idx` (`story_id`);

--
-- Indexes for table `market`
--
ALTER TABLE `market`
  ADD PRIMARY KEY (`id`),
  ADD KEY `fk_market_1_idx` (`district_id`);

--
-- Indexes for table `me_back_to_office_report`
--
ALTER TABLE `me_back_to_office_report`
  ADD PRIMARY KEY (`id`);

--
-- Indexes for table `me_camp_subproject_records_awpb_objectives`
--
ALTER TABLE `me_camp_subproject_records_awpb_objectives`
  ADD PRIMARY KEY (`id`),
  ADD KEY `fk_me_camp_subproject_records_awpb_objectives_1_idx` (`camp_id`);

--
-- Indexes for table `me_camp_subproject_records_improved_tech_facilitation`
--
ALTER TABLE `me_camp_subproject_records_improved_tech_facilitation`
  ADD PRIMARY KEY (`id`),
  ADD KEY `fk_me_camp_subproject_improved_tech_facilitation_1_idx` (`output_level_indicator_id`);

--
-- Indexes for table `me_camp_subproject_records_monthly_planned_activities`
--
ALTER TABLE `me_camp_subproject_records_monthly_planned_activities`
  ADD PRIMARY KEY (`id`),
  ADD KEY `fk_me_camp_subproject_records_monthly_planned_activities_1_idx` (`faabs_id`),
  ADD KEY `fk_me_camp_subproject_records_monthly_planned_activities_2_idx` (`work_effort_id`);

--
-- Indexes for table `me_camp_subproject_records_monthly_planned_activities_actual`
--
ALTER TABLE `me_camp_subproject_records_monthly_planned_activities_actual`
  ADD PRIMARY KEY (`id`),
  ADD KEY `fk_new_table_2_idx` (`planned_activity_id`);

--
-- Indexes for table `me_camp_subproject_records_output_level_indicators`
--
ALTER TABLE `me_camp_subproject_records_output_level_indicators`
  ADD PRIMARY KEY (`id`);

--
-- Indexes for table `me_camp_subproject_records_planned_work_effort`
--
ALTER TABLE `me_camp_subproject_records_planned_work_effort`
  ADD PRIMARY KEY (`id`),
  ADD KEY `fk_me_camp_subproject_records_planned_work_effort_1_idx` (`camp_id`);

--
-- Indexes for table `me_camp_subproject_records_subcomponents`
--
ALTER TABLE `me_camp_subproject_records_subcomponents`
  ADD PRIMARY KEY (`id`),
  ADD KEY `fk_me_camp_subproject_records_subcomponents_1_idx` (`facilitation_id`);

--
-- Indexes for table `me_faabs_category_a_farmers`
--
ALTER TABLE `me_faabs_category_a_farmers`
  ADD PRIMARY KEY (`id`),
  ADD KEY `fk_me_faabs_farmer_register_1_idx` (`faabs_group_id`);

--
-- Indexes for table `me_faabs_groups`
--
ALTER TABLE `me_faabs_groups`
  ADD PRIMARY KEY (`id`),
  ADD KEY `fk_me_faabs_groups_1_idx` (`camp_id`);

--
-- Indexes for table `me_faabs_register`
--
ALTER TABLE `me_faabs_register`
  ADD PRIMARY KEY (`id`),
  ADD KEY `fk_me_faabs_register_1_idx` (`farmer_id`),
  ADD KEY `fk_me_faabs_register_2_idx` (`faabs_group_id`);

--
-- Indexes for table `me_faabs_training_attendance_sheet`
--
ALTER TABLE `me_faabs_training_attendance_sheet`
  ADD PRIMARY KEY (`id`),
  ADD KEY `fk_me_faabs_training_attendance_sheet_1_idx` (`farmer_id`),
  ADD KEY `fk_me_faabs_training_attendance_sheet_2_idx` (`faabs_group_id`);

--
-- Indexes for table `me_faabs_training_topics`
--
ALTER TABLE `me_faabs_training_topics`
  ADD PRIMARY KEY (`id`);

--
-- Indexes for table `me_field_monitoring_checklists`
--
ALTER TABLE `me_field_monitoring_checklists`
  ADD PRIMARY KEY (`id`),
  ADD KEY `fk_me_field_monitoring_checklists_1_idx` (`issue_id`);

--
-- Indexes for table `me_field_monitoring_checklist_issues`
--
ALTER TABLE `me_field_monitoring_checklist_issues`
  ADD PRIMARY KEY (`id`);

--
-- Indexes for table `mgf_activity`
--
ALTER TABLE `mgf_activity`
  ADD PRIMARY KEY (`id`),
  ADD KEY `createdby` (`createdby`),
  ADD KEY `componet_id` (`componet_id`);

--
-- Indexes for table `mgf_applicant`
--
ALTER TABLE `mgf_applicant`
  ADD PRIMARY KEY (`id`),
  ADD KEY `user_id` (`user_id`),
  ADD KEY `fk_applicant_province` (`province_id`),
  ADD KEY `fk_applicant_district` (`district_id`);

--
-- Indexes for table `mgf_application`
--
ALTER TABLE `mgf_application`
  ADD PRIMARY KEY (`id`),
  ADD KEY `applicant_id` (`applicant_id`),
  ADD KEY `organisation_id` (`organisation_id`);

--
-- Indexes for table `mgf_approval`
--
ALTER TABLE `mgf_approval`
  ADD PRIMARY KEY (`id`),
  ADD KEY `conceptnote_id` (`conceptnote_id`),
  ADD KEY `application_id` (`application_id`);

--
-- Indexes for table `mgf_approval_status`
--
ALTER TABLE `mgf_approval_status`
  ADD PRIMARY KEY (`id`),
  ADD KEY `user_id` (`user_id`);

--
-- Indexes for table `mgf_attachements`
--
ALTER TABLE `mgf_attachements`
  ADD PRIMARY KEY (`id`),
  ADD KEY `organisation_id` (`organisation_id`),
  ADD KEY `application_id` (`application_id`);

--
-- Indexes for table `mgf_component`
--
ALTER TABLE `mgf_component`
  ADD PRIMARY KEY (`id`),
  ADD KEY `createdby` (`createdby`),
  ADD KEY `proposal_id` (`proposal_id`);

--
-- Indexes for table `mgf_concept_note`
--
ALTER TABLE `mgf_concept_note`
  ADD PRIMARY KEY (`id`),
  ADD KEY `application_id` (`application_id`),
  ADD KEY `organisation_id` (`organisation_id`),
  ADD KEY `operation_id` (`operation_id`);

--
-- Indexes for table `mgf_contact`
--
ALTER TABLE `mgf_contact`
  ADD PRIMARY KEY (`id`),
  ADD KEY `organisation_id` (`organisation_id`),
  ADD KEY `position_id` (`position_id`),
  ADD KEY `applicant_id` (`applicant_id`);

--
-- Indexes for table `mgf_experience`
--
ALTER TABLE `mgf_experience`
  ADD PRIMARY KEY (`id`),
  ADD KEY `organisation_id` (`organisation_id`);

--
-- Indexes for table `mgf_final_evaluation`
--
ALTER TABLE `mgf_final_evaluation`
  ADD PRIMARY KEY (`id`),
  ADD UNIQUE KEY `proposal_id` (`proposal_id`),
  ADD KEY `organisation_id` (`organisation_id`);

--
-- Indexes for table `mgf_input_cost`
--
ALTER TABLE `mgf_input_cost`
  ADD PRIMARY KEY (`id`),
  ADD KEY `createdby` (`createdby`),
  ADD KEY `activity_id` (`activity_id`);

--
-- Indexes for table `mgf_input_item`
--
ALTER TABLE `mgf_input_item`
  ADD PRIMARY KEY (`id`),
  ADD KEY `createdby` (`createdby`),
  ADD KEY `activity_id` (`activity_id`);

--
-- Indexes for table `mgf_offer`
--
ALTER TABLE `mgf_offer`
  ADD PRIMARY KEY (`id`),
  ADD KEY `createdby` (`createdby`),
  ADD KEY `proposal_id` (`proposal_id`),
  ADD KEY `organisation_id` (`organisation_id`);

--
-- Indexes for table `mgf_operation`
--
ALTER TABLE `mgf_operation`
  ADD PRIMARY KEY (`id`),
  ADD UNIQUE KEY `operation_type` (`operation_type`);

--
-- Indexes for table `mgf_organisation`
--
ALTER TABLE `mgf_organisation`
  ADD PRIMARY KEY (`id`),
  ADD UNIQUE KEY `registration_no` (`registration_no`),
  ADD UNIQUE KEY `trade_license_no` (`trade_license_no`),
  ADD UNIQUE KEY `email_address` (`email_address`),
  ADD KEY `applicant_id` (`applicant_id`),
  ADD KEY `fk_org_province` (`province_id`),
  ADD KEY `fk_org_district` (`district_id`);

--
-- Indexes for table `mgf_organisational_details`
--
ALTER TABLE `mgf_organisational_details`
  ADD PRIMARY KEY (`id`),
  ADD KEY `organisation_id` (`organisation_id`);

--
-- Indexes for table `mgf_partnership`
--
ALTER TABLE `mgf_partnership`
  ADD PRIMARY KEY (`id`),
  ADD KEY `organisation_id` (`organisation_id`);

--
-- Indexes for table `mgf_pastproject`
--
ALTER TABLE `mgf_pastproject`
  ADD PRIMARY KEY (`id`),
  ADD KEY `organisation_id` (`organisation_id`),
  ADD KEY `experience_id` (`experience_id`);

--
-- Indexes for table `mgf_position`
--
ALTER TABLE `mgf_position`
  ADD PRIMARY KEY (`id`),
  ADD UNIQUE KEY `position` (`position`);

--
-- Indexes for table `mgf_project_evaluation`
--
ALTER TABLE `mgf_project_evaluation`
  ADD PRIMARY KEY (`id`),
  ADD KEY `reviewedby` (`reviewedby`),
  ADD KEY `proposal_id` (`proposal_id`),
  ADD KEY `organisation_id` (`organisation_id`);

--
-- Indexes for table `mgf_proposal`
--
ALTER TABLE `mgf_proposal`
  ADD PRIMARY KEY (`id`),
  ADD KEY `organisation_id` (`organisation_id`),
  ADD KEY `fk_prop_province` (`province_id`),
  ADD KEY `fk_prop_district` (`district_id`);

--
-- Indexes for table `mgf_proposal_evaluation`
--
ALTER TABLE `mgf_proposal_evaluation`
  ADD PRIMARY KEY (`id`),
  ADD KEY `createdby` (`createdby`),
  ADD KEY `proposal_id` (`proposal_id`),
  ADD KEY `criterion_id` (`criterion_id`);

--
-- Indexes for table `mgf_reviewer`
--
ALTER TABLE `mgf_reviewer`
  ADD PRIMARY KEY (`id`),
  ADD UNIQUE KEY `login_code` (`login_code`);

--
-- Indexes for table `mgf_screening`
--
ALTER TABLE `mgf_screening`
  ADD PRIMARY KEY (`id`),
  ADD KEY `conceptnote_id` (`conceptnote_id`),
  ADD KEY `organisation_id` (`organisation_id`);

--
-- Indexes for table `mgf_selection_category`
--
ALTER TABLE `mgf_selection_category`
  ADD PRIMARY KEY (`id`),
  ADD KEY `createdby` (`createdby`);

--
-- Indexes for table `mgf_selection_criteria`
--
ALTER TABLE `mgf_selection_criteria`
  ADD PRIMARY KEY (`id`),
  ADD KEY `createdby` (`createdby`),
  ADD KEY `category_id` (`category_id`);

--
-- Indexes for table `mgf_selection_grade`
--
ALTER TABLE `mgf_selection_grade`
  ADD PRIMARY KEY (`id`),
  ADD KEY `createdby` (`createdby`),
  ADD KEY `criterion_id` (`criterion_id`);

--
-- Indexes for table `mgf_unit`
--
ALTER TABLE `mgf_unit`
  ADD PRIMARY KEY (`id`),
  ADD UNIQUE KEY `unit` (`unit`),
  ADD KEY `user_id` (`user_id`);

--
-- Indexes for table `migration`
--
ALTER TABLE `migration`
  ADD PRIMARY KEY (`version`);

--
-- Indexes for table `permissions`
--
ALTER TABLE `permissions`
  ADD PRIMARY KEY (`id`);

--
-- Indexes for table `province`
--
ALTER TABLE `province`
  ADD PRIMARY KEY (`id`);

--
-- Indexes for table `right_to_role`
--
ALTER TABLE `right_to_role`
  ADD PRIMARY KEY (`id`),
  ADD KEY `fk_right_to_role_1_idx` (`role`);

--
-- Indexes for table `roles`
--
ALTER TABLE `roles`
  ADD PRIMARY KEY (`id`);

--
-- Indexes for table `user`
--
ALTER TABLE `user`
  ADD PRIMARY KEY (`id`),
  ADD UNIQUE KEY `username` (`username`),
  ADD UNIQUE KEY `email` (`email`),
  ADD UNIQUE KEY `password_reset_token` (`password_reset_token`);

--
-- Indexes for table `users`
--
ALTER TABLE `users`
  ADD PRIMARY KEY (`id`),
  ADD KEY `fk_users_1_idx` (`role`),
  ADD KEY `fk_users_2_idx` (`camp_id`),
  ADD KEY `fk_users_3_idx` (`district_id`),
  ADD KEY `fk_users_4_idx` (`province_id`);

--
-- AUTO_INCREMENT for dumped tables
--

--
-- AUTO_INCREMENT for table `audit_trail`
--
ALTER TABLE `audit_trail`
  MODIFY `id` int(11) UNSIGNED NOT NULL AUTO_INCREMENT, AUTO_INCREMENT=1152;

--
-- AUTO_INCREMENT for table `awpb_activity`
--
ALTER TABLE `awpb_activity`
  MODIFY `id` int(11) NOT NULL AUTO_INCREMENT, AUTO_INCREMENT=78;

--
-- AUTO_INCREMENT for table `awpb_activity_funder`
--
ALTER TABLE `awpb_activity_funder`
  MODIFY `id` int(11) NOT NULL AUTO_INCREMENT;

--
-- AUTO_INCREMENT for table `awpb_activity_line`
--
ALTER TABLE `awpb_activity_line`
  MODIFY `id` int(11) NOT NULL AUTO_INCREMENT, AUTO_INCREMENT=44;

--
-- AUTO_INCREMENT for table `awpb_component`
--
ALTER TABLE `awpb_component`
  MODIFY `id` int(11) NOT NULL AUTO_INCREMENT, AUTO_INCREMENT=30;

--
-- AUTO_INCREMENT for table `awpb_expense_category`
--
ALTER TABLE `awpb_expense_category`
  MODIFY `id` int(11) NOT NULL AUTO_INCREMENT, AUTO_INCREMENT=9;

--
-- AUTO_INCREMENT for table `awpb_funder`
--
ALTER TABLE `awpb_funder`
  MODIFY `id` int(11) NOT NULL AUTO_INCREMENT, AUTO_INCREMENT=3;

--
-- AUTO_INCREMENT for table `awpb_outcome`
--
ALTER TABLE `awpb_outcome`
  MODIFY `id` int(11) NOT NULL AUTO_INCREMENT;

--
-- AUTO_INCREMENT for table `awpb_output`
--
ALTER TABLE `awpb_output`
  MODIFY `id` int(11) NOT NULL AUTO_INCREMENT;

--
-- AUTO_INCREMENT for table `awpb_template`
--
ALTER TABLE `awpb_template`
  MODIFY `id` int(11) NOT NULL AUTO_INCREMENT, AUTO_INCREMENT=33;

--
-- AUTO_INCREMENT for table `awpb_unit_of_measure`
--
ALTER TABLE `awpb_unit_of_measure`
  MODIFY `id` int(11) NOT NULL AUTO_INCREMENT, AUTO_INCREMENT=3;

--
-- AUTO_INCREMENT for table `camp`
--
ALTER TABLE `camp`
  MODIFY `id` int(11) UNSIGNED NOT NULL AUTO_INCREMENT, AUTO_INCREMENT=8;

--
-- AUTO_INCREMENT for table `commodity_category`
--
ALTER TABLE `commodity_category`
  MODIFY `id` int(10) UNSIGNED NOT NULL AUTO_INCREMENT, AUTO_INCREMENT=5;

--
-- AUTO_INCREMENT for table `commodity_price_collection`
--
ALTER TABLE `commodity_price_collection`
  MODIFY `id` int(10) UNSIGNED NOT NULL AUTO_INCREMENT, AUTO_INCREMENT=18;

--
-- AUTO_INCREMENT for table `commodity_price_level`
--
ALTER TABLE `commodity_price_level`
  MODIFY `id` int(10) UNSIGNED NOT NULL AUTO_INCREMENT, AUTO_INCREMENT=4;

--
-- AUTO_INCREMENT for table `commodity_type`
--
ALTER TABLE `commodity_type`
  MODIFY `id` int(10) UNSIGNED NOT NULL AUTO_INCREMENT, AUTO_INCREMENT=12;

--
-- AUTO_INCREMENT for table `district`
--
ALTER TABLE `district`
  MODIFY `id` int(11) UNSIGNED NOT NULL AUTO_INCREMENT, AUTO_INCREMENT=119;

--
-- AUTO_INCREMENT for table `lkm_storyofchange`
--
ALTER TABLE `lkm_storyofchange`
  MODIFY `id` int(11) NOT NULL AUTO_INCREMENT, AUTO_INCREMENT=7;

--
-- AUTO_INCREMENT for table `lkm_storyofchange_article`
--
ALTER TABLE `lkm_storyofchange_article`
  MODIFY `id` int(11) NOT NULL AUTO_INCREMENT, AUTO_INCREMENT=8;

--
-- AUTO_INCREMENT for table `lkm_storyofchange_category`
--
ALTER TABLE `lkm_storyofchange_category`
  MODIFY `id` int(11) NOT NULL AUTO_INCREMENT, AUTO_INCREMENT=5;

--
-- AUTO_INCREMENT for table `lkm_storyofchange_interview_guide_template_questions`
--
ALTER TABLE `lkm_storyofchange_interview_guide_template_questions`
  MODIFY `id` int(11) NOT NULL AUTO_INCREMENT, AUTO_INCREMENT=12;

--
-- AUTO_INCREMENT for table `lkm_storyofchange_media`
--
ALTER TABLE `lkm_storyofchange_media`
  MODIFY `id` int(11) NOT NULL AUTO_INCREMENT, AUTO_INCREMENT=42;

--
-- AUTO_INCREMENT for table `market`
--
ALTER TABLE `market`
  MODIFY `id` int(11) UNSIGNED NOT NULL AUTO_INCREMENT, AUTO_INCREMENT=5;

--
-- AUTO_INCREMENT for table `me_back_to_office_report`
--
ALTER TABLE `me_back_to_office_report`
  MODIFY `id` int(11) NOT NULL AUTO_INCREMENT, AUTO_INCREMENT=2;

--
-- AUTO_INCREMENT for table `me_camp_subproject_records_awpb_objectives`
--
ALTER TABLE `me_camp_subproject_records_awpb_objectives`
  MODIFY `id` int(11) NOT NULL AUTO_INCREMENT, AUTO_INCREMENT=13;

--
-- AUTO_INCREMENT for table `me_camp_subproject_records_improved_tech_facilitation`
--
ALTER TABLE `me_camp_subproject_records_improved_tech_facilitation`
  MODIFY `id` int(11) NOT NULL AUTO_INCREMENT;

--
-- AUTO_INCREMENT for table `me_camp_subproject_records_monthly_planned_activities`
--
ALTER TABLE `me_camp_subproject_records_monthly_planned_activities`
  MODIFY `id` int(11) NOT NULL AUTO_INCREMENT, AUTO_INCREMENT=15;

--
-- AUTO_INCREMENT for table `me_camp_subproject_records_monthly_planned_activities_actual`
--
ALTER TABLE `me_camp_subproject_records_monthly_planned_activities_actual`
  MODIFY `id` int(11) NOT NULL AUTO_INCREMENT, AUTO_INCREMENT=14;

--
-- AUTO_INCREMENT for table `me_camp_subproject_records_output_level_indicators`
--
ALTER TABLE `me_camp_subproject_records_output_level_indicators`
  MODIFY `id` int(11) NOT NULL AUTO_INCREMENT;

--
-- AUTO_INCREMENT for table `me_camp_subproject_records_planned_work_effort`
--
ALTER TABLE `me_camp_subproject_records_planned_work_effort`
  MODIFY `id` int(11) NOT NULL AUTO_INCREMENT, AUTO_INCREMENT=15;

--
-- AUTO_INCREMENT for table `me_camp_subproject_records_subcomponents`
--
ALTER TABLE `me_camp_subproject_records_subcomponents`
  MODIFY `id` int(11) NOT NULL AUTO_INCREMENT;

--
-- AUTO_INCREMENT for table `me_faabs_category_a_farmers`
--
ALTER TABLE `me_faabs_category_a_farmers`
  MODIFY `id` int(11) NOT NULL AUTO_INCREMENT, AUTO_INCREMENT=4;

--
-- AUTO_INCREMENT for table `me_faabs_groups`
--
ALTER TABLE `me_faabs_groups`
  MODIFY `id` int(11) NOT NULL AUTO_INCREMENT, AUTO_INCREMENT=4;

--
-- AUTO_INCREMENT for table `me_faabs_register`
--
ALTER TABLE `me_faabs_register`
  MODIFY `id` int(11) NOT NULL AUTO_INCREMENT;

--
-- AUTO_INCREMENT for table `me_faabs_training_attendance_sheet`
--
ALTER TABLE `me_faabs_training_attendance_sheet`
  MODIFY `id` int(11) NOT NULL AUTO_INCREMENT, AUTO_INCREMENT=9;

--
-- AUTO_INCREMENT for table `me_faabs_training_topics`
--
ALTER TABLE `me_faabs_training_topics`
  MODIFY `id` int(11) NOT NULL AUTO_INCREMENT, AUTO_INCREMENT=5;

--
-- AUTO_INCREMENT for table `me_field_monitoring_checklists`
--
ALTER TABLE `me_field_monitoring_checklists`
  MODIFY `id` int(11) NOT NULL AUTO_INCREMENT;

--
-- AUTO_INCREMENT for table `me_field_monitoring_checklist_issues`
--
ALTER TABLE `me_field_monitoring_checklist_issues`
  MODIFY `id` int(11) NOT NULL AUTO_INCREMENT;

--
-- AUTO_INCREMENT for table `mgf_activity`
--
ALTER TABLE `mgf_activity`
  MODIFY `id` int(11) NOT NULL AUTO_INCREMENT, AUTO_INCREMENT=59;

--
-- AUTO_INCREMENT for table `mgf_applicant`
--
ALTER TABLE `mgf_applicant`
  MODIFY `id` int(11) NOT NULL AUTO_INCREMENT, AUTO_INCREMENT=37;

--
-- AUTO_INCREMENT for table `mgf_application`
--
ALTER TABLE `mgf_application`
  MODIFY `id` int(11) NOT NULL AUTO_INCREMENT, AUTO_INCREMENT=68;

--
-- AUTO_INCREMENT for table `mgf_approval`
--
ALTER TABLE `mgf_approval`
  MODIFY `id` int(11) NOT NULL AUTO_INCREMENT, AUTO_INCREMENT=43;

--
-- AUTO_INCREMENT for table `mgf_approval_status`
--
ALTER TABLE `mgf_approval_status`
  MODIFY `id` int(11) NOT NULL AUTO_INCREMENT, AUTO_INCREMENT=8;

--
-- AUTO_INCREMENT for table `mgf_attachements`
--
ALTER TABLE `mgf_attachements`
  MODIFY `id` int(11) NOT NULL AUTO_INCREMENT, AUTO_INCREMENT=68;

--
-- AUTO_INCREMENT for table `mgf_component`
--
ALTER TABLE `mgf_component`
  MODIFY `id` int(11) NOT NULL AUTO_INCREMENT, AUTO_INCREMENT=40;

--
-- AUTO_INCREMENT for table `mgf_concept_note`
--
ALTER TABLE `mgf_concept_note`
  MODIFY `id` int(11) NOT NULL AUTO_INCREMENT, AUTO_INCREMENT=22;

--
-- AUTO_INCREMENT for table `mgf_contact`
--
ALTER TABLE `mgf_contact`
  MODIFY `id` int(11) NOT NULL AUTO_INCREMENT, AUTO_INCREMENT=30;

--
-- AUTO_INCREMENT for table `mgf_experience`
--
ALTER TABLE `mgf_experience`
  MODIFY `id` int(11) NOT NULL AUTO_INCREMENT, AUTO_INCREMENT=19;

--
-- AUTO_INCREMENT for table `mgf_final_evaluation`
--
ALTER TABLE `mgf_final_evaluation`
  MODIFY `id` int(11) NOT NULL AUTO_INCREMENT, AUTO_INCREMENT=7;

--
-- AUTO_INCREMENT for table `mgf_input_cost`
--
ALTER TABLE `mgf_input_cost`
  MODIFY `id` int(11) NOT NULL AUTO_INCREMENT, AUTO_INCREMENT=72;

--
-- AUTO_INCREMENT for table `mgf_input_item`
--
ALTER TABLE `mgf_input_item`
  MODIFY `id` int(11) NOT NULL AUTO_INCREMENT, AUTO_INCREMENT=72;

--
-- AUTO_INCREMENT for table `mgf_offer`
--
ALTER TABLE `mgf_offer`
  MODIFY `id` int(11) NOT NULL AUTO_INCREMENT, AUTO_INCREMENT=6;

--
-- AUTO_INCREMENT for table `mgf_operation`
--
ALTER TABLE `mgf_operation`
  MODIFY `id` int(11) NOT NULL AUTO_INCREMENT, AUTO_INCREMENT=6;

--
-- AUTO_INCREMENT for table `mgf_organisation`
--
ALTER TABLE `mgf_organisation`
  MODIFY `id` int(11) NOT NULL AUTO_INCREMENT, AUTO_INCREMENT=40;

--
-- AUTO_INCREMENT for table `mgf_organisational_details`
--
ALTER TABLE `mgf_organisational_details`
  MODIFY `id` int(11) NOT NULL AUTO_INCREMENT, AUTO_INCREMENT=11;

--
-- AUTO_INCREMENT for table `mgf_partnership`
--
ALTER TABLE `mgf_partnership`
  MODIFY `id` int(11) NOT NULL AUTO_INCREMENT, AUTO_INCREMENT=20;

--
-- AUTO_INCREMENT for table `mgf_pastproject`
--
ALTER TABLE `mgf_pastproject`
  MODIFY `id` int(11) NOT NULL AUTO_INCREMENT, AUTO_INCREMENT=18;

--
-- AUTO_INCREMENT for table `mgf_position`
--
ALTER TABLE `mgf_position`
  MODIFY `id` int(11) NOT NULL AUTO_INCREMENT, AUTO_INCREMENT=3;

--
-- AUTO_INCREMENT for table `mgf_project_evaluation`
--
ALTER TABLE `mgf_project_evaluation`
  MODIFY `id` int(11) NOT NULL AUTO_INCREMENT, AUTO_INCREMENT=65;

--
-- AUTO_INCREMENT for table `mgf_proposal`
--
ALTER TABLE `mgf_proposal`
  MODIFY `id` int(11) NOT NULL AUTO_INCREMENT, AUTO_INCREMENT=17;

--
-- AUTO_INCREMENT for table `mgf_proposal_evaluation`
--
ALTER TABLE `mgf_proposal_evaluation`
  MODIFY `id` int(11) NOT NULL AUTO_INCREMENT, AUTO_INCREMENT=518;

--
-- AUTO_INCREMENT for table `mgf_reviewer`
--
ALTER TABLE `mgf_reviewer`
  MODIFY `id` int(11) NOT NULL AUTO_INCREMENT, AUTO_INCREMENT=43;

--
-- AUTO_INCREMENT for table `mgf_screening`
--
ALTER TABLE `mgf_screening`
  MODIFY `id` int(11) NOT NULL AUTO_INCREMENT, AUTO_INCREMENT=232;

--
-- AUTO_INCREMENT for table `mgf_selection_category`
--
ALTER TABLE `mgf_selection_category`
  MODIFY `id` int(11) NOT NULL AUTO_INCREMENT, AUTO_INCREMENT=7;

--
-- AUTO_INCREMENT for table `mgf_selection_criteria`
--
ALTER TABLE `mgf_selection_criteria`
  MODIFY `id` int(11) NOT NULL AUTO_INCREMENT, AUTO_INCREMENT=21;

--
-- AUTO_INCREMENT for table `mgf_selection_grade`
--
ALTER TABLE `mgf_selection_grade`
  MODIFY `id` int(11) NOT NULL AUTO_INCREMENT, AUTO_INCREMENT=71;

--
-- AUTO_INCREMENT for table `mgf_unit`
--
ALTER TABLE `mgf_unit`
  MODIFY `id` int(11) NOT NULL AUTO_INCREMENT, AUTO_INCREMENT=9;

--
-- AUTO_INCREMENT for table `permissions`
--
ALTER TABLE `permissions`
  MODIFY `id` int(11) NOT NULL AUTO_INCREMENT, AUTO_INCREMENT=62;

--
-- AUTO_INCREMENT for table `province`
--
ALTER TABLE `province`
  MODIFY `id` int(10) UNSIGNED NOT NULL AUTO_INCREMENT, AUTO_INCREMENT=11;

--
-- AUTO_INCREMENT for table `right_to_role`
--
ALTER TABLE `right_to_role`
  MODIFY `id` int(11) NOT NULL AUTO_INCREMENT, AUTO_INCREMENT=1217;

--
-- AUTO_INCREMENT for table `roles`
--
ALTER TABLE `roles`
  MODIFY `id` int(11) NOT NULL AUTO_INCREMENT, AUTO_INCREMENT=7;

--
-- AUTO_INCREMENT for table `user`
--
ALTER TABLE `user`
  MODIFY `id` int(11) NOT NULL AUTO_INCREMENT;

--
-- AUTO_INCREMENT for table `users`
--
ALTER TABLE `users`
  MODIFY `id` int(11) NOT NULL AUTO_INCREMENT, AUTO_INCREMENT=81;

--
-- Constraints for dumped tables
--

--
-- Constraints for table `audit_trail`
--
ALTER TABLE `audit_trail`
  ADD CONSTRAINT `fk_audit_trail_1` FOREIGN KEY (`user`) REFERENCES `users` (`id`) ON DELETE NO ACTION ON UPDATE NO ACTION;

--
-- Constraints for table `camp`
--
ALTER TABLE `camp`
  ADD CONSTRAINT `fk_camp_1` FOREIGN KEY (`district_id`) REFERENCES `district` (`id`) ON DELETE NO ACTION ON UPDATE NO ACTION;

--
-- Constraints for table `commodity_price_collection`
--
ALTER TABLE `commodity_price_collection`
  ADD CONSTRAINT `fk_commodity_price_collection_1` FOREIGN KEY (`district`) REFERENCES `district` (`id`) ON DELETE NO ACTION ON UPDATE NO ACTION,
  ADD CONSTRAINT `fk_commodity_price_collection_2` FOREIGN KEY (`price_level_id`) REFERENCES `commodity_price_level` (`id`) ON DELETE NO ACTION ON UPDATE NO ACTION,
  ADD CONSTRAINT `fk_commodity_price_collection_3` FOREIGN KEY (`market_id`) REFERENCES `market` (`id`) ON DELETE NO ACTION ON UPDATE NO ACTION,
  ADD CONSTRAINT `fk_commodity_price_collection_4` FOREIGN KEY (`commodity_type_id`) REFERENCES `commodity_type` (`id`) ON DELETE NO ACTION ON UPDATE NO ACTION;

--
-- Constraints for table `commodity_type`
--
ALTER TABLE `commodity_type`
  ADD CONSTRAINT `fk_commodity_type_1` FOREIGN KEY (`category_id`) REFERENCES `commodity_category` (`id`) ON DELETE NO ACTION ON UPDATE NO ACTION;

--
-- Constraints for table `district`
--
ALTER TABLE `district`
  ADD CONSTRAINT `fk_district_province` FOREIGN KEY (`province_id`) REFERENCES `province` (`id`);

--
-- Constraints for table `lkm_storyofchange`
--
ALTER TABLE `lkm_storyofchange`
  ADD CONSTRAINT `fk_lkm_storyofchange_1` FOREIGN KEY (`category_id`) REFERENCES `lkm_storyofchange_category` (`id`) ON DELETE NO ACTION ON UPDATE NO ACTION;

--
-- Constraints for table `lkm_storyofchange_media`
--
ALTER TABLE `lkm_storyofchange_media`
  ADD CONSTRAINT `fk_lkm_storyofchange_media_1` FOREIGN KEY (`story_id`) REFERENCES `lkm_storyofchange` (`id`) ON DELETE NO ACTION ON UPDATE NO ACTION;

--
-- Constraints for table `market`
--
ALTER TABLE `market`
  ADD CONSTRAINT `fk_market_1` FOREIGN KEY (`district_id`) REFERENCES `district` (`id`) ON DELETE NO ACTION ON UPDATE NO ACTION;

--
-- Constraints for table `me_camp_subproject_records_awpb_objectives`
--
ALTER TABLE `me_camp_subproject_records_awpb_objectives`
  ADD CONSTRAINT `fk_me_camp_subproject_records_awpb_objectives_1` FOREIGN KEY (`camp_id`) REFERENCES `camp` (`id`) ON DELETE NO ACTION ON UPDATE NO ACTION;

--
-- Constraints for table `me_camp_subproject_records_improved_tech_facilitation`
--
ALTER TABLE `me_camp_subproject_records_improved_tech_facilitation`
  ADD CONSTRAINT `fk_me_camp_subproject_improved_tech_facilitation_1` FOREIGN KEY (`output_level_indicator_id`) REFERENCES `me_camp_subproject_records_output_level_indicators` (`id`) ON DELETE NO ACTION ON UPDATE NO ACTION;

--
-- Constraints for table `me_camp_subproject_records_monthly_planned_activities`
--
ALTER TABLE `me_camp_subproject_records_monthly_planned_activities`
  ADD CONSTRAINT `fk_me_camp_subproject_records_monthly_planned_activities_1` FOREIGN KEY (`faabs_id`) REFERENCES `me_faabs_groups` (`id`) ON DELETE NO ACTION ON UPDATE NO ACTION,
  ADD CONSTRAINT `fk_me_camp_subproject_records_monthly_planned_activities_2` FOREIGN KEY (`work_effort_id`) REFERENCES `me_camp_subproject_records_planned_work_effort` (`id`) ON DELETE NO ACTION ON UPDATE NO ACTION;

--
-- Constraints for table `me_camp_subproject_records_monthly_planned_activities_actual`
--
ALTER TABLE `me_camp_subproject_records_monthly_planned_activities_actual`
  ADD CONSTRAINT `fk_new_table_2` FOREIGN KEY (`planned_activity_id`) REFERENCES `me_camp_subproject_records_monthly_planned_activities` (`id`) ON DELETE NO ACTION ON UPDATE NO ACTION;

--
-- Constraints for table `me_camp_subproject_records_planned_work_effort`
--
ALTER TABLE `me_camp_subproject_records_planned_work_effort`
  ADD CONSTRAINT `fk_me_camp_subproject_records_planned_work_effort_1` FOREIGN KEY (`camp_id`) REFERENCES `camp` (`id`) ON DELETE NO ACTION ON UPDATE NO ACTION;

--
-- Constraints for table `me_camp_subproject_records_subcomponents`
--
ALTER TABLE `me_camp_subproject_records_subcomponents`
  ADD CONSTRAINT `fk_me_camp_subproject_records_subcomponents_1` FOREIGN KEY (`facilitation_id`) REFERENCES `me_camp_subproject_records_improved_tech_facilitation` (`id`) ON DELETE NO ACTION ON UPDATE NO ACTION;

--
-- Constraints for table `me_faabs_category_a_farmers`
--
ALTER TABLE `me_faabs_category_a_farmers`
  ADD CONSTRAINT `fk_me_faabs_category_a_farmers` FOREIGN KEY (`faabs_group_id`) REFERENCES `me_faabs_groups` (`id`) ON DELETE NO ACTION ON UPDATE NO ACTION;

--
-- Constraints for table `me_faabs_groups`
--
ALTER TABLE `me_faabs_groups`
  ADD CONSTRAINT `fk_me_faabs_groups_1` FOREIGN KEY (`camp_id`) REFERENCES `camp` (`id`) ON DELETE NO ACTION ON UPDATE NO ACTION;

--
-- Constraints for table `me_faabs_register`
--
ALTER TABLE `me_faabs_register`
  ADD CONSTRAINT `fk_me_faabs_register_1` FOREIGN KEY (`farmer_id`) REFERENCES `me_faabs_category_a_farmers` (`id`) ON DELETE NO ACTION ON UPDATE NO ACTION,
  ADD CONSTRAINT `fk_me_faabs_register_2` FOREIGN KEY (`faabs_group_id`) REFERENCES `me_faabs_groups` (`id`) ON DELETE NO ACTION ON UPDATE NO ACTION;

--
-- Constraints for table `me_faabs_training_attendance_sheet`
--
ALTER TABLE `me_faabs_training_attendance_sheet`
  ADD CONSTRAINT `fk_me_faabs_training_attendance_sheet_1` FOREIGN KEY (`farmer_id`) REFERENCES `me_faabs_category_a_farmers` (`id`) ON DELETE NO ACTION ON UPDATE NO ACTION,
  ADD CONSTRAINT `fk_me_faabs_training_attendance_sheet_2` FOREIGN KEY (`faabs_group_id`) REFERENCES `me_faabs_groups` (`id`) ON DELETE NO ACTION ON UPDATE NO ACTION;

--
-- Constraints for table `me_field_monitoring_checklists`
--
ALTER TABLE `me_field_monitoring_checklists`
  ADD CONSTRAINT `fk_me_field_monitoring_checklists_1` FOREIGN KEY (`issue_id`) REFERENCES `me_field_monitoring_checklist_issues` (`id`) ON DELETE NO ACTION ON UPDATE NO ACTION;

--
-- Constraints for table `mgf_activity`
--
ALTER TABLE `mgf_activity`
  ADD CONSTRAINT `mgf_activity_ibfk_1` FOREIGN KEY (`createdby`) REFERENCES `users` (`id`),
  ADD CONSTRAINT `mgf_activity_ibfk_2` FOREIGN KEY (`componet_id`) REFERENCES `mgf_component` (`id`);

--
-- Constraints for table `mgf_applicant`
--
ALTER TABLE `mgf_applicant`
  ADD CONSTRAINT `fk_applicant_district` FOREIGN KEY (`district_id`) REFERENCES `district` (`id`),
  ADD CONSTRAINT `fk_applicant_province` FOREIGN KEY (`province_id`) REFERENCES `province` (`id`),
  ADD CONSTRAINT `mgf_applicant_ibfk_1` FOREIGN KEY (`user_id`) REFERENCES `users` (`id`);

--
-- Constraints for table `mgf_application`
--
ALTER TABLE `mgf_application`
  ADD CONSTRAINT `mgf_application_ibfk_1` FOREIGN KEY (`applicant_id`) REFERENCES `mgf_applicant` (`id`),
  ADD CONSTRAINT `mgf_application_ibfk_2` FOREIGN KEY (`organisation_id`) REFERENCES `mgf_organisation` (`id`);

--
-- Constraints for table `mgf_approval`
--
ALTER TABLE `mgf_approval`
  ADD CONSTRAINT `mgf_approval_ibfk_1` FOREIGN KEY (`conceptnote_id`) REFERENCES `mgf_concept_note` (`id`),
  ADD CONSTRAINT `mgf_approval_ibfk_2` FOREIGN KEY (`application_id`) REFERENCES `mgf_application` (`id`);

--
-- Constraints for table `mgf_approval_status`
--
ALTER TABLE `mgf_approval_status`
  ADD CONSTRAINT `mgf_approval_status_ibfk_1` FOREIGN KEY (`user_id`) REFERENCES `users` (`id`);

--
-- Constraints for table `mgf_attachements`
--
ALTER TABLE `mgf_attachements`
  ADD CONSTRAINT `mgf_attachements_ibfk_1` FOREIGN KEY (`organisation_id`) REFERENCES `mgf_organisation` (`id`),
  ADD CONSTRAINT `mgf_attachements_ibfk_2` FOREIGN KEY (`application_id`) REFERENCES `mgf_application` (`id`);

--
-- Constraints for table `mgf_component`
--
ALTER TABLE `mgf_component`
  ADD CONSTRAINT `mgf_component_ibfk_1` FOREIGN KEY (`createdby`) REFERENCES `users` (`id`),
  ADD CONSTRAINT `mgf_component_ibfk_2` FOREIGN KEY (`proposal_id`) REFERENCES `mgf_proposal` (`id`);

--
-- Constraints for table `mgf_concept_note`
--
ALTER TABLE `mgf_concept_note`
  ADD CONSTRAINT `mgf_concept_note_ibfk_1` FOREIGN KEY (`application_id`) REFERENCES `mgf_application` (`id`),
  ADD CONSTRAINT `mgf_concept_note_ibfk_2` FOREIGN KEY (`organisation_id`) REFERENCES `mgf_organisation` (`id`),
  ADD CONSTRAINT `mgf_concept_note_ibfk_3` FOREIGN KEY (`operation_id`) REFERENCES `mgf_operation` (`id`);

--
-- Constraints for table `mgf_contact`
--
ALTER TABLE `mgf_contact`
  ADD CONSTRAINT `mgf_contact_ibfk_1` FOREIGN KEY (`organisation_id`) REFERENCES `mgf_organisation` (`id`),
  ADD CONSTRAINT `mgf_contact_ibfk_2` FOREIGN KEY (`position_id`) REFERENCES `mgf_position` (`id`),
  ADD CONSTRAINT `mgf_contact_ibfk_3` FOREIGN KEY (`applicant_id`) REFERENCES `mgf_applicant` (`id`);

--
-- Constraints for table `mgf_experience`
--
ALTER TABLE `mgf_experience`
  ADD CONSTRAINT `mgf_experience_ibfk_1` FOREIGN KEY (`organisation_id`) REFERENCES `mgf_organisation` (`id`);

--
-- Constraints for table `mgf_final_evaluation`
--
ALTER TABLE `mgf_final_evaluation`
  ADD CONSTRAINT `mgf_final_evaluation_ibfk_1` FOREIGN KEY (`proposal_id`) REFERENCES `mgf_proposal` (`id`),
  ADD CONSTRAINT `mgf_final_evaluation_ibfk_2` FOREIGN KEY (`organisation_id`) REFERENCES `mgf_organisation` (`id`);

--
-- Constraints for table `mgf_input_cost`
--
ALTER TABLE `mgf_input_cost`
  ADD CONSTRAINT `mgf_input_cost_ibfk_1` FOREIGN KEY (`createdby`) REFERENCES `users` (`id`),
  ADD CONSTRAINT `mgf_input_cost_ibfk_2` FOREIGN KEY (`activity_id`) REFERENCES `mgf_activity` (`id`);

--
-- Constraints for table `mgf_input_item`
--
ALTER TABLE `mgf_input_item`
  ADD CONSTRAINT `mgf_input_item_ibfk_1` FOREIGN KEY (`createdby`) REFERENCES `users` (`id`),
  ADD CONSTRAINT `mgf_input_item_ibfk_2` FOREIGN KEY (`activity_id`) REFERENCES `mgf_activity` (`id`);

--
-- Constraints for table `mgf_offer`
--
ALTER TABLE `mgf_offer`
  ADD CONSTRAINT `mgf_offer_ibfk_1` FOREIGN KEY (`createdby`) REFERENCES `users` (`id`),
  ADD CONSTRAINT `mgf_offer_ibfk_2` FOREIGN KEY (`proposal_id`) REFERENCES `mgf_proposal` (`id`),
  ADD CONSTRAINT `mgf_offer_ibfk_3` FOREIGN KEY (`organisation_id`) REFERENCES `mgf_organisation` (`id`);

--
-- Constraints for table `mgf_organisation`
--
ALTER TABLE `mgf_organisation`
  ADD CONSTRAINT `fk_org_district` FOREIGN KEY (`district_id`) REFERENCES `district` (`id`),
  ADD CONSTRAINT `fk_org_province` FOREIGN KEY (`province_id`) REFERENCES `province` (`id`),
  ADD CONSTRAINT `mgf_organisation_ibfk_1` FOREIGN KEY (`applicant_id`) REFERENCES `mgf_applicant` (`id`);

--
-- Constraints for table `mgf_organisational_details`
--
ALTER TABLE `mgf_organisational_details`
  ADD CONSTRAINT `mgf_organisational_details_ibfk_1` FOREIGN KEY (`organisation_id`) REFERENCES `mgf_organisation` (`id`);

--
-- Constraints for table `mgf_partnership`
--
ALTER TABLE `mgf_partnership`
  ADD CONSTRAINT `mgf_partnership_ibfk_1` FOREIGN KEY (`organisation_id`) REFERENCES `mgf_organisation` (`id`);

--
-- Constraints for table `mgf_pastproject`
--
ALTER TABLE `mgf_pastproject`
  ADD CONSTRAINT `mgf_pastproject_ibfk_1` FOREIGN KEY (`organisation_id`) REFERENCES `mgf_organisation` (`id`),
  ADD CONSTRAINT `mgf_pastproject_ibfk_2` FOREIGN KEY (`experience_id`) REFERENCES `mgf_experience` (`id`);

--
-- Constraints for table `mgf_project_evaluation`
--
ALTER TABLE `mgf_project_evaluation`
  ADD CONSTRAINT `mgf_project_evaluation_ibfk_1` FOREIGN KEY (`reviewedby`) REFERENCES `users` (`id`),
  ADD CONSTRAINT `mgf_project_evaluation_ibfk_2` FOREIGN KEY (`proposal_id`) REFERENCES `mgf_proposal` (`id`),
  ADD CONSTRAINT `mgf_project_evaluation_ibfk_3` FOREIGN KEY (`organisation_id`) REFERENCES `mgf_organisation` (`id`);

--
-- Constraints for table `mgf_proposal`
--
ALTER TABLE `mgf_proposal`
  ADD CONSTRAINT `fk_prop_district` FOREIGN KEY (`district_id`) REFERENCES `district` (`id`),
  ADD CONSTRAINT `fk_prop_province` FOREIGN KEY (`province_id`) REFERENCES `province` (`id`),
  ADD CONSTRAINT `mgf_proposal_ibfk_1` FOREIGN KEY (`organisation_id`) REFERENCES `mgf_organisation` (`id`);

--
-- Constraints for table `mgf_proposal_evaluation`
--
ALTER TABLE `mgf_proposal_evaluation`
  ADD CONSTRAINT `mgf_proposal_evaluation_ibfk_1` FOREIGN KEY (`createdby`) REFERENCES `users` (`id`),
  ADD CONSTRAINT `mgf_proposal_evaluation_ibfk_2` FOREIGN KEY (`proposal_id`) REFERENCES `mgf_proposal` (`id`),
  ADD CONSTRAINT `mgf_proposal_evaluation_ibfk_3` FOREIGN KEY (`criterion_id`) REFERENCES `mgf_selection_criteria` (`id`);

--
-- Constraints for table `mgf_screening`
--
ALTER TABLE `mgf_screening`
  ADD CONSTRAINT `mgf_screening_ibfk_1` FOREIGN KEY (`conceptnote_id`) REFERENCES `mgf_concept_note` (`id`),
  ADD CONSTRAINT `mgf_screening_ibfk_2` FOREIGN KEY (`organisation_id`) REFERENCES `mgf_organisation` (`id`);

--
-- Constraints for table `mgf_selection_category`
--
ALTER TABLE `mgf_selection_category`
  ADD CONSTRAINT `mgf_selection_category_ibfk_1` FOREIGN KEY (`createdby`) REFERENCES `users` (`id`);

--
-- Constraints for table `mgf_selection_criteria`
--
ALTER TABLE `mgf_selection_criteria`
  ADD CONSTRAINT `mgf_selection_criteria_ibfk_1` FOREIGN KEY (`createdby`) REFERENCES `users` (`id`),
  ADD CONSTRAINT `mgf_selection_criteria_ibfk_2` FOREIGN KEY (`category_id`) REFERENCES `mgf_selection_category` (`id`);

--
-- Constraints for table `mgf_selection_grade`
--
ALTER TABLE `mgf_selection_grade`
  ADD CONSTRAINT `mgf_selection_grade_ibfk_1` FOREIGN KEY (`createdby`) REFERENCES `users` (`id`),
  ADD CONSTRAINT `mgf_selection_grade_ibfk_2` FOREIGN KEY (`criterion_id`) REFERENCES `mgf_selection_criteria` (`id`);

--
-- Constraints for table `mgf_unit`
--
ALTER TABLE `mgf_unit`
  ADD CONSTRAINT `mgf_unit_ibfk_1` FOREIGN KEY (`user_id`) REFERENCES `users` (`id`);

--
-- Constraints for table `right_to_role`
--
ALTER TABLE `right_to_role`
  ADD CONSTRAINT `fk_right_to_role_1` FOREIGN KEY (`role`) REFERENCES `roles` (`id`) ON DELETE NO ACTION ON UPDATE NO ACTION;

--
-- Constraints for table `users`
--
ALTER TABLE `users`
  ADD CONSTRAINT `fk_users_1` FOREIGN KEY (`role`) REFERENCES `roles` (`id`) ON DELETE NO ACTION ON UPDATE NO ACTION;
COMMIT;

/*!40101 SET CHARACTER_SET_CLIENT=@OLD_CHARACTER_SET_CLIENT */;
/*!40101 SET CHARACTER_SET_RESULTS=@OLD_CHARACTER_SET_RESULTS */;
/*!40101 SET COLLATION_CONNECTION=@OLD_COLLATION_CONNECTION */;

